,from date,to date,from CWB price,to CWB price,CWB cod,CWB pct cod,from ICVT price,to ICVT price,ICVT cod,ICVT pct cod,to ICVT / to CWB,to ICVT / to ICVT,ICVT / CWB moving avg,yday ICVT / CWB moving avg,to CWB unit price,ICVT / ICVT moving avg,yday ICVT / ICVT moving avg,to ICVT unit price,CWB unit price pct diff,ICVT unit price pct diff,unit price pct diff,go long,exit long,current_position,new_position,ICVT shares per unit,CWB shares per unit,CWB target shares,CWB current shares,CWB investment amount,CWB shares to trade,CWB shares to buy,CWB shares to sell,CWB daily commission,CWB daily profit,ICVT target shares,ICVT current shares,ICVT investment amount,ICVT shares to trade,ICVT shares to buy,ICVT shares to sell,ICVT daily commission,ICVT daily profit,gross investment amount,net investment amount,daily commission,daily gross profit,daily net profit,cumulative net profit,drawdown,total net profit,average daily investment,annualized return on avg investment,annualized Sharpe,maximum drawdown,position changes,total shares traded
0,2026-01-02,2026-01-05,90.55,91.53,0.98,0.0108,100.03,100.93,0.9,0.009,1.103,1,,,,,,,,,,False,False,0,0,,,,,,,,,,,,,,,,,,,0.0,0.0,0.0,0.0,0.0,0.0,0.0,1377.8099999999984,96607.61346774192,0.02898390078547929,1.0126100959525157,-951.4400000000004,14,26250.0
1,2026-01-05,2026-01-06,91.53,92.69,1.16,0.0126,100.93,102.18,1.25,0.0123,1.102,1,,,,,,,,,,False,False,0,0,,,,,,,,,,,,,,,,,,,0.0,0.0,0.0,0.0,0.0,0.0,0.0,1377.8099999999984,96607.61346774192,0.02898390078547929,1.0126100959525157,-951.4400000000004,14,26250.0
2,2026-01-06,2026-01-07,92.69,92.1,-0.59,-0.0064,102.18,101.62,-0.56,-0.0055,1.103,1,,,,,,,,,,False,False,0,0,,,,,,,,,,,,,,,,,,,0.0,0.0,0.0,0.0,0.0,0.0,0.0,1377.8099999999984,96607.61346774192,0.02898390078547929,1.0126100959525157,-951.4400000000004,14,26250.0
3,2026-01-07,2026-01-08,92.1,91.83,-0.27,-0.0029,101.62,101.2,-0.42,-0.0041,1.102,1,,,,,,,,,,False,False,0,0,,,,,,,,,,,,,,,,,,,0.0,0.0,0.0,0.0,0.0,0.0,0.0,1377.8099999999984,96607.61346774192,0.02898390078547929,1.0126100959525157,-951.4400000000004,14,26250.0
4,2026-01-08,2026-01-09,91.83,92.3,0.47,0.0051,101.2,101.65,0.45,0.0044,1.101,1,,,,,,,,,,False,False,0,0,,,,,,,,,,,,,,,,,,,0.0,0.0,0.0,0.0,0.0,0.0,0.0,1377.8099999999984,96607.61346774192,0.02898390078547929,1.0126100959525157,-951.4400000000004,14,26250.0
5,2026-01-09,2026-01-12,92.3,93.13,0.83,0.009,101.65,102.63,0.98,0.0096,1.102,1,,,,,,,,,,False,False,0,0,,,,,,,,,,,,,,,,,,,0.0,0.0,0.0,0.0,0.0,0.0,0.0,1377.8099999999984,96607.61346774192,0.02898390078547929,1.0126100959525157,-951.4400000000004,14,26250.0
6,2026-01-12,2026-01-13,93.13,93.34,0.21,0.0023,102.63,102.88,0.25,0.0024,1.102,1,,,,,,,,,,False,False,0,0,,,,,,,,,,,,,,,,,,,0.0,0.0,0.0,0.0,0.0,0.0,0.0,1377.8099999999984,96607.61346774192,0.02898390078547929,1.0126100959525157,-951.4400000000004,14,26250.0
7,2026-01-13,2026-01-14,93.34,93.42,0.08,0.0009,102.88,102.73,-0.15,-0.0015,1.1,1,,,,,,,,,,False,False,0,0,,,,,,,,,,,,,,,,,,,0.0,0.0,0.0,0.0,0.0,0.0,0.0,1377.8099999999984,96607.61346774192,0.02898390078547929,1.0126100959525157,-951.4400000000004,14,26250.0
8,2026-01-14,2026-01-15,93.42,93.62,0.2,0.0021,102.73,103.12,0.39,0.0038,1.101,1,,,,,,,,,,False,False,0,0,,,,,,,,,,,,,,,,,,,0.0,0.0,0.0,0.0,0.0,0.0,0.0,1377.8099999999984,96607.61346774192,0.02898390078547929,1.0126100959525157,-951.4400000000004,14,26250.0
9,2026-01-15,2026-01-16,93.62,93.89,0.27,0.0029,103.12,103.52,0.4,0.0039,1.103,1,,,,,,,,,,False,False,0,0,,,,,,,,,,,,,,,,,,,0.0,0.0,0.0,0.0,0.0,0.0,0.0,1377.8099999999984,96607.61346774192,0.02898390078547929,1.0126100959525157,-951.4400000000004,14,26250.0
10,2026-01-16,2026-01-20,93.89,93.11,-0.78,-0.0083,103.52,102.81,-0.71,-0.0069,1.104,1,,,,,,,,,,False,False,0,0,,,,,,,,,,,,,,,,,,,0.0,0.0,0.0,0.0,0.0,0.0,0.0,1377.8099999999984,96607.61346774192,0.02898390078547929,1.0126100959525157,-951.4400000000004,14,26250.0
11,2026-01-20,2026-01-21,93.11,93.84,0.73,0.0078,102.81,103.55,0.74,0.0072,1.103,1,,,,,,,,,,False,False,0,0,,,,,,,,,,,,,,,,,,,0.0,0.0,0.0,0.0,0.0,0.0,0.0,1377.8099999999984,96607.61346774192,0.02898390078547929,1.0126100959525157,-951.4400000000004,14,26250.0
12,2026-01-21,2026-01-22,93.84,94.22,0.38,0.004,103.55,103.93,0.38,0.0037,1.103,1,,,,,,,,,,False,False,0,0,,,,,,,,,,,,,,,,,,,0.0,0.0,0.0,0.0,0.0,0.0,0.0,1377.8099999999984,96607.61346774192,0.02898390078547929,1.0126100959525157,-951.4400000000004,14,26250.0
13,2026-01-22,2026-01-23,94.22,93.89,-0.33,-0.0035,103.93,103.78,-0.15,-0.0014,1.105,1,,,,,,,,,,False,False,0,0,,,,,,,,,,,,,,,,,,,0.0,0.0,0.0,0.0,0.0,0.0,0.0,1377.8099999999984,96607.61346774192,0.02898390078547929,1.0126100959525157,-951.4400000000004,14,26250.0
14,2026-01-23,2026-01-26,93.89,93.7,-0.19,-0.002,103.78,103.64,-0.14,-0.0013,1.106,1,,,,,,,,,,False,False,0,0,,,,,,,,,,,,,,,,,,,0.0,0.0,0.0,0.0,0.0,0.0,0.0,1377.8099999999984,96607.61346774192,0.02898390078547929,1.0126100959525157,-951.4400000000004,14,26250.0
15,2026-01-26,2026-01-27,93.7,94.91,1.21,0.0128,103.64,105.0,1.36,0.013,1.106,1,,,,,,,,,,False,False,0,0,,,,,,,,,,,,,,,,,,,0.0,0.0,0.0,0.0,0.0,0.0,0.0,1377.8099999999984,96607.61346774192,0.02898390078547929,1.0126100959525157,-951.4400000000004,14,26250.0
16,2026-01-27,2026-01-28,94.91,95.73,0.82,0.0086,105.0,105.91,0.91,0.0086,1.106,1,,,,,,,,,,False,False,0,0,,,,,,,,,,,,,,,,,,,0.0,0.0,0.0,0.0,0.0,0.0,0.0,1377.8099999999984,96607.61346774192,0.02898390078547929,1.0126100959525157,-951.4400000000004,14,26250.0
17,2026-01-28,2026-01-29,95.73,94.82,-0.91,-0.0096,105.91,105.08,-0.83,-0.0079,1.108,1,,,,,,,,,,False,False,0,0,,,,,,,,,,,,,,,,,,,0.0,0.0,0.0,0.0,0.0,0.0,0.0,1377.8099999999984,96607.61346774192,0.02898390078547929,1.0126100959525157,-951.4400000000004,14,26250.0
18,2026-01-29,2026-01-30,94.82,93.4,-1.42,-0.0151,105.08,103.52,-1.56,-0.015,1.108,1,,,,,,,,,,False,False,0,0,,,,,,,,,,,,,,,,,,,0.0,0.0,0.0,0.0,0.0,0.0,0.0,1377.8099999999984,96607.61346774192,0.02898390078547929,1.0126100959525157,-951.4400000000004,14,26250.0
19,2026-01-30,2026-02-02,93.4,93.82,0.42,0.0045,103.52,103.98,0.46,0.0044,1.108,1,,,,,,,,,,False,False,0,0,,,,,,,,,,,,,,,,,,,0.0,0.0,0.0,0.0,0.0,0.0,0.0,1377.8099999999984,96607.61346774192,0.02898390078547929,1.0126100959525157,-951.4400000000004,14,26250.0
20,2026-02-02,2026-02-03,93.82,93.85,0.03,0.0003,103.98,104.31,0.33,0.0032,1.111,1,1.104,1.104,103.61,1.0,1.0,104.31,-0.0068,0.0,-0.0068,True,False,0,1,959.0,1059.0,1059.0,,,,,,,,-959.0,,,,,,,,0.0,0.0,0.0,0.0,0.0,0.0,0.0,1377.8099999999984,96607.61346774192,0.02898390078547929,1.0126100959525157,-951.4400000000004,14,26250.0
21,2026-02-03,2026-02-04,93.85,92.81,-1.04,-0.0111,104.31,102.8,-1.51,-0.0146,1.108,1,1.105,1.104,102.5,1.0,1.0,102.8,-0.0029,0.0,-0.0029,True,False,1,1,973.0,1074.0,1074.0,1059.0,99387.15,15.0,15.0,-0.0,-0.075,-1101.3600000000001,-973.0,-959.0,-100033.29000000001,-14.0,0.0,14.0,-0.07,1448.09,199420.44,-646.140000000014,-0.14500000000000002,346.7299999999998,346.5849999999998,346.5849999999998,0.0,1377.8099999999984,96607.61346774192,0.02898390078547929,1.0126100959525157,-951.4400000000004,14,26250.0
22,2026-02-04,2026-02-05,92.81,91.26,-1.55,-0.0168,102.8,101.29,-1.51,-0.0148,1.11,1,1.105,1.105,100.81,1.0,1.0,101.29,-0.0047,0.0,-0.0047,True,False,1,1,987.0,1091.0,1091.0,1074.0,99677.94,17.0,17.0,-0.0,-0.085,-1664.7,-987.0,-973.0,-100024.4,-14.0,0.0,14.0,-0.07,1469.23,199702.34,-346.45999999999185,-0.15500000000000003,-195.47000000000003,-195.62500000000003,150.95999999999978,-195.62500000000003,1377.8099999999984,96607.61346774192,0.02898390078547929,1.0126100959525157,-951.4400000000004,14,26250.0
23,2026-02-05,2026-02-06,91.26,93.95,2.69,0.0291,101.29,104.41,3.12,0.0303,1.111,1,1.105,1.105,103.81,1.0,1.0,104.41,-0.0057,0.0,-0.0057,True,False,1,1,958.0,1059.0,1059.0,1091.0,99564.66,-32.0,0.0,32.0,-0.16,2934.79,-958.0,-987.0,-99973.23000000001,29.0,29.0,-0.0,-0.145,-3079.44,199537.89,-408.570000000007,-0.305,-144.6500000000001,-144.9550000000001,6.004999999999683,-340.58000000000015,1377.8099999999984,96607.61346774192,0.02898390078547929,1.0126100959525157,-951.4400000000004,14,26250.0
24,2026-02-06,2026-02-09,93.95,95.02,1.07,0.0113,104.41,105.17,0.76,0.0073,1.107,1,1.106,1.105,105.04,1.0,1.0,105.17,-0.0012,0.0,-0.0012,False,False,1,1,951.0,1051.0,1051.0,1059.0,99493.05,-8.0,0.0,8.0,-0.04,1133.13,-951.0,-958.0,-100024.78,7.0,7.0,-0.0,-0.035,-728.08,199517.83000000002,-531.7299999999959,-0.07500000000000001,405.05000000000007,404.9750000000001,410.9799999999998,0.0,1377.8099999999984,96607.61346774192,0.02898390078547929,1.0126100959525157,-951.4400000000004,14,26250.0
25,2026-02-09,2026-02-10,95.02,94.59,-0.43,-0.0045,105.17,104.68,-0.49,-0.0047,1.107,1,1.106,1.106,104.59,1.0,1.0,104.68,-0.0008,0.0,-0.0008,False,False,1,1,955.0,1056.0,1056.0,1051.0,99866.01999999999,5.0,5.0,-0.0,-0.025,-451.93,-955.0,-951.0,-100016.67,-4.0,0.0,4.0,-0.02,465.99,199882.69,-150.65000000000873,-0.045,14.060000000000002,14.015000000000002,424.9949999999998,0.0,1377.8099999999984,96607.61346774192,0.02898390078547929,1.0126100959525157,-951.4400000000004,14,26250.0
26,2026-02-10,2026-02-11,94.59,94.5,-0.09,-0.001,104.68,104.4,-0.28,-0.0027,1.105,1,1.106,1.106,104.51,1.0,1.0,104.4,0.0011,0.0,0.0011,False,True,1,0,958.0,1060.0,0.0,1056.0,99887.04000000001,-1056.0,0.0,1056.0,-5.28,-95.03999999999999,0.0,-955.0,-99969.40000000001,955.0,955.0,-0.0,-4.775,267.40000000000003,199856.44,-82.36000000000058,-10.055,172.36000000000004,162.30500000000004,587.2999999999998,0.0,1377.8099999999984,96607.61346774192,0.02898390078547929,1.0126100959525157,-951.4400000000004,14,26250.0
27,2026-02-11,2026-02-12,94.5,93.91,-0.59,-0.0063,104.4,103.84,-0.56,-0.0054,1.106,1,1.106,1.106,103.87,1.0,1.0,103.84,0.0003,0.0,0.0003,False,True,0,0,963.0,1065.0,0.0,0.0,0.0,0.0,0.0,-0.0,-0.0,-0.0,0.0,0.0,0.0,0.0,0.0,-0.0,-0.0,-0.0,0.0,0.0,0.0,0.0,0.0,587.2999999999998,0.0,1377.8099999999984,96607.61346774192,0.02898390078547929,1.0126100959525157,-951.4400000000004,14,26250.0
28,2026-02-12,2026-02-13,93.91,94.51,0.6,0.0064,103.84,104.73,0.89,0.0085,1.108,1,1.107,1.106,104.57,1.0,1.0,104.73,-0.0016,0.0,-0.0016,False,False,0,0,955.0,1056.0,0.0,0.0,0.0,0.0,0.0,-0.0,-0.0,0.0,0.0,0.0,0.0,0.0,0.0,-0.0,-0.0,0.0,0.0,0.0,0.0,0.0,0.0,587.2999999999998,0.0,1377.8099999999984,96607.61346774192,0.02898390078547929,1.0126100959525157,-951.4400000000004,14,26250.0
29,2026-02-13,2026-02-17,94.51,94.78,0.27,0.0029,104.73,104.81,0.08,0.0008,1.106,1,1.107,1.107,104.9,1.0,1.0,104.81,0.0008,0.0,0.0008,False,True,0,0,954.0,1056.0,0.0,0.0,0.0,0.0,0.0,-0.0,-0.0,0.0,0.0,0.0,0.0,0.0,0.0,-0.0,-0.0,0.0,0.0,0.0,0.0,0.0,0.0,587.2999999999998,0.0,1377.8099999999984,96607.61346774192,0.02898390078547929,1.0126100959525157,-951.4400000000004,14,26250.0
30,2026-02-17,2026-02-18,94.78,94.91,0.13,0.0014,104.81,105.1,0.29,0.0028,1.107,1,1.107,1.107,105.06,1.0,1.0,105.1,-0.0004,0.0,-0.0004,False,False,0,0,951.0,1053.0,0.0,0.0,0.0,0.0,0.0,-0.0,-0.0,0.0,0.0,0.0,0.0,0.0,0.0,-0.0,-0.0,0.0,0.0,0.0,0.0,0.0,0.0,587.2999999999998,0.0,1377.8099999999984,96607.61346774192,0.02898390078547929,1.0126100959525157,-951.4400000000004,14,26250.0
31,2026-02-18,2026-02-19,94.91,94.98,0.07,0.0007,105.1,105.26,0.16,0.0015,1.108,1,1.107,1.107,105.15,1.0,1.0,105.26,-0.0011,0.0,-0.0011,False,False,0,0,950.0,1052.0,0.0,0.0,0.0,0.0,0.0,-0.0,-0.0,0.0,0.0,0.0,0.0,0.0,0.0,-0.0,-0.0,0.0,0.0,0.0,0.0,0.0,0.0,587.2999999999998,0.0,1377.8099999999984,96607.61346774192,0.02898390078547929,1.0126100959525157,-951.4400000000004,14,26250.0
32,2026-02-19,2026-02-20,94.98,94.64,-0.34,-0.0036,105.26,105.05,-0.21,-0.002,1.11,1,1.108,1.107,104.79,1.0,1.0,105.05,-0.0024,0.0,-0.0024,True,False,0,1,952.0,1054.0,1054.0,0.0,0.0,1054.0,1054.0,-0.0,-5.2700000000000005,-0.0,-952.0,0.0,0.0,-952.0,0.0,952.0,-4.76,-0.0,0.0,0.0,-10.030000000000001,0.0,-10.030000000000001,577.2699999999999,-10.029999999999973,1377.8099999999984,96607.61346774192,0.02898390078547929,1.0126100959525157,-951.4400000000004,14,26250.0
33,2026-02-20,2026-02-23,94.64,94.13,-0.51,-0.0054,105.05,104.37,-0.68,-0.0065,1.109,1,1.108,1.108,104.26,1.0,1.0,104.37,-0.001,0.0,-0.001,False,False,1,1,958.0,1061.0,1061.0,1054.0,99750.56,7.0,7.0,-0.0,-0.035,-537.54,-958.0,-952.0,-100007.59999999999,-6.0,0.0,6.0,-0.03,647.36,199758.15999999997,-257.0399999999936,-0.065,109.82000000000005,109.75500000000005,687.0249999999999,0.0,1377.8099999999984,96607.61346774192,0.02898390078547929,1.0126100959525157,-951.4400000000004,14,26250.0
34,2026-02-23,2026-02-24,94.13,94.91,0.78,0.0083,104.37,104.9,0.53,0.0051,1.105,1,1.108,1.108,105.14,1.0,1.0,104.9,0.0023,0.0,0.0023,False,True,1,0,953.0,1056.0,0.0,1061.0,99871.93,-1061.0,0.0,1061.0,-5.305,827.58,0.0,-958.0,-99986.46,958.0,958.0,-0.0,-4.79,-507.74,199858.39,-114.53000000001339,-10.094999999999999,319.84000000000003,309.745,996.7699999999999,0.0,1377.8099999999984,96607.61346774192,0.02898390078547929,1.0126100959525157,-951.4400000000004,14,26250.0
35,2026-02-24,2026-02-25,94.91,95.62,0.71,0.0075,104.9,105.69,0.79,0.0075,1.105,1,1.108,1.108,105.93,1.0,1.0,105.69,0.0022,0.0,0.0022,False,True,0,0,946.0,1048.0,0.0,0.0,0.0,0.0,0.0,-0.0,-0.0,0.0,0.0,0.0,0.0,0.0,0.0,-0.0,-0.0,0.0,0.0,0.0,0.0,0.0,0.0,996.7699999999999,0.0,1377.8099999999984,96607.61346774192,0.02898390078547929,1.0126100959525157,-951.4400000000004,14,26250.0
36,2026-02-25,2026-02-26,95.62,95.07,-0.55,-0.0058,105.69,105.39,-0.3,-0.0028,1.109,1,1.108,1.108,105.31,1.0,1.0,105.39,-0.0007,0.0,-0.0007,False,False,0,0,949.0,1051.0,0.0,0.0,0.0,0.0,0.0,-0.0,-0.0,-0.0,0.0,0.0,0.0,0.0,0.0,-0.0,-0.0,-0.0,0.0,0.0,0.0,0.0,0.0,996.7699999999999,0.0,1377.8099999999984,96607.61346774192,0.02898390078547929,1.0126100959525157,-951.4400000000004,14,26250.0
37,2026-02-26,2026-02-27,95.07,94.38,-0.69,-0.0073,105.39,104.78,-0.61,-0.0058,1.11,1,1.108,1.108,104.56,1.0,1.0,104.78,-0.0021,0.0,-0.0021,True,False,0,1,954.0,1057.0,1057.0,0.0,0.0,1057.0,1057.0,-0.0,-5.285,-0.0,-954.0,0.0,0.0,-954.0,0.0,954.0,-4.7700000000000005,-0.0,0.0,0.0,-10.055,0.0,-10.055,986.7149999999999,-10.05499999999995,1377.8099999999984,96607.61346774192,0.02898390078547929,1.0126100959525157,-951.4400000000004,14,26250.0
38,2026-02-27,2026-03-02,94.38,94.74,0.36,0.0038,104.78,105.61,0.83,0.0079,1.115,1,1.108,1.108,104.97,1.0,1.0,105.61,-0.0061,0.0,-0.0061,True,False,1,1,947.0,1049.0,1049.0,1057.0,99759.65999999999,-8.0,0.0,8.0,-0.04,380.52,-947.0,-954.0,-99960.12,7.0,7.0,-0.0,-0.035,-791.8199999999999,199719.77999999997,-200.4600000000064,-0.07500000000000001,-411.29999999999995,-411.37499999999994,575.3399999999999,-421.42999999999995,1377.8099999999984,96607.61346774192,0.02898390078547929,1.0126100959525157,-951.4400000000004,14,26250.0
39,2026-03-02,2026-03-03,94.74,93.08,-1.66,-0.0177,105.61,103.31,-2.3,-0.022,1.11,1,1.108,1.108,103.16,1.0,1.0,103.31,-0.0015,0.0,-0.0015,False,False,1,1,968.0,1073.0,1073.0,1049.0,99382.26,24.0,24.0,-0.0,-0.12,-1741.34,-968.0,-947.0,-100012.67,-21.0,0.0,21.0,-0.105,2178.1,199394.93,-630.4100000000035,-0.22499999999999998,436.76,436.53499999999997,1011.8749999999999,0.0,1377.8099999999984,96607.61346774192,0.02898390078547929,1.0126100959525157,-951.4400000000004,14,26250.0
40,2026-03-03,2026-03-04,93.08,93.99,0.91,0.0097,103.31,104.42,1.11,0.0107,1.111,1,1.108,1.108,104.17,1.0,1.0,104.42,-0.0024,0.0,-0.0024,True,False,1,1,958.0,1061.0,1061.0,1073.0,99874.84,-12.0,0.0,12.0,-0.06,976.4300000000001,-958.0,-968.0,-100004.08,10.0,10.0,-0.0,-0.05,-1074.48,199878.91999999998,-129.24000000000524,-0.11,-98.04999999999995,-98.15999999999995,913.7149999999999,-98.15999999999997,1377.8099999999984,96607.61346774192,0.02898390078547929,1.0126100959525157,-951.4400000000004,14,26250.0
41,2026-03-04,2026-03-05,93.99,93.04,-0.95,-0.0102,104.42,103.31,-1.11,-0.0107,1.11,1,1.108,1.108,103.12,1.0,1.0,103.31,-0.0019,0.0,-0.0019,False,False,1,1,968.0,1073.0,1073.0,1061.0,99723.39,12.0,12.0,-0.0,-0.06,-1007.9499999999999,-968.0,-958.0,-100034.36,-10.0,0.0,10.0,-0.05,1063.38,199757.75,-310.97000000000116,-0.11,55.43000000000018,55.32000000000018,969.0350000000001,-42.839999999999804,1377.8099999999984,96607.61346774192,0.02898390078547929,1.0126100959525157,-951.4400000000004,14,26250.0
42,2026-03-05,2026-03-06,93.04,91.34,-1.7,-0.0184,103.31,101.28,-2.03,-0.0198,1.109,1,1.108,1.108,101.25,1.0,1.0,101.28,-0.0003,0.0,-0.0003,False,False,1,1,987.0,1094.0,1094.0,1073.0,99831.92000000001,21.0,21.0,-0.0,-0.105,-1824.1,-987.0,-968.0,-100004.08,-19.0,0.0,19.0,-0.095,1965.0399999999997,199836.0,-172.15999999998894,-0.2,140.93999999999983,140.73999999999984,1109.7749999999999,0.0,1377.8099999999984,96607.61346774192,0.02898390078547929,1.0126100959525157,-951.4400000000004,14,26250.0
43,2026-03-06,2026-03-09,91.34,92.87,1.53,0.0166,101.28,103.18,1.9,0.0186,1.111,1,1.108,1.108,102.94,1.0,1.0,103.18,-0.0024,0.0,-0.0024,True,False,1,1,969.0,1074.0,1074.0,1094.0,99925.96,-20.0,0.0,20.0,-0.1,1673.82,-969.0,-987.0,-99963.36,18.0,18.0,-0.0,-0.09,-1875.3,199889.32,-37.39999999999418,-0.19,-201.48000000000002,-201.67000000000002,908.1049999999998,-201.67000000000007,1377.8099999999984,96607.61346774192,0.02898390078547929,1.0126100959525157,-951.4400000000004,14,26250.0
44,2026-03-09,2026-03-10,92.87,93.01,0.14,0.0015,103.18,103.5,0.32,0.0031,1.113,1,1.109,1.108,103.09,1.0,1.0,103.5,-0.004,0.0,-0.004,True,False,1,1,966.0,1070.0,1070.0,1074.0,99742.38,-4.0,0.0,4.0,-0.02,150.36,-966.0,-969.0,-99981.42000000001,3.0,3.0,-0.0,-0.015,-310.08,199723.80000000002,-239.04000000000815,-0.035,-159.71999999999997,-159.75499999999997,748.3499999999998,-361.42500000000007,1377.8099999999984,96607.61346774192,0.02898390078547929,1.0126100959525157,-951.4400000000004,14,26250.0
45,2026-03-10,2026-03-11,93.01,93.45,0.44,0.0047,103.5,104.1,0.6,0.0058,1.114,1,1.109,1.109,103.61,1.0,1.0,104.1,-0.0048,0.0,-0.0048,True,False,1,1,961.0,1066.0,1066.0,1070.0,99520.70000000001,-4.0,0.0,4.0,-0.02,470.8,-961.0,-966.0,-99981.0,5.0,5.0,-0.0,-0.025,-579.6,199501.7,-460.29999999998836,-0.045,-108.80000000000001,-108.84500000000001,639.5049999999998,-470.2700000000001,1377.8099999999984,96607.61346774192,0.02898390078547929,1.0126100959525157,-951.4400000000004,14,26250.0
46,2026-03-11,2026-03-12,93.45,92.03,-1.42,-0.0153,104.1,102.03,-2.07,-0.0201,1.109,1,1.109,1.109,102.06,1.0,1.0,102.03,0.0003,0.0,0.0003,False,True,1,0,980.0,1087.0,0.0,1066.0,99617.7,-1066.0,0.0,1066.0,-5.33,-1513.72,0.0,-961.0,-100040.09999999999,961.0,961.0,-0.0,-4.805,1989.2699999999998,199657.8,-422.3999999999942,-10.135,475.5499999999997,465.41499999999974,1104.9199999999996,-4.855000000000246,1377.8099999999984,96607.61346774192,0.02898390078547929,1.0126100959525157,-951.4400000000004,14,26250.0
47,2026-03-12,2026-03-13,92.03,92.05,0.02,0.0002,102.03,102.4,0.37,0.0036,1.112,1,1.11,1.109,102.1,1.0,1.0,102.4,-0.0029,0.0,-0.0029,True,False,0,1,977.0,1083.0,1083.0,0.0,0.0,1083.0,1083.0,-0.0,-5.415,0.0,-977.0,0.0,0.0,-977.0,0.0,977.0,-4.885,0.0,0.0,0.0,-10.3,0.0,-10.3,1094.6199999999997,-15.1550000000002,1377.8099999999984,96607.61346774192,0.02898390078547929,1.0126100959525157,-951.4400000000004,14,26250.0
48,2026-03-13,2026-03-16,92.05,93.22,1.17,0.0126,102.4,103.76,1.36,0.0132,1.113,1,1.11,1.11,103.43,1.0,1.0,103.76,-0.0031,0.0,-0.0031,True,False,1,1,964.0,1070.0,1070.0,1083.0,99690.15,-13.0,0.0,13.0,-0.065,1267.11,-964.0,-977.0,-100044.8,13.0,13.0,-0.0,-0.065,-1328.72,199734.95,-354.65000000000873,-0.13,-61.61000000000013,-61.74000000000013,1032.8799999999994,-76.89500000000044,1377.8099999999984,96607.61346774192,0.02898390078547929,1.0126100959525157,-951.4400000000004,14,26250.0
49,2026-03-16,2026-03-17,93.22,93.91,0.69,0.0074,103.76,104.42,0.66,0.0063,1.112,1,1.11,1.11,104.22,1.0,1.0,104.42,-0.0019,0.0,-0.0019,False,False,1,1,958.0,1063.0,1063.0,1070.0,99745.4,-7.0,0.0,7.0,-0.035,738.3,-958.0,-964.0,-100024.64,6.0,6.0,-0.0,-0.03,-636.24,199770.03999999998,-279.24000000000524,-0.065,102.05999999999995,101.99499999999995,1134.8749999999993,0.0,1377.8099999999984,96607.61346774192,0.02898390078547929,1.0126100959525157,-951.4400000000004,14,26250.0
50,2026-03-17,2026-03-18,93.91,93.63,-0.28,-0.003,104.42,104.23,-0.19,-0.0018,1.113,1,1.11,1.11,103.94,1.0,1.0,104.23,-0.0028,0.0,-0.0028,True,False,1,1,959.0,1064.0,1064.0,1063.0,99826.33,1.0,1.0,-0.0,-0.005,-297.64000000000004,-959.0,-958.0,-100034.36,-1.0,0.0,1.0,-0.005,182.02,199860.69,-208.02999999999884,-0.01,-115.62000000000003,-115.63000000000004,1019.2449999999993,-115.63,1377.8099999999984,96607.61346774192,0.02898390078547929,1.0126100959525157,-951.4400000000004,14,26250.0
51,2026-03-18,2026-03-19,93.63,94.11,0.48,0.0051,104.23,104.79,0.56,0.0054,1.113,1,1.111,1.11,104.5,1.0,1.0,104.79,-0.0028,0.0,-0.0028,True,False,1,1,954.0,1059.0,1059.0,1064.0,99622.31999999999,-5.0,0.0,5.0,-0.025,510.71999999999997,-954.0,-959.0,-99956.57,5.0,5.0,-0.0,-0.025,-537.0400000000001,199578.89,-334.25000000001455,-0.05,-26.320000000000107,-26.370000000000108,992.8749999999992,-142.0000000000001,1377.8099999999984,96607.61346774192,0.02898390078547929,1.0126100959525157,-951.4400000000004,14,26250.0
52,2026-03-19,2026-03-20,94.11,91.98,-2.13,-0.0229,104.79,102.46,-2.33,-0.0225,1.114,1,1.111,1.111,102.16,1.0,1.0,102.46,-0.0029,0.0,-0.0029,True,False,1,1,976.0,1084.0,1084.0,1059.0,99662.49,25.0,25.0,-0.0,-0.125,-2255.67,-976.0,-954.0,-99969.66,-22.0,0.0,22.0,-0.11,2222.82,199632.15000000002,-307.16999999999825,-0.235,-32.84999999999991,-33.08499999999991,959.7899999999993,-175.08500000000004,1377.8099999999984,96607.61346774192,0.02898390078547929,1.0126100959525157,-951.4400000000004,14,26250.0
53,2026-03-20,2026-03-23,91.98,92.72,0.74,0.008,102.46,103.16,0.7,0.0068,1.113,1,1.111,1.111,103.0,1.0,1.0,103.16,-0.0016,0.0,-0.0016,False,False,1,1,969.0,1077.0,1077.0,1084.0,99706.32,-7.0,0.0,7.0,-0.035,802.16,-969.0,-976.0,-100000.95999999999,7.0,7.0,-0.0,-0.035,-683.1999999999999,199707.28,-294.63999999998487,-0.07,118.96000000000004,118.89000000000004,1078.6799999999994,-56.194999999999936,1377.8099999999984,96607.61346774192,0.02898390078547929,1.0126100959525157,-951.4400000000004,14,26250.0
54,2026-03-23,2026-03-24,92.72,92.97,0.25,0.0027,103.16,103.66,0.5,0.0048,1.115,1,1.112,1.111,103.3,1.0,1.0,103.66,-0.0035,0.0,-0.0035,True,False,1,1,965.0,1072.0,1072.0,1077.0,99859.44,-5.0,0.0,5.0,-0.025,269.25,-965.0,-969.0,-99962.04,4.0,4.0,-0.0,-0.02,-484.5,199821.47999999998,-102.59999999999127,-0.045,-215.25,-215.295,863.3849999999994,-271.4899999999999,1377.8099999999984,96607.61346774192,0.02898390078547929,1.0126100959525157,-951.4400000000004,14,26250.0
55,2026-03-24,2026-03-25,92.97,93.49,0.52,0.0056,103.66,104.32,0.66,0.0063,1.116,1,1.112,1.112,103.92,1.0,1.0,104.32,-0.0039,0.0,-0.0039,True,False,1,1,959.0,1066.0,1066.0,1072.0,99663.84,-6.0,0.0,6.0,-0.03,557.44,-959.0,-965.0,-100031.9,6.0,6.0,-0.0,-0.03,-636.9,199695.74,-368.0599999999977,-0.06,-79.45999999999992,-79.51999999999992,783.8649999999996,-351.00999999999976,1377.8099999999984,96607.61346774192,0.02898390078547929,1.0126100959525157,-951.4400000000004,14,26250.0
56,2026-03-25,2026-03-26,93.49,91.43,-2.06,-0.0223,104.32,102.0,-2.32,-0.0225,1.116,1,1.112,1.112,101.68,1.0,1.0,102.0,-0.0032,0.0,-0.0032,True,False,1,1,980.0,1090.0,1090.0,1066.0,99660.34,24.0,24.0,-0.0,-0.12,-2195.96,-980.0,-959.0,-100042.87999999999,-21.0,0.0,21.0,-0.105,2224.8799999999997,199703.21999999997,-382.5399999999936,-0.22499999999999998,28.919999999999618,28.694999999999617,812.5599999999991,-322.31500000000017,1377.8099999999984,96607.61346774192,0.02898390078547929,1.0126100959525157,-951.4400000000004,14,26250.0
57,2026-03-26,2026-03-27,91.43,89.81,-1.62,-0.0179,102.0,100.84,-1.16,-0.0114,1.123,1,1.113,1.112,99.91,1.0,1.0,100.84,-0.0093,0.0,-0.0093,True,False,1,1,992.0,1103.0,1103.0,1090.0,99658.70000000001,13.0,13.0,-0.0,-0.065,-1765.8000000000002,-992.0,-980.0,-99960.0,-12.0,0.0,12.0,-0.06,1136.8,199618.7,-301.29999999998836,-0.125,-629.0000000000002,-629.1250000000002,183.43499999999892,-951.4400000000004,1377.8099999999984,96607.61346774192,0.02898390078547929,1.0126100959525157,-951.4400000000004,14,26250.0
58,2026-03-27,2026-03-30,89.81,89.04,-0.77,-0.0086,100.84,99.15,-1.69,-0.0169,1.114,1,1.113,1.113,99.11,1.0,1.0,99.15,-0.0004,0.0,-0.0004,False,False,1,1,1009.0,1123.0,1123.0,1103.0,99060.43000000001,20.0,20.0,-0.0,-0.1,-849.3100000000001,-1009.0,-992.0,-100033.28,-17.0,0.0,17.0,-0.085,1676.48,199093.71000000002,-972.8499999999913,-0.185,827.17,826.985,1010.4199999999989,-124.45500000000038,1377.8099999999984,96607.61346774192,0.02898390078547929,1.0126100959525157,-951.4400000000004,14,26250.0
59,2026-03-30,2026-03-31,89.04,91.52,2.48,0.0275,99.15,101.79,2.64,0.0263,1.112,1,1.113,1.113,101.86,1.0,1.0,101.79,0.0007,0.0,0.0007,False,True,1,0,982.0,1093.0,0.0,1123.0,99991.92000000001,-1123.0,0.0,1123.0,-5.615,2785.04,0.0,-1009.0,-100042.35,1009.0,1009.0,-0.0,-5.045,-2663.76,200034.27000000002,-50.429999999993015,-10.66,121.27999999999975,110.61999999999975,1121.0399999999986,-13.835000000000719,1377.8099999999984,96607.61346774192,0.02898390078547929,1.0126100959525157,-951.4400000000004,14,26250.0
60,2026-03-31,2026-04-01,91.52,92.47,0.95,0.0103,101.79,102.82,1.03,0.0101,1.112,1,1.113,1.113,102.93,1.0,1.0,102.82,0.0011,0.0,0.0011,False,True,0,0,973.0,1083.0,0.0,0.0,0.0,0.0,0.0,-0.0,-0.0,0.0,0.0,0.0,0.0,0.0,0.0,-0.0,-0.0,0.0,0.0,0.0,0.0,0.0,0.0,1121.0399999999986,-13.835000000000719,1377.8099999999984,96607.61346774192,0.02898390078547929,1.0126100959525157,-951.4400000000004,14,26250.0
61,2026-04-01,2026-04-02,92.47,93.3,0.83,0.0089,102.82,103.89,1.07,0.0104,1.114,1,1.113,1.113,103.86,1.0,1.0,103.89,-0.0003,0.0,-0.0003,False,False,0,0,963.0,1072.0,0.0,0.0,0.0,0.0,0.0,-0.0,-0.0,0.0,0.0,0.0,0.0,0.0,0.0,-0.0,-0.0,0.0,0.0,0.0,0.0,0.0,0.0,1121.0399999999986,-13.835000000000719,1377.8099999999984,96607.61346774192,0.02898390078547929,1.0126100959525157,-951.4400000000004,14,26250.0
62,2026-04-02,2026-04-06,93.3,93.22,-0.08,-0.0009,103.89,103.94,0.05,0.0005,1.115,1,1.114,1.113,103.78,1.0,1.0,103.94,-0.0015,0.0,-0.0015,False,False,0,0,962.0,1071.0,0.0,0.0,0.0,0.0,0.0,-0.0,-0.0,-0.0,0.0,0.0,0.0,0.0,0.0,-0.0,-0.0,0.0,0.0,0.0,0.0,0.0,0.0,1121.0399999999986,-13.835000000000719,1377.8099999999984,96607.61346774192,0.02898390078547929,1.0126100959525157,-951.4400000000004,14,26250.0
63,2026-04-06,2026-04-07,93.22,93.84,0.62,0.0066,103.94,104.53,0.59,0.0057,1.114,1,1.114,1.114,104.5,1.0,1.0,104.53,-0.0003,0.0,-0.0003,False,False,0,0,957.0,1066.0,0.0,0.0,0.0,0.0,0.0,-0.0,-0.0,0.0,0.0,0.0,0.0,0.0,0.0,-0.0,-0.0,0.0,0.0,0.0,0.0,0.0,0.0,1121.0399999999986,-13.835000000000719,1377.8099999999984,96607.61346774192,0.02898390078547929,1.0126100959525157,-951.4400000000004,14,26250.0
64,2026-04-07,2026-04-08,93.84,96.39,2.55,0.0268,104.53,107.39,2.86,0.027,1.114,1,1.114,1.114,107.36,1.0,1.0,107.39,-0.0003,0.0,-0.0003,False,False,0,0,931.0,1037.0,0.0,0.0,0.0,0.0,0.0,-0.0,-0.0,0.0,0.0,0.0,0.0,0.0,0.0,-0.0,-0.0,0.0,0.0,0.0,0.0,0.0,0.0,1121.0399999999986,-13.835000000000719,1377.8099999999984,96607.61346774192,0.02898390078547929,1.0126100959525157,-951.4400000000004,14,26250.0
65,2026-04-08,2026-04-09,96.39,96.51,0.12,0.0012,107.39,107.56,0.17,0.0016,1.114,1,1.114,1.114,107.5,1.0,1.0,107.56,-0.0006,0.0,-0.0006,False,False,0,0,930.0,1036.0,0.0,0.0,0.0,0.0,0.0,-0.0,-0.0,0.0,0.0,0.0,0.0,0.0,0.0,-0.0,-0.0,0.0,0.0,0.0,0.0,0.0,0.0,1121.0399999999986,-13.835000000000719,1377.8099999999984,96607.61346774192,0.02898390078547929,1.0126100959525157,-951.4400000000004,14,26250.0
66,2026-04-09,2026-04-10,96.51,96.5,-0.01,-0.0001,107.56,107.64,0.08,0.0007,1.115,1,1.114,1.114,107.49,1.0,1.0,107.64,-0.0014,0.0,-0.0014,False,False,0,0,929.0,1035.0,0.0,0.0,0.0,0.0,0.0,-0.0,-0.0,-0.0,0.0,0.0,0.0,0.0,0.0,-0.0,-0.0,0.0,0.0,0.0,0.0,0.0,0.0,1121.0399999999986,-13.835000000000719,1377.8099999999984,96607.61346774192,0.02898390078547929,1.0126100959525157,-951.4400000000004,14,26250.0
67,2026-04-10,2026-04-13,96.5,97.88,1.38,0.0142,107.64,108.59,0.95,0.0088,1.109,1,1.114,1.114,109.06,1.0,1.0,108.59,0.0043,0.0,0.0043,False,True,0,0,921.0,1026.0,0.0,0.0,0.0,0.0,0.0,-0.0,-0.0,0.0,0.0,0.0,0.0,0.0,0.0,-0.0,-0.0,0.0,0.0,0.0,0.0,0.0,0.0,1121.0399999999986,-13.835000000000719,1377.8099999999984,96607.61346774192,0.02898390078547929,1.0126100959525157,-951.4400000000004,14,26250.0
68,2026-04-13,2026-04-14,97.88,98.84,0.96,0.0098,108.59,109.8,1.21,0.0111,1.111,1,1.114,1.114,110.11,1.0,1.0,109.8,0.0028,0.0,0.0028,False,True,0,0,911.0,1015.0,0.0,0.0,0.0,0.0,0.0,-0.0,-0.0,0.0,0.0,0.0,0.0,0.0,0.0,-0.0,-0.0,0.0,0.0,0.0,0.0,0.0,0.0,1121.0399999999986,-13.835000000000719,1377.8099999999984,96607.61346774192,0.02898390078547929,1.0126100959525157,-951.4400000000004,14,26250.0
69,2026-04-14,2026-04-15,98.84,99.03,0.19,0.0019,109.8,110.31,0.51,0.0046,1.114,1,1.114,1.114,110.31,1.0,1.0,110.31,0.0,0.0,0.0,False,False,0,0,907.0,1010.0,0.0,0.0,0.0,0.0,0.0,-0.0,-0.0,0.0,0.0,0.0,0.0,0.0,0.0,-0.0,-0.0,0.0,0.0,0.0,0.0,0.0,0.0,1121.0399999999986,-13.835000000000719,1377.8099999999984,96607.61346774192,0.02898390078547929,1.0126100959525157,-951.4400000000004,14,26250.0
70,2026-04-15,2026-04-16,99.03,100.14,1.11,0.0111,110.31,111.2,0.89,0.008,1.11,1,1.114,1.114,111.56,1.0,1.0,111.2,0.0032,0.0,0.0032,False,True,0,0,899.0,1001.0,0.0,0.0,0.0,0.0,0.0,-0.0,-0.0,0.0,0.0,0.0,0.0,0.0,0.0,-0.0,-0.0,0.0,0.0,0.0,0.0,0.0,0.0,1121.0399999999986,-13.835000000000719,1377.8099999999984,96607.61346774192,0.02898390078547929,1.0126100959525157,-951.4400000000004,14,26250.0
71,2026-04-16,2026-04-17,100.14,100.51,0.37,0.0037,111.2,112.06,0.86,0.0077,1.115,1,1.114,1.114,111.96,1.0,1.0,112.06,-0.0009,0.0,-0.0009,False,False,0,0,892.0,994.0,0.0,0.0,0.0,0.0,0.0,-0.0,-0.0,0.0,0.0,0.0,0.0,0.0,0.0,-0.0,-0.0,0.0,0.0,0.0,0.0,0.0,0.0,1121.0399999999986,-13.835000000000719,1377.8099999999984,96607.61346774192,0.02898390078547929,1.0126100959525157,-951.4400000000004,14,26250.0
72,2026-04-17,2026-04-20,100.51,100.89,0.38,0.0038,112.06,112.35,0.29,0.0026,1.114,1,1.114,1.114,112.39,1.0,1.0,112.35,0.0003,0.0,0.0003,False,True,0,0,890.0,991.0,0.0,0.0,0.0,0.0,0.0,-0.0,-0.0,0.0,0.0,0.0,0.0,0.0,0.0,-0.0,-0.0,0.0,0.0,0.0,0.0,0.0,0.0,1121.0399999999986,-13.835000000000719,1377.8099999999984,96607.61346774192,0.02898390078547929,1.0126100959525157,-951.4400000000004,14,26250.0
73,2026-04-20,2026-04-21,100.89,99.9,-0.99,-0.0099,112.35,111.32,-1.03,-0.0092,1.114,1,1.114,1.114,111.28,1.0,1.0,111.32,-0.0003,0.0,-0.0003,False,False,0,0,898.0,1000.0,0.0,0.0,0.0,0.0,0.0,-0.0,-0.0,-0.0,0.0,0.0,0.0,0.0,0.0,-0.0,-0.0,-0.0,0.0,0.0,0.0,0.0,0.0,1121.0399999999986,-13.835000000000719,1377.8099999999984,96607.61346774192,0.02898390078547929,1.0126100959525157,-951.4400000000004,14,26250.0
74,2026-04-21,2026-04-22,99.9,101.0,1.1,0.011,111.32,112.33,1.01,0.009,1.112,1,1.114,1.114,112.52,1.0,1.0,112.33,0.0017,0.0,0.0017,False,True,0,0,890.0,991.0,0.0,0.0,0.0,0.0,0.0,-0.0,-0.0,0.0,0.0,0.0,0.0,0.0,0.0,-0.0,-0.0,0.0,0.0,0.0,0.0,0.0,0.0,1121.0399999999986,-13.835000000000719,1377.8099999999984,96607.61346774192,0.02898390078547929,1.0126100959525157,-951.4400000000004,14,26250.0
75,2026-04-22,2026-04-23,101.0,100.92,-0.08,-0.0008,112.33,112.01,-0.32,-0.0029,1.11,1,1.114,1.114,112.42,1.0,1.0,112.01,0.0036,0.0,0.0036,False,True,0,0,893.0,995.0,0.0,0.0,0.0,0.0,0.0,-0.0,-0.0,-0.0,0.0,0.0,0.0,0.0,0.0,-0.0,-0.0,-0.0,0.0,0.0,0.0,0.0,0.0,1121.0399999999986,-13.835000000000719,1377.8099999999984,96607.61346774192,0.02898390078547929,1.0126100959525157,-951.4400000000004,14,26250.0
76,2026-04-23,2026-04-24,100.92,100.78,-0.14,-0.0014,112.01,112.19,0.18,0.0016,1.113,1,1.113,1.114,112.23,1.0,1.0,112.19,0.0003,0.0,0.0003,False,True,0,0,891.0,993.0,0.0,0.0,0.0,0.0,0.0,-0.0,-0.0,-0.0,0.0,0.0,0.0,0.0,0.0,-0.0,-0.0,0.0,0.0,0.0,0.0,0.0,0.0,1121.0399999999986,-13.835000000000719,1377.8099999999984,96607.61346774192,0.02898390078547929,1.0126100959525157,-951.4400000000004,14,26250.0
77,2026-04-24,2026-04-27,100.78,100.71,-0.07,-0.0007,112.19,111.95,-0.24,-0.0021,1.112,1,1.113,1.113,112.14,1.0,1.0,111.95,0.0017,0.0,0.0017,False,True,0,0,893.0,994.0,0.0,0.0,0.0,0.0,0.0,-0.0,-0.0,-0.0,0.0,0.0,0.0,0.0,0.0,-0.0,-0.0,-0.0,0.0,0.0,0.0,0.0,0.0,1121.0399999999986,-13.835000000000719,1377.8099999999984,96607.61346774192,0.02898390078547929,1.0126100959525157,-951.4400000000004,14,26250.0
78,2026-04-27,2026-04-28,100.71,99.17,-1.54,-0.0154,111.95,110.1,-1.85,-0.0167,1.11,1,1.113,1.113,110.37,1.0,1.0,110.1,0.0024,0.0,0.0024,False,True,0,0,908.0,1011.0,0.0,0.0,0.0,0.0,0.0,-0.0,-0.0,-0.0,0.0,0.0,0.0,0.0,0.0,-0.0,-0.0,-0.0,0.0,0.0,0.0,0.0,0.0,1121.0399999999986,-13.835000000000719,1377.8099999999984,96607.61346774192,0.02898390078547929,1.0126100959525157,-951.4400000000004,14,26250.0
79,2026-04-28,2026-04-29,99.17,99.75,0.58,0.0058,110.1,111.18,1.08,0.0098,1.115,1,1.113,1.113,111.0,1.0,1.0,111.18,-0.0016,0.0,-0.0016,False,False,0,0,899.0,1001.0,0.0,0.0,0.0,0.0,0.0,-0.0,-0.0,0.0,0.0,0.0,0.0,0.0,0.0,-0.0,-0.0,0.0,0.0,0.0,0.0,0.0,0.0,1121.0399999999986,-13.835000000000719,1377.8099999999984,96607.61346774192,0.02898390078547929,1.0126100959525157,-951.4400000000004,14,26250.0
80,2026-04-29,2026-04-30,99.75,101.04,1.29,0.0128,111.18,112.71,1.53,0.0137,1.115,1,1.113,1.113,112.45,1.0,1.0,112.71,-0.0024,0.0,-0.0024,True,False,0,1,887.0,987.0,987.0,0.0,0.0,987.0,987.0,-0.0,-4.9350000000000005,0.0,-887.0,0.0,0.0,-887.0,0.0,887.0,-4.4350000000000005,0.0,0.0,0.0,-9.370000000000001,0.0,-9.370000000000001,1111.6699999999987,-23.20500000000061,1377.8099999999984,96607.61346774192,0.02898390078547929,1.0126100959525157,-951.4400000000004,14,26250.0
81,2026-04-30,2026-05-01,101.04,101.87,0.83,0.0082,112.71,113.59,0.88,0.0078,1.115,1,1.113,1.113,113.39,1.0,1.0,113.59,-0.0018,0.0,-0.0018,False,False,1,1,880.0,979.0,979.0,987.0,99726.48000000001,-8.0,0.0,8.0,-0.04,819.2099999999999,-880.0,-887.0,-99973.76999999999,7.0,7.0,-0.0,-0.035,-780.5600000000001,199700.25,-247.28999999997905,-0.07500000000000001,38.649999999999864,38.57499999999986,1150.2449999999985,0.0,1377.8099999999984,96607.61346774192,0.02898390078547929,1.0126100959525157,-951.4400000000004,14,26250.0
82,2026-05-01,2026-05-04,101.87,102.42,0.55,0.0054,113.59,114.62,1.03,0.009,1.119,1,1.113,1.113,114.01,1.0,1.0,114.62,-0.0054,0.0,-0.0054,True,False,1,1,872.0,971.0,971.0,979.0,99730.73000000001,-8.0,0.0,8.0,-0.04,538.45,-872.0,-880.0,-99959.2,8.0,8.0,-0.0,-0.04,-906.4,199689.93,-228.4699999999866,-0.08,-367.94999999999993,-368.0299999999999,782.2149999999986,-368.03,1377.8099999999984,96607.61346774192,0.02898390078547929,1.0126100959525157,-951.4400000000004,14,26250.0
83,2026-05-04,2026-05-05,102.42,103.9,1.48,0.0143,114.62,115.91,1.29,0.0112,1.116,1,1.113,1.113,115.68,1.0,1.0,115.91,-0.002,0.0,-0.002,False,False,1,1,863.0,961.0,961.0,971.0,99449.82,-10.0,0.0,10.0,-0.05,1437.08,-863.0,-872.0,-99948.64,9.0,9.0,-0.0,-0.045,-1124.88,199398.46000000002,-498.81999999999243,-0.095,312.1999999999998,312.1049999999998,1094.3199999999983,-55.92500000000018,1377.8099999999984,96607.61346774192,0.02898390078547929,1.0126100959525157,-951.4400000000004,14,26250.0
84,2026-05-05,2026-05-06,103.9,105.65,1.75,0.0167,115.91,118.29,2.38,0.0203,1.12,1,1.114,1.113,117.63,1.0,1.0,118.29,-0.0056,0.0,-0.0056,True,False,1,1,845.0,940.0,940.0,961.0,99847.90000000001,-21.0,0.0,21.0,-0.105,1681.75,-845.0,-863.0,-100030.33,18.0,18.0,-0.0,-0.09,-2053.94,199878.23,-182.42999999999302,-0.195,-372.19000000000005,-372.38500000000005,721.9349999999984,-428.3100000000002,1377.8099999999984,96607.61346774192,0.02898390078547929,1.0126100959525157,-951.4400000000004,14,26250.0
85,2026-05-06,2026-05-07,105.65,104.28,-1.37,-0.0131,118.29,116.45,-1.84,-0.0157,1.117,1,1.114,1.114,116.14,1.0,1.0,116.45,-0.0027,0.0,-0.0027,True,False,1,1,859.0,957.0,957.0,940.0,99311.0,17.0,17.0,-0.0,-0.085,-1287.8000000000002,-859.0,-845.0,-99955.05,-14.0,0.0,14.0,-0.07,1554.8,199266.05,-644.0500000000029,-0.15500000000000003,266.9999999999998,266.8449999999998,988.7799999999982,-161.46500000000037,1377.8099999999984,96607.61346774192,0.02898390078547929,1.0126100959525157,-951.4400000000004,14,26250.0
86,2026-05-07,2026-05-08,104.28,104.68,0.4,0.0038,116.45,116.76,0.31,0.0027,1.115,1,1.114,1.114,116.59,1.0,1.0,116.76,-0.0014,0.0,-0.0014,False,False,1,1,856.0,954.0,954.0,957.0,99795.96,-3.0,0.0,3.0,-0.015,382.8,-856.0,-859.0,-100030.55,3.0,3.0,-0.0,-0.015,-266.29,199826.51,-234.5899999999965,-0.03,116.50999999999999,116.47999999999999,1105.2599999999982,-44.985000000000355,1377.8099999999984,96607.61346774192,0.02898390078547929,1.0126100959525157,-951.4400000000004,14,26250.0
87,2026-05-08,2026-05-11,104.68,106.0,1.32,0.0125,116.76,118.47,1.71,0.0145,1.118,1,1.114,1.114,118.06,1.0,1.0,118.47,-0.0034,0.0,-0.0034,True,False,1,1,844.0,940.0,940.0,954.0,99864.72,-14.0,0.0,14.0,-0.07,1259.28,-844.0,-856.0,-99946.56,12.0,12.0,-0.0,-0.06,-1463.76,199811.28,-81.83999999999651,-0.13,-204.48000000000002,-204.61,900.6499999999982,-249.59500000000037,1377.8099999999984,96607.61346774192,0.02898390078547929,1.0126100959525157,-951.4400000000004,14,26250.0
88,2026-05-11,2026-05-12,106.0,104.81,-1.19,-0.0113,118.47,116.96,-1.51,-0.0128,1.116,1,1.114,1.114,116.78,1.0,1.0,116.96,-0.0015,0.0,-0.0015,False,False,1,1,855.0,952.0,952.0,940.0,99640.0,12.0,12.0,-0.0,-0.06,-1118.6,-855.0,-844.0,-99988.68,-11.0,0.0,11.0,-0.055,1274.44,199628.68,-348.679999999993,-0.11499999999999999,155.84000000000015,155.72500000000014,1056.3749999999982,-93.87000000000035,1377.8099999999984,96607.61346774192,0.02898390078547929,1.0126100959525157,-951.4400000000004,14,26250.0
89,2026-05-12,2026-05-13,104.81,106.04,1.23,0.0117,116.96,118.62,1.66,0.0141,1.119,1,1.115,1.114,118.18,1.0,1.0,118.62,-0.0037,0.0,-0.0037,True,False,1,1,843.0,939.0,939.0,952.0,99779.12,-13.0,0.0,13.0,-0.065,1170.96,-843.0,-855.0,-100000.79999999999,12.0,12.0,-0.0,-0.06,-1419.3,199779.91999999998,-221.67999999999302,-0.125,-248.33999999999992,-248.46499999999992,807.9099999999983,-342.33500000000026,1377.8099999999984,96607.61346774192,0.02898390078547929,1.0126100959525157,-951.4400000000004,14,26250.0
90,2026-05-13,2026-05-14,106.04,106.57,0.53,0.005,118.62,119.18,0.56,0.0047,1.118,1,1.115,1.115,118.79,1.0,1.0,119.18,-0.0032,0.0,-0.0032,True,False,1,1,839.0,935.0,935.0,939.0,99571.56000000001,-4.0,0.0,4.0,-0.02,497.67,-839.0,-843.0,-99996.66,4.0,4.0,-0.0,-0.02,-472.08000000000004,199568.22000000003,-425.09999999999127,-0.04,25.589999999999975,25.549999999999976,833.4599999999982,-316.7850000000003,1377.8099999999984,96607.61346774192,0.02898390078547929,1.0126100959525157,-951.4400000000004,14,26250.0
91,2026-05-14,2026-05-15,106.57,104.5,-2.07,-0.0196,119.18,117.19,-1.99,-0.0168,1.121,1,1.115,1.115,116.53,1.0,1.0,117.19,-0.0057,0.0,-0.0057,True,False,1,1,853.0,951.0,951.0,935.0,99642.95,16.0,16.0,-0.0,-0.08,-1935.4499999999998,-853.0,-839.0,-99992.02,-14.0,0.0,14.0,-0.07,1669.61,199634.97,-349.070000000007,-0.15000000000000002,-265.8399999999999,-265.9899999999999,567.4699999999983,-582.7750000000002,1377.8099999999984,96607.61346774192,0.02898390078547929,1.0126100959525157,-951.4400000000004,14,26250.0
92,2026-05-15,2026-05-18,104.5,102.86,-1.64,-0.0158,117.19,115.36,-1.83,-0.0157,1.122,1,1.116,1.115,114.73,1.0,1.0,115.36,-0.0055,0.0,-0.0055,True,False,1,1,867.0,967.0,967.0,951.0,99379.5,16.0,16.0,-0.0,-0.08,-1559.6399999999999,-867.0,-853.0,-99963.06999999999,-14.0,0.0,14.0,-0.07,1560.99,199342.57,-583.5699999999924,-0.15000000000000002,1.3500000000001364,1.2000000000001365,568.6699999999985,-581.575,1377.8099999999984,96607.61346774192,0.02898390078547929,1.0126100959525157,-951.4400000000004,14,26250.0
93,2026-05-18,2026-05-19,102.86,102.44,-0.42,-0.0041,115.36,114.64,-0.72,-0.0063,1.119,1,1.116,1.116,114.31,1.0,1.0,114.64,-0.0029,0.0,-0.0029,True,False,1,1,872.0,973.0,973.0,967.0,99465.62,6.0,6.0,-0.0,-0.03,-406.14,-872.0,-867.0,-100017.12,-5.0,0.0,5.0,-0.025,624.24,199482.74,-551.5,-0.055,218.10000000000002,218.04500000000002,786.7149999999986,-363.53,1377.8099999999984,96607.61346774192,0.02898390078547929,1.0126100959525157,-951.4400000000004,14,26250.0
94,2026-05-19,2026-05-20,102.44,103.11,0.67,0.0065,114.64,115.57,0.93,0.0081,1.121,1,1.116,1.116,115.08,1.0,1.0,115.57,-0.0043,0.0,-0.0043,True,False,1,1,865.0,965.0,965.0,973.0,99674.12,-8.0,0.0,8.0,-0.04,651.9100000000001,-865.0,-872.0,-99966.08,7.0,7.0,-0.0,-0.035,-810.96,199640.2,-291.9600000000064,-0.07500000000000001,-159.04999999999995,-159.12499999999994,627.5899999999986,-522.655,1377.8099999999984,96607.61346774192,0.02898390078547929,1.0126100959525157,-951.4400000000004,14,26250.0
95,2026-05-20,2026-05-21,103.11,105.37,2.26,0.0217,115.57,117.99,2.42,0.0207,1.12,1,1.117,1.116,117.65,1.0,1.0,117.99,-0.0029,0.0,-0.0029,True,False,1,1,848.0,946.0,946.0,965.0,99501.15,-19.0,0.0,19.0,-0.095,2180.8999999999996,-848.0,-865.0,-99968.04999999999,17.0,17.0,-0.0,-0.085,-2093.2999999999997,199469.19999999998,-466.8999999999942,-0.18,87.59999999999991,87.4199999999999,715.0099999999984,-435.2350000000001,1377.8099999999984,96607.61346774192,0.02898390078547929,1.0126100959525157,-951.4400000000004,14,26250.0
96,2026-05-21,2026-05-22,105.37,105.65,0.28,0.0027,117.99,118.38,0.39,0.0033,1.12,1,1.117,1.117,118.01,1.0,1.0,118.38,-0.0031,0.0,-0.0031,True,False,1,1,845.0,944.0,944.0,946.0,99680.02,-2.0,0.0,2.0,-0.01,264.88000000000005,-845.0,-848.0,-100055.51999999999,3.0,3.0,-0.0,-0.015,-330.72,199735.53999999998,-375.49999999998545,-0.025,-65.83999999999997,-65.86499999999998,649.1449999999984,-501.10000000000014,1377.8099999999984,96607.61346774192,0.02898390078547929,1.0126100959525157,-951.4400000000004,14,26250.0
97,2026-05-22,2026-05-26,105.65,106.75,1.1,0.0104,118.38,119.9,1.52,0.0128,1.123,1,1.118,1.117,119.28,1.0,1.0,119.9,-0.0052,0.0,-0.0052,True,False,1,1,834.0,932.0,932.0,944.0,99733.6,-12.0,0.0,12.0,-0.06,1038.4,-834.0,-845.0,-100031.09999999999,11.0,11.0,-0.0,-0.055,-1284.4,199764.7,-297.49999999998545,-0.11499999999999999,-246.0,-246.115,403.0299999999984,-747.2150000000001,1377.8099999999984,96607.61346774192,0.02898390078547929,1.0126100959525157,-951.4400000000004,14,26250.0
98,2026-05-26,2026-05-27,106.75,106.91,0.16,0.0015,119.9,119.94,0.04,0.0003,1.122,1,1.119,1.118,119.52,1.0,1.0,119.94,-0.0035,0.0,-0.0035,True,False,1,1,834.0,932.0,932.0,932.0,99491.0,0.0,0.0,-0.0,-0.0,149.12,-834.0,-834.0,-99996.6,0.0,0.0,-0.0,-0.0,-33.36,199487.6,-505.6000000000058,0.0,115.76,115.76,518.7899999999984,-631.4550000000002,1377.8099999999984,96607.61346774192,0.02898390078547929,1.0126100959525157,-951.4400000000004,14,26250.0
99,2026-05-27,2026-05-28,106.91,107.72,0.81,0.0075,119.94,120.41,0.47,0.0039,1.118,1,1.119,1.119,120.49,1.0,1.0,120.41,0.0006,0.0,0.0006,False,True,1,0,830.0,929.0,0.0,932.0,99640.12,-932.0,0.0,932.0,-4.66,754.9200000000001,0.0,-834.0,-100029.95999999999,834.0,834.0,-0.0,-4.17,-391.97999999999996,199670.08,-389.8399999999965,-8.83,362.9400000000001,354.1100000000001,872.8999999999985,-277.345,1377.8099999999984,96607.61346774192,0.02898390078547929,1.0126100959525157,-951.4400000000004,14,26250.0
100,2026-05-28,2026-05-29,107.72,108.1,0.38,0.0035,120.41,120.68,0.27,0.0022,1.116,1,1.119,1.119,120.93,1.0,1.0,120.68,0.0021,0.0,0.0021,False,True,0,0,829.0,928.0,0.0,0.0,0.0,0.0,0.0,-0.0,-0.0,0.0,0.0,0.0,0.0,0.0,0.0,-0.0,-0.0,0.0,0.0,0.0,0.0,0.0,0.0,872.8999999999985,-277.345,1377.8099999999984,96607.61346774192,0.02898390078547929,1.0126100959525157,-951.4400000000004,14,26250.0
101,2026-05-29,2026-06-01,108.1,109.43,1.33,0.0122,120.68,122.63,1.95,0.016,1.121,1,1.119,1.119,122.42,1.0,1.0,122.63,-0.0017,0.0,-0.0017,False,False,0,0,815.0,912.0,0.0,0.0,0.0,0.0,0.0,-0.0,-0.0,0.0,0.0,0.0,0.0,0.0,0.0,-0.0,-0.0,0.0,0.0,0.0,0.0,0.0,0.0,872.8999999999985,-277.345,1377.8099999999984,96607.61346774192,0.02898390078547929,1.0126100959525157,-951.4400000000004,14,26250.0
102,2026-06-01,2026-06-02,109.43,110.74,1.31,0.0119,122.63,123.9,1.27,0.0103,1.119,1,1.119,1.119,123.92,1.0,1.0,123.9,0.0001,0.0,0.0001,False,True,0,0,807.0,903.0,0.0,0.0,0.0,0.0,0.0,-0.0,-0.0,0.0,0.0,0.0,0.0,0.0,0.0,-0.0,-0.0,0.0,0.0,0.0,0.0,0.0,0.0,872.8999999999985,-277.345,1377.8099999999984,96607.61346774192,0.02898390078547929,1.0126100959525157,-951.4400000000004,14,26250.0
103,2026-06-02,2026-06-03,110.74,109.46,-1.28,-0.0116,123.9,122.7,-1.2,-0.0097,1.121,1,1.119,1.119,122.48,1.0,1.0,122.7,-0.0018,0.0,-0.0018,False,False,0,0,815.0,912.0,0.0,0.0,0.0,0.0,0.0,-0.0,-0.0,-0.0,0.0,0.0,0.0,0.0,0.0,-0.0,-0.0,-0.0,0.0,0.0,0.0,0.0,0.0,872.8999999999985,-277.345,1377.8099999999984,96607.61346774192,0.02898390078547929,1.0126100959525157,-951.4400000000004,14,26250.0
104,2026-06-03,2026-06-04,109.46,109.66,0.2,0.0018,122.7,122.8,0.1,0.0008,1.12,1,1.119,1.119,122.74,1.0,1.0,122.8,-0.0005,0.0,-0.0005,False,False,0,0,814.0,911.0,0.0,0.0,0.0,0.0,0.0,-0.0,-0.0,0.0,0.0,0.0,0.0,0.0,0.0,-0.0,-0.0,0.0,0.0,0.0,0.0,0.0,0.0,872.8999999999985,-277.345,1377.8099999999984,96607.61346774192,0.02898390078547929,1.0126100959525157,-951.4400000000004,14,26250.0
105,2026-06-04,2026-06-05,109.66,105.23,-4.43,-0.0412,122.8,117.65,-5.15,-0.0428,1.118,1,1.119,1.119,117.78,1.0,1.0,117.65,0.0011,0.0,0.0011,False,True,0,0,850.0,951.0,0.0,0.0,0.0,0.0,0.0,-0.0,-0.0,-0.0,0.0,0.0,0.0,0.0,0.0,-0.0,-0.0,-0.0,0.0,0.0,0.0,0.0,0.0,872.8999999999985,-277.345,1377.8099999999984,96607.61346774192,0.02898390078547929,1.0126100959525157,-951.4400000000004,14,26250.0
106,2026-06-05,2026-06-08,105.23,105.56,0.33,0.0031,117.65,118.25,0.6,0.0051,1.12,1,1.12,1.119,118.16,1.0,1.0,118.25,-0.0008,0.0,-0.0008,False,False,0,0,846.0,947.0,0.0,0.0,0.0,0.0,0.0,-0.0,-0.0,0.0,0.0,0.0,0.0,0.0,0.0,-0.0,-0.0,0.0,0.0,0.0,0.0,0.0,0.0,872.8999999999985,-277.345,1377.8099999999984,96607.61346774192,0.02898390078547929,1.0126100959525157,-951.4400000000004,14,26250.0
107,2026-06-08,2026-06-09,105.56,104.68,-0.88,-0.0084,118.25,117.37,-0.88,-0.0075,1.121,1,1.12,1.12,117.2,1.0,1.0,117.37,-0.0015,0.0,-0.0015,False,False,0,0,852.0,954.0,0.0,0.0,0.0,0.0,0.0,-0.0,-0.0,-0.0,0.0,0.0,0.0,0.0,0.0,-0.0,-0.0,-0.0,0.0,0.0,0.0,0.0,0.0,872.8999999999985,-277.345,1377.8099999999984,96607.61346774192,0.02898390078547929,1.0126100959525157,-951.4400000000004,14,26250.0
108,2026-06-09,2026-06-10,104.68,103.36,-1.32,-0.0127,117.37,115.55,-1.82,-0.0156,1.118,1,1.12,1.12,115.74,1.0,1.0,115.55,0.0016,0.0,0.0016,False,True,0,0,865.0,969.0,0.0,0.0,0.0,0.0,0.0,-0.0,-0.0,-0.0,0.0,0.0,0.0,0.0,0.0,-0.0,-0.0,-0.0,0.0,0.0,0.0,0.0,0.0,872.8999999999985,-277.345,1377.8099999999984,96607.61346774192,0.02898390078547929,1.0126100959525157,-951.4400000000004,14,26250.0
109,2026-06-10,2026-06-11,103.36,105.62,2.26,0.0216,115.55,118.15,2.6,0.0223,1.119,1,1.12,1.12,118.28,1.0,1.0,118.15,0.0011,0.0,0.0011,False,True,0,0,846.0,948.0,0.0,0.0,0.0,0.0,0.0,-0.0,-0.0,0.0,0.0,0.0,0.0,0.0,0.0,-0.0,-0.0,0.0,0.0,0.0,0.0,0.0,0.0,872.8999999999985,-277.345,1377.8099999999984,96607.61346774192,0.02898390078547929,1.0126100959525157,-951.4400000000004,14,26250.0
110,2026-06-11,2026-06-12,105.62,106.88,1.26,0.0119,118.15,119.75,1.6,0.0135,1.12,1,1.12,1.12,119.69,1.0,1.0,119.75,-0.0005,0.0,-0.0005,False,False,0,0,835.0,935.0,0.0,0.0,0.0,0.0,0.0,-0.0,-0.0,0.0,0.0,0.0,0.0,0.0,0.0,-0.0,-0.0,0.0,0.0,0.0,0.0,0.0,0.0,872.8999999999985,-277.345,1377.8099999999984,96607.61346774192,0.02898390078547929,1.0126100959525157,-951.4400000000004,14,26250.0
111,2026-06-12,2026-06-15,106.88,109.77,2.89,0.0267,119.75,123.18,3.43,0.0282,1.122,1,1.12,1.12,122.94,1.0,1.0,123.18,-0.002,0.0,-0.002,False,False,0,0,812.0,909.0,0.0,0.0,0.0,0.0,0.0,-0.0,-0.0,0.0,0.0,0.0,0.0,0.0,0.0,-0.0,-0.0,0.0,0.0,0.0,0.0,0.0,0.0,872.8999999999985,-277.345,1377.8099999999984,96607.61346774192,0.02898390078547929,1.0126100959525157,-951.4400000000004,14,26250.0
112,2026-06-15,2026-06-16,109.77,109.48,-0.29,-0.0026,123.18,122.76,-0.42,-0.0034,1.121,1,1.12,1.12,122.62,1.0,1.0,122.76,-0.0012,0.0,-0.0012,False,False,0,0,815.0,913.0,0.0,0.0,0.0,0.0,0.0,-0.0,-0.0,-0.0,0.0,0.0,0.0,0.0,0.0,-0.0,-0.0,-0.0,0.0,0.0,0.0,0.0,0.0,872.8999999999985,-277.345,1377.8099999999984,96607.61346774192,0.02898390078547929,1.0126100959525157,-951.4400000000004,14,26250.0
113,2026-06-16,2026-06-17,109.48,109.54,0.06,0.0005,122.76,122.97,0.21,0.0017,1.123,1,1.12,1.12,122.68,1.0,1.0,122.97,-0.0023,0.0,-0.0023,True,False,0,1,813.0,911.0,911.0,0.0,0.0,911.0,911.0,-0.0,-4.555,0.0,-813.0,0.0,0.0,-813.0,0.0,813.0,-4.065,0.0,0.0,0.0,-8.620000000000001,0.0,-8.620000000000001,864.2799999999985,-285.96500000000003,1377.8099999999984,96607.61346774192,0.02898390078547929,1.0126100959525157,-951.4400000000004,14,26250.0
114,2026-06-17,2026-06-18,109.54,110.58,1.04,0.0094,122.97,124.25,1.28,0.0104,1.124,1,1.12,1.12,123.87,1.0,1.0,124.25,-0.0031,0.0,-0.0031,True,False,1,1,805.0,902.0,902.0,911.0,99790.94,-9.0,0.0,9.0,-0.045,947.44,-805.0,-813.0,-99974.61,8.0,8.0,-0.0,-0.04,-1040.64,199765.55,-183.66999999999825,-0.08499999999999999,-93.20000000000005,-93.28500000000004,770.9949999999984,-379.2500000000001,1377.8099999999984,96607.61346774192,0.02898390078547929,1.0126100959525157,-951.4400000000004,14,26250.0
115,2026-06-18,2026-06-22,110.58,110.42,-0.16,-0.0014,124.25,124.27,0.02,0.0002,1.125,1,1.121,1.12,123.7,1.0,1.0,124.27,-0.0046,0.0,-0.0046,True,False,1,1,805.0,902.0,902.0,902.0,99743.16,0.0,0.0,-0.0,-0.0,-144.32,-805.0,-805.0,-100021.25,0.0,0.0,-0.0,-0.0,-16.1,199764.41,-278.0899999999965,0.0,-160.42,-160.42,610.5749999999985,-539.6700000000001,1377.8099999999984,96607.61346774192,0.02898390078547929,1.0126100959525157,-951.4400000000004,14,26250.0
116,2026-06-22,2026-06-23,110.42,108.24,-2.18,-0.0199,124.27,121.85,-2.42,-0.0197,1.126,1,1.121,1.121,121.29,1.0,1.0,121.85,-0.0046,0.0,-0.0046,True,False,1,1,821.0,920.0,920.0,902.0,99598.84,18.0,18.0,-0.0,-0.09,-1966.3600000000001,-821.0,-805.0,-100037.34999999999,-16.0,0.0,16.0,-0.08,1948.1,199636.19,-438.50999999999476,-0.16999999999999998,-18.26000000000022,-18.43000000000022,592.1449999999983,-558.1000000000003,1377.8099999999984,96607.61346774192,0.02898390078547929,1.0126100959525157,-951.4400000000004,14,26250.0
117,2026-06-23,2026-06-24,108.24,107.13,-1.11,-0.0103,121.85,120.56,-1.29,-0.0106,1.125,1,1.121,1.121,120.08,1.0,1.0,120.56,-0.004,0.0,-0.004,True,False,1,1,829.0,929.0,929.0,920.0,99580.79999999999,9.0,9.0,-0.0,-0.045,-1021.2,-829.0,-821.0,-100038.84999999999,-8.0,0.0,8.0,-0.04,1059.09,199619.64999999997,-458.0500000000029,-0.08499999999999999,37.88999999999987,37.80499999999987,629.9499999999981,-520.2950000000004,1377.8099999999984,96607.61346774192,0.02898390078547929,1.0126100959525157,-951.4400000000004,14,26250.0
118,2026-06-24,2026-06-25,107.13,107.52,0.39,0.0036,120.56,121.04,0.48,0.004,1.126,1,1.121,1.121,120.52,1.0,1.0,121.04,-0.0043,0.0,-0.0043,True,False,1,1,826.0,926.0,926.0,929.0,99523.76999999999,-3.0,0.0,3.0,-0.015,362.31,-826.0,-829.0,-99944.24,3.0,3.0,-0.0,-0.015,-397.91999999999996,199468.01,-420.4700000000157,-0.03,-35.60999999999996,-35.63999999999996,594.3099999999981,-555.9350000000004,1377.8099999999984,96607.61346774192,0.02898390078547929,1.0126100959525157,-951.4400000000004,14,26250.0
119,2026-06-25,2026-06-26,107.52,105.5,-2.02,-0.019,121.04,118.81,-2.23,-0.0186,1.126,1,1.122,1.121,118.28,1.0,1.0,118.81,-0.0045,0.0,-0.0045,True,False,1,1,842.0,944.0,944.0,926.0,99563.51999999999,18.0,18.0,-0.0,-0.09,-1870.52,-842.0,-826.0,-99979.04000000001,-16.0,0.0,16.0,-0.08,1841.98,199542.56,-415.5200000000186,-0.16999999999999998,-28.539999999999964,-28.709999999999965,565.5999999999982,-584.6450000000003,1377.8099999999984,96607.61346774192,0.02898390078547929,1.0126100959525157,-951.4400000000004,14,26250.0
120,2026-06-26,2026-06-29,105.5,107.14,1.64,0.0154,118.81,120.81,2.0,0.0167,1.128,1,1.122,1.122,120.16,1.0,1.0,120.81,-0.0054,0.0,-0.0054,True,False,1,1,828.0,929.0,929.0,944.0,99592.0,-15.0,0.0,15.0,-0.075,1548.1599999999999,-828.0,-842.0,-100038.02,14.0,14.0,-0.0,-0.07,-1684.0,199630.02000000002,-446.0200000000041,-0.14500000000000002,-135.84000000000015,-135.98500000000016,429.6149999999981,-720.6300000000005,1377.8099999999984,96607.61346774192,0.02898390078547929,1.0126100959525157,-951.4400000000004,14,26250.0
121,2026-06-29,2026-06-30,107.14,107.82,0.68,0.0063,120.81,121.74,0.93,0.0077,1.129,1,1.123,1.122,120.99,1.0,1.0,121.74,-0.0062,0.0,-0.0062,True,False,1,1,821.0,921.0,921.0,929.0,99533.06,-8.0,0.0,8.0,-0.04,631.72,-821.0,-828.0,-100030.68000000001,7.0,7.0,-0.0,-0.035,-770.0400000000001,199563.74,-497.6200000000099,-0.07500000000000001,-138.32000000000005,-138.39500000000004,291.21999999999804,-859.0250000000005,1377.8099999999984,96607.61346774192,0.02898390078547929,1.0126100959525157,-951.4400000000004,14,26250.0
122,2026-06-30,2026-07-01,107.82,105.85,-1.97,-0.0184,121.74,119.43,-2.31,-0.0192,1.128,1,1.123,1.123,118.82,1.0,1.0,119.43,-0.0051,0.0,-0.0051,True,False,1,1,837.0,940.0,940.0,921.0,99302.21999999999,19.0,19.0,-0.0,-0.095,-1814.37,-837.0,-821.0,-99948.54,-16.0,0.0,16.0,-0.08,1896.51,199250.75999999998,-646.320000000007,-0.175,82.1400000000001,81.9650000000001,373.1849999999981,-777.0600000000004,1377.8099999999984,96607.61346774192,0.02898390078547929,1.0126100959525157,-951.4400000000004,14,26250.0
123,2026-07-01,2026-07-02,105.85,104.38,-1.47,-0.014,119.43,117.43,-2.0,-0.0169,1.125,1,1.123,1.123,117.22,1.0,1.0,117.43,-0.0018,0.0,-0.0018,False,False,1,1,852.0,957.0,957.0,940.0,99499.0,17.0,17.0,-0.0,-0.085,-1381.8,-852.0,-837.0,-99962.91,-15.0,0.0,15.0,-0.075,1674.0,199461.91,-463.9100000000035,-0.16,292.20000000000005,292.04,665.2249999999981,-485.02000000000044,1377.8099999999984,96607.61346774192,0.02898390078547929,1.0126100959525157,-951.4400000000004,14,26250.0
124,2026-07-02,2026-07-06,104.38,105.33,0.95,0.0091,117.43,118.19,0.76,0.0065,1.122,1,1.123,1.123,118.31,1.0,1.0,118.19,0.001,0.0,0.001,False,True,1,0,846.0,950.0,0.0,957.0,99891.65999999999,-957.0,0.0,957.0,-4.785,909.15,0.0,-852.0,-100050.36,852.0,852.0,-0.0,-4.26,-647.52,199942.02,-158.70000000001164,-9.045,261.63,252.585,917.8099999999981,-232.4350000000004,1377.8099999999984,96607.61346774192,0.02898390078547929,1.0126100959525157,-951.4400000000004,14,26250.0
125,2026-07-06,2026-07-07,105.33,103.85,-1.48,-0.0142,118.19,116.3,-1.89,-0.0161,1.12,1,1.123,1.123,116.66,1.0,1.0,116.3,0.0031,0.0,0.0031,False,True,0,0,860.0,966.0,0.0,0.0,0.0,0.0,0.0,-0.0,-0.0,-0.0,0.0,0.0,0.0,0.0,0.0,-0.0,-0.0,-0.0,0.0,0.0,0.0,0.0,0.0,917.8099999999981,-232.4350000000004,1377.8099999999984,96607.61346774192,0.02898390078547929,1.0126100959525157,-951.4400000000004,14,26250.0
126,2026-07-07,2026-07-08,103.85,104.65,0.8,0.0077,116.3,117.08,0.78,0.0067,1.119,1,1.123,1.123,117.57,1.0,1.0,117.08,0.0041,0.0,0.0041,False,True,0,0,854.0,959.0,0.0,0.0,0.0,0.0,0.0,-0.0,-0.0,0.0,0.0,0.0,0.0,0.0,0.0,-0.0,-0.0,0.0,0.0,0.0,0.0,0.0,0.0,917.8099999999981,-232.4350000000004,1377.8099999999984,96607.61346774192,0.02898390078547929,1.0126100959525157,-951.4400000000004,14,26250.0
127,2026-07-08,2026-07-09,104.65,105.62,0.97,0.0092,117.08,118.56,1.48,0.0126,1.123,1,1.123,1.123,118.65,1.0,1.0,118.56,0.0007,0.0,0.0007,False,True,0,0,843.0,947.0,0.0,0.0,0.0,0.0,0.0,-0.0,-0.0,0.0,0.0,0.0,0.0,0.0,0.0,-0.0,-0.0,0.0,0.0,0.0,0.0,0.0,0.0,917.8099999999981,-232.4350000000004,1377.8099999999984,96607.61346774192,0.02898390078547929,1.0126100959525157,-951.4400000000004,14,26250.0
128,2026-07-09,2026-07-10,105.62,105.24,-0.38,-0.0036,118.56,117.92,-0.64,-0.0054,1.12,1,1.124,1.123,118.23,1.0,1.0,117.92,0.0026,0.0,0.0026,False,True,0,0,848.0,952.0,0.0,0.0,0.0,0.0,0.0,-0.0,-0.0,-0.0,0.0,0.0,0.0,0.0,0.0,-0.0,-0.0,-0.0,0.0,0.0,0.0,0.0,0.0,917.8099999999981,-232.4350000000004,1377.8099999999984,96607.61346774192,0.02898390078547929,1.0126100959525157,-951.4400000000004,14,26250.0
129,2026-07-10,2026-07-13,105.24,103.86,-1.38,-0.0132,117.92,116.38,-1.54,-0.0131,1.121,1,1.124,1.124,116.69,1.0,1.0,116.38,0.0027,0.0,0.0027,False,True,0,0,859.0,966.0,0.0,0.0,0.0,0.0,0.0,-0.0,-0.0,-0.0,0.0,0.0,0.0,0.0,0.0,-0.0,-0.0,-0.0,0.0,0.0,0.0,0.0,0.0,917.8099999999981,-232.4350000000004,1377.8099999999984,96607.61346774192,0.02898390078547929,1.0126100959525157,-951.4400000000004,14,26250.0
130,2026-07-13,2026-07-14,103.86,104.14,0.28,0.0027,116.38,116.57,0.19,0.0016,1.119,1,1.124,1.124,117.02,1.0,1.0,116.57,0.0038,0.0,0.0038,False,True,0,0,858.0,964.0,0.0,0.0,0.0,0.0,0.0,-0.0,-0.0,0.0,0.0,0.0,0.0,0.0,0.0,-0.0,-0.0,0.0,0.0,0.0,0.0,0.0,0.0,917.8099999999981,-232.4350000000004,1377.8099999999984,96607.61346774192,0.02898390078547929,1.0126100959525157,-951.4400000000004,14,26250.0
131,2026-07-14,2026-07-15,104.14,103.59,-0.55,-0.0053,116.57,116.0,-0.57,-0.0049,1.12,1,1.123,1.124,116.39,1.0,1.0,116.0,0.0034,0.0,0.0034,False,True,0,0,862.0,969.0,0.0,0.0,0.0,0.0,0.0,-0.0,-0.0,-0.0,0.0,0.0,0.0,0.0,0.0,-0.0,-0.0,-0.0,0.0,0.0,0.0,0.0,0.0,917.8099999999981,-232.4350000000004,1377.8099999999984,96607.61346774192,0.02898390078547929,1.0126100959525157,-951.4400000000004,14,26250.0
132,2026-07-15,2026-07-16,103.59,101.54,-2.05,-0.02,116.0,113.65,-2.35,-0.0205,1.119,1,1.123,1.123,114.08,1.0,1.0,113.65,0.0038,0.0,0.0038,False,True,0,0,880.0,988.0,0.0,0.0,0.0,0.0,0.0,-0.0,-0.0,-0.0,0.0,0.0,0.0,0.0,0.0,-0.0,-0.0,-0.0,0.0,0.0,0.0,0.0,0.0,917.8099999999981,-232.4350000000004,1377.8099999999984,96607.61346774192,0.02898390078547929,1.0126100959525157,-951.4400000000004,14,26250.0
133,2026-07-16,2026-07-17,101.54,101.49,-0.05,-0.0005,113.65,113.74,0.09,0.0008,1.121,1,1.123,1.123,114.01,1.0,1.0,113.74,0.0024,0.0,0.0024,False,True,0,0,879.0,987.0,0.0,0.0,0.0,0.0,0.0,-0.0,-0.0,-0.0,0.0,0.0,0.0,0.0,0.0,-0.0,-0.0,0.0,0.0,0.0,0.0,0.0,0.0,917.8099999999981,-232.4350000000004,1377.8099999999984,96607.61346774192,0.02898390078547929,1.0126100959525157,-951.4400000000004,14,26250.0
134,2026-07-17,2026-07-20,101.49,101.82,0.33,0.0032,113.74,114.16,0.42,0.0037,1.121,1,1.123,1.123,114.37,1.0,1.0,114.16,0.0019,0.0,0.0019,False,True,0,0,876.0,984.0,0.0,0.0,0.0,0.0,0.0,-0.0,-0.0,0.0,0.0,0.0,0.0,0.0,0.0,-0.0,-0.0,0.0,0.0,0.0,0.0,0.0,0.0,917.8099999999981,-232.4350000000004,1377.8099999999984,96607.61346774192,0.02898390078547929,1.0126100959525157,-951.4400000000004,14,26250.0
135,2026-07-20,2026-07-21,101.82,103.69,1.87,0.0182,114.16,116.72,2.56,0.0222,1.126,1,1.123,1.123,116.46,1.0,1.0,116.72,-0.0022,0.0,-0.0022,True,False,0,1,857.0,962.0,962.0,0.0,0.0,962.0,962.0,-0.0,-4.8100000000000005,0.0,-857.0,0.0,0.0,-857.0,0.0,857.0,-4.285,0.0,0.0,0.0,-9.095,0.0,-9.095,908.7149999999981,-241.53000000000043,1377.8099999999984,96607.61346774192,0.02898390078547929,1.0126100959525157,-951.4400000000004,14,26250.0
136,2026-07-21,2026-07-22,103.69,104.0,0.31,0.003,116.72,116.51,-0.21,-0.0018,1.12,1,1.123,1.123,116.81,1.0,1.0,116.51,0.0026,0.0,0.0026,False,True,1,0,858.0,964.0,0.0,962.0,99749.78,-962.0,0.0,962.0,-4.8100000000000005,298.21999999999997,0.0,-857.0,-100029.04,857.0,857.0,-0.0,-4.285,179.97,199778.82,-279.25999999999476,-9.095,478.18999999999994,469.0949999999999,1377.8099999999981,0.0,1377.8099999999984,96607.61346774192,0.02898390078547929,1.0126100959525157,-951.4400000000004,14,26250.0
137,2026-07-22,2026-07-23,104.0,103.17,-0.83,-0.008,116.51,115.9,-0.61,-0.0052,1.123,1,1.123,1.123,115.85,1.0,1.0,115.9,-0.0004,0.0,-0.0004,False,False,0,0,863.0,969.0,0.0,0.0,0.0,0.0,0.0,-0.0,-0.0,-0.0,0.0,0.0,0.0,0.0,0.0,-0.0,-0.0,-0.0,0.0,0.0,0.0,0.0,0.0,1377.8099999999981,0.0,1377.8099999999984,96607.61346774192,0.02898390078547929,1.0126100959525157,-951.4400000000004,14,26250.0
138,2026-07-23,2026-07-24,103.17,101.48,-1.69,-0.0165,115.9,113.75,-2.15,-0.0187,1.121,1,1.123,1.123,113.94,1.0,1.0,113.75,0.0017,0.0,0.0017,False,True,0,0,879.0,987.0,0.0,0.0,0.0,0.0,0.0,-0.0,-0.0,-0.0,0.0,0.0,0.0,0.0,0.0,-0.0,-0.0,-0.0,0.0,0.0,0.0,0.0,0.0,1377.8099999999981,0.0,1377.8099999999984,96607.61346774192,0.02898390078547929,1.0126100959525157,-951.4400000000004,14,26250.0
139,2026-07-24,2026-07-27,101.48,101.34,-0.14,-0.0014,113.75,113.44,-0.31,-0.0027,1.119,1,1.122,1.123,113.76,1.0,1.0,113.44,0.0028,0.0,0.0028,False,True,0,0,882.0,990.0,0.0,0.0,0.0,0.0,0.0,-0.0,-0.0,-0.0,0.0,0.0,0.0,0.0,0.0,-0.0,-0.0,-0.0,0.0,0.0,0.0,0.0,0.0,1377.8099999999981,0.0,1377.8099999999984,96607.61346774192,0.02898390078547929,1.0126100959525157,-951.4400000000004,14,26250.0
140,2026-07-27,2026-07-28,101.34,100.31,-1.03,-0.0102,113.44,111.86,-1.58,-0.014,1.115,1,1.122,1.122,112.57,1.0,1.0,111.86,0.0063,0.0,0.0063,False,True,0,0,894.0,1003.0,0.0,0.0,0.0,0.0,0.0,-0.0,-0.0,-0.0,0.0,0.0,0.0,0.0,0.0,-0.0,-0.0,-0.0,0.0,0.0,0.0,0.0,0.0,1377.8099999999981,0.0,1377.8099999999984,96607.61346774192,0.02898390078547929,1.0126100959525157,-951.4400000000004,14,26250.0
141,2026-07-28,2026-07-29,100.31,98.39,-1.92,-0.0193,111.86,109.68,-2.18,-0.0197,1.115,1,1.121,1.122,110.35,1.0,1.0,109.68,0.0061,0.0,0.0061,False,True,0,0,912.0,1023.0,0.0,0.0,0.0,0.0,0.0,-0.0,-0.0,-0.0,0.0,0.0,0.0,0.0,0.0,-0.0,-0.0,-0.0,0.0,0.0,0.0,0.0,0.0,1377.8099999999981,0.0,1377.8099999999984,96607.61346774192,0.02898390078547929,1.0126100959525157,-951.4400000000004,14,26250.0
142,2026-07-29,2026-07-30,98.39,101.49,3.1,0.031,109.68,113.38,3.7,0.0332,1.117,1,1.12,1.121,113.76,1.0,1.0,113.38,0.0033,0.0,0.0033,False,True,0,0,882.0,989.0,0.0,0.0,0.0,0.0,0.0,-0.0,-0.0,0.0,0.0,0.0,0.0,0.0,0.0,-0.0,-0.0,0.0,0.0,0.0,0.0,0.0,0.0,1377.8099999999981,0.0,1377.8099999999984,96607.61346774192,0.02898390078547929,1.0126100959525157,-951.4400000000004,14,26250.0
143,2026-07-30,2026-07-31,101.49,101.85,0.36,0.0035,113.38,113.23,-0.15,-0.0013,1.112,1,1.12,1.12,114.1,1.0,1.0,113.23,0.0077,0.0,0.0077,False,True,0,0,883.0,989.0,0.0,0.0,0.0,0.0,0.0,-0.0,-0.0,0.0,0.0,0.0,0.0,0.0,0.0,-0.0,-0.0,-0.0,0.0,0.0,0.0,0.0,0.0,1377.8099999999981,0.0,1377.8099999999984,96607.61346774192,0.02898390078547929,1.0126100959525157,-951.4400000000004,14,26250.0
