date,RSP,SPY
8/9/2021,153.71,442.13
8/10/2021,154.43,442.68
8/11/2021,155.42,443.78
8/12/2021,155.34,445.11
8/13/2021,155.32,445.92
8/16/2021,155.37,446.97
8/17/2021,154.2,444.04
8/18/2021,152.61,439.18
8/19/2021,152.27,439.86
8/20/2021,153.37,443.36
8/23/2021,154.52,447.26
8/24/2021,155.15,447.97
8/25/2021,155.97,448.91
8/26/2021,154.9,446.26
8/27/2021,156.56,450.25
8/30/2021,156.33,452.23
8/31/2021,156.3,451.56
9/1/2021,156.33,451.8
9/2/2021,157.39,453.19
9/3/2021,156.88,453.08
9/7/2021,155.57,451.46
9/8/2021,155.47,450.91
9/9/2021,155.03,448.98
9/10/2021,154.01,445.44
9/13/2021,154.44,446.58
9/14/2021,153.34,444.17
9/15/2021,154.7,447.88
9/16/2021,154.41,447.17
9/17/2021,153.04,441.4
9/20/2021,150.18,434.04
9/21/2021,149.64,433.63
9/22/2021,151.32,437.86
9/23/2021,153.54,443.18
9/24/2021,153.8,443.91
9/27/2021,154.31,442.64
9/28/2021,152,433.72
9/29/2021,152.33,434.45
9/30/2021,149.82,429.14
10/1/2021,151.84,434.24
10/4/2021,150.88,428.64
10/5/2021,151.96,433.1
10/6/2021,152.17,434.9
10/7/2021,153.46,438.66
10/8/2021,153.1,437.86
10/11/2021,152.26,434.69
10/12/2021,152.3,433.62
10/13/2021,152.55,435.18
10/14/2021,155.17,442.5
10/15/2021,155.7,445.87
10/18/2021,155.76,447.19
10/19/2021,156.67,450.64
10/20/2021,157.87,452.41
10/21/2021,158.06,453.59
10/22/2021,158.51,453.12
10/25/2021,158.87,455.55
10/26/2021,158.56,455.96
10/27/2021,156.45,453.94
10/28/2021,158.04,458.32
10/29/2021,157.76,459.25
11/1/2021,159.02,460.04
11/2/2021,159.46,461.9
11/3/2021,160.4,464.72
11/4/2021,160.07,466.91
11/5/2021,161.29,468.53
11/8/2021,161.53,468.93
11/9/2021,161.51,467.38
11/10/2021,160.48,463.62
11/11/2021,160.87,463.77
11/12/2021,161.65,467.27
11/15/2021,161.93,467.43
11/16/2021,162.14,469.28
11/17/2021,161.28,468.14
11/18/2021,160.69,469.73
11/19/2021,159.65,468.89
11/22/2021,159.9,467.57
11/23/2021,160.56,468.19
11/24/2021,160.64,469.44
11/26/2021,156.46,458.97
11/29/2021,157.77,464.6
11/30/2021,153.59,455.56
12/1/2021,151.68,450.5
12/2/2021,155.35,457.4
12/3/2021,154.5,453.42
12/6/2021,156.79,458.79
12/7/2021,159.44,468.28
12/8/2021,159.85,469.52
12/9/2021,158.71,466.35
12/10/2021,159.74,470.74
12/13/2021,158.58,466.57
12/14/2021,157.63,463.36
12/15/2021,159.35,470.6
12/16/2021,159.07,466.45
12/17/2021,156.96,459.87
12/20/2021,154.9,454.98
12/21/2021,158.04,463.06
12/22/2021,159.15,467.69
12/23/2021,160.23,470.6
12/27/2021,162.28,477.26
12/28/2021,162.53,476.87
12/29/2021,163.01,477.48
12/30/2021,162.75,476.16
12/31/2021,162.75,474.96
1/3/2022,162.89,477.71
1/4/2022,164.2,477.55
1/5/2022,161.67,468.38
1/6/2022,162.03,467.94
1/7/2022,161.77,466.09
1/10/2022,160.96,465.51
1/11/2022,162.48,469.75
1/12/2022,162.61,471.02
1/13/2022,161.86,464.53
1/14/2022,161.58,464.72
1/18/2022,159.01,456.49
1/19/2022,157.36,451.75
1/20/2022,155.36,446.75
1/21/2022,153.09,437.98
1/24/2022,154.24,439.84
1/25/2022,152.78,434.47
1/26/2022,151.55,433.38
1/27/2022,150.7,431.24
1/28/2022,153.28,441.95
1/31/2022,155.64,449.91
2/1/2022,156.85,452.95
2/2/2022,157.87,457.35
2/3/2022,155.87,446.6
2/4/2022,155.73,448.7
2/7/2022,155.83,447.26
2/8/2022,157.26,450.94
2/9/2022,159.92,457.54
2/10/2022,157.4,449.32
2/11/2022,155.32,440.46
2/14/2022,154.08,439.02
2/15/2022,156.43,446.1
2/16/2022,156.95,446.6
2/17/2022,154.13,437.06
2/18/2022,153.55,434.23
2/22/2022,152.02,429.57
2/23/2022,149.67,421.95
2/24/2022,151.1,428.3
2/25/2022,155.16,437.75
2/28/2022,154.25,436.63
3/1/2022,151.6,429.98
3/2/2022,154.83,437.89
3/3/2022,154.51,435.71
3/4/2022,153.58,432.17
3/7/2022,149.33,419.43
3/8/2022,148.26,416.25
3/9/2022,151.4,427.41
3/10/2022,151.11,425.48
3/11/2022,149.52,420.07
3/14/2022,148.97,417
3/15/2022,151.37,426.17
3/16/2022,154.23,435.62
3/17/2022,156.17,441.07
3/18/2022,157.17,444.52
3/21/2022,156.08,444.39
3/22/2022,157.39,449.59
3/23/2022,155.14,443.8
3/24/2022,156.95,450.49
3/25/2022,158.02,452.69
3/28/2022,158.49,455.91
3/29/2022,161.12,461.55
3/30/2022,159.89,458.7
3/31/2022,157.71,451.64
4/1/2022,158.22,452.92
4/4/2022,158.56,456.8
4/5/2022,156.87,451.03
4/6/2022,156.08,446.52
4/7/2022,156.56,448.77
4/8/2022,156.89,447.57
4/11/2022,155.37,439.92
4/12/2022,154.85,438.29
4/13/2022,156.6,443.31
4/14/2022,155.53,437.79
4/18/2022,155.2,437.97
4/19/2022,157.95,445.04
4/20/2022,158.96,444.71
4/21/2022,156.66,438.06
4/22/2022,152.39,426.04
4/25/2022,152.85,428.51
4/26/2022,149.19,416.1
4/27/2022,149.47,417.27
4/28/2022,152.07,427.81
4/29/2022,147.45,412
5/2/2022,147.85,414.48
5/3/2022,149.07,416.38
5/4/2022,153.22,429.06
5/5/2022,148.61,413.81
5/6/2022,147.25,411.34
5/9/2022,142.88,398.17
5/10/2022,142.51,399.09
5/11/2022,140.67,392.75
5/12/2022,141.27,392.34
5/13/2022,144.5,401.72
5/16/2022,143.99,400.09
5/17/2022,147.04,408.32
5/18/2022,141.51,391.86
5/19/2022,141.19,389.46
5/20/2022,141.19,389.63
5/23/2022,143.18,396.92
5/24/2022,142.29,393.89
5/25/2022,143.93,397.37
5/26/2022,146.97,405.31
5/27/2022,150.34,415.26
5/31/2022,148.93,412.93
6/1/2022,147.35,409.59
6/2/2022,149.94,417.39
6/3/2022,148.17,410.54
6/6/2022,148.71,411.79
6/7/2022,150.13,415.74
6/8/2022,147.99,411.22
6/9/2022,144.65,401.44
6/10/2022,140.71,389.8
6/13/2022,135.05,375
6/14/2022,134.35,373.87
6/15/2022,135.64,379.2
6/16/2022,130.84,366.65
6/17/2022,131.14,365.86
6/21/2022,132.69,375.07
6/22/2022,132.62,374.39
6/23/2022,133.72,378.06
6/24/2022,138.07,390.08
6/27/2022,138,388.59
6/28/2022,135.9,380.65
6/29/2022,135.07,380.34
6/30/2022,134.23,377.25
7/1/2022,135.87,381.24
7/5/2022,135.55,381.96
7/6/2022,135.58,383.25
7/7/2022,137.55,388.99
7/8/2022,137.04,388.67
7/11/2022,135.78,384.23
7/12/2022,135.13,380.83
7/13/2022,134.38,378.83
7/14/2022,133.32,377.91
7/15/2022,135.85,385.13
7/18/2022,135.26,381.95
7/19/2022,139.14,392.27
7/20/2022,140.07,394.77
7/21/2022,141.16,398.79
7/22/2022,140.34,395.09
7/25/2022,140.69,395.57
7/26/2022,139.59,390.89
7/27/2022,142.3,401.04
7/28/2022,144.55,406.07
7/29/2022,145.84,411.99
8/1/2022,145.56,410.77
8/2/2022,144.53,408.06
8/3/2022,146.03,414.45
8/4/2022,145.72,414.17
8/5/2022,145.88,413.47
8/8/2022,146.29,412.99
8/9/2022,145.44,411.35
8/10/2022,148.55,419.99
8/11/2022,149.21,419.99
8/12/2022,151.62,427.1
8/15/2022,151.95,428.86
8/16/2022,152.39,429.7
8/17/2022,150.96,426.65
8/18/2022,151.44,427.89
8/19/2022,149.44,422.14
8/22/2022,146.32,413.35
8/23/2022,145.94,412.35
8/24/2022,146.67,413.67
8/25/2022,148.93,419.51
8/26/2022,144.13,405.31
8/29/2022,143.29,402.63
8/30/2022,141.78,398.21
8/31/2022,140.76,395.18
9/1/2022,140.88,396.42
9/2/2022,139.86,392.24
9/6/2022,139.47,390.76
9/7/2022,142.53,397.78
9/8/2022,143.76,400.38
9/9/2022,145.74,406.6
9/12/2022,147.1,410.97
9/13/2022,141.28,393.1
9/14/2022,141.27,394.6
9/15/2022,140.15,390.12
9/16/2022,138.75,385.56
9/19/2022,139.15,388.55
9/20/2022,136.91,384.09
9/21/2022,134.64,377.39
9/22/2022,132.71,374.22
9/23/2022,130.48,367.95
9/26/2022,128.59,364.31
9/27/2022,128.18,363.38
9/28/2022,131.16,370.53
9/29/2022,128.68,362.79
9/30/2022,127.28,357.18
10/3/2022,130.83,366.61
10/4/2022,135.34,377.97
10/5/2022,134.81,377.09
10/6/2022,133.31,373.2
10/7/2022,130.15,362.79
10/10/2022,129.27,360.02
10/11/2022,128.69,357.74
10/12/2022,128.02,356.56
10/13/2022,131.1,365.97
10/14/2022,128.2,357.63
10/17/2022,130.99,366.82
10/18/2022,132.93,371.13
10/19/2022,131.36,368.5
10/20/2022,129.9,365.41
10/21/2022,132.87,374.29
10/24/2022,134.35,378.87
10/25/2022,136.93,384.92
10/26/2022,137.2,382.02
10/27/2022,137.33,379.98
10/28/2022,140.18,389.02
10/31/2022,139.56,386.21
11/1/2022,139.9,384.52
11/2/2022,136.49,374.87
11/3/2022,135.8,371.01
11/4/2022,137.91,376.35
11/7/2022,139.01,379.95
11/8/2022,139.84,382
11/9/2022,137.33,374.13
11/10/2022,144.69,394.69
11/11/2022,146.08,398.51
11/14/2022,144.49,395.12
11/15/2022,145.85,398.49
11/16/2022,144.3,395.45
11/17/2022,143.46,394.24
11/18/2022,144.53,396.03
11/21/2022,144.47,394.59
11/22/2022,146.39,399.9
11/23/2022,147,402.42
11/25/2022,147.5,402.33
11/28/2022,144.87,395.91
11/29/2022,145.33,395.23
11/30/2022,148.82,407.68
12/1/2022,149.03,407.38
12/2/2022,148.94,406.91
12/5/2022,146.06,399.59
12/6/2022,144.46,393.83
12/7/2022,144.22,393.16
12/8/2022,145.15,396.24
12/9/2022,144.03,393.28
12/12/2022,146.15,398.95
12/13/2022,147.17,401.97
12/14/2022,146.3,399.4
12/15/2022,143.09,389.63
12/16/2022,141.36,383.27
12/19/2022,139.63,380.02
12/20/2022,139.77,380.54
12/21/2022,141.93,386.23
12/22/2022,140.39,380.72
12/23/2022,141.29,382.91
12/27/2022,141.38,381.4
12/28/2022,139.35,376.66
12/29/2022,141.83,383.44
12/30/2022,141.25,382.43
1/3/2023,141.12,380.82
1/4/2023,143.32,383.76
1/5/2023,141.83,379.38
1/6/2023,145.23,388.08
1/9/2023,145.29,387.86
1/10/2023,146.38,390.58
1/11/2023,148.16,395.52
1/12/2023,148.72,396.96
1/13/2023,149.07,398.5
1/17/2023,148.74,397.77
1/18/2023,146.45,391.49
1/19/2023,144.94,388.64
1/20/2023,147.46,395.88
1/23/2023,149.33,400.63
1/24/2023,148.98,400.2
1/25/2023,149.32,400.35
1/26/2023,150.52,404.75
1/27/2023,150.8,405.68
1/30/2023,149.2,400.59
1/31/2023,151.73,406.48
2/1/2023,153.28,410.8
2/2/2023,154.96,416.78
2/3/2023,153.06,412.35
2/6/2023,151.98,409.83
2/7/2023,153.4,415.19
2/8/2023,151.89,410.65
2/9/2023,150.5,407.09
2/10/2023,150.96,408.04
2/13/2023,152.65,412.83
2/14/2023,152.36,412.64
2/15/2023,153.08,413.98
2/16/2023,151.35,408.28
2/17/2023,151.03,407.26
2/21/2023,147.75,399.09
2/22/2023,147.57,398.54
2/23/2023,148.12,400.66
2/24/2023,146.85,396.38
2/27/2023,147.03,397.73
2/28/2023,146.6,396.26
3/1/2023,146.33,394.74
3/2/2023,147.48,397.81
3/3/2023,149.55,404.19
3/6/2023,148.83,404.47
3/7/2023,146.43,398.27
3/8/2023,146.74,398.92
3/9/2023,143.5,391.56
3/10/2023,140.47,385.91
3/13/2023,138.75,385.36
3/14/2023,140.7,391.73
3/15/2023,138.73,389.28
3/16/2023,140.4,396.11
3/17/2023,138.03,389.99
3/20/2023,139.12,393.74
3/21/2023,140.98,398.91
3/22/2023,137.81,392.11
3/23/2023,137.35,393.17
3/24/2023,138.52,395.75
3/27/2023,139.44,396.49
3/28/2023,139.72,395.6
3/29/2023,141.82,401.35
3/30/2023,142.52,403.7
3/31/2023,144.62,409.39
4/3/2023,144.74,410.95
4/4/2023,143.29,408.67
4/5/2023,142.99,407.6
4/6/2023,143.09,409.19
4/10/2023,143.96,409.61
4/11/2023,144.9,409.72
4/12/2023,144.2,408.05
4/13/2023,145.31,413.47
4/14/2023,144.65,412.46
4/17/2023,145.63,413.94
4/18/2023,145.64,414.21
4/19/2023,145.68,414.14
4/20/2023,144.88,411.88
4/21/2023,144.92,412.2
4/24/2023,145.19,412.63
4/25/2023,142.72,406.08
4/26/2023,141.23,404.36
4/27/2023,143.55,412.41
4/28/2023,145.14,415.93
5/1/2023,145.01,415.51
5/2/2023,142.84,410.84
5/3/2023,142.01,408.02
5/4/2023,140.66,405.13
5/5/2023,143.03,412.63
5/8/2023,142.77,412.74
5/9/2023,142.24,410.93
5/10/2023,142.22,412.85
5/11/2023,141.51,412.13
5/12/2023,141.52,411.59
5/15/2023,142.32,413.01
5/16/2023,140.31,410.25
5/17/2023,142.09,415.23
5/18/2023,143.24,419.23
5/19/2023,142.86,418.62
5/22/2023,143.08,418.79
5/23/2023,141.55,414.09
5/24/2023,140.01,411.09
5/25/2023,139.92,414.65
5/26/2023,141.09,420.02
5/30/2023,140.84,420.18
5/31/2023,139.61,417.85
6/1/2023,140.66,421.82
6/2/2023,143.73,427.92
6/5/2023,143.24,427.1
6/6/2023,144.21,428.03
6/7/2023,145.27,426.55
6/8/2023,145.33,429.13
6/9/2023,145.16,429.9
6/12/2023,146.12,433.8
6/13/2023,147.53,436.66
6/14/2023,147.25,437.18
6/15/2023,148.95,442.6
6/16/2023,148.83,439.46
6/20/2023,146.84,437.18
6/21/2023,146.63,434.94
6/22/2023,146.03,436.51
6/23/2023,144.77,433.21
6/26/2023,145.65,431.44
6/27/2023,147.43,436.17
6/28/2023,147.18,436.39
6/29/2023,148.33,438.11
6/30/2023,149.64,443.28
7/3/2023,150.01,443.79
7/5/2023,149.37,443.13
7/6/2023,148.15,439.66
7/7/2023,148.52,438.55
7/10/2023,149.85,439.66
7/11/2023,151.54,442.46
7/12/2023,152.24,446.02
7/13/2023,152.96,449.56
7/14/2023,152.06,449.28
7/17/2023,152.35,450.84
7/18/2023,153.29,454.19
7/19/2023,154.05,455.2
7/20/2023,153.89,452.18
7/21/2023,154.11,452.18
7/24/2023,154.54,454.2
7/25/2023,154.65,455.44
7/26/2023,155,455.51
7/27/2023,153.64,452.49
7/28/2023,154.4,456.92
7/31/2023,154.88,457.79
8/1/2023,154.25,456.48
8/2/2023,152.78,450.13
8/3/2023,152.02,448.84
8/4/2023,151.34,446.81
8/7/2023,152.62,450.71
8/8/2023,151.86,448.75
8/9/2023,151.42,445.75
8/10/2023,151.24,445.91
8/11/2023,151.27,445.65
8/14/2023,151.24,448.11
8/15/2023,149.25,442.89
8/16/2023,148.16,439.64
8/17/2023,147.02,436.29
8/18/2023,147.28,436.5
8/21/2023,147.25,439.34
8/22/2023,146.67,438.15
8/23/2023,147.89,443.03
8/24/2023,146.47,436.89
8/25/2023,147.21,439.97
8/28/2023,148.31,442.76
8/29/2023,149.98,449.16
8/30/2023,150.45,451.01
8/31/2023,149.92,450.35
9/1/2023,150.54,451.19
9/5/2023,148.68,449.24
9/6/2023,148.17,446.22
9/7/2023,147.58,444.85
9/8/2023,147.65,445.52
9/11/2023,147.89,448.45
9/12/2023,147.7,445.99
9/13/2023,147.11,446.51
9/14/2023,148.83,450.36
9/15/2023,147.58,443.37
9/18/2023,146.59,443.63
9/19/2023,146.35,442.71
9/20/2023,145.68,438.64
9/21/2023,143.26,431.39
9/22/2023,142.69,430.42
9/25/2023,143.05,432.23
9/26/2023,141.04,425.88
9/27/2023,141.09,426.05
9/28/2023,142.07,428.52
9/29/2023,141.69,427.48
10/2/2023,140.09,427.31
10/3/2023,138.41,421.59
10/4/2023,139.2,424.66
10/5/2023,138.8,424.5
10/6/2023,140,429.54
10/9/2023,141,432.29
10/10/2023,142.08,434.54
10/11/2023,142.38,436.32
10/12/2023,140.6,433.66
10/13/2023,140.29,431.5
10/16/2023,142.04,436.04
10/17/2023,142.74,436.02
10/18/2023,140.48,430.21
10/19/2023,138.74,426.43
10/20/2023,137.01,421.19
10/23/2023,136.14,420.46
10/24/2023,137.01,423.63
10/25/2023,135.5,417.55
10/26/2023,135.22,412.55
10/27/2023,133.66,410.68
10/30/2023,134.71,415.59
10/31/2023,135.83,418.2
11/1/2023,136.29,422.66
11/2/2023,139.31,430.76
11/3/2023,141.59,434.69
11/6/2023,140.85,435.69
11/7/2023,140.55,436.93
11/8/2023,140.32,437.25
11/9/2023,139.13,433.84
11/10/2023,140.76,440.61
11/13/2023,140.58,440.19
11/14/2023,144.59,448.73
11/15/2023,145.27,449.68
11/16/2023,144.79,450.23
11/17/2023,145.49,450.79
11/20/2023,146.07,454.26
11/21/2023,145.8,453.27
11/22/2023,146.48,455.02
11/24/2023,146.91,455.3
11/27/2023,146.61,454.48
11/28/2023,146.47,454.93
11/29/2023,147.05,454.61
11/30/2023,148.3,456.4
12/1/2023,150.53,459.1
12/4/2023,150.6,456.69
12/5/2023,149.26,456.6
12/6/2023,149.31,454.76
12/7/2023,150.1,458.23
12/8/2023,150.57,460.2
12/11/2023,151.91,461.99
12/12/2023,152.18,464.1
12/13/2023,155.41,470.5
12/14/2023,157.53,472.01
12/15/2023,156.41,469.33
12/18/2023,155.87,471.97
12/19/2023,157.18,474.84
12/20/2023,154.58,468.26
12/21/2023,156.48,472.7
12/22/2023,157.01,473.65
12/26/2023,157.91,475.65
12/27/2023,158.06,476.51
12/28/2023,158.41,476.69
12/29/2023,157.8,475.31
1/2/2024,157.85,472.65
1/3/2024,155.52,468.79
1/4/2024,155.26,467.28
1/5/2024,155.71,467.92
1/8/2024,157.38,474.6
1/9/2024,156.58,473.88
1/10/2024,156.85,476.56
1/11/2024,156.4,476.35
1/12/2024,156.05,476.68
1/16/2024,155.06,474.93
1/17/2024,153.84,472.29
1/18/2024,154.63,476.49
1/19/2024,155.82,482.43
1/22/2024,156.64,483.45
1/23/2024,156.72,484.86
1/24/2024,155.91,485.39
1/25/2024,157.48,488.03
1/26/2024,157.5,487.41
1/29/2024,158.46,491.27
1/30/2024,158.49,490.89
1/31/2024,156.46,482.88
2/1/2024,158.28,489.2
2/2/2024,158.14,494.35
2/5/2024,156.78,492.55
2/6/2024,157.77,493.98
2/7/2024,158.39,498.1
2/8/2024,158.74,498.32
2/9/2024,158.93,501.2
2/12/2024,160.01,500.98
2/13/2024,157.35,494.08
2/14/2024,158.79,498.57
2/15/2024,160.76,502.01
2/16/2024,160.03,499.51
2/20/2024,159.66,496.76
2/21/2024,159.98,497.21
2/22/2024,161.57,507.5
2/23/2024,162,507.85
2/26/2024,161.35,505.99
2/27/2024,162.06,506.93
2/28/2024,162.12,506.26
2/29/2024,162.79,508.08
3/1/2024,163.93,512.85
3/4/2024,164.23,512.3
3/5/2024,163.48,507.18
3/6/2024,164.41,509.75
3/7/2024,165.7,514.81
3/8/2024,165.51,511.72
3/11/2024,165.72,511.28
3/12/2024,166.15,516.78
3/13/2024,166.23,515.97
3/14/2024,164.74,514.95
3/15/2024,164.42,509.83
3/18/2024,164.19,512.86
3/19/2024,165.17,515.71
3/20/2024,166.58,520.48
3/21/2024,167.72,522.2
3/22/2024,166.64,521.21
3/25/2024,166.28,519.77
3/26/2024,166.12,518.81
3/27/2024,168.78,523.17
3/28/2024,169.37,523.07
4/1/2024,168.37,522.16
4/2/2024,166.92,518.84
4/3/2024,167.1,519.41
4/4/2024,165.4,513.07
4/5/2024,166.39,518.43
4/8/2024,166.9,518.72
4/9/2024,167.56,519.32
4/10/2024,164.71,514.12
4/11/2024,164.59,518
4/12/2024,161.98,510.85
4/15/2024,160.58,504.45
4/16/2024,159.69,503.53
4/17/2024,159.36,500.55
4/18/2024,159.21,499.52
4/19/2024,159.81,495.16
4/22/2024,161.03,499.72
4/23/2024,162.46,505.65
4/24/2024,162.69,505.41
4/25/2024,162.35,503.49
4/26/2024,162.43,508.26
4/29/2024,163.56,510.06
4/30/2024,161.2,501.98
5/1/2024,160.65,500.35
5/2/2024,161.64,505.03
5/3/2024,162.79,511.29
5/6/2024,164.04,516.57
5/7/2024,164.5,517.14
5/8/2024,164.46,517.19
5/9/2024,165.84,520.17
5/10/2024,166.11,520.84
5/13/2024,166.07,520.91
5/14/2024,166.73,523.3
5/15/2024,168.06,529.78
5/16/2024,167.79,528.69
5/17/2024,168.04,529.45
5/20/2024,167.9,530.06
5/21/2024,167.83,531.36
5/22/2024,167.19,529.83
5/23/2024,164.85,525.96
5/24/2024,165.94,529.44
5/28/2024,164.79,529.81
5/29/2024,162.86,526.1
5/30/2024,163.61,522.61
5/31/2024,165.78,527.37
6/3/2024,164.9,527.8
6/4/2024,164.4,528.39
6/5/2024,165.4,534.67
6/6/2024,165.08,534.66
6/7/2024,164.56,534.01
6/10/2024,165,535.66
6/11/2024,164.32,536.95
6/12/2024,165.2,541.36
6/13/2024,164.73,542.45
6/14/2024,163.68,542.78
6/17/2024,164.87,547.1
6/18/2024,165.28,548.49
6/20/2024,165.38,547
6/21/2024,165.59,544.51
6/24/2024,165.72,542.74
6/25/2024,164.58,544.83
6/26/2024,163.96,545.51
6/27/2024,164.16,546.37
6/28/2024,164.28,544.22
7/1/2024,162.95,545.34
7/2/2024,163.68,549.01
7/3/2024,163.75,551.46
7/5/2024,163.68,554.64
7/8/2024,164,555.28
7/9/2024,163.72,555.82
7/10/2024,165.07,561.32
7/11/2024,167.06,556.48
7/12/2024,168.53,559.99
7/15/2024,168.72,561.53
7/16/2024,171.71,564.86
7/17/2024,171.01,556.94
7/18/2024,169.54,552.66
7/19/2024,168.4,548.99
7/22/2024,169.73,554.65
7/23/2024,169.13,553.78
7/24/2024,167.15,541.23
7/25/2024,167.35,538.41
7/26/2024,169.74,544.44
7/29/2024,169.97,544.76
7/30/2024,170.79,542
7/31/2024,171.6,550.81
8/1/2024,169.69,543.01
8/2/2024,166.77,532.9
8/5/2024,162.83,517.38
8/6/2024,164.5,522.15
8/7/2024,163.34,518.66
8/8/2024,166.3,530.65
8/9/2024,166.65,532.99
8/12/2024,165.85,533.27
8/13/2024,167.74,542.04
8/14/2024,168.09,543.75
8/15/2024,170.37,553.07
8/16/2024,170.78,554.31
8/19/2024,172.08,559.61
8/20/2024,171.4,558.7
8/21/2024,172.6,560.62
8/22/2024,172.11,556.22
8/23/2024,174.3,562.13
8/26/2024,174.27,560.79
8/27/2024,174.35,561.56
8/28/2024,173.87,558.3
8/29/2024,174.52,558.35
8/30/2024,175.87,563.68
9/3/2024,173.61,552.08
9/4/2024,173.36,550.95
9/5/2024,172.3,549.61
9/6/2024,170.45,540.36
9/9/2024,172.1,546.41
9/10/2024,172.2,548.79
9/11/2024,172.28,554.42
9/12/2024,173.35,559.09
9/13/2024,175.01,562.01
9/16/2024,176.28,562.84
9/17/2024,176.54,563.07
9/18/2024,176.21,561.4
9/19/2024,178.09,570.98
9/20/2024,177.44,568.25
9/23/2024,177.65,569.67
9/24/2024,177.91,571.3
9/25/2024,176.81,570.04
9/26/2024,178.29,572.3
9/27/2024,178.93,571.47
9/30/2024,179.16,573.76
10/1/2024,178.21,568.62
10/2/2024,178.02,568.86
10/3/2024,177.18,567.82
10/4/2024,178.57,572.98
10/7/2024,177.18,567.8
10/8/2024,177.6,573.17
10/9/2024,178.82,577.14
10/10/2024,178.15,576.13
10/11/2024,179.9,579.58
10/14/2024,181.22,584.32
10/15/2024,180.4,579.78
10/16/2024,181.62,582.3
10/17/2024,181.33,582.35
10/18/2024,181.87,584.59
10/21/2024,180.32,583.63
10/22/2024,179.51,583.32
10/23/2024,178.92,577.99
10/24/2024,178.96,579.24
10/25/2024,178.11,579.04
10/28/2024,179.12,580.83
10/29/2024,178.58,581.77
10/30/2024,178.19,580.01
10/31/2024,176.29,568.64
11/1/2024,176.4,571.04
11/4/2024,176.61,569.81
11/5/2024,178.67,576.7
11/6/2024,182.9,591.04
11/7/2024,183.08,595.61
11/8/2024,184.1,598.19
11/11/2024,185.02,598.76
11/12/2024,183.61,596.9
11/13/2024,183.71,597.19
11/14/2024,182.24,593.35
11/15/2024,180.94,585.75
11/18/2024,181.67,588.15
11/19/2024,181.18,590.3
11/20/2024,181.79,590.5
11/21/2024,184.08,593.67
11/22/2024,185.53,595.51
11/25/2024,187.21,597.53
11/26/2024,187.23,600.65
11/27/2024,187.05,598.83
11/29/2024,187.62,602.55
12/2/2024,187.15,603.63
12/3/2024,186.32,603.91
12/4/2024,186.33,607.66
12/5/2024,185.4,606.66
12/6/2024,185.19,607.81
12/9/2024,184.43,604.68
12/10/2024,183.3,602.8
12/11/2024,183.47,607.46
12/12/2024,182.8,604.33
12/13/2024,182.16,604.21
12/16/2024,181.56,606.79
12/17/2024,180.13,604.29
12/18/2024,174.8,586.28
12/19/2024,174.22,586.1
12/20/2024,176.66,591.15
12/23/2024,176.28,594.69
12/24/2024,177.61,601.3
12/26/2024,177.9,601.34
12/27/2024,176.69,595.01
12/30/2024,174.91,588.22
12/31/2024,175.23,586.08
1/2/2025,174.72,584.64
1/3/2025,176.32,591.95
1/6/2025,176.2,595.36
1/7/2025,175.61,588.63
1/8/2025,175.82,589.49
1/10/2025,173.25,580.49
1/13/2025,174.67,581.39
1/14/2025,176.08,582.19
1/15/2025,177.77,592.78
1/16/2025,179.17,591.64
1/17/2025,180.04,597.58
1/21/2025,182.13,603.05
1/22/2025,181.49,606.44
1/23/2025,182.35,609.75
1/24/2025,182.19,607.97
1/27/2025,182.31,599.37
1/28/2025,181.41,604.52
1/29/2025,180.81,601.81
1/30/2025,182.74,605.04
1/31/2025,181.24,601.82
2/3/2025,180.25,597.77
2/4/2025,180.47,601.78
2/5/2025,181.35,604.22
2/6/2025,181.11,606.32
2/7/2025,180.22,600.77
2/10/2025,180.73,604.85
2/11/2025,180.75,605.31
2/12/2025,179.7,603.36
2/13/2025,181.26,609.73
2/14/2025,181.08,609.7
2/18/2025,182.47,611.49
2/19/2025,182.84,612.93
2/20/2025,182.38,610.38
2/21/2025,179.82,599.94
2/24/2025,179.97,597.21
2/25/2025,180.15,594.24
2/26/2025,179.77,594.54
2/27/2025,178.2,585.05
2/28/2025,180.18,594.18
3/3/2025,178.26,583.77
3/4/2025,175.38,576.86
3/5/2025,177.01,583.06
3/6/2025,175.05,572.71
3/7/2025,176.69,575.92
3/10/2025,174.2,560.58
3/11/2025,171.88,555.92
3/12/2025,171.07,558.87
3/13/2025,169.43,551.42
3/14/2025,172.66,562.81
3/17/2025,174.99,567.15
3/18/2025,174.08,561.02
3/19/2025,175.37,567.13
3/20/2025,174.64,565.49
3/21/2025,173.84,563.98
3/24/2025,175.69,574.08
3/25/2025,175.27,575.46
3/26/2025,174.94,568.59
3/27/2025,174.49,567.08
3/28/2025,171.8,555.66
3/31/2025,173.23,559.39
4/1/2025,173.41,560.97
4/2/2025,174.86,564.52
4/3/2025,166.53,536.7
4/4/2025,157.18,505.28
4/7/2025,155.87,504.38
4/8/2025,152.93,496.48
4/9/2025,165.16,548.62
4/10/2025,159.6,524.58
4/11/2025,162.02,533.94
4/14/2025,164.09,539.12
4/15/2025,163.56,537.61
4/16/2025,161.46,525.66
4/17/2025,162.66,526.41
4/21/2025,159.39,513.88
4/22/2025,163.32,527.25
4/23/2025,164.9,535.42
4/24/2025,167.69,546.69
4/25/2025,167.45,550.64
4/28/2025,167.92,550.85
4/29/2025,168.9,554.32
4/30/2025,169.14,554.54
5/1/2025,168.91,558.47
5/2/2025,171.89,566.76
5/5/2025,171.32,563.51
5/6/2025,170.05,558.8
5/7/2025,171.17,561.15
5/8/2025,172.61,565.06
5/9/2025,172.57,564.34
5/12/2025,177.3,582.99
5/13/2025,177.7,586.84
5/14/2025,176.63,587.59
5/15/2025,178.24,590.46
5/16/2025,179.99,594.2
5/19/2025,179.97,594.85
5/20/2025,179.5,592.85
5/21/2025,175.59,582.86
5/22/2025,175.03,583.09
5/23/2025,174.33,579.11
5/27/2025,177.58,591.15
5/28/2025,176.07,587.73
5/29/2025,176.5,590.05
5/30/2025,176.43,589.39
6/2/2025,176.57,592.71
6/3/2025,178.04,596.09
6/4/2025,177.64,595.93
6/5/2025,177.16,593.05
6/6/2025,178.69,599.14
6/9/2025,178.72,599.68
6/10/2025,179.61,603.08
6/11/2025,179.1,601.36
6/12/2025,179.52,603.75
6/13/2025,177.35,597
6/16/2025,179.06,602.68
6/17/2025,177.34,597.53
6/18/2025,177.36,597.44
6/20/2025,177.65,594.28
6/23/2025,178.49,600.15
6/24/2025,180.18,606.78
6/25/2025,178.88,607.12
6/26/2025,180.23,611.87
6/27/2025,180.89,614.91
6/30/2025,181.74,617.85
7/1/2025,183.87,617.65
7/2/2025,184.29,620.45
7/3/2025,185.18,625.34
7/7/2025,183.7,620.68
7/8/2025,184.16,620.34
7/9/2025,184.71,624.06
7/10/2025,185.78,625.82
7/11/2025,184.42,623.62
7/14/2025,184.61,624.81
7/15/2025,182.05,622.14
7/16/2025,182.76,624.22
7/17/2025,184.25,628.04
7/18/2025,184.18,627.58
7/21/2025,183.55,628.77
7/22/2025,185.89,628.86
7/23/2025,187.43,634.21
7/24/2025,186.83,634.42
7/25/2025,187.73,637.1
7/28/2025,186.62,636.94
7/29/2025,186.53,635.26
7/30/2025,185.32,634.46
7/31/2025,183.63,632.08
8/1/2025,181.56,621.72
8/4/2025,183.78,631.17
8/5/2025,183.27,627.97
8/6/2025,182.86,632.78
8/7/2025,182.75,632.25
8/8/2025,183.08,637.18
8/11/2025,182.58,635.92
8/12/2025,184.9,642.69
8/13/2025,187.54,644.89
8/14/2025,186.32,644.95
8/15/2025,185.86,643.44
8/18/2025,185.82,643.3
8/19/2025,186.69,639.81
8/20/2025,186.52,638.11
8/21/2025,185.87,635.55
8/22/2025,189.49,645.31
8/25/2025,188.04,642.47
8/26/2025,188.17,645.16
8/27/2025,188.85,646.63
8/28/2025,188.76,648.92
8/29/2025,188.62,645.05
9/2/2025,187.13,640.27
9/3/2025,186.84,643.74
9/4/2025,188.22,649.12
9/5/2025,188.44,647.24
9/8/2025,188.29,648.83
9/9/2025,187.71,650.33
9/10/2025,187.52,652.21
9/11/2025,190.33,657.63
9/12/2025,188.96,657.41
9/15/2025,188.63,660.91
9/16/2025,188.13,660
9/17/2025,188.31,659.18
9/18/2025,189.54,662.26
9/19/2025,189.21,663.7
9/22/2025,188.48,666.84
9/23/2025,188.71,663.21
9/24/2025,188.27,661.1
9/25/2025,186.72,658.05
9/26/2025,188.57,661.82
9/29/2025,189.2,663.68
9/30/2025,189.7,666.18
10/1/2025,190.13,668.45
10/2/2025,190.58,669.22
10/3/2025,191.25,669.21
10/6/2025,191.19,671.61
10/7/2025,190.35,669.12
10/8/2025,190.97,673.11
10/9/2025,189.39,671.16
10/10/2025,185.12,653.02
10/13/2025,186.92,663.04
10/14/2025,188.47,662.23
10/15/2025,188.85,665.17
10/16/2025,187.06,660.64
10/17/2025,188.01,664.39
10/20/2025,189.89,671.3
10/21/2025,190.76,671.29
10/22/2025,189.84,667.8
10/23/2025,190.74,671.76
10/24/2025,191.26,677.25
10/27/2025,192.11,685.24
10/28/2025,190.46,687.06
10/29/2025,188.33,687.39
10/30/2025,187.52,679.83
10/31/2025,187.93,682.06
11/3/2025,187.47,683.34
11/4/2025,186.23,675.24
11/5/2025,187.32,677.58
11/6/2025,186,670.31
11/7/2025,187.56,670.97
11/10/2025,188.64,681.44
11/11/2025,189.73,683
11/12/2025,190.18,683.38
11/13/2025,188.03,672.04
11/14/2025,187.34,671.93
11/17/2025,184.88,665.67
11/18/2025,184.99,660.08
11/19/2025,184.43,662.63
11/20/2025,182.18,652.53
11/21/2025,185.76,659.03
11/24/2025,186.53,668.73
11/25/2025,189.18,675.02
11/26/2025,190.5,679.68
11/28/2025,191.53,683.39
12/1/2025,190.22,680.27
12/2/2025,190.04,681.53
12/3/2025,191.49,683.89
12/4/2025,191.55,684.39
12/5/2025,192,685.69
12/8/2025,190.85,683.63
12/9/2025,190.49,683.04
12/10/2025,193.17,687.57
12/11/2025,194.73,689.17
12/12/2025,193.41,681.76
12/15/2025,193.65,680.73
12/16/2025,192.29,678.87
12/17/2025,191.77,671.4
12/18/2025,192.18,676.47
12/19/2025,192.88,680.59
12/22/2025,193.54,684.83
12/23/2025,193.09,687.96
12/24/2025,193.79,690.38
12/26/2025,193.84,690.31
12/29/2025,193.52,687.85
12/30/2025,193.21,687.01
12/31/2025,191.56,681.92
1/2/2026,192.86,683.17
1/5/2026,194.65,687.72
1/6/2026,197,691.81
1/7/2026,194.79,689.58
1/8/2026,196.46,689.51
1/9/2026,197.6,694.07
1/12/2026,197.78,695.16
1/13/2026,197.78,693.77
1/14/2026,198.68,690.36
1/15/2026,199.56,692.24
1/16/2026,199.05,691.66
1/20/2026,196.08,677.58
1/21/2026,199.4,685.4
1/22/2026,199.66,688.98
1/23/2026,198.77,689.23
1/26/2026,199.24,692.73
1/27/2026,198.93,695.49
1/28/2026,198.26,695.42
1/29/2026,198.52,694.04
1/30/2026,198.08,691.97
2/2/2026,199.1,695.41
2/3/2026,198.57,689.53
2/4/2026,200.3,686.19
2/5/2026,198.56,677.62
2/6/2026,202.26,690.62
2/9/2026,202.38,693.95
2/10/2026,203.1,692.12
2/11/2026,203.46,691.96
2/12/2026,200.79,681.27
2/13/2026,202.87,681.75
2/17/2026,202.52,682.85
2/18/2026,203.57,686.29
2/19/2026,203.14,684.48
2/20/2026,204.09,689.43
2/23/2026,201.85,682.39
2/24/2026,203.46,687.35
2/25/2026,203.58,693.15
2/26/2026,204.73,689.3
2/27/2026,204.97,685.99
3/2/2026,204.59,686.38
3/3/2026,202.08,680.33
3/4/2026,202.89,685.13
3/5/2026,200.54,681.31
3/6/2026,198.15,672.38
3/9/2026,198.71,678.27
3/10/2026,197.22,677.18
3/11/2026,196.57,676.33
3/12/2026,193.53,666.06
3/13/2026,193.52,662.29
3/16/2026,194.96,669.03
3/17/2026,196.05,670.79
3/18/2026,193.47,661.43
3/19/2026,193.32,659.8
3/20/2026,190.48,648.57
3/23/2026,191.69,655.38
3/24/2026,191.92,653.18
3/25/2026,192.85,656.82
3/26/2026,191.08,645.09
3/27/2026,188.46,634.09
3/30/2026,188.07,631.97
3/31/2026,191.92,650.34
4/1/2026,192.54,655.24
4/2/2026,193.09,655.83
4/6/2026,193.92,658.93
4/7/2026,193.49,659.22
4/8/2026,197.96,676.01
4/9/2026,198.08,679.91
4/10/2026,196.65,679.46
4/13/2026,198.83,686.1
4/14/2026,199.66,694.46
4/15/2026,199.73,699.94
4/16/2026,200.64,701.66
4/17/2026,203.16,710.14
4/20/2026,203.8,708.72
4/21/2026,202.55,704.08
4/22/2026,202.46,711.21
4/23/2026,202.45,708.45
4/24/2026,202.03,713.94
4/27/2026,201.79,715.17
4/28/2026,200.76,711.69
4/29/2026,200.41,711.58
4/30/2026,203.44,718.66
5/1/2026,202.82,720.65
5/4/2026,201.64,718.01
5/5/2026,203.24,723.77
5/6/2026,204.85,733.83
5/7/2026,203.54,731.58
5/8/2026,204.1,737.62
5/11/2026,203.99,739.3
5/12/2026,203.81,738.18
5/13/2026,202.92,742.31
5/14/2026,203.66,748.17
5/15/2026,201.56,739.17
5/18/2026,202.8,738.65
5/19/2026,201.62,733.73
5/20/2026,203.83,741.25
5/21/2026,204.71,742.72
5/22/2026,206.58,745.64
5/26/2026,207.64,750.59
5/27/2026,207.49,750.46
5/28/2026,208.25,754.6
5/29/2026,208.83,756.48
6/1/2026,209.21,758.54
6/2/2026,210.04,759.57
6/3/2026,209.25,754.24
6/4/2026,210.83,757.09
6/5/2026,207.83,737.55
6/8/2026,207.61,739.22
6/9/2026,209.19,737.05
6/10/2026,206.53,725.43
6/11/2026,209.75,737.76
6/12/2026,211.65,741.75
6/15/2026,212.88,754.83
6/16/2026,212.17,750.33
6/17/2026,208.99,740.96
6/18/2026,209.96,746.74
6/22/2026,209.61,744.39
6/23/2026,208.89,733.58
6/24/2026,210.38,733.24
6/25/2026,211.75,734.3
6/26/2026,210.31,728.99
6/29/2026,213.05,741
6/30/2026,212.77,746.77
7/1/2026,213.41,745.76
7/2/2026,214.91,744.78
7/6/2026,215,751.28
7/7/2026,214.73,747.71
7/8/2026,212.2,745.4
7/9/2026,213.5,751.71
7/10/2026,214.3,754.95
7/13/2026,214.23,749.17
7/14/2026,213.45,751.83
7/15/2026,212.97,754.81
7/16/2026,215.06,750.72
7/17/2026,213.37,743.29
7/20/2026,212.42,742.09
7/21/2026,212.76,748.28
7/22/2026,212.7,747.41
7/23/2026,211.92,738.18
7/24/2026,213.57,738.93
7/27/2026,215.18,739.09
7/28/2026,217.69,740.86
7/29/2026,215.73,729.46
7/30/2026,215.38,741.69
7/31/2026,215.01,747.03
8/3/2026,217.11,757.67
8/4/2026,220.23,771.33
8/5/2026,219.73,769.79
8/6/2026,218.58,768.56
8/7/2026,220.09,773.26
