CWB_price,ICVT_price,CWB_price_chg,ICVT_price_chg,ICVT/CWB,ICVT/ICVT,ICVT/CWB_moving_avg,ICVT/ICVT_moving_avg,ICVT/CWB_prev_moving_avg,ICVT/ICVT_prev_moving_avg,CWB_scaled_price,ICVT_scaled_price,CWB_scaled_comm,ICVT_scaled_comm,CWB_scaled_price_minus_comm,ICVT_scaled_price_minus_comm,CWB_scaled_price_plus_comm,ICVT_scaled_price_plus_comm,min_price_plus_comm,max_price_minus_comm,tgt_max-min,tgt_pct_diff,tgt_min_price_etf,tgt_max_price_etf,date,ex_div_date,CWB_shs_per_unit,ICVT_shs_per_unit,CWB_current_shs,ICVT_current_shs,current_long_etf,current_short_etf,current_max-min,current_pct_diff,current_position,open_trade,exit_trade,flatten_for_div,tgt_position,tgt_long_etf,tgt_short_etf,CWB_tgt_shs,ICVT_tgt_shs,CWB_tgt_inv_amt,ICVT_tgt_inv_amt,gross_inv_amt,net_inv_amt,CWB_shs_to_trade,ICVT_shs_to_trade,CWB_shs_to_buy,ICVT_shs_to_buy,CWB_shs_to_sell,ICVT_shs_to_sell,CWB_daily_comm,ICVT_daily_comm,daily_comm,CWB_daily_profit,ICVT_daily_profit,daily_gross_profit,daily_net_profit,cumulative_net_profit
90.55,100.03,,,1.1046935394809498,1.0,,,,,,,,,,,,,,,,,,,2026-01-02,False,,,,,,,,,,False,False,False,,,,,,,,,,,,,,,,,,,,,,,
91.53,100.93,0.980000000000004,0.9000000000000057,1.102698568775265,1.0,,,,,,,,,,,,,,,,,,,2026-01-05,False,,,,,,,,,,False,False,False,,,,,,,,,,,,,,,,,,,,,,,
92.69,102.18,1.1599999999999966,1.25,1.1023842917251052,1.0,,,,,,,,,,,,,,,,,,,2026-01-06,False,,,,,,,,,,False,False,False,,,,,,,,,,,,,,,,,,,,,,,
92.1,101.62,-0.5900000000000034,-0.5600000000000023,1.1033659066232357,1.0,,,,,,,,,,,,,,,,,,,2026-01-07,False,,,,,,,,,,False,False,False,,,,,,,,,,,,,,,,,,,,,,,
91.83,101.2,-0.269999999999996,-0.4200000000000017,1.1020363715561363,1.0,,,,,,,,,,,,,,,,,,,2026-01-08,False,,,,,,,,,,False,False,False,,,,,,,,,,,,,,,,,,,,,,,
92.3,101.65,0.46999999999999886,0.45000000000000284,1.101300108342362,1.0,,,,,,,,,,,,,,,,,,,2026-01-09,False,,,,,,,,,,False,False,False,,,,,,,,,,,,,,,,,,,,,,,
93.13,102.63,0.8299999999999983,0.9799999999999898,1.1020079458821004,1.0,,,,,,,,,,,,,,,,,,,2026-01-12,False,,,,,,,,,,False,False,False,,,,,,,,,,,,,,,,,,,,,,,
93.34,102.88,0.21000000000000796,0.25,1.1022069852153418,1.0,,,,,,,,,,,,,,,,,,,2026-01-13,False,,,,,,,,,,False,False,False,,,,,,,,,,,,,,,,,,,,,,,
93.42,102.73,0.0799999999999983,-0.14999999999999147,1.0996574609291372,1.0,,,,,,,,,,,,,,,,,,,2026-01-14,False,,,,,,,,,,False,False,False,,,,,,,,,,,,,,,,,,,,,,,
93.62,103.12,0.20000000000000284,0.39000000000000057,1.1014740440076907,1.0,,,,,,,,,,,,,,,,,,,2026-01-15,False,,,,,,,,,,False,False,False,,,,,,,,,,,,,,,,,,,,,,,
93.89,103.52,0.269999999999996,0.3999999999999915,1.1025668335285972,1.0,,,,,,,,,,,,,,,,,,,2026-01-16,False,,,,,,,,,,False,False,False,,,,,,,,,,,,,,,,,,,,,,,
93.11,102.81,-0.7800000000000011,-0.7099999999999937,1.1041778541510041,1.0,,,,,,,,,,,,,,,,,,,2026-01-20,False,,,,,,,,,,False,False,False,,,,,,,,,,,,,,,,,,,,,,,
93.84,103.55,0.730000000000004,0.7399999999999949,1.1034739982949702,1.0,,,,,,,,,,,,,,,,,,,2026-01-21,False,,,,,,,,,,False,False,False,,,,,,,,,,,,,,,,,,,,,,,
94.22,103.93,0.37999999999999545,0.38000000000000966,1.103056675864997,1.0,,,,,,,,,,,,,,,,,,,2026-01-22,False,,,,,,,,,,False,False,False,,,,,,,,,,,,,,,,,,,,,,,
93.89,103.78,-0.3299999999999983,-0.15000000000000568,1.1053360315262541,1.0,,,,,,,,,,,,,,,,,,,2026-01-23,False,,,,,,,,,,False,False,False,,,,,,,,,,,,,,,,,,,,,,,
93.7,103.64,-0.18999999999999773,-0.14000000000000057,1.1060832443970117,1.0,,,,,,,,,,,,,,,,,,,2026-01-26,False,,,,,,,,,,False,False,False,,,,,,,,,,,,,,,,,,,,,,,
94.91,105.0,1.2099999999999937,1.3599999999999994,1.1063112422294805,1.0,,,,,,,,,,,,,,,,,,,2026-01-27,False,,,,,,,,,,False,False,False,,,,,,,,,,,,,,,,,,,,,,,
95.73,105.91,0.8200000000000074,0.9099999999999966,1.106340750026115,1.0,,,,,,,,,,,,,,,,,,,2026-01-28,False,,,,,,,,,,False,False,False,,,,,,,,,,,,,,,,,,,,,,,
94.82,105.08,-0.9100000000000108,-0.8299999999999983,1.1082050200379667,1.0,,,,,,,,,,,,,,,,,,,2026-01-29,False,,,,,,,,,,False,False,False,,,,,,,,,,,,,,,,,,,,,,,
93.4,103.52,-1.4199999999999875,-1.5600000000000023,1.1083511777301926,1.0,1.1037864025161956,1.0,,,,,,,,,,,,,,,,,2026-01-30,False,,,,,,,,,,False,False,False,0.0,,,0.0,0.0,,,,,,,,,,,,,,,,,,
93.82,103.98,0.4199999999999875,0.46000000000000796,1.108292474952036,1.0,1.10396634928975,1.0,1.1037864025161956,1.0,103.55724028406947,103.98,0.005518932012580979,0.005,103.55172135205689,103.97500000000001,103.56275921608204,103.985,103.56275921608204,103.97500000000001,0.4122407839179658,0.003964616117695382,CWB,ICVT,2026-02-02,True,1062.0,962.0,0.0,0.0,,,0.0,0.0,0.0,True,False,False,1.0,CWB,ICVT,1062.0,-962.0,0.0,0.0,,,1062.0,-962.0,1062.0,0.0,-0.0,962.0,-5.3100000000000005,-4.8100000000000005,-10.120000000000001,0.0,0.0,0.0,-10.120000000000001,-10.120000000000001
93.85,104.31,0.030000000000001137,0.3299999999999983,1.1114544485881728,1.0,1.1044041432803953,1.0,1.10396634928975,1.0,103.60724188084303,104.31,0.00551983174644875,0.005,103.60172204909658,104.305,103.61276171258949,104.315,103.61276171258949,104.305,0.6922382874105182,0.006636355933376649,CWB,ICVT,2026-02-03,False,1059.0,959.0,1062.0,-962.0,CWB,ICVT,0.6922382874105182,0.006636355933376649,1.0,True,False,True,0.0,,,0.0,0.0,99636.84,-100028.76000000001,199665.6,-391.9200000000128,-1062.0,962.0,0.0,962.0,1062.0,-0.0,-5.3100000000000005,-4.8100000000000005,-10.120000000000001,31.860000000001207,-317.45999999999833,-285.5999999999971,-295.7199999999971,-305.83999999999713
92.81,102.8,-1.039999999999992,-1.5100000000000051,1.1076392630104515,1.0,1.1046668918446625,1.0,1.1044041432803953,1.0,102.49974853785349,102.8,0.005522020716401977,0.005,102.4942265171371,102.795,102.50527055856989,102.80499999999999,102.50527055856989,102.795,0.2897294414301115,0.0028183797804485554,CWB,ICVT,2026-02-04,False,1075.0,973.0,0.0,0.0,,,0.0,0.0,0.0,False,False,False,-0.0,,,0.0,0.0,0.0,0.0,0.0,0.0,0.0,0.0,0.0,0.0,-0.0,-0.0,-0.0,-0.0,0.0,-0.0,-0.0,0.0,0.0,-305.83999999999713
91.26,101.29,-1.5499999999999972,-1.509999999999991,1.1099057637519176,1.0,1.1049938847010967,1.0,1.1046668918446625,1.0,100.81190054974391,101.29,0.0055233344592233126,0.005,100.80637721528468,101.28500000000001,100.81742388420314,101.295,100.81742388420314,101.28500000000001,0.46757611579687364,0.004616212022873665,CWB,ICVT,2026-02-05,False,1090.0,987.0,0.0,0.0,,,0.0,0.0,-0.0,True,False,False,1.0,CWB,ICVT,1090.0,-987.0,0.0,0.0,0.0,0.0,1090.0,-987.0,1090.0,0.0,-0.0,987.0,-5.45,-4.9350000000000005,-10.385000000000002,-0.0,-0.0,0.0,-10.385000000000002,-316.2249999999971
93.95,104.41,2.6899999999999977,3.1199999999999903,1.1113358169238956,1.0,1.1054588569694848,1.0,1.1049938847010967,1.0,103.81417546766804,104.41,0.0055249694235054835,0.005,103.80865049824453,104.405,103.81970043709154,104.41499999999999,103.81970043709154,104.405,0.5852995629084603,0.005605780700205539,CWB,ICVT,2026-02-06,False,1059.0,958.0,1090.0,-987.0,CWB,ICVT,0.5852995629084603,0.005605780700205539,1.0,True,False,False,1.0,CWB,ICVT,1059.0,-958.0,99473.40000000001,-99973.23000000001,199446.63,-499.83000000000175,-31.0,29.0,0.0,29.0,31.0,-0.0,-0.155,-0.145,-0.3,2932.0999999999976,-3079.4399999999905,-147.33999999999287,-147.63999999999288,-463.86499999999
95.02,105.17,1.0699999999999932,0.7600000000000051,1.106819616922753,1.0,1.1057348323985043,1.0,1.1054588569694848,1.0,105.04070058924044,105.17,0.005527294284847424,0.005,105.0351732949556,105.165,105.04622788352529,105.175,105.04622788352529,105.165,0.11877211647471597,0.0011293345676021296,CWB,ICVT,2026-02-09,False,1051.0,951.0,1059.0,-958.0,CWB,ICVT,0.11877211647471597,0.0011293345676021296,1.0,False,True,False,0.0,,,0.0,0.0,99493.05,-100024.78,199517.83000000002,-531.7299999999959,-1059.0,958.0,0.0,958.0,1059.0,-0.0,-5.295,-4.79,-10.085,1133.1299999999928,-728.0800000000049,405.0499999999879,394.9649999999879,-68.90000000000208
94.59,104.68,-0.4299999999999926,-0.4899999999999949,1.106670895443493,1.0,1.1059679798765738,1.0,1.1057348323985043,1.0,104.59145779657453,104.68,0.005528674161992522,0.005,104.58592912241254,104.67500000000001,104.59698647073652,104.685,104.59698647073652,104.67500000000001,0.0780135292634867,0.0007452572531857728,CWB,ICVT,2026-02-10,False,1056.0,955.0,0.0,0.0,,,0.0,0.0,0.0,False,True,False,0.0,,,0.0,0.0,0.0,0.0,0.0,0.0,0.0,0.0,0.0,0.0,-0.0,-0.0,-0.0,-0.0,0.0,-0.0,-0.0,0.0,0.0,-68.90000000000208
94.5,104.4,-0.09000000000000341,-0.28000000000000114,1.1047619047619048,1.0,1.1060957258539021,1.0,1.1059679798765738,1.0,104.51397409833622,104.4,0.005529839899382869,0.005,104.50844425843684,104.39500000000001,104.5195039382356,104.405,104.405,104.50844425843684,0.1034442584368378,0.0009908453873260325,ICVT,CWB,2026-02-11,False,1060.0,958.0,0.0,0.0,,,0.0,0.0,0.0,False,True,False,0.0,,,0.0,0.0,0.0,0.0,0.0,0.0,0.0,0.0,0.0,0.0,-0.0,-0.0,-0.0,-0.0,0.0,-0.0,-0.0,0.0,0.0,-68.90000000000208
93.91,103.84,-0.5900000000000034,-0.5600000000000023,1.1057395378553936,1.0,1.1063998297002149,1.0,1.1060957258539021,1.0,103.87344961493994,103.84,0.005530478629269511,0.005,103.86791913631068,103.83500000000001,103.87898009356921,103.845,103.845,103.86791913631068,0.022919136310676436,0.00022071587356198416,ICVT,CWB,2026-02-12,False,1065.0,963.0,0.0,0.0,,,0.0,0.0,0.0,False,True,False,0.0,,,0.0,0.0,0.0,0.0,0.0,0.0,0.0,0.0,0.0,0.0,-0.0,-0.0,-0.0,-0.0,0.0,-0.0,-0.0,0.0,0.0,-68.90000000000208
94.51,104.73,0.6000000000000085,0.8900000000000006,1.1081367051105704,1.0,1.1067329627553588,1.0,1.1063998297002149,1.0,104.56584790496731,104.73,0.005531999148501074,0.005,104.56031590581881,104.72500000000001,104.57137990411582,104.735,104.57137990411582,104.72500000000001,0.15362009588419312,0.0014668203560029896,CWB,ICVT,2026-02-13,False,1057.0,955.0,0.0,0.0,,,0.0,0.0,0.0,False,True,False,0.0,,,0.0,0.0,0.0,0.0,0.0,0.0,0.0,0.0,0.0,0.0,-0.0,-0.0,-0.0,-0.0,0.0,0.0,0.0,0.0,0.0,-68.90000000000208
94.78,104.81,0.269999999999996,0.0799999999999983,1.1058240135049588,1.0,1.106895821754177,1.0,1.1067329627553588,1.0,104.8961502099529,104.81,0.005533664813776794,0.005,104.89061654513912,104.805,104.90168387476669,104.815,104.815,104.89061654513912,0.07561654513912686,0.000721463077369782,ICVT,CWB,2026-02-17,False,1056.0,954.0,0.0,0.0,,,0.0,0.0,0.0,False,True,False,0.0,,,0.0,0.0,0.0,0.0,0.0,0.0,0.0,0.0,0.0,0.0,-0.0,-0.0,-0.0,-0.0,0.0,0.0,0.0,0.0,0.0,-68.90000000000208
94.91,105.1,0.12999999999999545,0.28999999999999204,1.1073648719839848,1.0,1.107055172645826,1.0,1.106895821754177,1.0,105.05548244268893,105.1,0.005534479108770885,0.005,105.04994796358015,105.095,105.0610169217977,105.10499999999999,105.0610169217977,105.095,0.03398307820229718,0.0003233404205737125,CWB,ICVT,2026-02-18,False,1053.0,951.0,0.0,0.0,,,0.0,0.0,0.0,False,True,False,0.0,,,0.0,0.0,0.0,0.0,0.0,0.0,0.0,0.0,0.0,0.0,-0.0,-0.0,-0.0,-0.0,0.0,0.0,0.0,0.0,0.0,-68.90000000000208
94.98,105.26,0.07000000000000739,0.1600000000000108,1.1082333122762686,1.0,1.107293138344891,1.0,1.107055172645826,1.0,105.14810029790056,105.26,0.00553527586322913,0.005,105.14256502203733,105.25500000000001,105.15363557376378,105.265,105.15363557376378,105.25500000000001,0.10136442623623054,0.0009629909389723593,CWB,ICVT,2026-02-19,False,1052.0,950.0,0.0,0.0,,,0.0,0.0,0.0,False,True,False,0.0,,,0.0,0.0,0.0,0.0,0.0,0.0,0.0,0.0,0.0,0.0,-0.0,-0.0,-0.0,-0.0,0.0,0.0,0.0,0.0,0.0,-68.90000000000208
94.64,105.05,-0.3400000000000034,-0.21000000000000796,1.1099957734573118,1.0,1.1076400932245067,1.0,1.107293138344891,1.0,104.79422261296048,105.05,0.005536465691724455,0.005,104.78868614726876,105.045,104.7997590786522,105.05499999999999,104.7997590786522,105.045,0.24524092134780062,0.0023345161480038137,CWB,ICVT,2026-02-20,False,1054.0,952.0,0.0,0.0,,,0.0,0.0,0.0,False,False,False,-0.0,,,0.0,0.0,0.0,0.0,0.0,0.0,0.0,0.0,0.0,0.0,-0.0,-0.0,-0.0,-0.0,0.0,-0.0,-0.0,0.0,0.0,-68.90000000000208
94.13,104.37,-0.5100000000000051,-0.6799999999999926,1.108785721874004,1.0,1.1078125777418941,1.0,1.1076400932245067,1.0,104.26216197522281,104.37,0.005538200466122534,0.005,104.25662377475669,104.36500000000001,104.26770017568893,104.375,104.26770017568893,104.36500000000001,0.09729982431107942,0.0009322585447070941,CWB,ICVT,2026-02-23,False,1061.0,958.0,0.0,0.0,,,0.0,0.0,-0.0,False,True,False,0.0,,,0.0,0.0,0.0,0.0,0.0,0.0,0.0,0.0,0.0,0.0,-0.0,-0.0,-0.0,-0.0,0.0,-0.0,-0.0,0.0,0.0,-68.90000000000208
94.91,104.9,0.7800000000000011,0.5300000000000011,1.1052576124749764,1.0,1.1077712961457924,1.0,1.1078125777418941,1.0,105.14249175348317,104.9,0.005539062888709471,0.005,105.13695269059446,104.89500000000001,105.14803081637189,104.905,104.905,105.13695269059446,0.23195269059445422,0.002211179128641127,ICVT,CWB,2026-02-24,False,1056.0,953.0,0.0,0.0,,,0.0,0.0,0.0,False,False,False,-0.0,,,0.0,0.0,0.0,0.0,0.0,0.0,0.0,0.0,0.0,0.0,-0.0,-0.0,-0.0,-0.0,0.0,0.0,0.0,0.0,0.0,-68.90000000000208
95.62,105.69,0.710000000000008,0.789999999999992,1.1053126960886843,1.0,1.1077213688387526,1.0,1.1077712961457924,1.0,105.92509133746067,105.69,0.005538856480728962,0.005,105.91955248097995,105.685,105.9306301939414,105.695,105.695,105.91955248097995,0.22455248097995195,0.002124633181757517,ICVT,CWB,2026-02-25,False,1048.0,946.0,0.0,0.0,,,0.0,0.0,-0.0,False,False,False,0.0,,,0.0,0.0,0.0,0.0,0.0,0.0,0.0,0.0,0.0,0.0,-0.0,-0.0,-0.0,-0.0,0.0,0.0,0.0,0.0,0.0,-68.90000000000208
95.07,105.39,-0.5500000000000114,-0.29999999999999716,1.1085515935626382,1.0,1.1078319110155788,1.0,1.1077213688387526,1.0,105.3110705355002,105.39,0.005538606844193763,0.005,105.30553192865601,105.385,105.3166091423444,105.395,105.3166091423444,105.385,0.06839085765560071,0.0006489311856494991,CWB,ICVT,2026-02-26,False,1051.0,949.0,0.0,0.0,,,0.0,0.0,0.0,False,True,False,0.0,,,0.0,0.0,0.0,0.0,0.0,0.0,0.0,0.0,0.0,0.0,-0.0,-0.0,-0.0,-0.0,0.0,-0.0,-0.0,0.0,0.0,-68.90000000000208
94.38,104.78,-0.6899999999999977,-0.6099999999999994,1.1101928374655647,1.0,1.1079313018869585,1.0,1.1078319110155788,1.0,104.55717576165031,104.78,0.005539159555077894,0.005,104.55163660209523,104.775,104.5627149212054,104.785,104.5627149212054,104.775,0.21228507879460778,0.0020260076235408264,CWB,ICVT,2026-02-27,False,1057.0,954.0,0.0,0.0,,,0.0,0.0,0.0,False,False,False,-0.0,,,0.0,0.0,0.0,0.0,0.0,0.0,0.0,0.0,0.0,0.0,-0.0,-0.0,-0.0,-0.0,0.0,-0.0,-0.0,0.0,0.0,-68.90000000000208
94.74,105.61,0.35999999999999943,0.8299999999999983,1.1147350643867426,1.0,1.108250496219786,1.0,1.1079313018869585,1.0,104.96541154077045,105.61,0.0055396565094347925,0.005,104.959871884261,105.605,104.97095119727989,105.615,104.97095119727989,105.605,0.6340488027201161,0.0060036814953140435,CWB,ICVT,2026-03-02,True,1049.0,947.0,0.0,0.0,,,0.0,0.0,-0.0,True,False,False,1.0,CWB,ICVT,1049.0,-947.0,0.0,0.0,0.0,0.0,1049.0,-947.0,1049.0,0.0,-0.0,947.0,-5.245,-4.735,-9.98,0.0,0.0,0.0,-9.98,-78.88000000000208
93.08,103.31,-1.6599999999999966,-2.299999999999997,1.109905457670821,1.0,1.1083311453557254,1.0,1.108250496219786,1.0,103.1559561881377,103.31,0.005541252481098931,0.005,103.1504149356566,103.305,103.16149744061879,103.315,103.16149744061879,103.305,0.14350255938121848,0.0013890481016476475,CWB,ICVT,2026-03-03,False,1073.0,968.0,1049.0,-947.0,CWB,ICVT,0.14350255938121848,0.0013890481016476475,1.0,False,True,True,0.0,,,0.0,0.0,99382.26,-100012.67,199394.93,-630.4100000000035,-1049.0,947.0,0.0,947.0,1049.0,-0.0,-5.245,-4.735,-9.98,-1741.3399999999965,2178.099999999997,436.7600000000007,426.78000000000065,347.89999999999856
93.99,104.42,0.9099999999999966,1.1099999999999994,1.1109692520480903,1.0,1.1083068855287213,1.0,1.1083311453557254,1.0,104.17204435198462,104.42,0.005541655726778627,0.005,104.16650269625785,104.415,104.1775860077114,104.425,104.1775860077114,104.415,0.2374139922886087,0.0022736448217641134,CWB,ICVT,2026-03-04,False,1062.0,958.0,0.0,0.0,,,0.0,0.0,0.0,False,False,False,-0.0,,,0.0,0.0,0.0,0.0,0.0,0.0,0.0,0.0,0.0,0.0,-0.0,-0.0,-0.0,-0.0,0.0,0.0,0.0,0.0,0.0,347.89999999999856
93.04,103.31,-0.9499999999999886,-1.1099999999999994,1.1103826311263971,1.0,1.1084440539345186,1.0,1.1083068855287213,1.0,103.11687262959224,103.31,0.005541534427643606,0.005,103.11133109516459,103.305,103.12241416401989,103.315,103.12241416401989,103.305,0.18258583598012024,0.0017673587840491747,CWB,ICVT,2026-03-05,False,1073.0,968.0,0.0,0.0,,,0.0,0.0,-0.0,False,True,False,0.0,,,0.0,0.0,0.0,0.0,0.0,0.0,0.0,0.0,0.0,0.0,-0.0,-0.0,-0.0,-0.0,0.0,-0.0,-0.0,0.0,0.0,347.89999999999856
91.34,101.28,-1.7000000000000028,-2.030000000000001,1.1088241734179987,1.0,1.1083899744178227,1.0,1.1084440539345186,1.0,101.24527988637894,101.28,0.005542220269672593,0.005,101.23973766610926,101.275,101.25082210664861,101.285,101.25082210664861,101.275,0.024177893351392754,0.00023872327558642134,CWB,ICVT,2026-03-06,False,1094.0,987.0,0.0,0.0,,,0.0,0.0,0.0,False,True,False,0.0,,,0.0,0.0,0.0,0.0,0.0,0.0,0.0,0.0,0.0,0.0,-0.0,-0.0,-0.0,-0.0,0.0,-0.0,-0.0,0.0,0.0,347.89999999999856
92.87,103.18,1.5300000000000011,1.9000000000000057,1.1110153978679875,1.0,1.1083739534650272,1.0,1.1083899744178227,1.0,102.9361769241832,103.18,0.005541949872089114,0.005,102.93063497431112,103.17500000000001,102.94171887405528,103.185,102.94171887405528,103.17500000000001,0.23328112594472827,0.0022609141882605956,CWB,ICVT,2026-03-09,False,1074.0,969.0,0.0,0.0,,,0.0,0.0,0.0,False,False,False,-0.0,,,0.0,0.0,0.0,0.0,0.0,0.0,0.0,0.0,0.0,0.0,-0.0,-0.0,-0.0,-0.0,0.0,0.0,0.0,0.0,0.0,347.89999999999856
93.01,103.5,0.14000000000000057,0.3199999999999932,1.1127835716589614,1.0,1.1086721512018376,1.0,1.1083739534650272,1.0,103.08986141178218,103.5,0.005541869767325136,0.005,103.08431954201485,103.495,103.09540328154951,103.505,103.09540328154951,103.495,0.39959671845049627,0.0038608378594250847,CWB,ICVT,2026-03-10,False,1071.0,966.0,0.0,0.0,,,0.0,0.0,-0.0,True,False,False,1.0,CWB,ICVT,1071.0,-966.0,0.0,0.0,0.0,0.0,1071.0,-966.0,1071.0,0.0,-0.0,966.0,-5.355,-4.83,-10.185,0.0,0.0,0.0,-10.185,337.71499999999855
93.45,104.1,0.4399999999999977,0.5999999999999943,1.1139646869983948,1.0,1.1090368407795828,1.0,1.1086721512018376,1.0,103.60541252981173,104.1,0.005543360756009188,0.005,103.59986916905572,104.095,103.61095589056774,104.10499999999999,103.61095589056774,104.095,0.4840441094322614,0.004649799322115864,CWB,ICVT,2026-03-11,False,1065.0,961.0,1071.0,-966.0,CWB,ICVT,0.4840441094322614,0.004649799322115864,1.0,True,False,False,1.0,CWB,ICVT,1065.0,-961.0,99613.71,-99981.0,199594.71000000002,-367.2899999999936,-6.0,5.0,0.0,5.0,6.0,-0.0,-0.03,-0.025,-0.055,471.23999999999756,-579.5999999999945,-108.35999999999689,-108.4149999999969,229.30000000000166
92.03,102.03,-1.4200000000000017,-2.069999999999993,1.1086602194936435,1.0,1.1092317565161696,1.0,1.1090368407795828,1.0,102.064660456945,102.03,0.005545184203897914,0.005,102.05911527274111,102.025,102.0702056411489,102.035,102.035,102.05911527274111,0.02411527274111336,0.00023635472646391608,ICVT,CWB,2026-03-12,False,1087.0,980.0,1065.0,-961.0,CWB,ICVT,-0.0452056411488968,-0.00044306224785746153,1.0,False,True,False,0.0,,,0.0,0.0,99524.25,-100040.09999999999,199564.34999999998,-515.8499999999913,-1065.0,961.0,0.0,961.0,1065.0,-0.0,-5.325,-4.805,-10.129999999999999,-1512.3000000000018,1989.2699999999934,476.9699999999916,466.8399999999916,696.1399999999933
92.05,102.4,0.01999999999999602,0.37000000000000455,1.1124388919065726,1.0,1.1095667242187286,1.0,1.1092317565161696,1.0,102.1047831873134,102.4,0.005546158782580848,0.005,102.09923702853082,102.39500000000001,102.11032934609598,102.405,102.11032934609598,102.39500000000001,0.2846706539040298,0.002779986854531541,CWB,ICVT,2026-03-13,False,1084.0,977.0,0.0,0.0,,,0.0,0.0,0.0,False,False,False,-0.0,,,0.0,0.0,0.0,0.0,0.0,0.0,0.0,0.0,0.0,0.0,-0.0,-0.0,-0.0,-0.0,0.0,0.0,0.0,0.0,0.0,696.1399999999933
93.22,103.76,1.1700000000000017,1.3599999999999994,1.113065865694057,1.0,1.109813182247903,1.0,1.1095667242187286,1.0,103.43381003166988,103.76,0.005547833621093643,0.005,103.42826219804878,103.75500000000001,103.43935786529097,103.765,103.43935786529097,103.75500000000001,0.31564213470903724,0.0030420406197864034,CWB,ICVT,2026-03-16,False,1070.0,964.0,0.0,0.0,,,0.0,0.0,-0.0,True,False,False,1.0,CWB,ICVT,1070.0,-964.0,0.0,0.0,0.0,0.0,1070.0,-964.0,1070.0,0.0,-0.0,964.0,-5.3500000000000005,-4.82,-10.170000000000002,0.0,0.0,0.0,-10.170000000000002,685.9699999999933
93.91,104.42,0.6899999999999977,0.6599999999999966,1.1119156639335535,1.0,1.1101177647693325,1.0,1.109813182247903,1.0,104.22255594490056,104.42,0.005549065911239515,0.005,104.21700687898932,104.415,104.2281050108118,104.425,104.2281050108118,104.415,0.1868949891882039,0.001789839007739934,CWB,ICVT,2026-03-17,False,1063.0,958.0,1070.0,-964.0,CWB,ICVT,0.1868949891882039,0.001789839007739934,1.0,False,True,False,0.0,,,0.0,0.0,99745.4,-100024.64,199770.03999999998,-279.24000000000524,-1070.0,964.0,0.0,964.0,1070.0,-0.0,-5.3500000000000005,-4.82,-10.170000000000002,738.2999999999976,-636.2399999999967,102.06000000000085,91.89000000000085,777.8599999999942
93.63,104.23,-0.28000000000000114,-0.18999999999999773,1.1132115774858486,1.0,1.110410100044426,1.0,1.1101177647693325,1.0,103.9403263153526,104.23,0.005550588823846663,0.005,103.93477572652876,104.22500000000001,103.94587690417646,104.235,103.94587690417646,104.22500000000001,0.2791230958235502,0.0026779535241633905,CWB,ICVT,2026-03-18,False,1065.0,959.0,0.0,0.0,,,0.0,0.0,0.0,False,False,False,-0.0,,,0.0,0.0,0.0,0.0,0.0,0.0,0.0,0.0,0.0,0.0,-0.0,-0.0,-0.0,-0.0,0.0,-0.0,-0.0,0.0,0.0,777.8599999999942
94.11,104.79,0.480000000000004,0.5600000000000023,1.1134842205929232,1.0,1.1106726454602587,1.0,1.110410100044426,1.0,104.50069451518092,104.79,0.0055520505002221296,0.005,104.4951424646807,104.78500000000001,104.50624656568115,104.795,104.50624656568115,104.78500000000001,0.27875343431885824,0.0026601148422450444,CWB,ICVT,2026-03-19,False,1059.0,954.0,0.0,0.0,,,0.0,0.0,-0.0,False,False,False,0.0,,,0.0,0.0,0.0,0.0,0.0,0.0,0.0,0.0,0.0,0.0,-0.0,-0.0,-0.0,-0.0,0.0,0.0,0.0,0.0,0.0,777.8599999999942
91.98,102.46,-2.1299999999999955,-2.3300000000000125,1.1139378125679495,1.0,1.1108697474157903,1.0,1.1106726454602587,1.0,102.1596699294346,102.46,0.005553363227301294,0.005,102.15411656620729,102.455,102.1652232926619,102.46499999999999,102.1652232926619,102.455,0.2897767073380919,0.0028281935129620527,CWB,ICVT,2026-03-20,False,1084.0,976.0,0.0,0.0,,,0.0,0.0,0.0,False,False,False,-0.0,,,0.0,0.0,0.0,0.0,0.0,0.0,0.0,0.0,0.0,0.0,-0.0,-0.0,-0.0,-0.0,0.0,-0.0,-0.0,0.0,0.0,777.8599999999942
92.72,103.16,0.7399999999999949,0.7000000000000028,1.1125970664365832,1.0,1.1110603146439195,1.0,1.1108697474157903,1.0,102.99984298039207,103.16,0.0055543487370789514,0.005,102.994288631655,103.155,103.00539732912915,103.16499999999999,103.00539732912915,103.155,0.14960267087084844,0.0014502003768015552,CWB,ICVT,2026-03-23,False,1076.0,969.0,0.0,0.0,,,0.0,0.0,-0.0,False,True,False,0.0,,,0.0,0.0,0.0,0.0,0.0,0.0,0.0,0.0,0.0,0.0,-0.0,-0.0,-0.0,-0.0,0.0,0.0,0.0,0.0,0.0,777.8599999999942
92.97,103.66,0.25,0.5,1.1149833279552543,1.0,1.1115466004179333,1.0,1.1110603146439195,1.0,103.29527745244519,103.66,0.005555301573219598,0.005,103.28972215087197,103.655,103.30083275401842,103.66499999999999,103.30083275401842,103.655,0.35416724598158567,0.0034166240206597114,CWB,ICVT,2026-03-24,False,1072.0,965.0,0.0,0.0,,,0.0,0.0,0.0,True,False,False,1.0,CWB,ICVT,1072.0,-965.0,0.0,0.0,0.0,0.0,1072.0,-965.0,1072.0,0.0,-0.0,965.0,-5.36,-4.825,-10.185,0.0,0.0,0.0,-10.185,767.6749999999943
93.49,104.32,0.519999999999996,0.6599999999999966,1.1158412664456092,1.0,1.1120730289357794,1.0,1.1115466004179333,1.0,103.91849167307258,104.32,0.005557733002089667,0.005,103.91293394007049,104.315,103.92404940607467,104.32499999999999,103.92404940607467,104.315,0.39095059392532505,0.0037476092209099412,CWB,ICVT,2026-03-25,False,1066.0,959.0,1072.0,-965.0,CWB,ICVT,0.39095059392532505,0.0037476092209099412,1.0,True,False,False,1.0,CWB,ICVT,1066.0,-959.0,99663.84,-100031.9,199695.74,-368.0599999999977,-6.0,6.0,0.0,6.0,6.0,-0.0,-0.03,-0.03,-0.06,557.4399999999957,-636.8999999999967,-79.46000000000095,-79.52000000000095,688.1549999999934
91.43,102.0,-2.059999999999988,-2.319999999999993,1.1156075686317402,1.0,1.1124258276892347,1.0,1.1120730289357794,1.0,101.67683703559833,102.0,0.005560365144678898,0.005,101.67127667045365,101.995,101.682397400743,102.005,101.682397400743,101.995,0.31260259925700495,0.0030647313652647544,CWB,ICVT,2026-03-26,False,1090.0,980.0,1066.0,-959.0,CWB,ICVT,0.31260259925700495,0.0030647313652647544,1.0,True,False,False,1.0,CWB,ICVT,1090.0,-980.0,99660.34,-100042.87999999999,199703.21999999997,-382.5399999999936,24.0,-21.0,24.0,0.0,-0.0,21.0,-0.12,-0.105,-0.22499999999999998,-2195.9599999999873,2224.8799999999933,28.920000000005984,28.695000000005983,716.8499999999993
89.81,100.84,-1.6200000000000045,-1.1599999999999966,1.1228148313105446,1.0,1.1130569273814837,1.0,1.1124258276892347,1.0,99.90696358477017,100.84,0.005562129138446174,0.005,99.90140145563173,100.83500000000001,99.91252571390861,100.845,99.91252571390861,100.83500000000001,0.9224742860914006,0.009147900496741378,CWB,ICVT,2026-03-27,False,1104.0,992.0,1090.0,-980.0,CWB,ICVT,0.9224742860914006,0.009147900496741378,1.0,True,False,False,1.0,CWB,ICVT,1104.0,-992.0,99658.70000000001,-99960.0,199618.7,-301.29999999998836,14.0,-12.0,14.0,0.0,-0.0,12.0,-0.07,-0.06,-0.13,-1765.800000000005,1136.7999999999965,-629.0000000000084,-629.1300000000084,87.71999999999093
89.04,99.15,-0.769999999999996,-1.6899999999999977,1.113544474393531,1.0,1.112997397881823,1.0,1.1130569273814837,1.0,99.10658881404731,99.15,0.0055652846369074185,0.005,99.10102352941041,99.14500000000001,99.11215409868421,99.155,99.11215409868421,99.14500000000001,0.032845901315795345,0.0003312748493776636,CWB,ICVT,2026-03-30,False,1123.0,1009.0,1104.0,-992.0,CWB,ICVT,0.032845901315795345,0.0003312748493776636,1.0,False,True,False,0.0,,,0.0,0.0,99150.24,-100033.28,199183.52000000002,-883.0399999999936,-1104.0,992.0,0.0,992.0,1104.0,-0.0,-5.5200000000000005,-4.96,-10.48,-850.0799999999956,1676.4799999999977,826.4000000000021,815.9200000000021,903.639999999993
91.52,101.79,2.4799999999999898,2.6400000000000006,1.1122159090909092,1.0,1.1131129204528274,1.0,1.112997397881823,1.0,101.86152185414444,101.79,0.0055649869894091155,0.005,101.85595686715503,101.78500000000001,101.86708684113385,101.795,101.795,101.85595686715503,0.060956867155027794,0.0005988492696240082,ICVT,CWB,2026-03-31,False,1093.0,982.0,0.0,0.0,,,0.0,0.0,0.0,False,True,False,0.0,,,0.0,0.0,0.0,0.0,0.0,0.0,0.0,0.0,0.0,0.0,-0.0,-0.0,-0.0,-0.0,0.0,0.0,0.0,0.0,0.0,903.639999999993
92.47,102.82,0.9500000000000028,1.029999999999987,1.1119281929274358,1.0,1.1131608674967945,1.0,1.1131129204528274,1.0,102.92955175427295,102.82,0.005565564602264137,0.005,102.92398618967069,102.815,102.93511731887521,102.82499999999999,102.82499999999999,102.92398618967069,0.09898618967069694,0.0009627133794076732,ICVT,CWB,2026-04-01,True,1083.0,973.0,0.0,0.0,,,0.0,0.0,0.0,False,True,False,0.0,,,0.0,0.0,0.0,0.0,0.0,0.0,0.0,0.0,0.0,0.0,-0.0,-0.0,-0.0,-0.0,0.0,0.0,0.0,0.0,0.0,903.639999999993
93.3,103.89,0.8299999999999983,1.0700000000000074,1.1135048231511255,1.0,1.1133169770980311,1.0,1.1131608674967945,1.0,103.85790893745093,103.89,0.005565804337483973,0.005,103.85234313311345,103.885,103.86347474178841,103.895,103.86347474178841,103.885,0.021525258211596565,0.0002071927828626101,CWB,ICVT,2026-04-02,False,1072.0,963.0,0.0,0.0,,,0.0,0.0,0.0,False,True,True,0.0,,,0.0,0.0,0.0,0.0,0.0,0.0,0.0,0.0,0.0,0.0,-0.0,-0.0,-0.0,-0.0,0.0,0.0,0.0,0.0,0.0,903.639999999993
93.22,103.94,-0.0799999999999983,0.04999999999999716,1.1149967818064792,1.0,1.113625607517455,1.0,1.1133169770980311,1.0,103.78340860507846,103.94,0.0055665848854901554,0.005,103.77784202019298,103.935,103.78897518996395,103.945,103.78897518996395,103.935,0.14602481003605305,0.0014048952283630272,CWB,ICVT,2026-04-06,False,1071.0,962.0,0.0,0.0,,,0.0,0.0,0.0,False,True,False,0.0,,,0.0,0.0,0.0,0.0,0.0,0.0,0.0,0.0,0.0,0.0,-0.0,-0.0,-0.0,-0.0,0.0,-0.0,0.0,0.0,0.0,903.639999999993
93.84,104.53,0.6200000000000045,0.5900000000000034,1.113917306052856,1.0,1.1137707029266986,1.0,1.113625607517455,1.0,104.50262700943799,104.53,0.005568128037587276,0.005,104.4970588814004,104.525,104.50819513747557,104.535,104.50819513747557,104.525,0.016804862524438136,0.00016076592867538634,CWB,ICVT,2026-04-07,False,1066.0,957.0,0.0,0.0,,,0.0,0.0,0.0,False,True,False,0.0,,,0.0,0.0,0.0,0.0,0.0,0.0,0.0,0.0,0.0,0.0,-0.0,-0.0,-0.0,-0.0,0.0,0.0,0.0,0.0,0.0,903.639999999993
96.39,107.39,2.549999999999997,2.8599999999999994,1.1141197219628591,1.0,1.1138375104418936,1.0,1.1137707029266986,1.0,107.35635805510448,107.39,0.005568853514633493,0.005,107.35078920158985,107.385,107.36192690861911,107.395,107.36192690861911,107.385,0.023073091380894084,0.00021485325803979964,CWB,ICVT,2026-04-08,False,1037.0,931.0,0.0,0.0,,,0.0,0.0,0.0,False,True,False,0.0,,,0.0,0.0,0.0,0.0,0.0,0.0,0.0,0.0,0.0,0.0,-0.0,-0.0,-0.0,-0.0,0.0,0.0,0.0,0.0,0.0,903.639999999993
96.51,107.56,0.12000000000000455,0.1700000000000017,1.1144959071598797,1.0,1.1138640714499677,1.0,1.1138375104418936,1.0,107.49645813274716,107.56,0.005569187552209468,0.005,107.49088894519495,107.555,107.50202732029938,107.565,107.50202732029938,107.555,0.052972679700630465,0.0004924942329921017,CWB,ICVT,2026-04-09,False,1036.0,930.0,0.0,0.0,,,0.0,0.0,0.0,False,True,False,0.0,,,0.0,0.0,0.0,0.0,0.0,0.0,0.0,0.0,0.0,0.0,-0.0,-0.0,-0.0,-0.0,0.0,0.0,0.0,0.0,0.0,903.639999999993
96.5,107.64,-0.010000000000005116,0.0799999999999983,1.115440414507772,1.0,1.114203081200674,1.0,1.1138640714499677,1.0,107.48788289492188,107.64,0.005569320357249838,0.005,107.48231357456463,107.635,107.49345221527913,107.645,107.49345221527913,107.635,0.1415477847208706,0.0013150110063254422,CWB,ICVT,2026-04-10,False,1035.0,929.0,0.0,0.0,,,0.0,0.0,0.0,False,True,False,0.0,,,0.0,0.0,0.0,0.0,0.0,0.0,0.0,0.0,0.0,0.0,-0.0,-0.0,-0.0,-0.0,0.0,-0.0,0.0,0.0,0.0,903.639999999993
97.88,108.59,1.3799999999999955,0.9500000000000028,1.1094196975888844,1.0,1.1140521214847898,1.0,1.114203081200674,1.0,109.05819758792197,108.59,0.00557101540600337,0.005,109.05262657251596,108.58500000000001,109.06376860332797,108.595,108.595,109.05262657251596,0.45762657251596295,0.004214260728575034,ICVT,CWB,2026-04-13,False,1026.0,921.0,0.0,0.0,,,0.0,0.0,0.0,True,False,False,1.0,ICVT,CWB,-1026.0,921.0,0.0,0.0,0.0,0.0,-1026.0,921.0,0.0,921.0,1026.0,-0.0,-5.13,-4.605,-9.735,0.0,0.0,0.0,-9.735,893.904999999993
98.84,109.8,0.960000000000008,1.2099999999999937,1.1108862808579523,1.0,1.1139431422429846,1.0,1.1140521214847898,1.0,110.11291168755663,109.8,0.005570260607423949,0.005,110.1073414269492,109.795,110.11848194816406,109.80499999999999,109.80499999999999,110.1073414269492,0.3023414269492122,0.0027535649084627703,ICVT,CWB,2026-04-14,False,1015.0,911.0,-1026.0,921.0,ICVT,CWB,0.3023414269492122,0.0027535649084627703,1.0,False,False,False,-1.0,ICVT,CWB,-1015.0,911.0,-100424.87999999999,100011.39,200436.27,-413.4899999999907,11.0,-10.0,11.0,0.0,-0.0,10.0,-0.055,-0.05,-0.10500000000000001,-984.9600000000082,1114.4099999999942,129.44999999998595,129.34499999998596,1023.249999999979
99.03,110.31,0.18999999999999773,0.5100000000000051,1.113904877309906,1.0,1.1140426029118022,1.0,1.1139431422429846,1.0,110.31378937632277,110.31,0.005569715711214923,0.005,110.30821966061156,110.305,110.31935909203399,110.315,110.315,110.30821966061156,-0.006780339388441803,-6.146622598533046e-05,ICVT,CWB,2026-04-15,False,1010.0,907.0,-1015.0,911.0,ICVT,CWB,0.0,0.0,-1.0,False,True,False,0.0,,,0.0,0.0,-100322.6,100027.8,200350.40000000002,-294.8000000000029,1015.0,-911.0,1015.0,0.0,-0.0,911.0,-5.075,-4.555,-9.629999999999999,-192.8499999999977,464.6100000000047,271.760000000007,262.130000000007,1285.379999999986
100.14,111.2,1.1099999999999994,0.8900000000000006,1.1104453764729378,1.0,1.1139042928611567,1.0,1.1140426029118022,1.0,111.56022625558788,111.2,0.005570213014559011,0.005,111.55465604257331,111.19500000000001,111.56579646860244,111.205,111.205,111.55465604257331,0.34965604257331506,0.0031443888720621856,ICVT,CWB,2026-04-16,False,1002.0,899.0,0.0,0.0,,,0.0,0.0,0.0,True,False,False,1.0,ICVT,CWB,-1002.0,899.0,0.0,0.0,0.0,0.0,-1002.0,899.0,0.0,899.0,1002.0,-0.0,-5.01,-4.495,-9.504999999999999,0.0,0.0,0.0,-9.504999999999999,1275.874999999986
100.51,112.06,0.37000000000000455,0.8599999999999994,1.114913938911551,1.0,1.1139757787770879,1.0,1.1139042928611567,1.0,111.95852047547486,112.06,0.005569521464305783,0.005,111.95295095401055,112.055,111.96408999693917,112.065,111.96408999693917,112.055,0.0909100030608414,0.0008112618513371533,CWB,ICVT,2026-04-17,False,994.0,892.0,-1002.0,899.0,ICVT,CWB,-0.1120490459894512,-0.000999902248701153,1.0,False,True,False,0.0,,,0.0,0.0,-100340.28,99968.8,200309.08000000002,-371.4799999999959,1002.0,-899.0,1002.0,0.0,-0.0,899.0,-5.01,-4.495,-9.504999999999999,-370.74000000000456,773.1399999999995,402.399999999995,392.894999999995,1668.7699999999809
100.89,112.35,0.37999999999999545,0.28999999999999204,1.1135890573892357,1.0,1.1139583410181524,1.0,1.1139757787770879,1.0,112.38901632082039,112.35,0.005569878893885439,0.005,112.38344644192651,112.345,112.39458619971427,112.35499999999999,112.35499999999999,112.38344644192651,0.028446441926519128,0.00025319485470867047,ICVT,CWB,2026-04-20,False,991.0,890.0,0.0,0.0,,,0.0,0.0,0.0,False,True,False,0.0,,,0.0,0.0,0.0,0.0,0.0,0.0,0.0,0.0,0.0,0.0,-0.0,-0.0,-0.0,-0.0,0.0,0.0,0.0,0.0,0.0,1668.7699999999809
99.9,111.32,-0.9899999999999949,-1.0300000000000011,1.1143143143143142,1.0,1.1140442034120388,1.0,1.1139583410181524,1.0,111.28443826771343,111.32,0.005569791705090762,0.005,111.27886847600834,111.315,111.29000805941851,111.32499999999999,111.29000805941851,111.315,0.02499194058148646,0.0002245053950906078,CWB,ICVT,2026-04-21,False,1000.0,898.0,0.0,0.0,,,0.0,0.0,0.0,False,True,False,0.0,,,0.0,0.0,0.0,0.0,0.0,0.0,0.0,0.0,0.0,0.0,-0.0,-0.0,-0.0,-0.0,0.0,-0.0,-0.0,0.0,0.0,1668.7699999999809
101.0,112.33,1.0999999999999943,1.0100000000000051,1.112178217821782,1.0,1.1139039479053652,1.0,1.1140442034120388,1.0,112.51846454461592,112.33,0.005570221017060194,0.005,112.51289432359886,112.325,112.52403476563299,112.335,112.335,112.51289432359886,0.17789432359886348,0.0015836759868144172,ICVT,CWB,2026-04-22,False,991.0,890.0,0.0,0.0,,,0.0,0.0,0.0,False,True,False,0.0,,,0.0,0.0,0.0,0.0,0.0,0.0,0.0,0.0,0.0,0.0,-0.0,-0.0,-0.0,-0.0,0.0,0.0,0.0,0.0,0.0,1668.7699999999809
100.92,112.01,-0.0799999999999983,-0.3199999999999932,1.109889021006738,1.0,1.1136063356334218,1.0,1.1139039479053652,1.0,112.41518642260945,112.01,0.005569519739526826,0.005,112.40961690286993,112.00500000000001,112.42075594234898,112.015,112.015,112.40961690286993,0.39461690286992734,0.0035230506461023776,ICVT,CWB,2026-04-23,False,995.0,893.0,0.0,0.0,,,0.0,0.0,0.0,True,False,False,1.0,ICVT,CWB,-995.0,893.0,0.0,0.0,0.0,0.0,-995.0,893.0,0.0,893.0,995.0,-0.0,-4.9750000000000005,-4.465,-9.440000000000001,-0.0,-0.0,0.0,-9.440000000000001,1659.3299999999808
100.78,112.19,-0.14000000000000057,0.1799999999999926,1.1132169081166898,1.0,1.1134868026076692,1.0,1.1136063356334218,1.0,112.22924650513625,112.19,0.0055680316781671095,0.005,112.22367847345808,112.185,112.23481453681441,112.195,112.195,112.22367847345808,0.028678473458086273,0.0002556241506202538,ICVT,CWB,2026-04-24,False,992.0,891.0,-995.0,893.0,ICVT,CWB,0.028678473458086273,0.0002556241506202538,1.0,False,True,False,0.0,,,0.0,0.0,-100415.40000000001,100024.93000000001,200440.33000000002,-390.47000000000116,995.0,-893.0,995.0,0.0,-0.0,893.0,-4.9750000000000005,-4.465,-9.440000000000001,139.30000000000058,160.73999999999342,300.039999999994,290.599999999994,1949.9299999999748
100.71,111.95,-0.07000000000000739,-0.23999999999999488,1.1116075861384174,1.0,1.1129264403490629,1.0,1.1134868026076692,1.0,112.13925589061836,111.95,0.005567434013038346,0.005,112.13368845660531,111.94500000000001,112.1448233246314,111.955,111.955,112.13368845660531,0.17868845660531463,0.0015961452130890095,ICVT,CWB,2026-04-27,False,994.0,893.0,0.0,0.0,,,0.0,0.0,0.0,False,True,False,0.0,,,0.0,0.0,0.0,0.0,0.0,0.0,0.0,0.0,0.0,0.0,-0.0,-0.0,-0.0,-0.0,0.0,-0.0,-0.0,0.0,0.0,1949.9299999999748
99.17,110.1,-1.539999999999992,-1.8500000000000085,1.11021478269638,1.0,1.1127599557642052,1.0,1.1129264403490629,1.0,110.36891508941656,110.1,0.005564632201745314,0.005,110.36335045721482,110.095,110.3744797216183,110.10499999999999,110.10499999999999,110.36335045721482,0.2583504572148314,0.0023465073316515117,ICVT,CWB,2026-04-28,False,1011.0,908.0,0.0,0.0,,,0.0,0.0,0.0,False,False,False,-0.0,,,0.0,0.0,0.0,0.0,0.0,0.0,0.0,0.0,0.0,0.0,-0.0,-0.0,-0.0,-0.0,0.0,-0.0,-0.0,0.0,0.0,1949.9299999999748
99.75,111.18,0.5799999999999983,1.0800000000000125,1.1145864661654137,1.0,1.1128784836179304,1.0,1.1127599557642052,1.0,110.99780558747946,111.18,0.005563799778821026,0.005,110.99224178770064,111.17500000000001,111.00336938725829,111.185,111.00336938725829,111.17500000000001,0.17163061274172264,0.0015437184092617613,CWB,ICVT,2026-04-29,False,1000.0,899.0,0.0,0.0,,,0.0,0.0,-0.0,False,True,False,0.0,,,0.0,0.0,0.0,0.0,0.0,0.0,0.0,0.0,0.0,0.0,-0.0,-0.0,-0.0,-0.0,0.0,0.0,0.0,0.0,0.0,1949.9299999999748
101.04,112.71,1.2900000000000063,1.529999999999987,1.115498812351544,1.0,1.113057014589136,1.0,1.1128784836179304,1.0,112.4452419847557,112.71,0.005564392418089652,0.005,112.4396775923376,112.705,112.45080637717379,112.71499999999999,112.45080637717379,112.705,0.2541936228262074,0.002255288996772313,CWB,ICVT,2026-04-30,False,987.0,887.0,0.0,0.0,,,0.0,0.0,0.0,False,False,False,-0.0,,,0.0,0.0,0.0,0.0,0.0,0.0,0.0,0.0,0.0,0.0,-0.0,-0.0,-0.0,-0.0,0.0,0.0,0.0,0.0,0.0,1949.9299999999748
101.87,113.59,0.8299999999999983,0.8800000000000097,1.1150485913419064,1.0,1.1131342029986748,1.0,1.113057014589136,1.0,113.38711807619529,113.59,0.00556528507294568,0.005,113.38155279112235,113.58500000000001,113.39268336126824,113.595,113.39268336126824,113.58500000000001,0.19231663873176785,0.001693077196335662,CWB,ICVT,2026-05-01,True,979.0,880.0,0.0,0.0,,,0.0,0.0,-0.0,False,True,False,0.0,,,0.0,0.0,0.0,0.0,0.0,0.0,0.0,0.0,0.0,0.0,-0.0,-0.0,-0.0,-0.0,0.0,0.0,0.0,0.0,0.0,1949.9299999999748
102.42,114.62,0.5499999999999972,1.0300000000000011,1.1191173598906463,1.0,1.1133402319028833,1.0,1.1131342029986748,1.0,114.00720507112428,114.62,0.005565671014993374,0.005,114.00163940010928,114.61500000000001,114.01277074213927,114.625,114.01277074213927,114.61500000000001,0.602229257860742,0.005254137653644582,CWB,ICVT,2026-05-04,False,971.0,872.0,0.0,0.0,,,0.0,0.0,0.0,True,False,True,0.0,,,0.0,0.0,0.0,0.0,0.0,0.0,0.0,0.0,0.0,0.0,-0.0,-0.0,-0.0,-0.0,0.0,0.0,0.0,0.0,0.0,1949.9299999999748
103.9,115.91,1.480000000000004,1.289999999999992,1.1155919153031761,1.0,1.1134239623653994,1.0,1.1133402319028833,1.0,115.67605009470958,115.91,0.005566701159514417,0.005,115.67048339355007,115.905,115.68161679586909,115.91499999999999,115.68161679586909,115.905,0.2233832041309114,0.0019272125280899958,CWB,ICVT,2026-05-05,False,961.0,863.0,0.0,0.0,,,0.0,0.0,0.0,False,True,False,0.0,,,0.0,0.0,0.0,0.0,0.0,0.0,0.0,0.0,0.0,0.0,-0.0,-0.0,-0.0,-0.0,0.0,0.0,0.0,0.0,0.0,1949.9299999999748
105.65,118.29,1.75,2.3800000000000097,1.1196403218173214,1.0,1.1136999923581226,1.0,1.1134239623653994,1.0,117.63324162390445,118.29,0.005567119811826997,0.005,117.62767450409262,118.28500000000001,117.63880874371628,118.295,117.63880874371628,118.28500000000001,0.6461912562837284,0.00546277163144584,CWB,ICVT,2026-05-06,False,941.0,845.0,0.0,0.0,,,0.0,0.0,0.0,True,False,False,1.0,CWB,ICVT,941.0,-845.0,0.0,0.0,0.0,0.0,941.0,-845.0,941.0,0.0,-0.0,845.0,-4.705,-4.225,-8.93,0.0,0.0,0.0,-8.93,1940.9999999999748
104.28,116.45,-1.3700000000000045,-1.8400000000000034,1.1167050249328732,1.0,1.1138104482467721,1.0,1.1136999923581226,1.0,116.13663520310502,116.45,0.005568499961790613,0.005,116.13106670314322,116.44500000000001,116.14220370306681,116.455,116.14220370306681,116.44500000000001,0.3027962969331952,0.0026002258216676274,CWB,ICVT,2026-05-07,False,957.0,859.0,941.0,-845.0,CWB,ICVT,0.3027962969331952,0.0026002258216676274,1.0,False,False,False,-1.0,CWB,ICVT,957.0,-859.0,99416.65000000001,-99955.05,199371.7,-538.3999999999942,16.0,-14.0,16.0,0.0,-0.0,14.0,-0.08,-0.07,-0.15000000000000002,-1289.1700000000042,1554.800000000003,265.62999999999874,265.47999999999877,2206.4799999999736
104.68,116.76,0.4000000000000057,0.3100000000000023,1.11539931218953,1.0,1.11380839313086,1.0,1.1138104482467721,1.0,116.59367772247211,116.76,0.005569052241233861,0.005,116.58810867023088,116.75500000000001,116.59924677471334,116.765,116.59924677471334,116.75500000000001,0.15575322528667357,0.0013339604769327985,CWB,ICVT,2026-05-08,False,953.0,856.0,957.0,-859.0,CWB,ICVT,0.0,0.0,-1.0,False,True,False,0.0,,,0.0,0.0,99795.96,-100030.55,199826.51,-234.5899999999965,-957.0,859.0,0.0,859.0,957.0,-0.0,-4.785,-4.295,-9.08,382.8000000000054,-266.29000000000195,116.51000000000346,107.43000000000346,2313.909999999977
106.0,118.47,1.3199999999999932,1.7099999999999937,1.1176415094339622,1.0,1.1142194837231139,1.0,1.11380839313086,1.0,118.06368967187116,118.47,0.0055690419656543,0.005,118.0581206299055,118.465,118.06925871383682,118.475,118.06925871383682,118.465,0.3957412861631866,0.003340434592413156,CWB,ICVT,2026-05-11,False,940.0,844.0,0.0,0.0,,,0.0,0.0,0.0,True,False,False,1.0,CWB,ICVT,940.0,-844.0,0.0,0.0,0.0,0.0,940.0,-844.0,940.0,0.0,-0.0,844.0,-4.7,-4.22,-8.92,0.0,0.0,0.0,-8.92,2304.989999999977
104.81,116.96,-1.1899999999999977,-1.5100000000000051,1.1159240530483732,1.0,1.114471372332635,1.0,1.1142194837231139,1.0,116.78134408901957,116.96,0.005571097418615569,0.005,116.77577299160096,116.955,116.78691518643818,116.96499999999999,116.78691518643818,116.955,0.16808481356181915,0.0014371136590442814,CWB,ICVT,2026-05-12,False,953.0,855.0,940.0,-844.0,CWB,ICVT,0.16808481356181915,0.0014371136590442814,1.0,False,True,False,0.0,,,0.0,0.0,99640.0,-99988.68,199628.68,-348.679999999993,-940.0,844.0,0.0,844.0,940.0,-0.0,-4.7,-4.22,-8.92,-1118.5999999999979,1274.4400000000044,155.8400000000065,146.92000000000652,2451.9099999999835
106.04,118.62,1.230000000000004,1.6600000000000108,1.1186344775556394,1.0,1.1147078523449214,1.0,1.114471372332635,1.0,118.17854432215262,118.62,0.0055723568616631745,0.005,118.17297196529096,118.61500000000001,118.18411667901428,118.625,118.18411667901428,118.61500000000001,0.43088332098572835,0.003632467720331549,CWB,ICVT,2026-05-13,False,939.0,843.0,0.0,0.0,,,0.0,0.0,0.0,True,False,False,1.0,CWB,ICVT,939.0,-843.0,0.0,0.0,0.0,0.0,939.0,-843.0,939.0,0.0,-0.0,843.0,-4.695,-4.215,-8.91,0.0,0.0,0.0,-8.91,2442.9999999999836
106.57,119.18,0.5299999999999869,0.5600000000000023,1.1183259829220231,1.0,1.1151018826673758,1.0,1.1147078523449214,1.0,118.79441582439827,119.18,0.005573539261724607,0.005,118.78884228513655,119.17500000000001,118.79998936365999,119.185,118.79998936365999,119.17500000000001,0.3750106363400221,0.003146590336801662,CWB,ICVT,2026-05-14,False,935.0,839.0,939.0,-843.0,CWB,ICVT,0.3750106363400221,0.003146590336801662,1.0,True,False,False,1.0,CWB,ICVT,935.0,-839.0,99571.56000000001,-99996.66,199568.22000000003,-425.09999999999127,-4.0,4.0,0.0,4.0,4.0,-0.0,-0.02,-0.02,-0.04,497.66999999998774,-472.0800000000019,25.58999999998582,25.549999999985822,2468.5499999999693
104.5,117.19,-2.069999999999993,-1.990000000000009,1.1214354066985646,1.0,1.1154279560567266,1.0,1.1151018826673758,1.0,116.52814673874077,117.19,0.005575509413336879,0.005,116.52257122932744,117.185,116.5337222481541,117.195,116.5337222481541,117.185,0.6512777518458961,0.005557451590117724,CWB,ICVT,2026-05-15,False,951.0,853.0,935.0,-839.0,CWB,ICVT,0.6512777518458961,0.005557451590117724,1.0,True,False,False,1.0,CWB,ICVT,951.0,-853.0,99642.95,-99992.02,199634.97,-349.070000000007,16.0,-14.0,16.0,0.0,-0.0,14.0,-0.08,-0.07,-0.15000000000000002,-1935.4499999999937,1669.6100000000076,-265.83999999998605,-265.989999999986,2202.559999999983
102.86,115.36,-1.6400000000000006,-1.8299999999999983,1.1215244020999418,1.0,1.1158247232922618,1.0,1.1154279560567266,1.0,114.7329195599949,115.36,0.005577139780283633,0.005,114.72734242021461,115.355,114.73849669977518,115.365,114.73849669977518,115.355,0.6165033002248208,0.005344168691269251,CWB,ICVT,2026-05-18,False,967.0,867.0,951.0,-853.0,CWB,ICVT,0.6165033002248208,0.005344168691269251,1.0,True,False,False,1.0,CWB,ICVT,967.0,-867.0,99379.5,-99963.06999999999,199342.57,-583.5699999999924,16.0,-14.0,16.0,0.0,-0.0,14.0,-0.08,-0.07,-0.15000000000000002,-1559.6400000000006,1560.9899999999986,1.34999999999809,1.1999999999980901,2203.759999999981
102.44,114.64,-0.4200000000000017,-0.7199999999999989,1.1190941038656774,1.0,1.1160637127698299,1.0,1.1158247232922618,1.0,114.3050846540593,114.64,0.005579123616461309,0.005,114.29950553044284,114.635,114.31066377767576,114.645,114.31066377767576,114.635,0.3243362223242485,0.0028291715136448754,CWB,ICVT,2026-05-19,False,973.0,872.0,967.0,-867.0,CWB,ICVT,0.3243362223242485,0.0028291715136448754,1.0,False,False,False,-1.0,CWB,ICVT,973.0,-872.0,99465.62,-100017.12,199482.74,-551.5,6.0,-5.0,6.0,0.0,-0.0,5.0,-0.03,-0.025,-0.055,-406.14000000000163,624.239999999999,218.09999999999735,218.04499999999734,2421.8049999999785
103.11,115.57,0.6700000000000017,0.9299999999999926,1.1208418194161573,1.0,1.1164968928495487,1.0,1.1160637127698299,1.0,115.07732942369715,115.57,0.00558031856384915,0.005,115.0717491051333,115.565,115.082909742261,115.57499999999999,115.082909742261,115.565,0.48209025773900294,0.004171413496054365,CWB,ICVT,2026-05-20,False,965.0,865.0,973.0,-872.0,CWB,ICVT,0.0,0.0,-1.0,True,False,False,1.0,CWB,ICVT,965.0,-865.0,99674.12,-99966.08,199640.2,-291.9600000000064,-8.0,7.0,0.0,7.0,8.0,-0.0,-0.04,-0.035,-0.07500000000000001,651.9100000000017,-810.9599999999936,-159.04999999999188,-159.12499999999187,2262.6799999999866
105.37,117.99,2.260000000000005,2.4200000000000017,1.1197684350384358,1.0,1.1169908635511336,1.0,1.1164968928495487,1.0,117.64527759955695,117.99,0.005582484464247743,0.005,117.6396951150927,117.985,117.65086008402119,117.99499999999999,117.65086008402119,117.985,0.33413991597880965,0.00283193419763378,CWB,ICVT,2026-05-21,False,947.0,848.0,965.0,-865.0,CWB,ICVT,0.33413991597880965,0.00283193419763378,1.0,False,False,False,-1.0,CWB,ICVT,947.0,-848.0,99501.15,-99968.04999999999,199469.19999999998,-466.8999999999942,-18.0,17.0,0.0,17.0,18.0,-0.0,-0.09,-0.085,-0.175,2180.900000000005,-2093.3000000000015,87.60000000000355,87.42500000000355,2350.10499999999
105.65,118.38,0.28000000000000114,0.39000000000000057,1.1204921911973496,1.0,1.1173546277051667,1.0,1.1169908635511336,1.0,118.01008473417727,118.38,0.005584954317755669,0.005,118.00449977985951,118.375,118.01566968849502,118.38499999999999,118.01566968849502,118.375,0.3593303115049764,0.0030353971237115766,CWB,ICVT,2026-05-22,False,944.0,845.0,947.0,-848.0,CWB,ICVT,0.0,0.0,-1.0,True,False,False,1.0,CWB,ICVT,944.0,-845.0,99785.39,-100055.51999999999,199840.90999999997,-270.1299999999901,-3.0,3.0,0.0,3.0,3.0,-0.0,-0.015,-0.015,-0.03,265.1600000000011,-330.7200000000005,-65.55999999999938,-65.58999999999938,2284.514999999991
106.75,119.9,1.0999999999999943,1.5200000000000102,1.1231850117096018,1.0,1.1179334989837257,1.0,1.1173546277051667,1.0,119.27760650752654,119.9,0.005586773138525834,0.005,119.27201973438801,119.89500000000001,119.28319328066507,119.905,119.28319328066507,119.89500000000001,0.6118067193349361,0.0051026415290653555,CWB,ICVT,2026-05-26,False,932.0,834.0,944.0,-845.0,CWB,ICVT,0.6118067193349361,0.0051026415290653555,1.0,True,False,False,1.0,CWB,ICVT,932.0,-834.0,99733.6,-100031.09999999999,199764.7,-297.49999999998545,-12.0,11.0,0.0,11.0,12.0,-0.0,-0.06,-0.055,-0.11499999999999999,1038.3999999999946,-1284.4000000000087,-246.0000000000141,-246.1150000000141,2038.3999999999767
106.91,119.94,0.1599999999999966,0.03999999999999204,1.1218782153212983,1.0,1.1185166706149718,1.0,1.1179334989837257,1.0,119.51827037635012,119.94,0.005589667494918629,0.005,119.5126807088552,119.935,119.52386004384503,119.945,119.52386004384503,119.935,0.4111399561549689,0.0034278802414121137,CWB,ICVT,2026-05-27,False,932.0,834.0,932.0,-834.0,CWB,ICVT,0.4111399561549689,0.0034278802414121137,1.0,True,False,False,1.0,CWB,ICVT,932.0,-834.0,99491.0,-99996.6,199487.6,-505.6000000000058,0.0,0.0,0.0,0.0,-0.0,-0.0,-0.0,-0.0,0.0,149.11999999999682,-33.35999999999336,115.76000000000346,115.76000000000346,2154.1599999999803
107.72,120.41,0.8100000000000023,0.46999999999999886,1.1178054214630524,1.0,1.1186776183798537,1.0,1.1185166706149718,1.0,120.48661575864476,120.41,0.005592583353074859,0.005,120.48102317529168,120.405,120.49220834199784,120.41499999999999,120.41499999999999,120.48102317529168,0.06602317529169,0.0005483197017829914,ICVT,CWB,2026-05-28,False,928.0,830.0,932.0,-834.0,CWB,ICVT,-0.08720834199783667,-0.0007242616227708386,1.0,False,True,False,0.0,,,0.0,0.0,99640.12,-100029.95999999999,199670.08,-389.8399999999965,-932.0,834.0,0.0,834.0,932.0,-0.0,-4.66,-4.17,-8.83,754.9200000000021,-391.97999999999905,362.94000000000307,354.1100000000031,2508.269999999983
108.1,120.68,0.37999999999999545,0.27000000000001023,1.1163737280296024,1.0,1.1187213641637566,1.0,1.1186776183798537,1.0,120.92905054686217,120.68,0.005593388091899269,0.005,120.92345715877028,120.67500000000001,120.93464393495407,120.685,120.685,120.92345715877028,0.23845715877027374,0.001975945962630707,ICVT,CWB,2026-05-29,False,927.0,829.0,0.0,0.0,,,0.0,0.0,0.0,False,True,False,0.0,,,0.0,0.0,0.0,0.0,0.0,0.0,0.0,0.0,0.0,0.0,-0.0,-0.0,-0.0,-0.0,0.0,0.0,0.0,0.0,0.0,2508.269999999983
109.43,122.63,1.3300000000000125,1.9499999999999886,1.1206250571141367,1.0,1.1190001874523683,1.0,1.1187213641637566,1.0,122.42167888043988,122.63,0.005593606820818783,0.005,122.41608527361906,122.625,122.42727248726071,122.63499999999999,122.42727248726071,122.625,0.19772751273929146,0.0016123910359560586,CWB,ICVT,2026-06-01,True,912.0,815.0,0.0,0.0,,,0.0,0.0,0.0,False,True,False,0.0,,,0.0,0.0,0.0,0.0,0.0,0.0,0.0,0.0,0.0,0.0,-0.0,-0.0,-0.0,-0.0,0.0,0.0,0.0,0.0,0.0,2508.269999999983
110.74,123.9,1.309999999999988,1.2700000000000102,1.1188369152970923,1.0,1.1189861652226905,1.0,1.1190001874523683,1.0,123.91808075847526,123.9,0.005595000937261841,0.005,123.912485757538,123.89500000000001,123.92367575941252,123.905,123.905,123.912485757538,0.007485757537992299,6.0417736384118635e-05,ICVT,CWB,2026-06-02,False,903.0,807.0,0.0,0.0,,,0.0,0.0,0.0,False,True,True,0.0,,,0.0,0.0,0.0,0.0,0.0,0.0,0.0,0.0,0.0,0.0,-0.0,-0.0,-0.0,-0.0,0.0,0.0,0.0,0.0,0.0,2508.269999999983
109.46,122.7,-1.2800000000000011,-1.2000000000000028,1.1209574273707292,1.0,1.119254440826068,1.0,1.1189861652226905,1.0,122.48422564527569,122.7,0.0055949308261134525,0.005,122.47863071444957,122.69500000000001,122.4898205761018,122.705,122.4898205761018,122.69500000000001,0.2051794238982012,0.001672203943750621,CWB,ICVT,2026-06-03,False,912.0,815.0,0.0,0.0,,,0.0,0.0,0.0,False,True,False,0.0,,,0.0,0.0,0.0,0.0,0.0,0.0,0.0,0.0,0.0,0.0,-0.0,-0.0,-0.0,-0.0,0.0,-0.0,-0.0,0.0,0.0,2508.269999999983
109.66,122.8,0.20000000000000284,0.09999999999999432,1.1198249133685938,1.0,1.1192636704036316,1.0,1.119254440826068,1.0,122.73744198098662,122.8,0.0055962722041303405,0.005,122.73184570878249,122.795,122.74303825319075,122.80499999999999,122.74303825319075,122.795,0.051961746809254805,0.0004231412606616841,CWB,ICVT,2026-06-04,False,911.0,814.0,0.0,0.0,,,0.0,0.0,0.0,False,True,False,0.0,,,0.0,0.0,0.0,0.0,0.0,0.0,0.0,0.0,0.0,0.0,-0.0,-0.0,-0.0,-0.0,0.0,0.0,0.0,0.0,0.0,2508.269999999983
105.23,117.65,-4.429999999999993,-5.1499999999999915,1.1180271785612468,1.0,1.1193297780850504,1.0,1.1192636704036316,1.0,117.78011603657416,117.65,0.005596318352018158,0.005,117.77451971822214,117.64500000000001,117.78571235492618,117.655,117.655,117.77451971822214,0.11951971822213636,0.0010158922075829695,ICVT,CWB,2026-06-05,False,951.0,850.0,0.0,0.0,,,0.0,0.0,0.0,False,True,False,0.0,,,0.0,0.0,0.0,0.0,0.0,0.0,0.0,0.0,0.0,0.0,-0.0,-0.0,-0.0,-0.0,0.0,-0.0,-0.0,0.0,0.0,2508.269999999983
105.56,118.25,0.3299999999999983,0.5999999999999943,1.1202159909056462,1.0,1.1195706120208562,1.0,1.1193297780850504,1.0,118.15645137465792,118.25,0.005596648890425252,0.005,118.15085472576749,118.245,118.16204802354835,118.255,118.16204802354835,118.245,0.08295197645165331,0.0007014966296122902,CWB,ICVT,2026-06-08,False,947.0,846.0,0.0,0.0,,,0.0,0.0,0.0,False,True,False,0.0,,,0.0,0.0,0.0,0.0,0.0,0.0,0.0,0.0,0.0,0.0,-0.0,-0.0,-0.0,-0.0,0.0,0.0,0.0,0.0,0.0,2508.269999999983
104.68,117.37,-0.8799999999999955,-0.8799999999999955,1.1212265953381735,1.0,1.1197498663160668,1.0,1.1195706120208562,1.0,117.19665166634323,117.37,0.005597853060104281,0.005,117.19105381328312,117.36500000000001,117.20224951940334,117.375,117.20224951940334,117.36500000000001,0.16275048059667085,0.0013866446331828478,CWB,ICVT,2026-06-09,False,954.0,852.0,0.0,0.0,,,0.0,0.0,0.0,False,True,False,0.0,,,0.0,0.0,0.0,0.0,0.0,0.0,0.0,0.0,0.0,0.0,-0.0,-0.0,-0.0,-0.0,0.0,-0.0,-0.0,0.0,0.0,2508.269999999983
103.36,115.55,-1.3200000000000074,-1.8200000000000074,1.1179373065015479,1.0,1.1198505289887255,1.0,1.1197498663160668,1.0,115.73734618242867,115.55,0.005598749331580334,0.005,115.73174743309708,115.545,115.74294493176025,115.55499999999999,115.55499999999999,115.73174743309708,0.1767474330970913,0.0015296186334668221,ICVT,CWB,2026-06-10,False,969.0,865.0,0.0,0.0,,,0.0,0.0,0.0,False,True,False,0.0,,,0.0,0.0,0.0,0.0,0.0,0.0,0.0,0.0,0.0,0.0,-0.0,-0.0,-0.0,-0.0,0.0,-0.0,-0.0,0.0,0.0,2508.269999999983
105.62,118.15,2.260000000000005,2.6000000000000085,1.1186328346903995,1.0,1.1198504468454635,1.0,1.1198505289887255,1.0,118.27861287178919,118.15,0.005599252644943628,0.005,118.27301361914425,118.14500000000001,118.28421212443413,118.155,118.155,118.27301361914425,0.11801361914425001,0.0009988456973698688,ICVT,CWB,2026-06-11,False,947.0,846.0,0.0,0.0,,,0.0,0.0,0.0,False,True,False,0.0,,,0.0,0.0,0.0,0.0,0.0,0.0,0.0,0.0,0.0,0.0,-0.0,-0.0,-0.0,-0.0,0.0,0.0,0.0,0.0,0.0,2508.269999999983
106.88,119.75,1.259999999999991,1.5999999999999943,1.1204154191616766,1.0,1.1199549186574462,1.0,1.1198504468454635,1.0,119.68961575884313,119.75,0.005599252234227318,0.005,119.6840165066089,119.745,119.69521501107737,119.755,119.69521501107737,119.745,0.04978498892263872,0.0004157410348445822,CWB,ICVT,2026-06-12,False,935.0,835.0,0.0,0.0,,,0.0,0.0,0.0,False,True,False,0.0,,,0.0,0.0,0.0,0.0,0.0,0.0,0.0,0.0,0.0,0.0,-0.0,-0.0,-0.0,-0.0,0.0,0.0,0.0,0.0,0.0,2508.269999999983
109.77,123.18,2.8900000000000006,3.430000000000007,1.1221645258267288,1.0,1.1199913746138543,1.0,1.1199549186574462,1.0,122.93745142102787,123.18,0.005599774593287231,0.005,122.93185164643458,123.17500000000001,122.94305119562117,123.185,122.94305119562117,123.17500000000001,0.23194880437884535,0.0018830070172012124,CWB,ICVT,2026-06-15,False,909.0,812.0,0.0,0.0,,,0.0,0.0,0.0,False,True,False,0.0,,,0.0,0.0,0.0,0.0,0.0,0.0,0.0,0.0,0.0,0.0,-0.0,-0.0,-0.0,-0.0,0.0,0.0,0.0,0.0,0.0,2508.269999999983
109.48,122.76,-0.28999999999999204,-0.4200000000000017,1.1213006941907198,1.0,1.1199801892183934,1.0,1.1199913746138543,1.0,122.61665569272478,122.76,0.005599956873069272,0.005,122.6110557358517,122.75500000000001,122.62225564959785,122.765,122.62225564959785,122.75500000000001,0.13274435040216304,0.0010813322776324782,CWB,ICVT,2026-06-16,False,913.0,815.0,0.0,0.0,,,0.0,0.0,0.0,False,True,False,0.0,,,0.0,0.0,0.0,0.0,0.0,0.0,0.0,0.0,0.0,0.0,-0.0,-0.0,-0.0,-0.0,0.0,-0.0,-0.0,0.0,0.0,2508.269999999983
109.54,122.97,0.060000000000002274,0.20999999999999375,1.1226036151177652,1.0,1.1201556647809976,1.0,1.1199801892183934,1.0,122.68262992698281,122.97,0.005599900946091967,0.005,122.67703002603672,122.965,122.68822982792891,122.975,122.68822982792891,122.965,0.276770172071096,0.002250712954957274,CWB,ICVT,2026-06-17,False,911.0,813.0,0.0,0.0,,,0.0,0.0,0.0,False,False,False,-0.0,,,0.0,0.0,0.0,0.0,0.0,0.0,0.0,0.0,0.0,0.0,-0.0,-0.0,-0.0,-0.0,0.0,0.0,0.0,0.0,0.0,2508.269999999983
110.58,124.25,1.039999999999992,1.2800000000000011,1.123620907939953,1.0,1.1202946192071876,1.0,1.1201556647809976,1.0,123.86681341148271,124.25,0.005600778323904988,0.005,123.8612126331588,124.245,123.87241418980662,124.255,123.87241418980662,124.245,0.3725858101933852,0.0029986785528642672,CWB,ICVT,2026-06-18,False,902.0,805.0,0.0,0.0,,,0.0,0.0,-0.0,False,False,False,0.0,,,0.0,0.0,0.0,0.0,0.0,0.0,0.0,0.0,0.0,0.0,-0.0,-0.0,-0.0,-0.0,0.0,0.0,0.0,0.0,0.0,2508.269999999983
110.42,124.27,-0.1599999999999966,0.01999999999999602,1.1254301756928091,1.0,1.120577706239906,1.0,1.1202946192071876,1.0,123.70293185285766,124.27,0.005601473096035938,0.005,123.69733037976162,124.265,123.7085333259537,124.27499999999999,123.7085333259537,124.265,0.5564666740463053,0.004477884236310496,CWB,ICVT,2026-06-22,False,902.0,805.0,0.0,0.0,,,0.0,0.0,0.0,True,False,False,1.0,CWB,ICVT,902.0,-805.0,0.0,0.0,0.0,0.0,902.0,-805.0,902.0,0.0,-0.0,805.0,-4.51,-4.025,-8.535,-0.0,0.0,0.0,-8.535,2499.7349999999833
108.24,121.85,-2.180000000000007,-2.4200000000000017,1.125739098300074,1.0,1.1208400515950423,1.0,1.120577706239906,1.0,121.29133092340743,121.85,0.00560288853119953,0.005,121.28572803487623,121.845,121.29693381193863,121.85499999999999,121.29693381193863,121.845,0.5480661880613695,0.004497875979165938,CWB,ICVT,2026-06-23,False,920.0,821.0,902.0,-805.0,CWB,ICVT,0.5480661880613695,0.004497875979165938,1.0,True,False,False,1.0,CWB,ICVT,920.0,-821.0,99598.84,-100037.34999999999,199636.19,-438.50999999999476,18.0,-16.0,18.0,0.0,-0.0,16.0,-0.09,-0.08,-0.16999999999999998,-1966.360000000006,1948.1000000000013,-18.260000000004766,-18.430000000004767,2481.3049999999785
107.13,120.56,-1.1099999999999994,-1.289999999999992,1.1253617100718754,1.0,1.120948886513156,1.0,1.1208400515950423,1.0,120.07559472737688,120.56,0.005604200257975212,0.005,120.0699905271189,120.555,120.08119892763486,120.565,120.08119892763486,120.555,0.47380107236514846,0.003930002259166792,CWB,ICVT,2026-06-24,False,929.0,829.0,920.0,-821.0,CWB,ICVT,0.47380107236514846,0.003930002259166792,1.0,True,False,False,1.0,CWB,ICVT,929.0,-829.0,99580.79999999999,-100038.84999999999,199619.64999999997,-458.0500000000029,9.0,-8.0,9.0,0.0,-0.0,8.0,-0.045,-0.04,-0.08499999999999999,-1021.1999999999995,1059.0899999999936,37.889999999994075,37.804999999994074,2519.1099999999724
107.52,121.04,0.39000000000000057,0.480000000000004,1.1257440476190477,1.0,1.1211421781280433,1.0,1.120948886513156,1.0,120.52442427789454,121.04,0.00560474443256578,0.005,120.51881953346198,121.03500000000001,120.5300290223271,121.045,120.5300290223271,121.03500000000001,0.5049709776729117,0.0041719347130941145,CWB,ICVT,2026-06-25,False,926.0,826.0,929.0,-829.0,CWB,ICVT,0.5049709776729117,0.0041719347130941145,1.0,True,False,False,1.0,CWB,ICVT,926.0,-826.0,99523.76999999999,-99944.24,199468.01,-420.4700000000157,-3.0,3.0,0.0,3.0,3.0,-0.0,-0.015,-0.015,-0.03,362.3100000000005,-397.9200000000033,-35.6100000000028,-35.6400000000028,2483.46999999997
105.5,118.81,-2.019999999999996,-2.230000000000004,1.1261611374407583,1.0,1.121559963926929,1.0,1.1211421781280433,1.0,118.28049979250856,118.81,0.005605710890640217,0.005,118.27489408161793,118.805,118.2861055033992,118.815,118.2861055033992,118.805,0.518894496600808,0.0043674311640502315,CWB,ICVT,2026-06-26,False,944.0,842.0,926.0,-826.0,CWB,ICVT,0.518894496600808,0.0043674311640502315,1.0,True,False,False,1.0,CWB,ICVT,944.0,-842.0,99563.51999999999,-99979.04000000001,199542.56,-415.5200000000186,18.0,-16.0,18.0,0.0,-0.0,16.0,-0.09,-0.08,-0.16999999999999998,-1870.5199999999963,1841.9800000000032,-28.539999999993142,-28.709999999993144,2454.7599999999766
107.14,120.81,1.6400000000000006,2.0,1.1275900690685086,1.0,1.122120780978874,1.0,1.121559963926929,1.0,120.16393453513116,120.81,0.005607799819634645,0.005,120.15832673531153,120.805,120.16954233495079,120.815,120.16954233495079,120.805,0.6354576650492163,0.005259975706060891,CWB,ICVT,2026-06-29,False,929.0,828.0,944.0,-842.0,CWB,ICVT,0.6354576650492163,0.005259975706060891,1.0,True,False,False,1.0,CWB,ICVT,929.0,-828.0,99592.0,-100038.02,199630.02000000002,-446.0200000000041,-15.0,14.0,0.0,14.0,15.0,-0.0,-0.075,-0.07,-0.14500000000000002,1548.1600000000005,-1684.0,-135.83999999999946,-135.98499999999947,2318.774999999977
107.82,121.74,0.6799999999999926,0.9299999999999926,1.129104062326099,1.0,1.1225447312394723,1.0,1.122120780978874,1.0,120.98706260514219,121.74,0.00561060390489437,0.005,120.98145200123729,121.735,120.99267320904708,121.74499999999999,120.99267320904708,121.735,0.7423267909529159,0.006097640799678955,CWB,ICVT,2026-06-30,False,921.0,821.0,929.0,-828.0,CWB,ICVT,0.7423267909529159,0.006097640799678955,1.0,True,False,False,1.0,CWB,ICVT,921.0,-821.0,99533.06,-100030.68000000001,199563.74,-497.6200000000099,-8.0,7.0,0.0,7.0,8.0,-0.0,-0.04,-0.035,-0.07500000000000001,631.7199999999931,-770.0399999999938,-138.32000000000073,-138.39500000000072,2180.379999999976
105.85,119.43,-1.9699999999999989,-2.309999999999988,1.1282947567312236,1.0,1.1230176233111788,1.0,1.1225447312394723,1.0,118.82135980169814,119.43,0.005612723656197361,0.005,118.81574707804194,119.42500000000001,118.82697252535434,119.435,118.82697252535434,119.42500000000001,0.5980274746456757,0.005007347187856281,CWB,ICVT,2026-07-01,True,940.0,837.0,921.0,-821.0,CWB,ICVT,0.5980274746456757,0.005007347187856281,1.0,True,False,False,1.0,CWB,ICVT,940.0,-837.0,99302.21999999999,-99948.54,199250.75999999998,-646.320000000007,19.0,-16.0,19.0,0.0,-0.0,16.0,-0.095,-0.08,-0.175,-1814.369999999999,1896.5099999999902,82.13999999999123,81.96499999999124,2262.344999999967
104.38,117.43,-1.4699999999999989,-2.0,1.1250239509484576,1.0,1.1232209494900653,1.0,1.1230176233111788,1.0,117.22057952122084,117.43,0.005615088116555894,0.005,117.21496443310429,117.42500000000001,117.2261946093374,117.435,117.2261946093374,117.42500000000001,0.1988053906626135,0.0016929693490812694,CWB,ICVT,2026-07-02,False,957.0,852.0,940.0,-837.0,CWB,ICVT,0.1988053906626135,0.0016929693490812694,1.0,False,True,True,0.0,,,0.0,0.0,99499.0,-99962.91,199461.91,-463.9100000000035,-940.0,837.0,0.0,837.0,940.0,-0.0,-4.7,-4.1850000000000005,-8.885000000000002,-1381.7999999999988,1674.0,292.2000000000012,283.3150000000012,2545.659999999968
105.33,118.19,0.9500000000000028,0.7599999999999909,1.1220924712807367,1.0,1.1233343273856724,1.0,1.1232209494900653,1.0,118.30886260978858,118.19,0.005616104747450327,0.005,118.30324650504113,118.185,118.31447871453602,118.195,118.195,118.30324650504113,0.1082465050411372,0.0009158685594478145,ICVT,CWB,2026-07-06,False,950.0,846.0,0.0,0.0,,,0.0,0.0,0.0,False,True,False,0.0,,,0.0,0.0,0.0,0.0,0.0,0.0,0.0,0.0,0.0,0.0,-0.0,-0.0,-0.0,-0.0,0.0,0.0,0.0,0.0,0.0,2545.659999999968
103.85,116.3,-1.480000000000004,-1.8900000000000006,1.1198844487241213,1.0,1.123427190893816,1.0,1.1233343273856724,1.0,116.65826989900208,116.3,0.005616671636928362,0.005,116.65265322736515,116.295,116.66388657063901,116.30499999999999,116.30499999999999,116.65265322736515,0.34765322736515714,0.0029892796849970518,ICVT,CWB,2026-07-07,False,966.0,860.0,0.0,0.0,,,0.0,0.0,0.0,False,False,False,-0.0,,,0.0,0.0,0.0,0.0,0.0,0.0,0.0,0.0,0.0,0.0,-0.0,-0.0,-0.0,-0.0,0.0,-0.0,-0.0,0.0,0.0,2545.659999999968
104.65,117.08,0.8000000000000114,0.7800000000000011,1.1187768752986142,1.0,1.1233552351134644,1.0,1.123427190893816,1.0,117.56665552703785,117.08,0.005617135954469081,0.005,117.56103839108339,117.075,117.57227266299232,117.085,117.085,117.56103839108339,0.4760383910833923,0.004065924078266077,ICVT,CWB,2026-07-08,False,959.0,854.0,0.0,0.0,,,0.0,0.0,-0.0,True,False,False,1.0,ICVT,CWB,-959.0,854.0,0.0,0.0,0.0,0.0,-959.0,854.0,0.0,854.0,959.0,-0.0,-4.795,-4.2700000000000005,-9.065000000000001,0.0,0.0,0.0,-9.065000000000001,2536.594999999968
105.62,118.56,0.9699999999999989,1.480000000000004,1.1225146752508994,1.0,1.123419639109101,1.0,1.1233552351134644,1.0,118.6487799326841,118.56,0.0056167761755673215,0.005,118.64316315650854,118.555,118.65439670885968,118.565,118.565,118.64316315650854,0.07816315650853767,0.0006592708882299061,ICVT,CWB,2026-07-09,False,947.0,843.0,-959.0,854.0,ICVT,CWB,0.07816315650853767,0.0006592708882299061,1.0,False,True,False,0.0,,,0.0,0.0,-100359.35,99986.31999999999,200345.66999999998,-373.0300000000134,959.0,-854.0,959.0,0.0,-0.0,854.0,-4.795,-4.2700000000000005,-9.065000000000001,-930.2299999999989,1263.9200000000035,333.6900000000046,324.6250000000046,2861.2199999999725
105.24,117.92,-0.38000000000000966,-0.6400000000000006,1.120486507031547,1.0,1.123547099135601,1.0,1.123419639109101,1.0,118.22868281984178,117.92,0.005617098195545504,0.005,118.22306572164624,117.915,118.23429991803732,117.925,117.925,118.22306572164624,0.298065721646239,0.0025276943830244147,ICVT,CWB,2026-07-10,False,953.0,848.0,0.0,0.0,,,0.0,0.0,0.0,False,False,False,-0.0,,,0.0,0.0,0.0,0.0,0.0,0.0,0.0,0.0,0.0,0.0,-0.0,-0.0,-0.0,-0.0,0.0,-0.0,-0.0,0.0,0.0,2861.2199999999725
103.86,116.38,-1.3799999999999955,-1.5400000000000063,1.1205468900442903,1.0,1.1236428019032954,1.0,1.123547099135601,1.0,116.69160171622352,116.38,0.005617735495678004,0.005,116.68598398072784,116.375,116.69721945171919,116.38499999999999,116.38499999999999,116.68598398072784,0.3009839807278496,0.002586217397558426,ICVT,CWB,2026-07-13,False,965.0,859.0,0.0,0.0,,,0.0,0.0,-0.0,False,False,False,0.0,,,0.0,0.0,0.0,0.0,0.0,0.0,0.0,0.0,0.0,0.0,-0.0,-0.0,-0.0,-0.0,0.0,-0.0,-0.0,0.0,0.0,2861.2199999999725
104.14,116.57,0.28000000000000114,0.18999999999999773,1.1193585557902823,1.0,1.1235899587347258,1.0,1.1236428019032954,1.0,117.01616139020918,116.57,0.005618214009516477,0.005,117.01054317619966,116.565,117.0217796042187,116.57499999999999,116.57499999999999,117.01054317619966,0.43554317619967264,0.0037363230350834064,ICVT,CWB,2026-07-14,False,964.0,858.0,0.0,0.0,,,0.0,0.0,0.0,True,False,False,1.0,ICVT,CWB,-964.0,858.0,0.0,0.0,0.0,0.0,-964.0,858.0,0.0,858.0,964.0,-0.0,-4.82,-4.29,-9.11,0.0,0.0,0.0,-9.11,2852.1099999999724
103.59,116.0,-0.5499999999999972,-0.5699999999999932,1.119799208417801,1.0,1.1234716928642792,1.0,1.1235899587347258,1.0,116.39268382533025,116.0,0.005617949793673629,0.005,116.38706587553658,115.995,116.39830177512393,116.005,116.005,116.38706587553658,0.38206587553658267,0.0032936713408326093,ICVT,CWB,2026-07-15,False,969.0,862.0,-964.0,858.0,ICVT,CWB,0.38206587553658267,0.0032936713408326093,1.0,True,False,False,1.0,ICVT,CWB,-969.0,862.0,-100390.96,100017.06,200408.02000000002,-373.90000000000873,-5.0,4.0,0.0,4.0,5.0,-0.0,-0.025,-0.02,-0.045,530.1999999999973,-489.05999999999415,41.14000000000317,41.09500000000317,2893.2049999999754
101.54,113.65,-2.049999999999997,-2.3499999999999943,1.1192633444947804,1.0,1.1233698253794822,1.0,1.1234716928642792,1.0,114.07731569343892,113.65,0.005617358464321396,0.005,114.0716983349746,113.64500000000001,114.08293305190324,113.655,113.655,114.0716983349746,0.41669833497459763,0.003666505367132403,ICVT,CWB,2026-07-16,False,989.0,880.0,-969.0,862.0,ICVT,CWB,0.41669833497459763,0.003666505367132403,1.0,True,False,False,1.0,ICVT,CWB,-989.0,880.0,-100378.71,99992.0,200370.71000000002,-386.7100000000064,-20.0,18.0,0.0,18.0,20.0,-0.0,-0.1,-0.09,-0.19,1986.4499999999973,-2025.699999999995,-39.249999999997726,-39.439999999997724,2853.7649999999776
101.49,113.74,-0.05000000000001137,0.0899999999999892,1.1207015469504384,1.0,1.1232747219711159,1.0,1.1233698253794822,1.0,114.01080357776364,113.74,0.005616849126897411,0.005,114.00518672863674,113.735,114.01642042689053,113.74499999999999,113.74499999999999,114.00518672863674,0.26018672863675363,0.0022875569600558612,ICVT,CWB,2026-07-17,False,987.0,879.0,-989.0,880.0,ICVT,CWB,0.26018672863675363,0.0022875569600558612,1.0,False,False,False,-1.0,ICVT,CWB,-987.0,879.0,-100423.06000000001,100012.0,200435.06,-411.0600000000122,2.0,-1.0,2.0,0.0,-0.0,1.0,-0.01,-0.005,-0.015,49.450000000011244,79.1999999999905,128.65000000000174,128.63500000000175,2982.399999999979
101.82,114.16,0.3299999999999983,0.4200000000000017,1.121194264388136,1.0,1.123153389793525,1.0,1.1232747219711159,1.0,114.37183219109902,114.16,0.005616373609855579,0.005,114.36621581748916,114.155,114.37744856470887,114.16499999999999,114.16499999999999,114.36621581748916,0.20121581748917095,0.001762577237992037,ICVT,CWB,2026-07-20,False,984.0,876.0,-987.0,879.0,ICVT,CWB,0.0,0.0,-1.0,False,True,False,0.0,,,0.0,0.0,-100170.62999999999,99977.45999999999,200148.08999999997,-193.16999999999825,987.0,-879.0,987.0,0.0,-0.0,879.0,-4.9350000000000005,-4.3950000000000005,-9.330000000000002,-325.70999999999833,369.1800000000015,43.470000000003154,34.140000000003155,3016.5399999999822
103.69,116.72,1.8700000000000045,2.5600000000000023,1.1256630340437843,1.0,1.1231650327110736,1.0,1.123153389793525,1.0,116.45977498769061,116.72,0.005615766948967625,0.005,116.45415922074164,116.715,116.46539075463957,116.725,116.46539075463957,116.715,0.24960924536043194,0.0021385302035677855,CWB,ICVT,2026-07-21,False,963.0,857.0,0.0,0.0,,,0.0,0.0,0.0,False,False,False,-0.0,,,0.0,0.0,0.0,0.0,0.0,0.0,0.0,0.0,0.0,0.0,-0.0,-0.0,-0.0,-0.0,0.0,0.0,0.0,0.0,0.0,3016.5399999999822
104.0,116.51,0.3100000000000023,-0.20999999999999375,1.1202884615384616,1.0,1.1228925008729933,1.0,1.1231650327110736,1.0,116.80916340195165,116.51,0.005615825163555368,0.005,116.80354757678809,116.50500000000001,116.81477922711521,116.515,116.515,116.80354757678809,0.2885475767880905,0.002476590651344009,ICVT,CWB,2026-07-22,False,964.0,858.0,0.0,0.0,,,0.0,0.0,-0.0,False,False,False,0.0,,,0.0,0.0,0.0,0.0,0.0,0.0,0.0,0.0,0.0,0.0,-0.0,-0.0,-0.0,-0.0,0.0,0.0,-0.0,0.0,0.0,3016.5399999999822
103.17,115.9,-0.8299999999999983,-0.6099999999999994,1.1233885819521179,1.0,1.1227938444670054,1.0,1.1228925008729933,1.0,115.84881931506672,115.9,0.005614462504364966,0.005,115.84320485256235,115.89500000000001,115.85443377757109,115.905,115.85443377757109,115.89500000000001,0.040566222428921606,0.0003500105472728352,CWB,ICVT,2026-07-23,False,969.0,863.0,0.0,0.0,,,0.0,0.0,0.0,False,True,False,0.0,,,0.0,0.0,0.0,0.0,0.0,0.0,0.0,0.0,0.0,0.0,-0.0,-0.0,-0.0,-0.0,0.0,-0.0,-0.0,0.0,0.0,3016.5399999999822
101.48,113.75,-1.6899999999999977,-2.1500000000000057,1.1209105242412298,1.0,1.1225521682981143,1.0,1.1227938444670054,1.0,113.9411193365117,113.75,0.005613969222335027,0.005,113.93550536728937,113.745,113.94673330573404,113.755,113.755,113.93550536728937,0.1805053672893706,0.0015868603717746866,ICVT,CWB,2026-07-24,False,987.0,879.0,0.0,0.0,,,0.0,0.0,0.0,False,True,False,0.0,,,0.0,0.0,0.0,0.0,0.0,0.0,0.0,0.0,0.0,0.0,-0.0,-0.0,-0.0,-0.0,0.0,-0.0,-0.0,0.0,0.0,3016.5399999999822
101.34,113.44,-0.14000000000000057,-0.3100000000000023,1.1194000394710875,1.0,1.1222141133996308,1.0,1.1225521682981143,1.0,113.75943673533091,113.44,0.005612760841490572,0.005,113.75382397448942,113.435,113.7650494961724,113.445,113.445,113.75382397448942,0.3088239744894281,0.002722355205301729,ICVT,CWB,2026-07-27,False,990.0,882.0,0.0,0.0,,,0.0,0.0,0.0,False,False,False,-0.0,,,0.0,0.0,0.0,0.0,0.0,0.0,0.0,0.0,0.0,0.0,-0.0,-0.0,-0.0,-0.0,0.0,-0.0,-0.0,0.0,0.0,3016.5399999999822
100.31,111.86,-1.0300000000000011,-1.5799999999999983,1.115143056524773,1.0,1.121591762772444,1.0,1.1222141133996308,1.0,112.56929771511697,111.86,0.005611070566998154,0.005,112.56368664454997,111.855,112.57490878568397,111.865,111.865,112.56368664454997,0.69868664454998,0.0062460812135703555,ICVT,CWB,2026-07-28,False,1003.0,894.0,0.0,0.0,,,0.0,0.0,-0.0,True,False,False,1.0,ICVT,CWB,-1003.0,894.0,0.0,0.0,0.0,0.0,-1003.0,894.0,0.0,894.0,1003.0,-0.0,-5.015,-4.47,-9.485,-0.0,-0.0,0.0,-9.485,3007.054999999982
98.39,109.68,-1.9200000000000017,-2.1799999999999926,1.114747433682285,1.0,1.1208739313402534,1.0,1.121591762772444,1.0,110.35341353918078,109.68,0.00560795881386222,0.005,110.34780558036691,109.67500000000001,110.35902149799465,109.685,109.685,110.34780558036691,0.6628055803669071,0.00604308516016509,ICVT,CWB,2026-07-29,False,1023.0,912.0,-1003.0,894.0,ICVT,CWB,0.6628055803669071,0.00604308516016509,1.0,True,False,False,1.0,ICVT,CWB,-1023.0,912.0,-100610.93000000001,100002.84,200613.77000000002,-608.0900000000111,-20.0,18.0,0.0,18.0,20.0,-0.0,-0.1,-0.09,-0.19,1925.7600000000018,-1948.9199999999935,-23.15999999999167,-23.34999999999167,2983.7049999999904
101.49,113.38,3.0999999999999943,3.6999999999999886,1.1171543994482216,1.0,1.1203169134761033,1.0,1.1208739313402534,1.0,113.75749529172231,113.38,0.005604369656701267,0.005,113.75189092206561,113.375,113.763099661379,113.38499999999999,113.38499999999999,113.75189092206561,0.3668909220656218,0.0032359403957101943,ICVT,CWB,2026-07-30,False,989.0,882.0,-1023.0,912.0,ICVT,CWB,0.3668909220656218,0.0032359403957101943,1.0,True,False,False,1.0,ICVT,CWB,-989.0,882.0,-100652.97,100028.16,200681.13,-624.8099999999977,34.0,-30.0,34.0,0.0,-0.0,30.0,-0.17,-0.15,-0.32,-3171.2999999999943,3374.3999999999896,203.09999999999536,202.77999999999537,3186.4849999999856
101.85,113.23,0.35999999999999943,-0.14999999999999147,1.11173294059892,1.0,1.1196523629586264,1.0,1.1203169134761033,1.0,114.10427763754112,113.23,0.005601584567380516,0.005,114.09867605297373,113.22500000000001,114.1098792221085,113.235,113.235,114.09867605297373,0.8636760529737302,0.00762762565551294,ICVT,CWB,2026-07-31,False,989.0,883.0,-989.0,882.0,ICVT,CWB,0.8636760529737302,0.00762762565551294,1.0,True,False,False,1.0,ICVT,CWB,-989.0,883.0,-100373.61,100001.15999999999,200374.77,-372.45000000001164,0.0,1.0,0.0,1.0,-0.0,-0.0,-0.0,-0.005,-0.005,-356.03999999999945,-132.29999999999248,-488.33999999999196,-488.34499999999196,2698.1399999999935
