date,AGG,ANGL,BND,BNDX,BWX,CMF,CORP,CWB,EMB,EMLC,FALN,HYG,HYLB,IAGG,ICVT,IGLB,IGOV,IUSB,JNK,LQD,MBB,MUB,PCY,PFF,PFFD,SCHH,SCHQ,SCHZ,SCYB,SPAB,SPBO,SPHY,SPLB,SPMB,SPTL,TFI,TLT,USHY,USIG,USRT,VCLT,VGLT,VMBS,VTC,VTEB,VTEC,VWOB
2025-08-07,99.13,29.09,73.58,49.44,23.05,55.64,97.36,84.68,93.38,25.17,27.01,80.21,36.69,51.22,92.08,50.33,42.43,46.21,96.7,109.76,93.71,104.08,20.78,31.04,19.06,21.06,31.74,23.21,26.37,25.57,29.24,23.64,22.6,22.08,26.46,44.57,87.67,37.31,51.51,56.38,75.94,55.85,46.32,77.41,48.86,97.33,65.78
2025-08-08,98.94,29.1,73.42,49.36,22.98,55.61,97.11,84.49,93.38,25.21,27.02,80.22,36.68,51.13,91.87,50.13,42.31,46.12,96.72,109.41,93.56,104.02,20.8,31.16,19.16,20.86,31.6,23.16,26.39,25.51,29.17,23.64,22.5,22.03,26.36,44.55,87.29,37.3,51.4,55.96,75.6,55.64,46.23,77.2,48.86,97.29,65.77
2025-08-11,99.01,29.11,73.47,49.34,22.91,55.68,97.24,84.46,93.5,25.16,27.03,80.22,36.68,51.14,91.98,50.24,42.19,46.15,96.7,109.58,93.56,104.15,20.82,31.14,19.14,20.76,31.64,23.18,26.39,25.54,29.2,23.63,22.54,22.03,26.39,44.6,87.39,37.31,51.47,55.64,75.78,55.7,46.25,77.3,48.92,97.43,65.84
2025-08-12,99.01,29.13,73.48,49.28,22.97,55.71,97.27,85.28,93.68,25.29,27.09,80.4,36.75,51.09,92.74,50.24,42.26,46.16,96.89,109.68,93.61,104.15,20.88,31.33,19.24,20.88,31.5,23.17,26.42,25.54,29.23,23.68,22.55,22.04,26.26,44.63,86.95,37.38,51.52,56.04,75.78,55.44,46.25,77.38,48.95,97.46,66.01
2025-08-13,99.37,29.24,73.75,49.44,23.09,55.76,97.7,85.66,94.14,25.35,27.19,80.61,36.87,51.19,93.17,50.63,42.56,46.32,97.17,110.26,93.94,104.22,21.04,31.49,19.33,21.06,31.75,23.26,26.49,25.63,29.35,23.74,22.73,22.13,26.48,44.65,87.67,37.49,51.72,56.64,76.33,55.87,46.46,77.69,48.95,97.31,66.32
2025-08-14,99.09,29.16,73.54,49.32,22.94,55.67,97.42,85.31,93.93,25.25,27.14,80.4,36.78,51.1,92.75,50.4,42.28,46.2,96.89,109.88,93.62,104.05,21.0,31.44,19.32,20.89,31.52,23.19,26.44,25.55,29.27,23.7,22.62,22.06,26.27,44.55,87.02,37.4,51.58,56.17,76.0,55.48,46.32,77.47,48.88,97.1,66.18
2025-08-15,98.94,29.19,73.44,49.14,22.94,55.69,97.31,85.39,93.85,25.33,27.16,80.46,36.78,50.98,92.98,50.25,42.25,46.13,96.92,109.74,93.58,104.06,20.9,31.4,19.27,21.02,31.33,23.16,26.45,25.51,29.23,23.69,22.55,22.03,26.11,44.57,86.4,37.41,51.53,56.42,75.78,55.14,46.28,77.37,48.88,97.22,66.1
2025-08-18,98.83,29.18,73.36,49.17,22.89,55.7,97.18,85.59,93.94,25.26,27.14,80.4,36.78,50.97,93.18,50.11,42.18,46.1,96.87,109.54,93.43,104.04,20.87,31.49,19.33,20.83,31.25,23.14,26.45,25.49,29.18,23.69,22.49,22.01,26.06,44.58,86.15,37.39,51.46,56.0,75.54,55.01,46.22,77.28,48.89,97.28,66.14
2025-08-19,99.02,29.19,73.5,49.23,22.87,55.71,97.34,84.8,93.98,25.22,27.12,80.38,36.77,50.99,92.44,50.24,42.12,46.17,96.86,109.71,93.51,104.1,20.86,31.5,19.4,21.21,31.42,23.18,26.42,25.54,29.23,23.69,22.55,22.04,26.19,44.58,86.65,37.4,51.55,57.06,75.75,55.3,46.27,77.39,48.89,97.31,66.21
2025-08-20,99.08,29.18,73.55,49.3,22.9,55.7,97.41,84.75,93.83,25.26,27.13,80.35,36.74,51.05,92.41,50.26,42.17,46.2,96.79,109.76,93.65,104.05,20.81,31.46,19.38,21.3,31.46,23.19,26.41,25.55,29.25,23.68,22.56,22.07,26.25,44.55,86.84,37.37,51.56,57.22,75.78,55.39,46.32,77.41,48.86,97.21,66.11
2025-08-21,98.85,29.12,73.37,49.2,22.76,55.63,97.1,84.72,93.53,25.18,27.06,80.2,36.69,50.94,92.36,50.03,41.87,46.09,96.62,109.34,93.5,103.91,20.75,31.49,19.36,21.23,31.33,23.14,26.39,25.49,29.15,23.64,22.44,22.03,26.13,44.51,86.41,37.32,51.42,57.03,75.4,55.13,46.23,77.19,48.83,97.16,65.89
2025-08-22,99.4,29.36,73.74,49.28,23.0,55.83,97.74,85.96,94.21,25.4,27.31,80.85,37.0,51.07,93.84,50.52,42.38,46.33,97.43,110.2,94.08,104.23,20.93,31.72,19.51,21.59,31.56,23.26,26.59,25.63,29.34,23.81,22.66,22.16,26.31,44.65,87.05,37.6,51.74,57.98,76.14,55.53,46.52,77.68,48.99,97.55,66.34
2025-08-25,99.25,29.33,73.64,49.18,22.82,55.82,97.57,85.76,93.84,25.27,27.26,80.69,36.92,50.96,93.56,50.37,42.02,46.27,97.31,109.91,93.86,104.25,20.87,31.61,19.46,21.44,31.49,23.22,26.56,25.59,29.29,23.79,22.61,22.14,26.26,44.64,86.8,37.55,51.64,57.67,75.91,55.41,46.45,77.52,48.96,97.5,66.1
2025-08-26,99.37,29.37,73.73,49.26,22.91,55.84,97.64,86.04,93.82,25.33,27.32,80.87,36.99,51.04,93.91,50.35,42.15,46.32,97.52,109.99,94.11,104.33,20.86,31.61,19.43,21.39,31.47,23.26,26.59,25.63,29.31,23.84,22.59,22.19,26.24,44.66,86.75,37.63,51.67,57.63,75.88,55.4,46.54,77.58,48.97,97.48,66.09
2025-08-27,99.47,29.41,73.8,49.27,22.92,55.83,97.68,86.08,93.71,25.28,27.35,80.97,37.03,51.03,93.79,50.3,42.18,46.36,97.67,110.03,94.24,104.44,20.83,31.63,19.46,21.56,31.44,23.28,26.61,25.64,29.32,23.87,22.57,22.21,26.23,44.73,86.65,37.68,51.7,58.34,75.82,55.36,46.61,77.59,49.0,97.62,65.99
2025-08-28,99.59,29.4,73.89,49.31,23.0,55.81,97.79,86.39,94.26,25.37,27.37,81.01,37.03,51.09,94.52,50.46,42.43,46.43,97.68,110.2,94.35,104.54,20.97,31.62,19.46,21.5,31.64,23.32,26.65,25.68,29.35,23.87,22.63,22.25,26.38,44.71,87.22,37.67,51.76,58.17,76.02,55.68,46.67,77.67,49.02,97.6,66.34
2025-08-29,99.46,29.38,73.8,49.31,23.0,55.81,97.59,86.28,94.12,25.36,27.32,80.86,37.0,51.05,94.45,50.13,42.41,46.39,97.51,109.8,94.35,104.46,20.92,31.46,19.35,21.61,31.47,23.29,26.57,25.66,29.27,23.84,22.47,22.23,26.22,44.7,86.6,37.63,51.65,58.54,75.51,55.39,46.62,77.49,49.01,97.63,66.24
2025-09-02,98.87,29.19,73.4,49.0,22.76,55.58,96.99,86.05,93.36,25.13,27.15,80.39,36.74,50.92,94.28,49.68,42.01,46.11,96.84,109.05,93.65,103.97,20.8,31.31,19.28,21.27,31.14,23.16,26.41,25.51,29.08,23.66,22.26,22.1,25.96,44.51,85.63,37.36,51.31,57.61,74.8,54.81,46.37,76.99,48.8,97.23,65.7
2025-09-03,99.23,29.28,73.64,49.14,22.82,55.78,97.41,85.82,93.76,25.17,27.24,80.61,36.82,51.03,94.13,50.14,42.1,46.25,97.14,109.7,93.95,104.23,20.93,31.38,19.28,21.28,31.44,23.24,26.48,25.59,29.23,23.73,22.5,22.15,26.21,44.63,86.57,37.45,51.53,57.8,75.56,55.33,46.47,77.37,48.94,97.52,65.98
2025-09-04,99.63,29.37,73.92,49.25,22.86,55.9,97.88,86.06,94.13,25.17,27.33,80.83,36.93,51.14,94.32,50.59,42.09,46.43,97.41,110.45,94.43,104.55,21.05,31.5,19.36,21.4,31.64,23.31,26.57,25.69,29.38,23.79,22.7,22.25,26.4,44.8,87.23,37.55,51.78,58.29,76.25,55.69,46.67,77.77,49.06,97.75,66.24
2025-09-05,100.1,29.46,74.27,49.4,23.06,56.22,98.36,86.56,94.76,25.33,27.4,80.87,36.96,51.25,95.03,51.12,42.62,46.64,97.51,111.17,94.89,105.25,21.27,31.72,19.5,21.64,32.09,23.43,26.58,25.82,29.53,23.81,22.94,22.35,26.76,45.02,88.56,37.59,52.04,58.84,77.05,56.45,46.88,78.16,49.35,98.36,66.65
2025-09-08,100.44,29.49,74.51,49.44,23.11,56.54,98.69,86.78,94.75,25.37,27.45,80.87,36.97,51.3,95.41,51.49,42.77,46.78,97.52,111.56,95.31,105.83,21.34,31.87,19.6,21.5,32.44,23.51,26.57,25.91,29.62,23.82,23.11,22.48,27.05,45.26,89.74,37.6,52.2,58.61,77.61,57.08,47.08,78.4,49.65,98.94,66.65
2025-09-09,100.24,29.45,74.37,49.42,23.06,56.53,98.45,87.49,94.66,25.34,27.41,80.78,36.93,51.27,96.06,51.38,42.61,46.71,97.4,111.36,95.1,105.67,21.3,31.8,19.58,21.47,32.28,23.47,26.55,25.85,29.58,23.8,23.06,22.41,26.92,45.22,89.23,37.56,52.13,58.51,77.46,56.82,46.94,78.29,49.63,98.84,66.6
2025-09-10,100.44,29.5,74.5,49.48,23.06,56.75,98.81,87.62,95.18,25.38,27.47,80.84,36.94,51.31,96.3,51.6,42.65,46.78,97.49,111.69,95.29,106.09,21.47,31.87,19.61,21.46,32.44,23.52,26.57,25.9,29.65,23.81,23.16,22.45,27.07,45.35,89.74,37.59,52.25,58.41,77.8,57.11,47.06,78.47,49.82,99.27,66.94
2025-09-11,100.63,29.55,74.66,49.51,23.14,56.91,99.03,88.39,95.53,25.51,27.57,81.04,37.03,51.34,97.37,51.99,42.83,46.87,97.77,112.21,95.46,106.48,21.61,32.05,19.74,21.78,32.63,23.55,26.64,25.97,29.77,23.87,23.34,22.5,27.2,45.48,90.34,37.7,52.4,59.37,78.39,57.41,47.16,78.75,50.02,99.56,67.16
2025-09-12,100.54,29.56,74.57,49.41,23.06,56.9,98.89,88.43,95.25,25.5,27.57,80.96,37.0,51.26,97.28,51.84,42.66,46.82,97.69,112.01,95.42,106.43,21.62,31.98,19.68,21.7,32.48,23.52,26.62,25.93,29.72,23.87,23.28,22.52,27.1,45.52,89.95,37.69,52.35,59.16,78.16,57.18,47.14,78.65,49.99,99.47,67.0
2025-09-15,100.71,29.68,74.71,49.46,23.16,57.01,99.18,89.06,95.59,25.6,27.71,81.19,37.1,51.32,98.02,52.08,42.86,46.92,97.99,112.36,95.73,106.63,21.71,32.1,19.78,21.63,32.57,23.58,26.7,25.97,29.79,23.93,23.38,22.57,27.17,45.67,90.16,37.78,52.47,59.01,78.51,57.33,47.27,78.81,50.12,99.83,67.16
2025-09-16,100.75,29.67,74.72,49.47,23.27,57.09,99.13,89.09,95.53,25.69,27.67,81.13,37.08,51.3,98.01,52.01,43.09,46.9,97.92,112.26,95.69,106.68,21.68,32.11,19.78,21.55,32.63,23.58,26.67,25.99,29.78,23.92,23.35,22.57,27.21,45.74,90.35,37.75,52.45,58.24,78.42,57.41,47.22,78.78,50.13,99.97,67.1
2025-09-17,100.57,29.64,74.59,49.46,23.22,57.09,98.98,89.23,95.48,25.67,27.64,81.05,37.05,51.35,98.4,51.89,43.02,46.83,97.8,112.06,95.44,106.66,21.69,32.1,19.79,21.5,32.54,23.55,26.65,25.95,29.73,23.89,23.3,22.51,27.15,45.71,90.12,37.71,52.37,58.03,78.25,57.28,47.13,78.68,50.17,99.98,67.09
2025-09-18,100.29,29.69,74.4,49.39,23.08,57.13,98.84,90.1,95.08,25.6,27.71,81.23,37.13,51.29,99.28,51.68,42.68,46.72,98.02,111.83,95.03,106.58,21.62,32.1,19.8,21.52,32.25,23.48,26.72,25.88,29.68,23.94,23.19,22.43,26.91,45.7,89.19,37.78,52.3,58.26,77.89,56.77,46.96,78.51,50.19,99.92,66.78
2025-09-19,100.29,29.71,74.43,49.39,23.04,57.08,98.78,90.41,94.98,25.61,27.73,81.26,37.14,51.28,99.62,51.6,42.55,46.72,98.09,111.74,95.19,106.47,21.64,32.13,19.79,21.39,32.22,23.47,26.72,25.87,29.68,23.96,23.16,22.46,26.87,45.69,89.02,37.79,52.3,57.86,77.8,56.68,47.04,78.54,50.15,99.92,66.73
2025-09-22,100.17,29.73,74.29,49.39,23.09,57.06,98.64,90.77,95.19,25.64,27.75,81.32,37.16,51.26,100.17,51.42,42.65,46.66,98.19,111.49,95.0,106.48,21.47,32.08,19.8,21.44,32.11,23.45,26.73,25.83,29.62,23.97,23.08,22.39,26.78,45.68,88.7,37.85,52.18,58.04,77.5,56.5,46.92,78.36,50.13,99.92,66.88
2025-09-23,100.33,29.72,74.44,49.38,23.11,57.02,98.74,90.34,95.56,25.64,27.76,81.26,37.14,51.28,99.55,51.6,42.72,46.75,98.13,111.71,95.31,106.43,21.53,32.04,19.73,21.6,32.32,23.49,26.75,25.88,29.66,23.96,23.14,22.44,26.94,45.62,89.32,37.8,52.26,58.44,77.75,56.87,47.05,78.49,50.11,99.85,67.2
2025-09-24,100.14,29.67,74.29,49.38,22.93,56.98,98.46,90.01,95.5,25.53,27.7,81.15,37.09,51.21,99.38,51.33,42.42,46.66,97.98,111.26,95.12,106.35,21.5,31.88,19.65,21.27,32.2,23.44,26.71,25.83,29.58,23.94,23.02,22.41,26.85,45.57,88.98,37.78,52.12,57.88,77.34,56.67,46.97,78.25,50.04,99.65,67.19
2025-09-25,100.0,29.59,74.21,49.35,22.79,56.91,98.3,89.61,95.26,25.4,27.63,80.92,36.99,51.17,98.84,51.24,42.15,46.6,97.67,111.06,94.97,106.25,21.44,31.71,19.53,21.19,32.17,23.41,26.63,25.81,29.54,23.88,22.99,22.4,26.83,45.54,88.98,37.66,52.04,57.68,77.21,56.63,46.93,78.11,50.01,99.54,67.03
2025-09-26,100.07,29.63,74.21,49.39,22.85,56.86,98.37,89.55,95.23,25.48,27.69,81.08,37.05,51.22,98.77,51.33,42.34,46.62,97.85,111.21,94.99,106.26,21.46,31.79,19.56,21.4,32.14,23.42,26.66,25.81,29.57,23.92,23.03,22.4,26.81,45.52,88.9,37.73,52.09,58.26,77.34,56.56,46.9,78.22,49.98,99.52,66.93
2025-09-29,100.26,29.7,74.4,49.45,22.96,56.94,98.66,90.47,95.39,25.51,27.75,81.22,37.12,51.29,99.95,51.62,42.56,46.71,98.06,111.58,95.19,106.42,21.54,31.79,19.56,21.43,32.38,23.48,26.73,25.87,29.63,23.95,23.16,22.45,27.0,45.57,89.63,37.8,52.22,58.27,77.82,56.98,47.01,78.42,50.05,99.69,67.03
2025-09-30,100.25,29.73,74.37,49.46,23.0,57.04,98.62,90.5,95.19,25.51,27.78,81.19,37.11,51.23,100.05,51.54,42.6,46.71,97.99,111.47,95.15,106.49,21.56,31.62,19.43,21.57,32.31,23.47,26.73,25.85,29.63,23.94,23.12,22.44,26.95,45.57,89.37,37.78,52.22,58.72,77.65,56.86,46.96,78.38,50.07,99.77,66.9
2025-10-01,100.18,29.63,74.32,49.38,22.99,56.96,98.55,91.32,95.12,25.43,27.7,80.96,36.99,51.27,100.82,51.51,42.64,46.65,97.64,111.51,95.12,106.39,21.64,31.73,19.55,21.57,32.25,23.45,26.61,25.84,29.6,23.84,23.11,22.43,26.92,45.48,89.29,37.65,52.16,58.82,77.63,56.79,46.96,78.34,49.99,99.56,66.8
2025-10-02,100.29,29.65,74.4,49.41,22.97,56.97,98.71,91.99,95.17,25.4,27.69,80.93,36.97,51.32,101.65,51.65,42.61,46.71,97.59,111.69,95.24,106.36,21.65,31.73,19.51,21.46,32.34,23.48,26.59,25.86,29.63,23.83,23.17,22.45,27.0,45.49,89.55,37.61,52.22,58.51,77.85,56.95,47.03,78.46,49.99,99.5,66.84
2025-10-03,100.18,29.64,74.31,49.41,22.96,57.01,98.54,92.12,95.21,25.45,27.69,80.84,36.93,51.35,101.79,51.59,42.59,46.67,97.47,111.55,95.09,106.38,21.62,31.76,19.51,21.55,32.26,23.45,26.56,25.84,29.61,23.81,23.14,22.42,26.92,45.51,89.38,37.59,52.16,58.78,77.77,56.82,46.97,78.34,49.98,99.59,66.9
2025-10-06,99.96,29.6,74.14,49.3,22.8,57.02,98.31,92.77,95.09,25.45,27.67,80.86,36.94,51.28,102.38,51.32,42.38,46.57,97.49,111.19,94.9,106.46,21.57,31.79,19.53,21.34,32.05,23.4,26.56,25.78,29.53,23.82,23.02,22.39,26.76,45.5,88.67,37.59,52.04,58.34,77.34,56.44,46.87,78.16,50.02,99.5,66.85
2025-10-07,100.13,29.59,74.28,49.34,22.7,57.04,98.51,91.96,95.05,25.38,27.64,80.77,36.92,51.29,101.78,51.44,42.2,46.64,97.38,111.4,95.1,106.54,21.58,31.75,19.55,21.29,32.23,23.44,26.57,25.83,29.58,23.8,23.08,22.41,26.9,45.53,89.18,37.55,52.11,58.09,77.51,56.74,46.95,78.26,50.07,99.59,66.79
2025-10-08,100.14,29.5,74.28,49.47,22.69,57.03,98.44,92.73,95.1,25.43,27.58,80.65,36.86,51.38,102.27,51.41,42.18,46.65,97.24,111.26,95.13,106.57,21.61,31.7,19.54,21.19,32.24,23.44,26.52,25.83,29.56,23.76,23.06,22.43,26.91,45.53,89.25,37.5,52.08,57.82,77.47,56.78,46.97,78.23,50.1,99.61,66.84
2025-10-09,100.02,29.44,74.23,49.4,22.58,57.06,98.33,92.61,95.05,25.38,27.5,80.42,36.75,51.35,102.25,51.27,41.97,46.6,96.94,111.04,94.92,106.56,21.56,31.46,19.4,21.09,32.21,23.42,26.45,25.81,29.51,23.68,23.0,22.4,26.91,45.55,89.18,37.39,52.01,57.43,77.26,56.73,46.85,78.1,50.1,99.57,66.82
2025-10-10,100.43,29.23,74.52,49.61,22.73,57.2,98.56,90.9,94.63,25.26,27.32,79.95,36.54,51.5,100.38,51.52,42.26,46.74,96.34,111.35,95.28,106.85,21.4,31.13,19.16,20.85,32.68,23.51,26.27,25.92,29.57,23.54,23.11,22.51,27.28,45.66,90.62,37.19,52.11,56.64,77.59,57.53,47.04,78.28,50.22,99.83,66.6
2025-10-13,100.62,29.39,74.64,49.66,22.71,57.36,98.8,92.9,95.28,25.34,27.46,80.45,36.76,51.53,102.41,51.74,42.18,46.84,96.92,111.73,95.46,107.01,21.64,31.35,19.28,20.96,32.66,23.54,26.45,25.95,29.63,23.69,23.22,22.56,27.26,45.77,90.57,37.4,52.28,57.12,77.93,57.5,47.1,78.5,50.31,100.01,66.97
2025-10-14,100.78,29.41,74.75,49.71,22.78,57.23,98.98,92.91,95.24,25.35,27.5,80.54,36.79,51.6,102.78,51.96,42.37,46.9,96.98,112.1,95.54,106.95,21.61,31.4,19.3,21.17,32.76,23.57,26.47,25.98,29.72,23.7,23.31,22.54,27.34,45.7,90.86,37.44,52.39,57.67,78.3,57.7,47.18,78.66,50.27,99.93,67.01
2025-10-15,100.74,29.5,74.7,49.77,22.86,57.34,99.11,93.42,95.57,25.43,27.59,80.8,36.91,51.65,103.43,51.96,42.59,46.89,97.34,112.1,95.53,107.1,21.68,31.52,19.44,21.5,32.69,23.58,26.58,25.98,29.74,23.79,23.3,22.55,27.28,45.73,90.66,37.55,52.4,58.52,78.31,57.57,47.16,78.7,50.35,100.04,67.14
2025-10-16,101.1,29.4,74.98,49.88,23.03,57.49,99.29,92.44,95.71,25.51,27.47,80.51,36.8,51.78,102.27,52.12,42.79,47.03,97.04,112.42,95.89,107.42,21.75,31.33,19.31,21.42,32.92,23.66,26.49,26.07,29.81,23.73,23.38,22.63,27.48,45.85,91.34,37.45,52.52,58.27,78.56,57.99,47.31,78.85,50.48,100.24,67.27
2025-10-17,100.96,29.46,74.88,49.8,22.97,57.5,99.19,92.06,95.74,25.52,27.51,80.72,36.87,51.69,101.81,52.07,42.63,47.0,97.24,112.2,95.88,107.42,21.79,31.41,19.27,21.58,32.86,23.63,26.55,26.04,29.78,23.78,23.36,22.62,27.43,45.82,91.2,37.54,52.45,58.79,78.48,57.86,47.28,78.82,50.5,100.38,67.25
2025-10-20,101.13,29.54,74.98,49.84,23.0,57.55,99.37,92.8,96.16,25.57,27.57,80.88,36.94,51.7,102.59,52.29,42.62,47.07,97.45,112.54,95.96,107.51,21.82,31.66,19.43,21.78,32.98,23.66,26.59,26.07,29.84,23.81,23.46,22.65,27.53,45.91,91.55,37.6,52.58,59.27,78.78,58.08,47.34,78.97,50.54,100.46,67.49
2025-10-21,101.23,29.5,75.07,49.88,22.9,57.61,99.4,92.07,96.28,25.46,27.57,80.76,36.93,51.76,101.9,52.35,42.53,47.1,97.37,112.56,96.12,107.58,21.93,31.63,19.44,21.67,33.15,23.69,26.55,26.1,29.86,23.8,23.49,22.68,27.65,45.91,92.0,37.58,52.6,59.02,78.88,58.34,47.43,79.0,50.56,100.54,67.66
2025-10-22,101.22,29.49,75.07,49.91,22.91,57.6,99.52,90.84,96.08,25.47,27.55,80.68,36.88,51.8,100.4,52.42,42.62,47.11,97.27,112.67,96.05,107.6,21.89,31.46,19.4,21.76,33.17,23.7,26.53,26.12,29.87,23.76,23.52,22.67,27.67,45.92,92.06,37.53,52.61,59.32,78.98,58.38,47.42,79.02,50.59,100.52,67.57
2025-10-23,101.04,29.53,74.92,49.85,22.85,57.6,99.38,91.65,96.01,25.5,27.57,80.86,36.94,51.75,101.23,52.32,42.51,47.03,97.45,112.53,95.85,107.53,21.82,31.51,19.39,21.73,32.95,23.65,26.58,26.06,29.84,23.8,23.47,22.62,27.5,45.9,91.43,37.6,52.55,59.23,78.83,58.03,47.25,78.95,50.54,100.49,67.45
2025-10-24,101.14,29.63,75.02,49.78,22.83,57.62,99.49,92.83,96.29,25.53,27.69,81.08,37.06,51.71,102.73,52.4,42.51,47.08,97.74,112.72,96.04,107.6,21.92,31.64,19.47,21.78,32.95,23.67,26.63,26.08,29.89,23.87,23.51,22.65,27.51,45.85,91.47,37.7,52.63,59.42,78.95,58.04,47.36,79.08,50.57,100.61,67.67
2025-10-27,101.21,29.73,75.06,49.87,22.9,57.62,99.61,93.41,97.03,25.58,27.76,81.28,37.14,51.79,103.51,52.57,42.6,47.12,98.02,112.91,96.13,107.61,22.03,31.73,19.52,21.86,33.05,23.68,26.71,26.11,29.92,23.93,23.59,22.67,27.6,45.92,91.78,37.8,52.69,59.67,79.21,58.22,47.4,79.15,50.58,100.62,68.22
2025-10-28,101.27,29.7,75.1,49.9,22.94,57.56,99.58,93.18,97.03,25.65,27.73,81.2,37.1,51.78,103.19,52.58,42.66,47.16,97.91,112.92,96.23,107.55,22.01,31.66,19.45,21.42,33.13,23.69,26.7,26.11,29.93,23.92,23.58,22.71,27.66,45.91,92.02,37.76,52.69,58.42,79.22,58.34,47.44,79.16,50.56,100.62,68.22
2025-10-29,100.79,29.61,74.73,49.76,22.7,57.55,99.16,93.64,96.6,25.54,27.64,80.95,36.99,51.69,103.73,52.2,42.45,46.97,97.62,112.28,95.59,107.4,21.89,31.52,19.38,20.93,32.81,23.59,26.61,26.0,29.79,23.84,23.41,22.57,27.39,45.85,91.09,37.65,52.46,57.12,78.64,57.8,47.12,78.78,50.52,100.71,67.95
2025-10-30,100.6,29.56,74.6,49.79,22.73,57.51,98.82,92.52,96.49,25.48,27.58,80.8,36.92,51.73,102.68,51.79,42.32,46.87,97.39,111.68,95.5,107.36,21.87,31.31,19.22,21.02,32.67,23.54,26.57,25.95,29.67,23.8,23.21,22.55,27.27,45.83,90.56,37.58,52.29,57.47,77.97,57.53,47.08,78.52,50.5,100.58,67.86
2025-10-31,100.54,29.53,74.58,49.85,22.73,57.54,98.59,93.16,96.67,25.49,27.54,80.8,36.93,51.77,103.3,51.43,42.17,46.83,97.39,111.23,95.55,107.48,21.91,31.21,19.19,21.09,32.6,23.53,26.51,25.94,29.57,23.8,23.05,22.55,27.2,45.9,90.29,37.58,52.16,57.64,77.42,57.39,47.16,78.29,50.52,100.56,68.0
2025-11-03,100.09,29.27,74.25,49.7,22.58,57.37,98.04,93.29,95.97,25.37,27.34,80.14,36.62,51.71,103.63,50.97,42.05,46.62,96.58,110.53,95.11,107.06,21.83,31.02,19.09,21.05,32.4,23.42,26.32,25.81,29.38,23.59,22.81,22.46,27.05,45.69,89.74,37.25,51.85,57.69,76.68,57.05,46.97,77.8,50.31,100.1,67.46
2025-11-04,100.14,29.23,74.29,49.66,22.56,57.42,98.12,91.5,95.86,25.25,27.27,80.15,36.61,51.7,101.47,51.09,41.92,46.65,96.56,110.68,95.25,107.23,21.77,30.9,18.98,21.08,32.47,23.44,26.31,25.85,29.42,23.57,22.89,22.48,27.1,45.73,89.94,37.23,51.91,57.69,76.89,57.17,47.01,77.93,50.39,100.26,67.38
2025-11-05,99.87,29.22,74.08,49.62,22.52,57.3,97.91,92.83,95.65,25.36,27.3,80.23,36.64,51.65,102.86,50.85,41.9,46.53,96.65,110.35,94.94,106.99,21.63,31.02,19.02,21.12,32.14,23.37,26.33,25.75,29.36,23.6,22.78,22.42,26.83,45.67,88.96,37.27,51.77,57.73,76.53,56.58,46.85,77.72,50.3,100.1,67.23
2025-11-06,100.24,29.24,74.37,49.64,22.64,57.41,98.3,91.52,95.97,25.42,27.31,80.26,36.67,51.73,101.36,51.19,42.1,46.69,96.7,110.93,95.31,107.23,21.72,30.96,19.04,21.03,32.42,23.46,26.35,25.85,29.48,23.6,22.94,22.51,27.07,45.75,89.76,37.3,51.98,57.51,77.06,57.08,47.06,78.02,50.39,100.27,67.47
2025-11-07,100.2,29.28,74.33,49.62,22.64,57.43,98.16,91.83,96.02,25.47,27.32,80.33,36.7,51.7,101.69,51.01,42.13,46.73,96.76,110.71,95.4,107.22,21.75,31.01,19.05,21.38,32.35,23.45,26.35,25.85,29.44,23.63,22.84,22.51,27.0,45.74,89.57,37.33,51.91,58.53,76.77,56.97,47.09,77.93,50.36,100.18,67.46
2025-11-10,100.16,29.37,74.31,49.64,22.64,57.46,98.13,92.6,96.24,25.54,27.41,80.6,36.83,51.7,102.56,51.07,42.15,46.69,97.09,110.77,95.29,107.27,21.81,31.18,19.16,21.32,32.34,23.44,26.44,25.84,29.44,23.71,22.87,22.5,27.0,45.78,89.55,37.44,51.94,58.3,76.85,56.94,47.02,77.94,50.4,100.35,67.58
2025-11-11,100.46,29.41,74.52,49.71,22.68,57.62,98.52,91.92,96.46,25.58,27.45,80.69,36.88,51.79,101.96,51.38,42.27,46.81,97.26,111.21,95.65,107.54,21.88,31.18,19.16,21.55,32.49,23.5,26.47,25.91,29.56,23.74,23.03,22.55,27.12,45.91,89.96,37.49,52.11,58.83,77.33,57.19,47.18,78.22,50.52,100.58,67.78
2025-11-12,100.42,29.39,74.49,49.71,22.65,57.53,98.45,91.41,96.5,25.6,27.41,80.53,36.8,51.79,101.38,51.29,42.31,46.79,97.03,111.1,95.51,107.37,21.88,31.13,19.14,21.37,32.53,23.49,26.43,25.9,29.52,23.69,22.98,22.52,27.17,45.88,90.12,37.43,52.05,58.33,77.18,57.29,47.17,78.11,50.45,100.41,67.78
2025-11-13,100.12,29.21,74.27,49.59,22.71,57.46,98.1,89.02,96.03,25.62,27.26,80.2,36.66,51.69,98.64,50.89,42.29,46.65,96.6,110.55,95.16,107.19,21.74,30.84,18.93,21.14,32.31,23.43,26.32,25.83,29.41,23.59,22.8,22.47,26.98,45.76,89.38,37.26,51.88,57.75,76.57,56.89,47.01,77.84,50.37,100.31,67.53
2025-11-14,100.0,29.21,74.16,49.46,22.6,57.35,97.88,88.49,95.97,25.58,27.23,80.22,36.67,51.63,98.1,50.67,42.18,46.59,96.63,110.25,95.07,106.97,21.74,30.89,18.93,21.2,32.16,23.4,26.33,25.79,29.35,23.59,22.7,22.44,26.84,45.69,88.87,37.27,51.77,57.83,76.23,56.6,46.96,77.69,50.27,100.16,67.47
2025-11-17,100.02,29.13,74.2,49.5,22.58,57.42,97.95,88.09,95.99,25.56,27.11,80.09,36.61,51.64,97.65,50.73,42.04,46.6,96.46,110.32,95.01,107.09,21.77,30.64,18.8,21.05,32.23,23.39,26.31,25.81,29.35,23.56,22.71,22.45,26.9,45.75,89.09,37.21,51.8,57.47,76.34,56.75,46.95,77.72,50.34,100.33,67.51
2025-11-18,100.08,29.14,74.26,49.5,22.5,57.54,98.01,88.13,95.96,25.57,27.16,80.11,36.6,51.64,97.6,50.73,41.95,46.63,96.41,110.37,95.06,107.21,21.76,30.62,18.74,21.15,32.2,23.42,26.3,25.82,29.37,23.56,22.72,22.46,26.89,45.8,89.06,37.21,51.82,57.74,76.32,56.71,46.99,77.77,50.39,100.43,67.48
2025-11-19,100.08,29.16,74.23,49.45,22.37,57.48,97.97,88.25,96.12,25.55,27.19,80.15,36.64,51.56,97.73,50.7,41.66,46.62,96.49,110.38,95.08,107.05,21.77,30.49,18.73,20.99,32.18,23.42,26.3,25.81,29.37,23.56,22.71,22.45,26.85,45.73,88.88,37.23,51.83,57.18,76.33,56.65,46.98,77.74,50.33,100.37,67.54
2025-11-20,100.2,29.16,74.34,49.46,22.32,57.52,98.1,86.48,95.89,25.51,27.18,80.1,36.62,51.58,95.81,50.79,41.62,46.68,96.47,110.53,95.19,107.12,21.69,30.31,18.57,20.92,32.28,23.45,26.29,25.84,29.4,23.55,22.74,22.48,26.96,45.77,89.23,37.22,51.88,57.02,76.43,56.85,47.01,77.86,50.39,100.41,67.43
2025-11-21,100.44,29.25,74.52,49.56,22.37,57.54,98.36,86.73,96.15,25.45,27.29,80.37,36.73,51.63,95.87,50.98,41.76,46.79,96.76,110.92,95.49,107.16,21.75,30.47,18.68,21.21,32.36,23.5,26.39,25.91,29.48,23.63,22.83,22.55,27.01,45.77,89.5,37.34,52.02,57.88,76.73,56.99,47.16,78.07,50.39,100.38,67.55
2025-11-24,100.64,29.34,74.65,49.52,22.4,57.58,98.67,88.46,96.35,25.51,27.37,80.59,36.81,51.66,97.89,51.35,41.78,46.87,97.04,111.36,95.64,107.2,21.7,30.59,18.66,21.23,32.54,23.55,26.46,25.96,29.58,23.7,22.99,22.57,27.16,45.81,90.01,37.44,52.16,58.2,77.25,57.27,47.25,78.32,50.42,100.53,67.71
2025-11-25,100.8,29.51,74.82,49.65,22.52,57.61,98.89,88.83,96.6,25.63,27.55,80.87,36.96,51.75,98.55,51.49,42.01,46.97,97.42,111.67,95.92,107.25,21.76,30.77,18.84,21.39,32.63,23.6,26.55,26.02,29.66,23.78,23.08,22.63,27.23,45.81,90.24,37.56,52.29,58.47,77.52,57.46,47.34,78.51,50.42,100.53,67.81
2025-11-26,100.96,29.55,74.9,49.67,22.53,57.7,99.12,89.89,96.7,25.7,27.58,80.95,37.0,51.78,99.57,51.77,42.13,47.02,97.57,112.05,95.98,107.4,21.82,30.92,18.93,21.5,32.73,23.62,26.58,26.05,29.73,23.82,23.19,22.65,27.34,45.9,90.64,37.61,52.42,58.73,77.94,57.66,47.4,78.68,50.54,100.69,67.92
2025-11-28,100.82,29.43,74.78,49.65,22.56,57.65,99.02,90.57,96.73,25.6,27.57,80.99,37.02,51.76,100.35,51.62,42.1,46.96,97.65,111.86,95.77,107.43,21.84,30.95,18.96,21.57,32.61,23.58,26.58,26.02,29.69,23.82,23.14,22.61,27.22,45.92,90.21,37.64,52.35,58.99,77.72,57.4,47.31,78.59,50.52,100.6,67.93
2025-12-01,100.06,29.37,74.25,49.39,22.44,57.42,98.24,89.98,96.02,25.54,27.4,80.47,36.76,51.62,99.47,50.97,41.96,46.62,96.96,110.85,95.08,106.87,21.69,30.65,18.78,21.34,32.15,23.42,26.43,25.81,29.44,23.65,22.84,22.46,26.81,45.64,88.77,37.36,51.94,58.37,76.7,56.55,47.0,77.95,50.25,100.18,67.36
2025-12-02,100.19,29.46,74.32,49.41,22.46,57.38,98.26,89.68,96.42,25.6,27.47,80.62,36.83,51.65,99.0,50.99,42.08,46.68,97.11,110.92,95.25,106.81,21.83,30.83,18.88,21.28,32.17,23.45,26.45,25.85,29.47,23.69,22.85,22.5,26.85,45.63,88.81,37.41,51.96,58.24,76.74,56.6,47.09,78.0,50.22,100.12,67.61
2025-12-03,100.38,29.5,74.43,49.44,22.55,57.39,98.44,90.0,96.54,25.7,27.5,80.69,36.87,51.65,99.49,51.15,42.2,46.76,97.26,111.17,95.43,106.87,21.9,30.88,18.94,21.3,32.25,23.48,26.48,25.88,29.53,23.72,22.9,22.53,26.91,45.64,89.06,37.48,52.07,58.29,76.98,56.74,47.15,78.16,50.22,100.25,67.74
2025-12-04,100.14,29.48,74.29,49.39,22.48,57.4,98.37,90.68,96.46,25.69,27.49,80.75,36.88,51.59,100.3,51.02,42.1,46.67,97.29,110.97,95.16,106.86,21.84,30.79,18.86,21.25,32.09,23.44,26.51,25.83,29.47,23.72,22.86,22.49,26.78,45.65,88.58,37.48,51.98,58.06,76.8,56.46,47.05,78.04,50.21,100.17,67.63
2025-12-05,100.03,29.43,74.2,49.32,22.51,57.38,98.22,90.65,96.33,25.62,27.47,80.75,36.89,51.55,100.0,50.95,42.04,46.62,97.29,110.86,95.14,106.91,21.85,30.87,18.91,21.22,31.94,23.41,26.5,25.8,29.45,23.73,22.83,22.48,26.66,45.65,88.17,37.48,51.94,57.92,76.67,56.22,47.03,77.95,50.23,100.12,67.53
2025-12-08,99.87,29.39,74.09,49.2,22.44,57.33,98.06,90.74,95.93,25.57,27.41,80.55,36.81,51.47,100.17,50.81,41.88,46.55,97.08,110.63,94.9,106.85,21.69,30.87,18.92,21.09,31.86,23.36,26.45,25.76,29.4,23.67,22.76,22.43,26.58,45.62,87.88,37.4,51.86,57.37,76.49,56.03,46.94,77.83,50.19,100.07,67.29
2025-12-09,99.78,29.38,74.04,49.24,22.41,57.34,97.91,90.8,95.85,25.55,27.38,80.46,36.77,51.46,100.23,50.78,41.82,46.51,96.94,110.49,94.82,106.79,21.68,30.87,18.97,20.97,31.87,23.35,26.41,25.74,29.38,23.65,22.74,22.42,26.59,45.59,87.97,37.35,51.81,57.16,76.4,56.06,46.9,77.75,50.19,100.06,67.25
2025-12-10,100.1,29.49,74.26,49.23,22.51,57.36,98.27,91.02,96.24,25.62,27.48,80.73,36.89,51.46,100.26,51.04,42.1,46.65,97.28,111.0,95.23,106.97,21.75,31.07,19.07,20.85,31.98,23.43,26.48,25.82,29.49,23.72,22.86,22.48,26.69,45.66,88.31,37.47,51.99,57.36,76.82,56.28,47.04,78.06,50.26,100.06,67.48
2025-12-11,100.12,29.49,74.26,49.22,22.53,57.36,98.23,91.41,96.31,25.71,27.48,80.72,36.89,51.52,100.79,50.92,42.22,46.64,97.27,110.84,95.29,106.97,21.77,31.15,19.13,20.9,31.96,23.42,26.5,25.82,29.47,23.73,22.81,22.51,26.67,45.64,88.19,37.47,51.96,57.56,76.65,56.24,47.09,77.97,50.25,100.08,67.5
2025-12-12,99.81,29.4,74.03,49.19,22.51,57.33,97.87,90.26,96.26,25.68,27.39,80.57,36.82,51.48,99.53,50.45,42.15,46.53,97.07,110.17,94.95,106.85,21.75,31.02,19.01,20.89,31.69,23.35,26.45,25.75,29.33,23.68,22.59,22.44,26.45,45.58,87.34,37.38,51.75,57.57,75.89,55.76,46.98,77.63,50.18,99.98,67.5
2025-12-15,99.91,29.43,74.12,49.24,22.59,57.35,97.91,89.16,96.39,25.69,27.37,80.61,36.86,51.53,98.45,50.52,42.24,46.56,97.17,110.3,95.08,106.84,21.77,31.04,19.05,21.02,31.71,23.37,26.47,25.77,29.36,23.69,22.6,22.46,26.48,45.65,87.4,37.4,51.81,57.98,75.97,55.82,47.04,77.68,50.23,100.07,67.6
2025-12-16,100.1,29.44,74.26,49.3,22.62,57.4,98.1,89.05,96.65,25.75,27.39,80.66,36.87,51.56,98.21,50.68,42.28,46.65,97.18,110.55,95.28,106.99,21.79,31.07,19.07,20.84,31.89,23.43,26.47,25.81,29.41,23.71,22.68,22.52,26.61,45.69,87.88,37.44,51.9,56.79,76.21,56.1,47.14,77.81,50.3,100.09,67.72
2025-12-17,100.07,29.39,74.24,49.3,22.51,57.39,98.06,88.08,96.28,25.68,27.34,80.56,36.83,51.52,97.2,50.58,42.15,46.64,97.07,110.43,95.31,106.96,21.69,31.04,19.01,20.92,31.86,23.42,26.44,25.81,29.39,23.68,22.64,22.5,26.59,45.71,87.8,37.39,51.86,57.07,76.1,56.05,47.13,77.78,50.31,100.14,67.5
2025-12-18,100.32,29.46,74.15,48.34,22.47,57.43,98.25,88.73,96.7,25.75,27.41,80.78,36.93,51.6,98.16,50.83,42.18,46.75,96.85,110.85,95.57,107.02,21.8,31.15,19.1,20.8,31.99,23.47,26.51,25.77,29.36,23.61,22.65,22.43,26.6,45.59,88.22,37.49,52.01,56.77,76.1,56.07,47.07,77.7,50.16,100.14,67.45
2025-12-19,99.84,29.43,74.04,48.23,22.35,57.31,98.14,90.23,96.27,25.8,27.25,80.36,36.91,49.95,99.43,50.45,41.37,46.52,96.82,110.13,95.09,106.71,21.78,31.14,19.12,20.7,31.72,23.36,26.35,25.75,29.3,23.59,22.58,22.4,26.49,45.61,87.55,37.26,51.72,56.61,75.87,55.85,47.02,77.57,50.17,100.19,67.4
2025-12-22,99.8,29.42,74.02,48.23,22.42,57.33,98.11,90.98,96.31,25.83,27.24,80.43,36.74,49.94,100.22,50.44,41.54,46.5,96.91,110.11,95.09,106.73,21.64,31.15,19.14,20.81,31.7,23.35,26.38,25.74,29.29,23.6,22.57,22.4,26.47,45.61,87.36,37.3,51.71,56.87,75.83,55.79,47.03,77.55,50.18,100.27,67.42
2025-12-23,99.8,29.44,74.01,48.33,22.54,57.39,98.19,90.6,96.26,25.91,27.25,80.49,36.78,50.01,99.88,50.54,41.81,46.5,96.99,110.22,95.13,106.79,21.68,31.05,19.07,20.78,31.74,23.35,26.39,25.73,29.32,23.63,22.62,22.4,26.51,45.66,87.5,37.33,51.74,56.73,76.02,55.86,47.03,77.6,50.2,100.39,67.42
2025-12-24,100.02,29.49,74.19,48.42,22.62,57.4,98.51,90.74,96.55,25.98,27.31,80.64,36.84,50.12,99.87,50.82,41.83,46.62,97.21,110.65,95.42,106.96,21.8,31.1,19.1,20.93,31.91,23.4,26.44,25.79,29.41,23.67,22.74,22.45,26.63,45.71,88.03,37.41,51.88,57.17,76.41,56.15,47.14,77.83,50.23,100.16,67.59
2025-12-26,100.04,29.51,74.19,48.42,22.6,57.36,98.52,90.42,96.54,25.99,27.3,80.6,36.82,50.16,99.65,50.76,41.88,46.63,97.16,110.64,95.36,106.89,21.76,31.06,19.1,20.96,31.84,23.42,26.42,25.8,29.42,23.67,22.72,22.45,26.59,45.67,87.74,37.38,51.91,57.18,76.35,56.05,47.13,77.86,50.22,100.15,67.56
2025-12-29,100.16,29.37,74.3,48.37,22.59,57.41,98.59,89.98,96.59,25.74,27.31,80.63,36.84,50.13,99.18,50.82,41.89,46.68,97.19,110.79,95.45,107.04,21.8,31.0,19.06,21.01,31.94,23.44,26.43,25.82,29.44,23.68,22.76,22.46,26.68,45.7,88.07,37.41,51.95,57.3,76.45,56.22,47.15,77.93,50.25,100.15,67.65
2025-12-30,100.12,29.38,74.27,48.38,22.56,57.43,98.54,89.64,96.47,25.82,27.34,80.71,36.87,50.08,98.86,50.74,41.77,46.65,97.3,110.66,95.45,107.1,21.75,31.06,18.95,21.04,31.91,23.42,26.47,25.82,29.43,23.69,22.71,22.47,26.64,45.7,87.86,37.43,51.93,57.4,76.32,56.14,47.18,77.89,50.28,100.18,67.56
2025-12-31,99.88,29.37,74.07,48.32,22.53,57.46,97.85,89.2,96.28,25.82,27.3,80.63,36.83,50.01,98.5,50.45,41.66,46.54,97.21,110.19,95.22,107.11,21.66,30.96,18.91,20.89,31.7,23.37,26.42,25.75,29.34,23.67,22.58,22.41,26.47,45.71,87.16,37.4,51.77,56.96,75.85,55.8,47.08,77.64,50.29,100.26,67.43
2026-01-02,99.85,29.4,74.04,48.31,22.48,57.5,97.82,90.55,96.3,25.88,27.33,80.67,36.85,50.05,100.03,50.39,41.6,46.53,97.24,110.16,95.14,107.24,21.69,31.27,19.14,20.91,31.65,23.37,26.45,25.74,29.33,23.69,22.56,22.39,26.42,45.75,87.03,37.42,51.76,57.07,75.77,55.69,47.02,77.6,50.37,100.3,67.45
2026-01-05,100.04,29.48,74.18,48.38,22.52,57.56,98.02,91.53,96.45,25.91,27.41,80.88,36.95,50.09,100.93,50.59,41.73,46.61,97.5,110.47,95.35,107.34,21.71,31.33,19.19,20.9,31.78,23.4,26.52,25.79,29.38,23.73,22.65,22.44,26.53,45.79,87.46,37.51,51.87,57.04,76.07,55.93,47.12,77.79,50.4,100.41,67.53
2026-01-06,100.02,29.53,74.18,48.44,22.48,57.62,98.05,92.69,96.35,25.98,27.45,80.9,36.97,50.16,102.18,50.6,41.69,46.62,97.54,110.47,95.3,107.42,21.68,31.45,19.26,21.04,31.74,23.4,26.54,25.79,29.4,23.76,22.66,22.43,26.5,45.8,87.28,37.54,51.88,57.57,76.09,55.84,47.12,77.83,50.46,100.48,67.47
2026-01-07,100.12,29.52,74.26,48.53,22.49,57.72,98.1,92.1,96.16,25.93,27.46,80.88,36.97,50.22,101.62,50.69,41.7,46.66,97.51,110.55,95.33,107.65,21.6,31.41,19.26,20.88,31.9,23.42,26.54,25.81,29.42,23.75,22.7,22.46,26.62,45.93,87.79,37.52,51.91,57.21,76.24,56.14,47.13,77.87,50.55,100.68,67.37
2026-01-08,99.94,29.55,74.13,48.53,22.45,57.69,97.9,91.83,96.01,25.87,27.49,80.94,36.97,50.21,101.2,50.52,41.57,46.57,97.59,110.24,95.23,107.53,21.58,31.38,19.29,21.06,31.75,23.39,26.54,25.77,29.36,23.76,22.61,22.42,26.51,45.9,87.35,37.54,51.8,57.8,75.95,55.86,47.06,77.69,50.51,100.67,67.29
2026-01-09,100.16,29.57,74.29,48.54,22.39,57.78,98.11,92.3,96.36,25.86,27.52,81.0,37.01,50.25,101.65,50.81,41.55,46.67,97.69,110.64,95.8,107.66,21.67,31.57,19.34,21.13,31.93,23.44,26.57,25.83,29.43,23.79,22.76,22.54,26.64,45.95,87.93,37.59,51.92,57.9,76.44,56.17,47.32,77.88,50.58,100.7,67.43
2026-01-12,100.11,29.55,74.22,48.58,22.44,57.78,98.04,93.13,96.28,25.96,27.54,81.04,37.0,50.28,102.63,50.72,41.69,46.64,97.68,110.51,95.65,107.55,21.64,31.62,19.35,21.15,31.84,23.43,26.57,25.81,29.4,23.79,22.7,22.54,26.58,45.93,87.67,37.59,51.86,57.92,76.32,56.03,47.27,77.81,50.56,100.8,67.39
2026-01-13,100.2,29.56,74.28,48.54,22.33,57.79,98.19,93.34,96.16,25.95,27.51,81.04,37.02,50.23,102.88,50.85,41.54,46.69,97.71,110.75,95.69,107.59,21.59,31.64,19.45,21.26,31.88,23.45,26.59,25.82,29.46,23.79,22.78,22.55,26.62,45.9,87.82,37.6,51.97,58.19,76.51,56.11,47.26,77.97,50.58,100.82,67.37
2026-01-14,100.35,29.58,74.43,48.61,22.4,57.83,98.45,93.42,96.36,25.96,27.54,81.04,37.01,50.27,102.73,51.09,41.65,46.76,97.74,111.03,95.83,107.77,21.67,31.74,19.49,21.47,32.07,23.49,26.58,25.88,29.52,23.8,22.88,22.59,26.77,45.99,88.33,37.6,52.06,58.61,76.86,56.43,47.31,78.13,50.62,100.92,67.48
2026-01-15,100.22,29.57,74.32,48.59,22.32,57.87,98.29,93.62,96.4,25.99,27.53,81.04,37.02,50.25,103.12,51.04,41.52,46.7,97.74,110.89,95.66,107.73,21.68,31.82,19.52,21.59,32.05,23.45,26.58,25.85,29.49,23.8,22.86,22.54,26.77,45.98,88.31,37.6,52.01,58.88,76.79,56.4,47.24,78.06,50.61,100.91,67.5
2026-01-16,100.05,29.58,74.2,48.54,22.34,57.85,98.08,93.89,96.21,25.93,27.53,81.09,37.04,50.23,103.52,50.86,41.51,46.63,97.82,110.57,95.57,107.61,21.64,31.78,19.47,21.86,31.86,23.41,26.6,25.8,29.42,23.81,22.78,22.52,26.6,45.93,87.8,37.61,51.9,59.63,76.51,56.07,47.18,77.91,50.6,100.9,67.41
2026-01-20,99.67,29.49,73.93,48.39,22.33,57.6,97.63,93.11,95.73,25.98,27.45,80.88,36.97,50.12,102.81,50.34,41.64,46.46,97.59,109.9,95.16,107.23,21.36,31.61,19.38,21.5,31.49,23.33,26.54,25.71,29.29,23.77,22.54,22.42,26.3,45.79,86.65,37.54,51.67,58.76,75.72,55.42,47.02,77.52,50.43,100.61,67.1
2026-01-21,100.0,29.61,74.14,48.43,22.32,57.76,98.07,93.84,96.5,26.05,27.57,81.12,37.07,50.17,103.55,50.81,41.63,46.61,97.86,110.56,95.45,107.5,21.58,31.85,19.53,21.54,31.7,23.39,26.61,25.77,29.42,23.83,22.75,22.48,26.48,45.9,87.31,37.64,51.9,58.87,76.42,55.8,47.17,77.85,50.51,100.7,67.55
2026-01-22,100.02,29.62,74.17,48.47,22.46,57.74,98.2,94.22,96.48,26.2,27.57,81.18,37.08,50.19,103.93,50.96,41.86,46.62,97.92,110.77,95.36,107.49,21.59,31.94,19.6,21.28,31.82,23.4,26.61,25.79,29.47,23.84,22.84,22.48,26.56,45.86,87.69,37.64,51.97,58.18,76.68,56.0,47.16,77.98,50.48,100.64,67.57
2026-01-23,100.11,29.59,74.25,48.45,22.64,57.74,98.25,93.89,96.72,26.3,27.54,81.14,37.07,50.16,103.78,51.01,42.14,46.67,97.87,110.84,95.55,107.61,21.64,31.91,19.57,21.33,31.89,23.43,26.6,25.81,29.49,23.82,22.86,22.5,26.62,45.9,87.93,37.63,52.0,58.33,76.75,56.11,47.18,78.03,50.52,100.66,67.72
2026-01-26,100.26,29.6,74.34,48.53,22.81,57.79,98.34,93.7,96.82,26.35,27.55,81.18,37.09,50.23,103.64,51.08,42.41,46.73,97.92,110.93,95.75,107.66,21.68,31.88,19.58,21.28,32.02,23.46,26.62,25.84,29.51,23.84,22.89,22.54,26.74,45.9,88.35,37.67,52.05,58.14,76.84,56.36,47.28,78.09,50.54,100.75,67.77
2026-01-27,100.19,29.61,74.28,48.52,23.04,57.78,98.28,94.91,96.78,26.57,27.59,81.17,37.08,50.22,105.0,50.93,42.91,46.71,97.91,110.81,95.74,107.73,21.61,31.84,19.56,21.29,31.85,23.44,26.63,25.82,29.49,23.85,22.81,22.55,26.59,45.95,87.8,37.68,52.0,58.15,76.61,56.07,47.27,78.01,50.56,100.79,67.74
2026-01-28,100.15,29.59,74.25,48.51,22.99,57.82,98.16,95.73,96.66,26.52,27.57,81.04,37.03,50.27,105.91,50.84,42.73,46.68,97.75,110.65,95.69,107.81,21.58,31.81,19.51,21.06,31.8,23.42,26.58,25.81,29.46,23.81,22.77,22.56,26.54,45.96,87.6,37.62,51.97,57.55,76.46,55.95,47.28,77.92,50.57,100.86,67.67
2026-01-29,100.15,29.58,74.26,48.67,22.99,57.83,98.27,94.82,96.67,26.52,27.58,81.03,37.02,50.32,105.08,50.82,42.84,46.68,97.76,110.68,95.79,107.7,21.61,31.69,19.44,21.38,31.8,23.44,26.58,25.82,29.47,23.79,22.75,22.57,26.55,45.95,87.62,37.61,51.98,58.42,76.42,55.97,47.29,77.96,50.52,100.85,67.73
2026-01-30,100.13,29.59,74.23,48.57,22.84,57.9,98.2,93.4,96.58,26.3,27.57,81.12,37.05,50.3,103.52,50.68,42.41,46.65,97.82,110.57,95.69,107.85,21.56,31.69,19.42,21.41,31.67,23.45,26.62,25.82,29.45,23.82,22.7,22.5,26.44,46.02,87.13,37.64,51.96,58.67,76.21,55.73,47.24,77.97,50.56,100.96,67.66
2026-02-02,99.69,29.46,73.91,48.43,22.69,57.75,97.78,93.82,96.14,26.21,27.45,80.77,36.87,50.18,103.98,50.42,42.22,46.46,97.38,110.06,95.23,107.66,21.57,31.46,19.29,21.23,31.44,23.3,26.48,25.71,29.3,23.7,22.57,22.42,26.27,45.87,86.55,37.46,51.7,58.16,75.8,55.38,47.03,77.53,50.48,100.75,67.29
2026-02-03,99.7,29.45,73.93,48.41,22.7,57.79,97.77,93.85,96.16,26.29,27.45,80.72,36.87,50.16,104.31,50.43,42.38,46.47,97.29,110.11,95.25,107.63,21.56,31.34,19.24,21.3,31.5,23.32,26.45,25.7,29.3,23.69,22.57,22.43,26.33,45.92,86.76,37.42,51.73,58.33,75.82,55.47,47.03,77.54,50.5,100.81,67.28
2026-02-04,99.64,29.44,73.9,48.48,22.64,57.83,97.7,92.81,96.2,26.27,27.43,80.62,36.82,50.14,102.8,50.34,42.27,46.45,97.11,109.97,95.2,107.62,21.56,31.44,19.26,21.64,31.43,23.31,26.42,25.69,29.29,23.66,22.55,22.41,26.28,46.01,86.54,37.38,51.7,59.29,75.69,55.35,47.04,77.5,50.54,100.9,67.23
2026-02-05,100.07,29.41,74.22,48.54,22.64,57.92,98.11,91.26,96.44,26.17,27.4,80.53,36.8,50.22,101.29,50.68,42.18,46.64,97.06,110.5,95.49,107.81,21.63,31.16,19.12,21.64,31.73,23.41,26.4,25.8,29.4,23.64,22.68,22.51,26.53,46.05,87.48,37.35,51.89,59.5,76.2,55.91,47.2,77.83,50.62,101.04,67.48
2026-02-06,100.13,29.5,74.23,48.55,22.68,57.93,98.13,93.95,96.69,26.33,27.45,80.81,36.91,50.23,104.41,50.72,42.36,46.67,97.4,110.56,95.53,107.69,21.7,31.47,19.27,21.97,31.74,23.41,26.46,25.82,29.42,23.71,22.7,22.52,26.54,46.07,87.54,37.47,51.92,60.43,76.27,55.92,47.22,77.85,50.65,101.03,67.58
2026-02-09,100.16,29.55,74.25,48.57,22.83,57.96,98.18,95.02,96.72,26.47,27.51,80.92,36.95,50.25,105.17,50.67,42.7,46.67,97.54,110.56,95.55,107.79,21.74,31.51,19.3,22.03,31.76,23.42,26.51,25.82,29.42,23.75,22.69,22.53,26.54,46.1,87.52,37.51,51.92,60.56,76.21,55.94,47.25,77.84,50.67,101.09,67.62
2026-02-10,100.45,29.58,74.47,48.68,22.93,58.05,98.38,94.59,96.97,26.46,27.53,80.84,36.94,50.31,104.68,50.92,42.79,46.79,97.49,110.82,95.84,107.96,21.83,31.52,19.31,22.35,32.07,23.49,26.49,25.89,29.49,23.73,22.8,22.59,26.82,46.15,88.53,37.49,52.03,61.42,76.57,56.5,47.39,78.0,50.74,101.16,67.83
2026-02-11,100.22,29.62,74.32,48.69,22.97,58.0,98.29,94.5,96.98,26.49,27.53,80.83,36.94,50.38,104.4,50.82,42.86,46.71,97.48,110.7,95.69,107.83,21.86,31.58,19.38,22.46,31.93,23.45,26.5,25.84,29.46,23.74,22.77,22.55,26.69,46.09,88.06,37.48,51.98,61.49,76.41,56.23,47.27,77.94,50.65,101.11,67.83
2026-02-12,100.67,29.66,74.66,48.8,23.04,58.11,98.65,93.91,97.25,26.5,27.56,80.79,36.92,50.47,103.84,51.18,42.88,46.89,97.37,111.22,96.14,108.09,21.94,31.48,19.23,22.5,32.31,23.55,26.47,25.96,29.55,23.7,22.92,22.67,27.01,46.19,89.23,37.45,52.14,61.53,76.98,56.9,47.56,78.22,50.77,101.29,68.05
2026-02-13,100.99,29.7,74.88,48.81,23.08,58.16,98.91,94.51,97.42,26.48,27.59,80.85,36.94,50.52,104.73,51.37,42.94,47.03,97.48,111.59,96.55,108.26,21.99,31.69,19.42,22.81,32.46,23.62,26.49,26.05,29.63,23.74,23.01,22.75,27.14,46.29,89.72,37.49,52.3,62.29,77.27,57.18,47.7,78.42,50.84,101.41,68.15
2026-02-17,101.0,29.67,74.87,48.9,23.07,58.18,99.02,94.78,97.62,26.52,27.57,80.81,36.93,50.58,104.81,51.49,42.97,47.03,97.39,111.7,96.34,108.33,22.06,31.83,19.47,23.06,32.52,23.61,26.47,26.05,29.68,23.72,23.06,22.72,27.2,46.26,89.87,37.44,52.33,62.91,77.44,57.29,47.57,78.51,50.87,101.47,68.31
2026-02-18,100.86,29.71,74.79,48.9,22.93,58.16,98.88,94.91,97.66,26.44,27.63,80.91,36.97,50.56,105.1,51.41,42.67,46.97,97.53,111.59,96.26,108.31,22.07,31.78,19.48,22.67,32.41,23.59,26.52,26.01,29.65,23.75,23.02,22.69,27.1,46.24,89.53,37.52,52.3,62.04,77.32,57.09,47.54,78.44,50.86,101.47,68.34
2026-02-19,100.88,29.75,74.82,48.93,22.92,58.18,98.94,94.98,97.55,26.38,27.65,80.94,36.99,50.6,105.26,51.48,42.67,46.99,97.55,111.68,96.3,108.46,22.04,31.71,19.39,22.64,32.44,23.6,26.52,26.02,29.67,23.76,23.06,22.7,27.13,46.24,89.62,37.52,52.32,62.05,77.39,57.16,47.56,78.49,50.86,101.46,68.26
2026-02-20,100.9,29.75,74.81,48.98,22.93,58.22,98.97,94.64,97.65,26.47,27.64,81.0,37.01,50.66,105.05,51.41,42.77,47.0,97.62,111.59,96.35,108.54,22.05,31.7,19.4,22.82,32.39,23.6,26.54,26.02,29.65,23.77,23.02,22.72,27.07,46.28,89.41,37.55,52.3,62.48,77.3,57.05,47.6,78.45,50.93,101.55,68.3
2026-02-23,101.1,29.7,74.97,49.07,23.05,58.24,99.08,94.13,97.71,26.48,27.6,80.87,36.97,50.72,104.37,51.38,42.82,47.09,97.5,111.71,96.56,108.51,21.98,31.5,19.31,22.88,32.5,23.65,26.53,26.08,29.68,23.74,23.01,22.77,27.17,46.34,89.74,37.5,52.37,62.66,77.29,57.26,47.69,78.55,50.96,101.62,68.37
2026-02-24,101.09,29.7,74.93,49.09,22.99,58.28,99.04,94.91,97.65,26.49,27.59,80.81,36.94,50.72,104.9,51.39,42.74,47.07,97.39,111.68,96.55,108.71,21.96,31.69,19.46,22.91,32.55,23.65,26.49,26.07,29.68,23.73,23.01,22.76,27.21,46.4,89.9,37.45,52.34,62.76,77.3,57.32,47.7,78.49,51.03,101.7,68.28
2026-02-25,101.04,29.71,74.91,49.03,22.98,58.33,98.98,95.62,97.74,26.59,27.62,80.92,36.99,50.69,105.69,51.37,42.81,47.06,97.56,111.65,96.52,108.75,21.99,31.71,19.42,22.85,32.55,23.63,26.52,26.05,29.66,23.75,23.0,22.76,27.2,46.41,89.91,37.52,52.32,62.81,77.28,57.32,47.64,78.49,51.06,101.69,68.35
2026-02-26,101.2,29.71,75.02,49.11,23.03,58.37,99.07,95.07,97.68,26.58,27.64,80.85,36.97,50.74,105.39,51.41,42.86,47.12,97.48,111.72,96.75,108.92,21.97,31.63,19.36,22.98,32.68,23.67,26.52,26.09,29.69,23.74,23.03,22.79,27.31,46.45,90.27,37.49,52.35,63.24,77.3,57.54,47.77,78.53,51.13,101.76,68.33
2026-02-27,101.4,29.63,75.17,49.2,23.03,58.41,99.09,94.38,97.73,26.59,27.57,80.72,36.92,50.86,104.78,51.39,42.99,47.2,97.25,111.68,96.91,108.92,21.98,31.41,19.25,23.03,32.84,23.71,26.47,26.16,29.69,23.7,23.01,22.82,27.46,46.5,90.82,37.39,52.37,63.2,77.27,57.84,47.86,78.56,51.15,101.83,68.35
2026-03-02,100.68,29.5,74.64,48.93,22.72,58.09,98.4,94.74,96.99,26.17,27.37,80.28,36.7,50.66,105.61,50.94,42.49,46.86,96.68,110.92,96.05,108.27,21.84,31.46,19.19,23.13,32.44,23.55,26.31,25.97,29.45,23.54,22.79,22.67,27.12,46.18,89.61,37.21,52.02,63.44,76.61,57.14,47.44,77.99,50.87,101.34,67.72
2026-03-03,100.57,29.32,74.56,48.83,22.49,57.77,98.32,93.08,96.55,25.71,27.23,80.12,36.63,50.6,103.31,50.91,42.13,46.8,96.46,110.87,95.98,107.76,21.72,31.28,19.04,22.99,32.39,23.53,26.25,25.93,29.46,23.48,22.78,22.64,27.08,45.97,89.43,37.12,51.98,63.01,76.55,57.03,47.39,77.97,50.6,100.82,67.45
2026-03-04,100.53,29.41,74.51,48.77,22.57,57.82,98.32,93.99,96.87,25.87,27.33,80.4,36.74,50.6,104.42,50.94,42.22,46.77,96.8,110.97,95.95,107.75,21.78,31.42,19.12,23.03,32.28,23.51,26.33,25.92,29.48,23.56,22.81,22.62,26.99,45.99,89.15,37.25,51.99,63.14,76.6,56.87,47.36,77.97,50.57,100.81,67.61
2026-03-05,100.24,29.23,74.34,48.58,22.4,57.78,98.0,93.04,96.38,25.67,27.19,80.08,36.6,50.41,103.31,50.66,41.88,46.66,96.38,110.53,95.62,107.62,21.68,31.29,19.02,22.79,32.15,23.45,26.22,25.85,29.36,23.45,22.68,22.55,26.87,45.95,88.79,37.08,51.83,62.53,76.2,56.63,47.24,77.72,50.58,100.74,67.39
2026-03-06,100.12,29.05,74.24,48.44,22.36,57.73,97.8,91.34,95.75,25.59,26.98,79.69,36.45,50.34,101.28,50.4,41.83,46.59,95.91,110.16,95.54,107.55,21.49,31.12,18.9,22.56,32.05,23.42,26.08,25.81,29.3,23.36,22.56,22.53,26.79,45.91,88.46,36.92,51.7,61.81,75.84,56.45,47.22,77.52,50.56,100.73,66.94
2026-03-09,100.44,29.17,74.45,48.51,22.41,57.73,98.14,92.87,95.96,25.56,27.12,80.17,36.63,50.37,103.18,50.86,41.84,46.73,96.43,110.82,95.9,107.68,21.58,31.17,18.91,22.59,32.28,23.49,26.23,25.89,29.43,23.47,22.78,22.59,26.99,45.91,89.23,37.1,51.94,61.93,76.53,56.86,47.35,77.89,50.51,100.65,67.08
2026-03-10,100.11,29.12,74.22,48.47,22.39,57.61,97.76,93.01,95.95,25.76,27.06,80.04,36.57,50.31,103.5,50.33,41.85,46.62,96.31,110.06,95.66,107.47,21.55,31.15,18.92,22.6,32.0,23.42,26.19,25.82,29.27,23.45,22.53,22.57,26.74,45.84,88.28,37.07,51.68,62.0,75.69,56.35,47.27,77.48,50.42,100.55,67.09
2026-03-11,99.66,29.02,73.89,48.25,22.28,57.49,97.18,93.45,95.64,25.65,26.96,79.86,36.5,50.15,104.1,49.64,41.52,46.4,96.11,109.16,95.16,107.24,21.47,31.04,18.83,22.37,31.62,23.3,26.14,25.7,29.08,23.39,22.2,22.44,26.45,45.77,87.14,36.98,51.35,61.4,74.6,55.7,47.04,76.95,50.33,100.25,66.94
2026-03-12,99.29,28.82,73.62,48.08,22.07,57.24,96.76,92.03,94.84,25.33,26.75,79.35,36.25,50.02,102.03,49.36,41.21,46.25,95.47,108.57,94.89,106.98,21.25,30.85,18.67,22.22,31.55,23.21,25.98,25.61,28.93,23.25,22.07,22.37,26.37,45.61,86.97,36.75,51.1,61.14,74.19,55.55,46.92,76.58,50.2,99.87,66.41
2026-03-13,99.21,28.72,73.55,48.0,21.9,57.44,96.44,92.05,94.38,25.12,26.66,79.2,36.18,49.96,102.4,49.09,40.8,46.17,95.25,108.17,94.9,107.25,21.09,30.67,18.57,22.24,31.4,23.21,25.91,25.58,28.85,23.21,21.96,22.35,26.24,45.73,86.54,36.66,50.97,60.97,73.78,55.29,46.94,76.35,50.36,100.17,65.99
2026-03-16,99.6,28.79,73.83,48.22,22.09,57.5,96.74,93.22,94.75,25.33,26.76,79.45,36.33,50.13,103.76,49.43,41.24,46.34,95.65,108.69,95.32,107.38,21.2,30.75,18.64,22.43,31.63,23.29,26.02,25.67,28.96,23.3,22.1,22.46,26.45,45.74,87.21,36.78,51.15,61.51,74.29,55.7,47.15,76.64,50.38,100.23,66.29
2026-03-17,99.8,28.9,73.98,48.3,22.16,57.51,97.16,93.91,95.1,25.39,26.88,79.81,36.47,50.14,104.42,49.83,41.44,46.44,96.03,109.3,95.51,107.22,21.31,30.9,18.72,22.49,31.73,23.34,26.14,25.72,29.1,23.38,22.3,22.5,26.53,45.74,87.45,36.95,51.37,61.47,74.94,55.88,47.19,77.01,50.34,100.24,66.55
2026-03-18,99.38,28.75,73.68,48.11,21.97,57.39,96.76,93.63,94.36,25.14,26.7,79.4,36.3,50.04,104.23,49.51,41.04,46.27,95.58,108.71,94.98,106.97,21.11,30.67,18.6,22.15,31.54,23.25,26.0,25.63,28.98,23.27,22.16,22.39,26.36,45.64,86.95,36.79,51.15,60.64,74.47,55.55,46.95,76.65,50.27,100.09,66.01
2026-03-19,99.49,28.8,73.76,48.13,22.19,57.3,97.0,94.11,94.63,25.3,26.78,79.66,36.4,50.08,104.79,49.88,41.49,46.3,95.79,109.19,95.09,106.85,21.18,30.71,18.59,22.08,31.7,23.26,26.05,25.65,29.08,23.34,22.33,22.39,26.5,45.63,87.49,36.88,51.32,60.41,75.03,55.82,46.98,76.94,50.23,99.93,66.14
2026-03-20,98.66,28.46,73.17,47.81,21.92,56.8,96.08,91.98,93.15,24.93,26.46,78.92,36.06,49.74,102.46,48.89,40.95,45.93,94.95,107.85,94.15,105.91,20.74,30.27,18.3,21.35,31.11,23.07,25.81,25.45,28.77,23.12,21.9,22.22,26.0,45.18,85.83,36.54,50.8,58.51,73.56,54.78,46.58,76.16,49.8,99.14,65.2
2026-03-23,99.03,28.67,73.45,48.01,22.12,57.01,96.52,92.72,94.06,25.26,26.68,79.44,36.3,49.95,103.16,49.37,41.26,46.1,95.5,108.56,94.54,106.41,20.86,30.45,18.46,21.51,31.29,23.15,25.98,25.54,28.93,23.26,22.12,22.3,26.17,45.35,86.39,36.75,51.08,58.95,74.3,55.12,46.77,76.57,49.94,99.34,65.7
2026-03-24,98.76,28.59,73.26,47.83,21.98,56.57,96.36,92.97,93.58,25.05,26.62,79.17,36.19,49.76,103.66,49.29,41.07,45.97,95.23,108.34,94.23,105.67,20.77,30.44,18.5,21.38,31.18,23.1,25.91,25.47,28.88,23.2,22.07,22.22,26.06,45.1,86.01,36.67,50.98,58.76,74.17,54.9,46.61,76.41,49.62,98.8,65.44
2026-03-25,99.11,28.73,73.54,48.08,22.04,56.72,96.64,93.49,94.43,25.16,26.74,79.42,36.32,50.01,104.32,49.55,41.22,46.16,95.55,108.73,94.73,106.0,21.02,30.61,18.59,21.26,31.45,23.19,25.98,25.56,28.96,23.28,22.18,22.32,26.3,45.2,86.84,36.77,51.11,58.74,74.55,55.39,46.89,76.64,49.73,98.98,66.01
2026-03-26,98.55,28.51,73.11,47.74,21.8,56.61,96.03,91.43,93.46,24.96,26.54,78.92,36.08,49.76,102.0,49.07,40.69,45.89,94.95,107.88,94.04,105.6,20.76,30.38,18.43,21.24,31.2,23.04,25.81,25.43,28.75,23.13,21.98,22.16,26.09,45.07,86.11,36.55,50.8,58.69,73.88,54.94,46.5,76.18,49.63,98.73,65.33
2026-03-27,98.54,28.41,73.11,47.66,21.73,56.57,95.87,89.81,92.95,24.89,26.41,78.72,36.0,49.68,100.84,48.8,40.54,45.87,94.66,107.62,94.12,105.64,20.59,30.16,18.31,21.1,31.04,23.05,25.75,25.42,28.72,23.06,21.83,22.18,25.98,45.1,85.64,36.44,50.71,58.14,73.43,54.7,46.56,76.01,49.64,98.67,65.0
2026-03-30,99.04,28.42,73.48,47.79,21.72,56.72,96.29,89.04,93.11,24.83,26.45,78.81,36.02,49.81,99.15,49.27,40.56,46.1,94.76,108.31,94.72,105.95,20.64,30.12,18.24,21.17,31.44,23.16,25.77,25.55,28.87,23.09,22.05,22.32,26.29,45.19,86.78,36.48,50.97,58.36,74.14,55.37,46.85,76.41,49.77,98.83,65.13
2026-03-31,99.27,28.72,73.64,48.05,21.95,56.86,96.8,91.52,93.93,25.11,26.72,79.56,36.16,50.04,101.79,49.63,41.06,46.19,95.72,108.99,94.95,106.15,20.9,30.32,18.4,21.49,31.43,23.22,26.0,25.62,29.03,23.32,22.22,22.39,26.3,45.34,86.69,36.84,51.23,59.19,74.72,55.36,46.95,76.83,49.89,99.08,65.69
2026-04-01,99.0,28.73,73.42,48.01,21.96,56.88,96.52,92.47,93.86,25.11,26.73,79.37,36.24,49.86,102.82,49.49,41.16,46.09,95.47,108.66,94.67,106.31,21.01,30.38,18.39,21.58,31.29,23.16,25.94,25.55,28.93,23.24,22.16,22.33,26.17,45.3,86.26,36.73,51.06,59.54,74.48,55.1,46.83,76.55,49.91,99.11,65.6
2026-04-02,99.23,28.81,73.58,47.96,21.88,56.97,96.83,93.3,93.97,25.09,26.79,79.56,36.33,49.83,103.89,49.78,40.99,46.18,95.72,109.12,94.86,106.49,21.06,30.43,18.42,21.91,31.45,23.22,26.0,25.6,29.03,23.29,22.32,22.38,26.29,45.36,86.79,36.8,51.21,60.2,74.98,55.37,46.93,76.83,50.0,99.34,65.72
2026-04-06,99.05,28.89,73.47,47.88,21.86,56.94,96.71,93.22,93.94,25.11,26.84,79.7,36.38,49.79,103.94,49.69,40.89,46.11,95.91,108.95,94.66,106.45,21.05,30.5,18.47,21.92,31.41,23.18,26.05,25.55,28.99,23.34,22.29,22.33,26.27,45.33,86.65,36.88,51.13,60.16,74.86,55.3,46.8,76.7,49.96,99.25,65.72
2026-04-07,99.17,28.94,73.58,47.91,21.93,56.98,96.86,93.84,93.99,25.16,26.88,79.72,36.4,49.81,104.53,49.77,41.1,46.18,95.92,109.07,94.86,106.57,21.07,30.47,18.53,21.96,31.39,23.21,26.04,25.58,29.02,23.34,22.31,22.37,26.26,45.37,86.64,36.91,51.24,60.4,74.92,55.3,46.87,76.84,50.01,99.4,65.81
2026-04-08,99.43,29.14,73.72,48.28,22.25,57.21,97.16,96.39,95.11,25.69,27.08,80.19,36.63,50.13,107.39,50.0,41.68,46.3,96.48,109.49,95.06,106.76,21.36,30.74,18.66,22.34,31.51,23.25,26.21,25.64,29.12,23.49,22.4,22.43,26.35,45.48,86.92,37.11,51.38,61.41,75.27,55.5,47.05,77.05,50.13,99.73,66.38
2026-04-09,99.49,29.19,73.75,48.13,22.22,57.3,97.22,96.51,95.51,25.75,27.13,80.28,36.64,50.03,107.56,50.02,41.7,46.33,96.57,109.49,95.16,107.0,21.46,30.84,18.77,22.55,31.46,23.27,26.25,25.65,29.13,23.49,22.41,22.43,26.31,45.55,86.7,37.12,51.4,61.92,75.29,55.4,47.02,77.06,50.26,99.92,66.68
2026-04-10,99.32,29.13,73.64,48.0,22.17,57.25,97.06,96.5,95.5,25.81,27.04,79.96,36.5,49.92,107.64,49.83,41.62,46.25,96.24,109.2,94.97,106.84,21.45,30.79,18.73,22.62,31.37,23.23,26.16,25.62,29.07,23.42,22.3,22.42,26.24,45.57,86.49,36.98,51.31,62.15,74.99,55.26,46.99,76.91,50.24,99.86,66.69
2026-04-13,99.52,29.23,73.8,48.04,22.21,57.34,97.33,97.88,96.03,25.91,27.14,80.26,36.63,49.91,108.59,50.12,41.69,46.35,96.58,109.62,95.2,107.0,21.59,30.99,18.83,22.67,31.47,23.28,26.25,25.67,29.15,23.51,22.45,22.46,26.33,45.6,86.75,37.12,51.46,62.29,75.41,55.43,47.07,77.17,50.3,100.01,67.04
2026-04-14,99.78,29.34,73.98,48.22,22.38,57.37,97.59,98.84,96.46,25.99,27.26,80.5,36.75,50.05,109.8,50.32,41.98,46.47,96.87,109.98,95.46,107.08,21.75,31.25,18.93,22.89,31.64,23.33,26.34,25.72,29.24,23.57,22.53,22.5,26.46,45.61,87.21,37.25,51.59,63.03,75.71,55.71,47.22,77.39,50.34,100.06,67.32
2026-04-15,99.62,29.32,73.88,48.12,22.34,57.27,97.54,99.03,96.25,25.99,27.23,80.46,36.71,49.96,110.31,50.33,41.97,46.42,96.81,109.94,95.27,106.88,21.7,31.36,19.0,22.88,31.51,23.31,26.32,25.7,29.23,23.56,22.54,22.48,26.35,45.57,86.83,37.22,51.57,63.01,75.75,55.49,47.12,77.34,50.26,99.96,67.26
2026-04-16,99.48,29.28,73.77,48.09,22.27,57.32,97.22,100.14,95.95,25.92,27.17,80.35,36.68,49.97,111.2,49.95,41.86,46.35,96.71,109.43,95.25,106.98,21.59,31.33,18.91,23.08,31.34,23.26,26.3,25.66,29.13,23.52,22.37,22.45,26.2,45.6,86.28,37.16,51.41,63.5,75.15,55.19,47.09,77.09,50.29,99.97,67.0
2026-04-17,99.85,29.4,74.06,48.33,22.42,57.46,97.7,100.51,96.67,26.09,27.29,80.65,36.84,50.21,112.06,50.34,42.13,46.53,97.08,110.04,95.55,107.37,21.77,31.46,18.96,23.43,31.6,23.36,26.38,25.75,29.27,23.62,22.55,22.54,26.44,45.76,87.07,37.29,51.65,64.48,75.75,55.65,47.26,77.42,50.45,100.2,67.51
2026-04-20,99.84,29.36,74.01,48.27,22.45,57.47,97.72,100.89,96.59,26.07,27.26,80.58,36.8,50.15,112.35,50.33,42.11,46.5,96.99,110.03,95.46,107.42,21.67,31.44,19.01,23.48,31.58,23.36,26.36,25.74,29.27,23.6,22.54,22.5,26.42,45.74,87.05,37.29,51.65,64.78,75.75,55.64,47.21,77.41,50.47,100.26,67.49
2026-04-21,99.47,29.28,73.78,48.1,22.24,57.42,97.34,99.9,96.13,25.86,27.18,80.37,36.71,49.97,111.32,50.07,41.76,46.37,96.75,109.61,95.07,107.24,21.59,31.24,18.89,23.09,31.4,23.28,26.31,25.65,29.17,23.55,22.43,22.41,26.28,45.66,86.57,37.19,51.46,63.74,75.38,55.32,46.99,77.15,50.38,100.17,67.17
2026-04-22,99.61,29.33,73.86,48.18,22.25,57.44,97.48,101.0,96.38,25.85,27.23,80.5,36.77,50.07,112.33,50.24,41.73,46.42,96.91,109.82,95.29,107.31,21.65,31.51,19.04,22.83,31.47,23.29,26.35,25.69,29.22,23.58,22.5,22.45,26.33,45.7,86.74,37.24,51.56,63.03,75.6,55.44,47.07,77.31,50.43,100.21,67.31
2026-04-23,99.45,29.29,73.73,48.09,22.17,57.48,97.36,100.92,95.93,25.68,27.18,80.37,36.71,49.96,112.01,50.05,41.65,46.33,96.74,109.52,95.08,107.33,21.56,31.49,19.07,23.15,31.42,23.27,26.3,25.65,29.16,23.55,22.42,22.41,26.27,45.7,86.55,37.2,51.45,63.81,75.33,55.32,46.99,77.16,50.45,100.19,67.08
2026-04-24,99.59,29.29,73.86,48.17,22.25,57.48,97.43,100.78,96.2,25.74,27.2,80.48,36.75,50.09,112.19,50.07,41.83,46.4,96.89,109.6,95.23,107.37,21.59,31.52,19.12,23.1,31.49,23.3,26.35,25.67,29.18,23.57,22.42,22.44,26.32,45.75,86.71,37.25,51.5,63.68,75.31,55.43,47.12,77.21,50.47,100.25,67.2
2026-04-27,99.44,29.3,73.74,48.05,22.19,57.48,97.23,100.71,96.03,25.68,27.22,80.51,36.78,49.93,111.95,49.85,41.71,46.33,96.91,109.29,95.06,107.41,21.54,31.49,19.07,22.98,31.32,23.27,26.36,25.63,29.12,23.59,22.31,22.41,26.21,45.74,86.28,37.26,51.38,63.43,74.99,55.18,47.02,77.05,50.47,100.23,67.07
2026-04-28,99.4,29.27,73.72,48.0,22.13,57.42,97.22,99.17,95.95,25.64,27.2,80.4,36.74,49.87,110.1,49.92,41.6,46.33,96.8,109.34,95.08,107.3,21.5,31.29,19.0,23.21,31.34,23.25,26.32,25.62,29.12,23.57,22.35,22.41,26.22,45.66,86.37,37.2,51.41,64.02,75.11,55.22,47.0,77.06,50.39,100.1,66.99
2026-04-29,98.96,29.17,73.39,47.86,21.98,57.28,96.8,99.75,95.5,25.41,27.07,80.13,36.62,49.79,111.18,49.56,41.31,46.14,96.5,108.73,94.61,107.04,21.38,31.17,18.92,23.06,31.1,23.15,26.24,25.52,28.99,23.49,22.19,22.29,26.02,45.52,85.7,37.1,51.18,63.63,74.56,54.79,46.81,76.7,50.29,99.92,66.75
2026-04-30,99.1,29.26,73.5,48.05,22.27,57.31,96.92,101.04,95.8,25.56,27.14,80.38,36.74,49.91,112.71,49.61,41.88,46.21,96.83,108.85,94.78,107.13,21.47,31.45,19.09,23.42,31.09,23.19,26.29,25.55,29.01,23.55,22.2,22.33,26.01,45.58,85.62,37.23,51.25,64.59,74.61,54.77,46.91,76.82,50.31,99.98,66.93
2026-05-01,98.9,29.14,73.36,47.97,22.23,57.14,96.7,101.87,95.57,25.42,27.04,80.06,36.57,49.94,113.59,49.54,41.82,46.09,96.4,108.6,94.5,106.81,21.54,31.41,19.0,23.39,31.08,23.13,26.21,25.49,28.94,23.45,22.16,22.28,26.0,45.43,85.61,37.04,51.1,64.46,74.51,54.73,46.79,76.63,50.17,99.69,66.71
2026-05-04,98.59,29.04,73.11,47.84,22.13,57.11,96.36,102.42,95.08,25.27,26.95,79.8,36.46,49.84,114.62,49.28,41.63,45.95,96.1,108.25,94.15,106.69,21.35,31.26,18.91,23.24,30.87,23.06,26.13,25.41,28.86,23.38,22.05,22.19,25.83,45.43,84.96,36.92,50.97,64.03,74.14,54.36,46.59,76.37,50.12,99.59,66.4
2026-05-05,98.77,29.11,73.24,47.89,22.13,57.12,96.6,103.9,95.52,25.36,27.03,79.92,36.51,49.87,115.91,49.6,41.78,46.03,96.22,108.65,94.31,106.77,21.49,31.45,18.95,23.31,31.01,23.09,26.16,25.47,28.94,23.4,22.2,22.23,25.95,45.41,85.43,36.98,51.11,64.37,74.61,54.61,46.68,76.6,50.14,99.63,66.68
2026-05-06,99.19,29.21,73.55,48.16,22.34,57.24,97.02,105.65,96.27,25.63,27.12,80.16,36.63,50.12,118.29,49.92,42.18,46.23,96.54,109.19,94.8,106.99,21.69,31.61,19.08,23.62,31.25,23.19,26.25,25.56,29.07,23.48,22.35,22.35,26.15,45.52,86.08,37.1,51.31,65.24,75.08,55.03,46.92,76.97,50.23,99.77,67.16
2026-05-07,98.95,29.08,73.36,48.08,22.31,57.23,96.76,104.28,95.9,25.63,27.04,79.86,36.47,50.04,116.45,49.65,42.06,46.12,96.2,108.74,94.58,106.99,21.61,31.52,19.0,23.44,31.11,23.14,26.14,25.51,28.97,23.4,22.22,22.3,26.03,45.48,85.65,36.98,51.16,64.76,74.7,54.79,46.76,76.67,50.2,99.74,66.94
2026-05-08,99.18,29.17,73.55,48.14,22.39,57.27,97.06,104.68,96.15,25.71,27.13,80.14,36.59,50.16,116.76,49.94,42.27,46.22,96.52,109.2,94.91,107.0,21.67,31.72,19.14,23.53,31.24,23.2,26.21,25.57,29.07,23.47,22.34,22.38,26.14,45.51,86.08,37.07,51.32,65.11,75.12,55.02,46.95,76.93,50.25,99.75,67.08
2026-05-11,98.92,29.09,73.37,47.98,22.29,57.24,96.85,106.0,95.97,25.62,27.04,79.98,36.53,50.0,118.47,49.76,42.07,46.11,96.32,108.93,94.67,106.94,21.58,31.68,19.06,23.55,31.06,23.13,26.17,25.51,29.01,23.43,22.27,22.31,25.99,45.5,85.56,36.99,51.21,65.13,74.85,54.72,46.82,76.77,50.22,99.7,66.96
2026-05-12,98.63,29.02,73.15,47.81,22.14,57.12,96.53,104.81,95.72,25.52,26.98,79.87,36.48,49.88,116.96,49.53,41.71,45.97,96.18,108.56,94.22,106.72,21.49,31.57,19.08,23.58,30.88,23.07,26.14,25.44,28.93,23.39,22.16,22.22,25.84,45.43,84.99,36.96,51.07,65.19,74.5,54.38,46.64,76.56,50.12,99.58,66.76
2026-05-13,98.67,29.01,73.18,47.9,22.11,57.02,96.56,106.04,95.54,25.51,26.96,79.91,36.49,49.93,118.62,49.51,41.74,45.99,96.18,108.62,94.35,106.64,21.42,31.58,19.03,23.42,30.81,23.08,26.14,25.44,28.94,23.4,22.16,22.22,25.78,45.38,84.8,36.97,51.09,64.83,74.49,54.28,46.69,76.59,50.1,99.44,66.6
2026-05-14,98.64,29.01,73.16,47.97,22.05,57.04,96.55,106.57,95.54,25.47,26.96,79.85,36.46,49.92,119.18,49.53,41.52,45.97,96.12,108.55,94.27,106.66,21.44,31.6,19.05,23.33,30.85,23.06,26.13,25.43,28.93,23.39,22.17,22.22,25.83,45.38,84.92,36.94,51.07,64.69,74.52,54.34,46.68,76.55,50.05,99.41,66.61
2026-05-15,98.02,28.82,72.74,47.57,21.81,56.79,96.03,104.5,94.71,25.21,26.8,79.46,36.3,49.68,117.19,49.08,41.01,45.7,95.72,107.86,93.57,106.12,21.21,31.23,18.84,22.97,30.42,22.93,26.02,25.28,28.76,23.29,21.96,22.06,25.45,45.16,83.66,36.79,50.82,63.65,73.81,53.58,46.34,76.11,49.83,98.99,66.14
2026-05-18,98.01,28.84,72.69,47.7,21.9,56.8,95.88,102.86,94.62,25.26,26.82,79.54,36.32,49.79,115.36,48.91,41.27,45.68,95.77,107.66,93.49,106.08,21.07,31.16,18.82,23.25,30.38,22.91,26.03,25.26,28.73,23.29,21.9,22.04,25.44,45.18,83.56,36.79,50.74,64.36,73.57,53.52,46.32,76.06,49.84,98.93,66.04
2026-05-19,97.63,28.75,72.45,47.59,21.74,56.66,95.52,102.44,94.25,25.08,26.73,79.35,36.23,49.68,114.64,48.61,41.03,45.53,95.54,107.12,93.08,105.67,20.96,30.97,18.7,23.34,30.2,22.84,25.99,25.19,28.62,23.24,21.76,21.96,25.27,45.07,83.02,36.7,50.56,64.36,73.13,53.19,46.1,75.73,49.68,98.67,65.75
2026-05-20,98.22,28.92,72.85,47.92,21.95,56.75,96.13,103.11,94.92,25.28,26.93,79.86,36.46,49.97,115.57,49.15,41.42,45.78,96.12,107.95,93.76,105.93,21.11,31.11,18.81,23.62,30.5,22.97,26.12,25.31,28.8,23.39,22.0,22.12,25.52,45.15,83.91,36.94,50.86,65.22,73.93,53.73,46.47,76.23,49.8,98.96,66.18
2026-05-21,98.34,29.0,72.93,47.98,21.94,56.77,96.23,105.37,94.99,25.33,26.98,79.9,36.49,50.01,117.99,49.3,41.43,45.82,96.2,108.17,93.9,106.08,21.15,31.13,18.81,23.65,30.61,22.99,26.13,25.34,28.86,23.4,22.08,22.11,25.61,45.19,84.22,36.98,50.94,65.38,74.18,53.91,46.5,76.33,49.85,98.97,66.22
2026-05-22,98.44,29.03,73.0,48.06,21.93,56.84,96.38,105.65,95.17,25.34,27.02,79.91,36.48,50.04,118.38,49.48,41.43,45.88,96.25,108.37,94.08,106.17,21.2,31.24,18.82,23.69,30.72,23.0,26.19,25.37,28.9,23.41,22.16,22.16,25.71,45.19,84.68,36.99,51.0,65.49,74.48,54.13,46.57,76.44,49.88,99.08,66.31
2026-05-26,98.72,29.11,73.21,48.23,22.04,57.08,96.71,106.75,95.64,25.47,27.06,80.18,36.61,50.19,119.9,49.74,41.68,46.02,96.56,108.78,94.33,106.65,21.35,31.34,18.9,23.84,30.9,23.09,26.24,25.45,28.98,23.48,22.27,22.24,25.85,45.4,85.1,37.1,51.16,65.89,74.84,54.44,46.73,76.7,50.09,99.49,66.64
2026-05-27,98.8,29.12,73.28,48.22,22.04,57.14,96.81,106.91,95.98,25.47,27.08,80.13,36.59,50.2,119.94,49.86,41.68,46.04,96.52,108.93,94.38,106.89,21.45,31.39,18.95,23.75,30.98,23.11,26.24,25.47,29.03,23.47,22.32,22.24,25.91,45.46,85.3,37.09,51.23,65.69,75.05,54.55,46.72,76.78,50.21,99.66,66.89
2026-05-28,99.0,29.14,73.42,48.26,22.11,57.25,97.02,107.72,96.23,25.56,27.11,80.23,36.61,50.23,120.41,50.08,41.93,46.18,96.62,109.26,94.71,107.03,21.5,31.5,19.0,23.67,31.11,23.15,26.26,25.53,29.08,23.48,22.42,22.32,26.03,45.53,85.74,37.11,51.34,65.41,75.38,54.81,46.84,76.95,50.28,99.83,67.09
2026-05-29,99.06,29.23,73.46,48.33,22.17,57.35,97.12,108.1,96.43,25.62,27.2,80.31,36.67,50.27,120.68,50.13,41.98,46.18,96.77,109.36,94.79,107.17,21.59,31.56,19.02,23.45,31.12,23.17,26.31,25.54,29.09,23.53,22.45,22.33,26.04,45.59,85.76,37.17,51.39,64.78,75.43,54.84,46.91,77.0,50.36,100.05,67.25
2026-06-01,98.68,29.06,73.18,48.11,22.03,57.24,96.69,109.43,96.01,25.51,27.04,79.84,36.42,50.23,122.63,49.91,41.77,46.03,96.17,108.93,94.32,106.94,21.58,31.4,18.94,23.01,30.99,23.08,26.13,25.44,28.98,23.37,22.37,22.23,25.96,45.49,85.47,36.94,51.16,63.53,75.12,54.62,46.72,76.64,50.29,99.84,66.87
2026-06-02,98.71,29.09,73.2,48.2,22.02,57.33,96.68,110.74,96.26,25.54,27.04,79.9,36.47,50.27,123.9,49.92,41.8,46.02,96.21,108.92,94.33,107.1,21.66,31.44,18.95,23.07,31.06,23.08,26.15,25.43,28.99,23.39,22.36,22.23,26.02,45.59,85.65,36.96,51.17,63.86,75.15,54.75,46.65,76.7,50.34,100.0,67.04
2026-06-03,98.5,29.03,73.06,48.03,21.89,57.31,96.48,109.46,95.9,25.4,26.98,79.68,36.4,50.17,122.7,49.76,41.45,45.94,96.0,108.62,94.11,107.01,21.6,31.23,18.84,23.08,30.92,23.04,26.07,25.4,28.93,23.34,22.28,22.18,25.92,45.58,85.31,36.86,51.05,63.91,74.89,54.53,46.58,76.53,50.31,99.95,66.83
2026-06-04,98.66,29.09,73.16,48.08,21.93,57.38,96.63,109.66,96.1,25.43,27.03,79.83,36.44,50.22,122.8,49.9,41.54,46.0,96.15,108.85,94.21,107.19,21.65,31.25,18.9,23.47,31.0,23.07,26.13,25.43,28.98,23.36,22.36,22.21,25.97,45.63,85.5,36.94,51.14,64.77,75.1,54.66,46.6,76.67,50.38,100.0,66.99
2026-06-05,98.17,28.94,72.83,48.01,21.74,57.28,96.09,105.23,95.4,25.15,26.89,79.43,36.27,50.14,117.65,49.52,41.17,45.8,95.73,108.17,93.74,106.97,21.47,30.91,18.75,23.68,30.82,22.96,26.02,25.32,28.82,23.27,22.18,22.11,25.83,45.56,85.06,36.78,50.88,65.34,74.52,54.34,46.38,76.25,50.3,99.87,66.56
2026-06-08,98.17,28.95,72.81,47.95,21.7,57.29,96.02,105.56,95.28,25.11,26.91,79.54,36.31,50.07,118.25,49.38,41.08,45.76,95.8,108.06,93.7,106.94,21.4,30.97,18.69,23.36,30.7,22.95,26.03,25.29,28.8,23.29,22.12,22.09,25.72,45.56,84.62,36.81,50.84,64.61,74.3,54.12,46.4,76.21,50.29,99.92,66.44
2026-06-09,98.37,29.0,72.97,47.99,21.78,57.37,96.28,104.68,95.67,25.22,26.97,79.62,36.34,50.14,117.37,49.62,41.15,45.87,95.92,108.41,93.89,107.04,21.51,30.89,18.66,23.91,30.87,23.01,26.07,25.35,28.88,23.31,22.22,22.15,25.85,45.59,85.12,36.85,50.97,66.14,74.64,54.39,46.51,76.41,50.37,100.0,66.67
2026-06-10,98.31,28.92,72.91,47.9,21.72,57.22,96.15,103.36,95.35,25.19,26.89,79.47,36.26,50.08,115.55,49.46,41.08,45.82,95.73,108.16,93.91,106.82,21.41,30.77,18.61,23.93,30.78,22.98,26.02,25.34,28.83,23.28,22.15,22.15,25.78,45.5,84.88,36.79,50.9,66.14,74.39,54.25,46.5,76.27,50.26,99.83,66.44
2026-06-11,98.88,29.11,73.33,48.18,21.94,57.33,96.8,105.62,96.27,25.45,27.08,79.94,36.49,50.31,118.15,50.03,41.5,46.08,96.28,109.08,94.52,107.06,21.66,31.02,18.77,23.93,31.14,23.12,26.15,25.48,29.03,23.4,22.41,22.3,26.1,45.61,85.98,36.97,51.22,66.24,75.27,54.92,46.77,76.8,50.34,99.96,67.07
2026-06-12,98.76,29.12,73.24,48.26,21.94,57.31,96.71,106.88,96.36,25.52,27.09,79.94,36.49,50.32,119.75,49.98,41.49,46.05,96.3,109.01,94.38,107.05,21.69,31.07,18.82,24.17,31.06,23.09,26.16,25.46,29.0,23.41,22.39,22.27,26.02,45.55,85.77,36.98,51.2,66.86,75.2,54.77,46.68,76.75,50.3,99.96,67.18
2026-06-15,98.85,29.18,73.3,48.27,22.0,57.38,96.76,109.77,96.71,25.75,27.15,80.04,36.53,50.39,123.18,49.97,41.58,46.1,96.45,108.99,94.52,107.17,21.79,31.3,18.93,23.98,31.07,23.11,26.21,25.47,29.02,23.44,22.36,22.29,26.03,45.59,85.72,37.03,51.21,66.02,75.15,54.78,46.77,76.77,50.35,100.07,67.37
2026-06-16,98.97,29.18,73.41,48.33,22.06,57.4,96.87,109.48,96.67,25.81,27.17,80.03,36.53,50.46,122.76,50.06,41.72,46.14,96.43,109.12,94.7,107.17,21.81,31.19,18.94,24.01,31.24,23.15,26.2,25.52,29.03,23.45,22.42,22.33,26.18,45.59,86.19,37.03,51.28,66.13,75.29,55.05,46.85,76.85,50.35,100.09,67.39
2026-06-17,98.61,29.09,73.14,48.31,21.87,57.33,96.52,109.54,96.28,25.59,27.1,79.73,36.42,50.43,122.97,49.98,41.33,45.99,96.06,108.77,94.19,106.98,21.72,31.09,18.84,23.4,31.22,23.06,26.11,25.42,28.96,23.37,22.39,22.24,26.17,45.54,86.33,36.93,51.1,64.51,75.17,55.04,46.61,76.61,50.29,100.0,67.12
2026-06-18,98.9,29.18,73.34,48.35,21.82,57.5,96.77,110.58,96.73,25.58,27.19,80.01,36.5,50.53,124.25,50.14,41.2,46.12,96.39,109.07,94.48,107.33,21.85,31.23,18.89,23.38,31.38,23.12,26.18,25.5,29.03,23.44,22.45,22.29,26.3,45.67,86.75,37.01,51.23,64.66,75.4,55.31,46.74,76.8,50.45,100.24,67.44
2026-06-22,98.63,29.17,73.14,48.27,21.72,57.49,96.55,110.42,96.4,25.56,27.16,79.94,36.49,50.45,124.27,49.93,41.02,45.99,96.3,108.78,94.25,107.32,21.64,30.84,18.74,23.67,31.17,23.06,26.17,25.43,28.96,23.42,22.36,22.23,26.12,45.67,86.09,36.99,51.13,65.47,75.1,54.94,46.66,76.61,50.44,100.28,67.19
2026-06-23,98.71,29.15,73.22,48.38,21.67,57.45,96.68,108.24,96.26,25.41,27.16,79.87,36.45,50.46,121.85,50.05,40.91,46.05,96.25,108.91,94.34,107.26,21.6,30.78,18.74,23.98,31.23,23.08,26.15,25.45,28.99,23.41,22.41,22.26,26.14,45.61,86.2,36.96,51.19,66.32,75.27,55.02,46.7,76.72,50.43,100.24,67.08
2026-06-24,99.19,29.19,73.55,48.5,21.66,57.51,97.07,107.13,96.57,25.37,27.18,79.85,36.46,50.58,120.56,50.39,40.97,46.23,96.19,109.41,94.75,107.46,21.69,30.68,18.68,23.83,31.6,23.19,26.14,25.57,29.11,23.4,22.57,22.36,26.47,45.71,87.38,36.96,51.37,66.41,75.8,55.71,46.92,77.02,50.49,100.34,67.29
2026-06-25,99.25,29.24,73.6,48.49,21.68,57.55,97.19,107.52,96.56,25.45,27.22,79.88,36.47,50.6,121.04,50.4,41.0,46.26,96.28,109.5,94.92,107.58,21.67,30.44,18.65,23.89,31.58,23.21,26.16,25.58,29.14,23.42,22.58,22.38,26.46,45.73,87.35,36.99,51.41,66.79,75.8,55.68,46.96,77.09,50.53,100.43,67.29
2026-06-26,99.34,29.22,73.67,48.51,21.73,57.6,97.26,105.5,96.54,25.53,27.19,79.83,36.44,50.6,118.81,50.35,41.04,46.3,96.22,109.5,94.93,107.6,21.67,30.36,18.64,24.22,31.61,23.23,26.15,25.61,29.15,23.41,22.54,22.41,26.49,45.76,87.36,36.95,51.43,67.65,75.69,55.72,46.98,77.1,50.56,100.5,67.24
2026-06-29,99.37,29.25,73.71,48.52,21.75,57.65,97.4,107.14,96.82,25.59,27.23,80.01,36.52,50.61,120.81,50.48,41.16,46.32,96.4,109.7,94.97,107.71,21.74,30.61,18.68,24.11,31.64,23.23,26.19,25.63,29.19,23.45,22.61,22.41,26.52,45.81,87.45,37.03,51.52,67.56,75.94,55.78,47.01,77.2,50.64,100.61,67.48
2026-06-30,98.98,29.24,73.41,48.43,21.68,57.64,96.9,107.82,96.44,25.56,27.24,79.97,36.52,50.6,121.74,50.04,41.03,46.15,96.37,109.07,94.52,107.62,21.65,30.49,18.69,23.68,31.3,23.13,26.18,25.52,29.04,23.44,22.4,22.31,26.23,45.8,86.42,37.02,51.29,66.45,75.25,55.18,46.81,76.8,50.58,100.6,67.24
2026-07-01,98.5,29.11,73.06,48.27,21.59,57.51,96.33,105.85,96.02,25.35,27.12,79.59,36.33,50.16,119.43,49.68,40.9,45.92,95.88,108.46,94.02,107.34,21.59,30.47,18.61,23.78,31.02,23.04,26.05,25.39,28.87,23.31,22.22,22.18,25.99,45.64,85.52,36.84,51.01,66.61,74.65,54.66,46.57,76.42,50.47,100.3,66.87
2026-07-02,98.61,29.16,73.11,48.24,21.68,57.58,96.52,104.38,96.2,25.46,27.17,79.71,36.39,50.13,117.43,49.76,41.04,45.96,95.99,108.64,94.13,107.5,21.65,30.48,18.58,24.07,31.03,23.05,26.08,25.4,28.92,23.34,22.26,22.2,25.99,45.73,85.51,36.89,51.09,67.46,74.81,54.69,46.61,76.53,50.53,100.39,67.0
2026-07-06,98.66,29.18,73.14,48.22,21.67,57.58,96.52,105.33,96.35,25.59,27.21,79.87,36.44,50.11,118.19,49.73,40.97,46.0,96.15,108.67,94.28,107.57,21.65,30.74,18.79,23.87,31.01,23.06,26.13,25.43,28.94,23.37,22.25,22.23,25.98,45.72,85.45,36.96,51.09,66.99,74.75,54.63,46.62,76.56,50.54,100.43,67.05
2026-07-07,98.21,29.14,72.85,48.02,21.55,57.48,96.03,103.85,95.94,25.48,27.15,79.76,36.41,49.94,116.3,49.19,40.75,45.8,96.05,107.88,93.84,107.24,21.51,30.51,18.65,24.15,30.7,22.95,26.1,25.32,28.76,23.35,22.0,22.13,25.72,45.6,84.55,36.93,50.82,67.67,73.87,54.1,46.46,76.11,50.42,100.23,66.68
2026-07-08,98.04,29.05,72.7,47.83,21.5,57.33,95.87,104.65,95.79,25.39,27.1,79.66,36.35,49.81,117.08,49.09,40.66,45.73,95.9,107.67,93.69,106.91,21.45,30.45,18.56,23.78,30.63,22.93,26.06,25.27,28.72,23.32,21.95,22.11,25.66,45.55,84.36,36.86,50.73,66.6,73.71,53.96,46.37,76.0,50.26,100.01,66.62
2026-07-09,98.18,29.09,72.83,48.02,21.52,57.36,95.97,105.62,95.96,25.44,27.12,79.75,36.39,49.9,118.56,49.1,40.75,45.78,96.0,107.71,93.82,106.94,21.51,30.56,18.68,23.8,30.67,22.95,26.1,25.31,28.75,23.34,21.96,22.13,25.71,45.55,84.49,36.9,50.78,66.69,73.75,54.05,46.47,76.05,50.29,100.05,66.7
2026-07-10,98.08,29.03,72.77,48.08,21.59,57.35,95.79,105.24,95.99,25.55,27.09,79.71,36.35,49.99,117.92,48.96,40.84,45.74,95.93,107.46,93.72,107.01,21.52,30.54,18.65,23.89,30.67,22.93,26.07,25.28,28.7,23.33,21.89,22.12,25.69,45.54,84.47,36.87,50.7,66.75,73.52,54.05,46.44,75.91,50.34,100.09,66.8
2026-07-13,97.71,28.96,72.5,47.89,21.45,57.33,95.41,103.86,95.38,25.39,27.0,79.52,36.26,49.82,116.38,48.64,40.58,45.59,95.76,106.96,93.26,106.9,21.33,30.35,18.55,24.04,30.49,22.86,26.01,25.19,28.58,23.28,21.74,22.02,25.56,45.54,83.97,36.8,50.5,67.22,73.01,53.74,46.24,75.63,50.27,99.97,66.39
2026-07-14,98.0,29.03,72.7,47.96,21.59,57.34,95.64,104.14,95.57,25.48,27.07,79.68,36.35,49.91,116.57,48.73,40.8,45.69,95.9,107.21,93.67,106.95,21.37,30.51,18.57,24.03,30.54,22.91,26.06,25.27,28.62,23.32,21.78,22.12,25.61,45.57,84.08,36.86,50.62,67.16,73.16,53.84,46.46,75.8,50.29,100.02,66.51
2026-07-15,98.14,29.07,72.82,48.03,21.66,57.25,95.9,103.59,95.73,25.54,27.14,79.81,36.41,49.96,116.0,48.95,41.0,45.77,96.07,107.58,93.83,106.76,21.39,30.62,18.65,24.01,30.62,22.96,26.12,25.32,28.72,23.36,21.88,22.14,25.66,45.49,84.24,36.91,50.75,67.06,73.48,53.97,46.5,76.03,50.21,99.85,66.6
2026-07-16,98.13,29.06,72.81,47.96,21.59,57.12,95.88,101.54,95.59,25.45,27.12,79.8,36.42,49.89,113.65,48.91,40.85,45.77,96.08,107.5,93.76,106.62,21.36,30.37,18.57,24.6,30.6,22.94,26.1,25.3,28.71,23.36,21.87,22.13,25.65,45.42,84.21,36.92,50.72,68.8,73.45,53.95,46.45,75.95,50.16,99.69,66.56
2026-07-17,98.2,29.05,72.86,47.93,21.56,57.11,95.93,101.49,95.53,25.36,27.12,79.65,36.37,49.85,113.74,48.97,40.77,45.79,95.98,107.56,93.78,106.58,21.35,30.35,18.59,24.61,30.7,22.96,26.08,25.31,28.73,23.33,21.89,22.14,25.73,45.39,84.52,36.87,50.74,68.83,73.54,54.1,46.5,75.98,50.13,99.63,66.48
2026-07-20,97.95,29.03,72.68,47.82,21.51,57.06,95.63,101.82,95.37,25.37,27.07,79.68,36.38,49.8,114.16,48.65,40.68,45.68,95.95,107.15,93.57,106.4,21.2,30.32,18.5,24.5,30.5,22.9,26.07,25.26,28.64,23.33,21.75,22.08,25.56,45.32,83.89,36.88,50.61,68.56,73.08,53.75,46.39,75.76,50.05,99.52,66.36
2026-07-21,97.74,28.99,72.52,47.83,21.46,57.0,95.45,103.69,95.38,25.37,27.04,79.65,36.35,49.78,116.72,48.49,40.58,45.61,95.9,106.85,93.41,106.17,21.16,30.32,18.52,24.53,30.4,22.85,26.05,25.21,28.58,23.32,21.67,22.04,25.48,45.23,83.66,36.86,50.5,68.79,72.8,53.59,46.28,75.62,49.95,99.39,66.3
2026-07-22,97.58,28.94,72.4,47.8,21.46,56.81,95.27,104.0,95.09,25.35,26.98,79.52,36.3,49.75,116.51,48.37,40.55,45.52,95.75,106.67,93.15,105.88,21.08,30.45,18.55,24.4,30.32,22.82,26.01,25.16,28.53,23.29,21.62,21.99,25.4,45.1,83.44,36.8,50.42,68.38,72.64,53.42,46.14,75.48,49.81,99.08,66.12
2026-07-23,97.34,28.82,72.25,47.71,21.36,56.47,94.99,103.17,94.53,25.15,26.86,79.23,36.17,49.72,115.9,48.12,40.35,45.42,95.4,106.26,92.88,105.26,20.97,30.14,18.39,24.34,30.21,22.76,25.95,25.1,28.44,23.2,21.51,21.94,25.31,44.84,83.17,36.66,50.27,68.33,72.26,53.25,46.07,75.25,49.51,98.44,65.72
2026-07-24,97.46,28.82,72.31,47.8,21.4,56.52,95.02,101.48,94.64,25.21,26.87,79.23,36.17,49.75,113.75,48.09,40.44,45.45,95.39,106.23,93.11,105.55,20.97,30.16,18.36,24.86,30.27,22.79,25.92,25.13,28.45,23.18,21.49,21.97,25.36,44.89,83.25,36.66,50.3,69.82,72.22,53.34,46.19,75.27,49.61,98.59,65.85
2026-07-27,97.69,28.89,72.46,47.92,21.44,56.67,95.2,101.34,94.96,25.29,26.89,79.27,36.18,49.83,113.44,48.3,40.55,45.56,95.46,106.51,93.37,105.8,21.07,30.28,18.45,24.76,30.43,22.83,25.94,25.17,28.51,23.21,21.57,22.03,25.49,45.02,83.75,36.69,50.39,69.48,72.48,53.62,46.28,75.42,49.69,98.77,66.02
2026-07-28,97.92,28.92,72.64,47.99,21.47,56.74,95.48,100.31,95.19,25.36,26.95,79.42,36.25,49.93,111.86,48.49,40.66,45.65,95.61,106.83,93.67,106.0,21.1,30.36,18.49,24.82,30.59,22.89,25.96,25.25,28.58,23.24,21.67,22.1,25.63,45.09,84.24,36.74,50.51,69.56,72.82,53.91,46.37,75.6,49.77,98.87,66.13
2026-07-29,97.55,28.84,72.38,47.81,21.5,56.59,95.1,98.39,94.56,25.31,26.86,79.24,36.18,49.77,109.68,47.95,40.68,45.51,95.39,106.22,93.23,105.77,20.88,30.1,18.34,24.76,30.16,22.82,25.91,25.16,28.44,23.19,21.42,22.01,25.26,45.0,82.85,36.67,50.3,69.17,72.01,53.13,46.19,75.31,49.7,98.86,65.74
2026-07-30,97.62,28.93,72.42,47.88,21.77,56.56,95.27,101.49,94.79,25.51,26.95,79.47,36.29,49.83,113.38,48.08,41.15,45.55,95.66,106.41,93.29,105.76,20.93,30.44,18.52,24.4,30.13,22.83,25.99,25.16,28.5,23.26,21.49,22.02,25.25,45.0,82.8,36.79,50.37,68.26,72.23,53.1,46.25,75.4,49.65,98.72,65.87
2026-07-31,97.37,28.92,72.23,47.77,21.72,56.53,95.08,101.85,94.66,25.47,26.92,79.48,36.29,49.75,113.23,47.94,41.01,45.45,95.68,106.25,92.92,105.64,20.92,30.47,18.52,24.28,29.94,22.76,26.01,25.11,28.44,23.27,21.41,21.92,25.08,44.9,82.25,36.78,50.32,67.89,71.99,52.77,46.06,75.25,49.6,98.66,65.84
2026-08-03,97.26,28.85,72.15,47.84,21.77,56.37,94.87,103.3,94.75,25.38,26.87,79.31,36.19,49.9,115.11,47.96,41.24,45.37,95.45,106.11,92.72,105.45,21.05,30.62,18.61,24.29,29.92,22.73,25.91,25.07,28.4,23.2,21.43,21.9,25.08,44.83,82.19,36.68,50.22,67.93,72.0,52.75,46.02,75.13,49.52,98.45,65.81
2026-08-04,97.66,28.97,72.44,47.97,21.88,56.59,95.31,105.35,95.22,25.52,26.98,79.55,36.29,50.03,117.12,48.35,41.38,45.55,95.75,106.76,93.3,105.76,21.17,30.73,18.67,24.21,30.15,22.82,26.0,25.16,28.54,23.27,21.59,22.02,25.29,44.94,82.82,36.8,50.44,67.59,72.59,53.16,46.25,75.53,49.66,98.79,66.13
2026-08-05,97.71,28.97,72.46,47.99,21.91,56.68,95.35,104.34,95.17,25.59,26.98,79.52,36.27,50.05,116.09,48.35,41.46,45.57,95.67,106.74,93.34,105.82,21.18,30.74,18.62,24.21,30.2,22.83,25.98,25.17,28.55,23.26,21.61,22.03,25.33,44.98,83.0,36.79,50.45,67.82,72.6,53.25,46.21,75.52,49.69,98.89,66.16
2026-08-06,97.43,28.95,72.25,47.89,21.86,56.66,95.1,102.88,94.95,25.55,26.93,79.46,36.25,49.96,114.55,48.12,41.27,45.45,95.61,106.36,93.01,105.66,21.16,30.52,18.51,24.01,30.04,22.77,25.98,25.1,28.47,23.23,21.48,21.96,25.18,44.94,82.52,36.76,50.32,67.07,72.24,52.94,46.1,75.28,49.67,98.86,66.03
