DATE,SPHY,JNK,SCYB,HYLB,USHY,HYG
45659,23.53,95.75,26.22,36.16,36.86,78.84
45660,23.57,95.95,26.26,36.25,36.96,78.96
45663,23.61,96.06,26.26,36.29,36.99,79.1
45664,23.54,95.77,26.19,36.19,36.88,78.84
45665,23.55,95.87,26.22,36.24,36.91,78.94
45667,23.43,95.34,26.1,36.03,36.71,78.53
45670,23.43,95.3,26.08,36.04,36.73,78.51
45671,23.46,95.38,26.1,36.05,36.76,78.61
45672,23.65,96.26,26.31,36.38,37.08,79.3
45673,23.68,96.37,26.36,36.43,37.12,79.39
45674,23.72,96.45,26.39,36.47,37.19,79.46
45678,23.77,96.73,26.47,36.56,37.26,79.67
45679,23.74,96.57,26.43,36.5,37.21,79.56
45680,23.77,96.71,26.46,36.55,37.27,79.66
45681,23.8,96.81,26.48,36.58,37.29,79.75
45684,23.82,96.92,26.51,36.61,37.34,79.81
45685,23.81,96.86,26.5,36.61,37.31,79.78
45686,23.8,96.78,26.49,36.58,37.3,79.73
45687,23.83,96.98,26.53,36.63,37.35,79.88
45688,23.78,96.76,26.49,36.58,37.29,79.72
45691,23.61,96.1,26.29,36.35,37.05,79.26
45692,23.68,96.38,26.36,36.43,37.14,79.51
45693,23.74,96.64,26.46,36.54,37.26,79.72
45694,23.71,96.52,26.4,36.48,37.19,79.6
45695,23.65,96.24,26.33,36.38,37.09,79.35
45698,23.69,96.46,26.39,36.46,37.16,79.51
45699,23.67,96.35,26.35,36.42,37.13,79.48
45700,23.62,96.13,26.32,36.34,37.06,79.31
45701,23.73,96.56,26.39,36.5,37.23,79.67
45702,23.75,96.68,26.45,36.53,37.26,79.76
45706,23.74,96.62,26.41,36.51,37.25,79.69
45707,23.75,96.7,26.41,36.55,37.26,79.75
45708,23.77,96.77,26.44,36.56,37.29,79.8
45709,23.74,96.63,26.41,36.51,37.23,79.65
45712,23.76,96.72,26.44,36.56,37.28,79.75
45713,23.8,96.96,26.51,36.63,37.37,79.95
45714,23.84,97.05,26.52,36.69,37.4,80.06
45715,23.79,96.85,26.47,36.62,37.33,79.91
45716,23.84,97.12,26.54,36.72,37.45,80.13
45719,23.66,96.38,26.34,36.46,37.15,79.59
45720,23.63,96.27,26.33,36.46,37.14,79.58
45721,23.65,96.31,26.26,36.49,37.15,79.62
45722,23.56,95.97,26.24,36.33,37.01,79.32
45723,23.61,96.11,26.27,36.41,37.09,79.45
45726,23.52,95.74,26.17,36.27,36.94,79.15
45727,23.42,95.31,26.1,36.12,36.8,78.87
45728,23.44,95.4,26.12,36.14,36.78,78.96
45729,23.32,94.86,25.98,35.96,36.63,78.52
45730,23.43,95.33,26.08,36.14,36.81,78.88
45733,23.47,95.58,26.17,36.24,36.88,79.07
45734,23.44,95.41,26.12,36.19,36.81,78.93
45735,23.58,95.98,26.27,36.38,37.05,79.45
45736,23.54,95.86,26.22,36.33,36.99,79.34
45737,23.51,95.76,26.25,36.31,36.97,79.22
45740,23.6,96.13,26.31,36.44,37.11,79.45
45741,23.59,96.03,26.26,36.38,37.05,79.41
45742,23.49,95.57,26.17,36.25,36.91,79.09
45743,23.43,95.39,26.1,36.17,36.83,78.94
45744,23.41,95.21,26.1,36.1,36.77,78.8
45747,23.42,95.3,26.11,36.15,36.81,78.89
45748,23.32,95.02,25.99,36.05,36.67,78.69
45749,23.35,95.2,26.05,36.12,36.74,78.85
45750,23.05,93.9,25.76,35.68,36.29,77.87
45751,22.67,92.45,25.28,35.17,35.69,76.76
45754,22.54,91.61,25.07,34.85,35.4,76.1
45755,22.4,91.23,24.95,34.72,35.3,75.75
45756,22.98,93.69,25.61,35.63,36.21,77.78
45757,22.62,92.17,25.17,35.03,35.61,76.51
45758,22.69,92.39,25.25,35.13,35.69,76.74
45761,22.8,92.93,25.42,35.32,35.89,77.12
45762,22.85,93.2,25.52,35.43,35.99,77.33
45763,22.84,93.12,25.49,35.43,36.02,77.32
45764,22.99,93.72,25.62,35.64,36.22,77.77
45768,22.85,93.15,25.51,35.43,36.02,77.31
45769,22.95,93.5,25.58,35.56,36.14,77.61
45770,23.06,94.04,25.73,35.73,36.32,78
45771,23.26,94.85,25.92,36.05,36.67,78.7
45772,23.31,95.02,25.99,36.11,36.73,78.77
45775,23.3,95.03,26.01,36.12,36.71,78.81
45776,23.37,95.27,26.07,36.21,36.83,79.02
45777,23.25,94.71,25.97,36.03,36.6,78.6
45778,23.11,94.3,25.77,35.88,36.43,78.3
45779,23.18,94.57,25.87,35.99,36.55,78.54
45782,23.16,94.53,25.87,35.98,36.52,78.51
45783,23.15,94.48,25.84,35.93,36.47,78.45
45784,23.17,94.5,25.85,35.96,36.53,78.52
45785,23.16,94.53,25.82,35.98,36.51,78.5
45786,23.18,94.55,25.86,35.98,36.53,78.55
45789,23.42,95.65,26.14,36.37,36.92,79.33
45790,23.46,95.8,26.17,36.41,36.98,79.47
45791,23.37,95.45,26.1,36.28,36.86,79.18
45792,23.43,95.62,26.12,36.35,36.93,79.33
45793,23.45,95.74,26.13,36.38,36.96,79.42
45796,23.44,95.68,26.17,36.37,36.95,79.38
45797,23.43,95.64,26.15,36.35,36.93,79.34
45798,23.29,95,25.96,36.12,36.68,78.81
45799,23.33,95.16,26.02,36.18,36.76,78.97
45800,23.32,95.12,25.99,36.18,36.75,78.95
45804,23.46,95.73,26.16,36.41,36.98,79.43
45805,23.45,95.68,26.14,36.37,36.96,79.38
45806,23.47,95.8,26.19,36.43,37,79.5
45807,23.5,95.91,26.18,36.46,37.03,79.57
45810,23.35,95.37,26.01,36.26,36.82,79.18
45811,23.4,95.59,26.1,36.32,36.88,79.33
45812,23.45,95.81,26.14,36.39,36.97,79.48
45813,23.4,95.61,26.08,36.33,36.88,79.31
45814,23.39,95.62,26.09,36.31,36.89,79.3
45817,23.43,95.72,26.11,36.34,36.91,79.34
45818,23.47,95.93,26.18,36.41,37,79.53
45819,23.47,95.88,26.17,36.4,36.99,79.51
45820,23.49,96,26.18,36.44,37.04,79.6
45821,23.43,95.7,26.11,36.34,36.94,79.36
45824,23.48,95.92,26.19,36.43,37.02,79.52
45825,23.46,95.79,26.17,36.38,36.97,79.43
45826,23.48,95.94,26.2,36.45,37.05,79.55
45828,23.56,96.23,26.27,36.54,37.13,79.8
45831,23.6,96.42,26.33,36.63,37.22,79.95
45832,23.67,96.68,26.38,36.73,37.31,80.17
45833,23.66,96.71,26.38,36.72,37.31,80.15
45834,23.73,97.02,26.47,36.82,37.4,80.38
45835,23.72,96.94,26.45,36.8,37.4,80.34
45838,23.8,97.27,26.54,36.92,37.51,80.65
45839,23.62,96.66,26.38,36.72,37.28,80.17
45840,23.67,96.85,26.41,36.77,37.33,80.32
45841,23.69,96.91,26.43,36.78,37.37,80.37
45845,23.62,96.56,26.38,36.66,37.25,80.1
45846,23.57,96.41,26.29,36.61,37.2,79.99
45847,23.64,96.66,26.37,36.71,37.3,80.21
45848,23.64,96.61,26.35,36.68,37.27,80.13
45849,23.59,96.44,26.31,36.62,37.22,80.03
45852,23.61,96.53,26.34,36.65,37.24,80.09
45853,23.54,96.22,26.27,36.55,37.14,79.85
45854,23.6,96.44,26.33,36.63,37.21,80.06
45855,23.62,96.56,26.36,36.67,37.27,80.14
45856,23.67,96.7,26.39,36.71,37.32,80.25
45859,23.69,96.83,26.44,36.77,37.37,80.36
45860,23.73,97.01,26.46,36.84,37.43,80.5
45861,23.74,97.08,26.49,36.85,37.46,80.54
45862,23.71,96.94,26.44,36.8,37.4,80.44
45863,23.74,97.04,26.49,36.82,37.43,80.49
45866,23.73,97,26.47,36.81,37.42,80.45
45867,23.74,97.02,26.47,36.84,37.44,80.5
45868,23.7,96.85,26.45,36.75,37.37,80.33
45869,23.7,96.89,26.43,36.77,37.39,80.38
45870,23.55,96.35,26.26,36.57,37.18,79.98
45873,23.63,96.71,26.36,36.69,37.3,80.25
45874,23.64,96.64,26.4,36.69,37.3,80.21
45875,23.65,96.77,26.38,36.72,37.33,80.29
45876,23.64,96.7,26.37,36.69,37.31,80.21
45877,23.64,96.72,26.39,36.68,37.3,80.22
45880,23.63,96.7,26.39,36.68,37.31,80.22
45881,23.68,96.89,26.42,36.75,37.38,80.4
45882,23.74,97.17,26.49,36.87,37.49,80.61
45883,23.7,96.89,26.44,36.78,37.4,80.4
45884,23.69,96.92,26.45,36.78,37.41,80.46
45887,23.69,96.87,26.45,36.78,37.39,80.4
45888,23.69,96.86,26.42,36.77,37.4,80.38
45889,23.68,96.79,26.41,36.74,37.37,80.35
45890,23.64,96.62,26.39,36.69,37.32,80.2
45891,23.81,97.43,26.59,37,37.6,80.85
45894,23.79,97.31,26.56,36.92,37.55,80.69
45895,23.84,97.52,26.59,36.99,37.63,80.87
45896,23.87,97.67,26.61,37.03,37.68,80.97
45897,23.87,97.68,26.65,37.03,37.67,81.01
45898,23.84,97.51,26.57,37,37.63,80.86
45902,23.66,96.84,26.41,36.74,37.36,80.39
45903,23.73,97.14,26.48,36.82,37.45,80.61
45904,23.79,97.41,26.57,36.93,37.55,80.83
45905,23.81,97.51,26.58,36.96,37.59,80.87
45908,23.82,97.52,26.57,36.97,37.6,80.87
45909,23.8,97.4,26.55,36.93,37.56,80.78
45910,23.81,97.49,26.57,36.94,37.59,80.84
45911,23.87,97.77,26.64,37.03,37.7,81.04
45912,23.87,97.69,26.62,37,37.69,80.96
45915,23.93,97.99,26.7,37.1,37.78,81.19
45916,23.92,97.92,26.67,37.08,37.75,81.13
45917,23.89,97.8,26.65,37.05,37.71,81.05
45918,23.94,98.02,26.72,37.13,37.78,81.23
45919,23.96,98.09,26.72,37.14,37.79,81.26
45922,23.97,98.19,26.73,37.16,37.85,81.32
45923,23.96,98.13,26.75,37.14,37.8,81.26
45924,23.94,97.98,26.71,37.09,37.78,81.15
45925,23.88,97.67,26.63,36.99,37.66,80.92
45926,23.92,97.85,26.66,37.05,37.73,81.08
45929,23.95,98.06,26.73,37.12,37.8,81.22
45930,23.94,97.99,26.73,37.11,37.78,81.19
45931,23.84,97.64,26.61,36.99,37.65,80.96
45932,23.83,97.59,26.59,36.97,37.61,80.93
45933,23.81,97.47,26.56,36.93,37.59,80.84
45936,23.82,97.49,26.56,36.94,37.59,80.86
45937,23.8,97.38,26.57,36.92,37.55,80.77
45938,23.76,97.24,26.52,36.86,37.5,80.65
45939,23.68,96.94,26.45,36.75,37.39,80.42
45940,23.54,96.34,26.27,36.54,37.19,79.95
45943,23.69,96.92,26.45,36.76,37.4,80.45
45944,23.7,96.98,26.47,36.79,37.44,80.54
45945,23.79,97.34,26.58,36.91,37.55,80.8
45946,23.73,97.04,26.49,36.8,37.45,80.51
45947,23.78,97.24,26.55,36.87,37.54,80.72
45950,23.81,97.45,26.59,36.94,37.6,80.88
45951,23.8,97.37,26.55,36.93,37.58,80.76
45952,23.76,97.27,26.53,36.88,37.53,80.68
45953,23.8,97.45,26.58,36.94,37.6,80.86
45954,23.87,97.74,26.63,37.06,37.7,81.08
45957,23.93,98.02,26.71,37.14,37.8,81.28
45958,23.92,97.91,26.7,37.1,37.76,81.2
45959,23.84,97.62,26.61,36.99,37.65,80.95
45960,23.8,97.39,26.57,36.92,37.58,80.8
45961,23.8,97.39,26.51,36.93,37.58,80.8
45964,23.59,96.58,26.32,36.62,37.25,80.14
45965,23.57,96.56,26.31,36.61,37.23,80.15
45966,23.6,96.65,26.33,36.64,37.27,80.23
45967,23.6,96.7,26.35,36.67,37.3,80.26
45968,23.63,96.76,26.35,36.7,37.33,80.33
45971,23.71,97.09,26.44,36.83,37.44,80.6
45972,23.74,97.26,26.47,36.88,37.49,80.69
45973,23.69,97.03,26.43,36.8,37.43,80.53
45974,23.59,96.6,26.32,36.66,37.26,80.2
45975,23.59,96.63,26.33,36.67,37.27,80.22
45978,23.56,96.46,26.31,36.61,37.21,80.09
45979,23.56,96.41,26.3,36.6,37.21,80.11
45980,23.56,96.49,26.3,36.64,37.23,80.15
45981,23.55,96.47,26.29,36.62,37.22,80.1
45982,23.63,96.76,26.39,36.73,37.34,80.37
45985,23.7,97.04,26.46,36.81,37.44,80.59
45986,23.78,97.42,26.55,36.96,37.56,80.87
45987,23.82,97.57,26.58,37,37.61,80.95
45989,23.82,97.65,26.58,37.02,37.64,80.99
45992,23.65,96.96,26.43,36.76,37.36,80.47
45993,23.69,97.11,26.45,36.83,37.41,80.62
45994,23.72,97.26,26.48,36.87,37.48,80.69
45995,23.72,97.29,26.51,36.88,37.48,80.75
45996,23.73,97.29,26.5,36.89,37.48,80.75
45999,23.67,97.08,26.45,36.81,37.4,80.55
46000,23.65,96.94,26.41,36.77,37.35,80.46
46001,23.72,97.28,26.48,36.89,37.47,80.73
46002,23.73,97.27,26.5,36.89,37.47,80.72
46003,23.68,97.07,26.45,36.82,37.38,80.57
46006,23.69,97.17,26.47,36.86,37.4,80.61
46007,23.71,97.18,26.47,36.87,37.44,80.66
46008,23.68,97.07,26.44,36.83,37.39,80.56
46009,23.61,96.85,26.51,36.93,37.49,80.78
46010,23.59,96.82,26.35,36.91,37.26,80.36
46013,23.6,96.91,26.38,36.74,37.3,80.43
46014,23.63,96.99,26.39,36.78,37.33,80.49
46015,23.67,97.21,26.44,36.84,37.41,80.64
46017,23.67,97.16,26.42,36.82,37.38,80.6
46020,23.68,97.19,26.43,36.84,37.41,80.63
46021,23.69,97.3,26.47,36.87,37.43,80.71
46022,23.67,97.21,26.42,36.83,37.4,80.63
46024,23.69,97.24,26.45,36.85,37.42,80.67
46027,23.73,97.5,26.52,36.95,37.51,80.88
46028,23.76,97.54,26.54,36.97,37.54,80.9
46029,23.75,97.51,26.54,36.97,37.52,80.88
46030,23.76,97.59,26.54,36.97,37.54,80.94
46031,23.79,97.69,26.57,37.01,37.59,81
46034,23.79,97.68,26.57,37,37.59,81.04
46035,23.79,97.71,26.59,37.02,37.6,81.04
46036,23.8,97.74,26.58,37.01,37.6,81.04
46037,23.8,97.74,26.58,37.02,37.6,81.04
46038,23.81,97.82,26.6,37.04,37.61,81.09
46042,23.77,97.59,26.54,36.97,37.54,80.88
46043,23.83,97.86,26.61,37.07,37.64,81.12
46044,23.84,97.92,26.61,37.08,37.64,81.18
46045,23.82,97.87,26.6,37.07,37.63,81.14
46048,23.84,97.92,26.62,37.09,37.67,81.18
46049,23.85,97.91,26.63,37.08,37.68,81.17
46050,23.81,97.75,26.58,37.03,37.62,81.04
46051,23.79,97.76,26.58,37.02,37.61,81.03
46052,23.82,97.82,26.62,37.05,37.64,81.12
46055,23.7,97.38,26.48,36.87,37.46,80.77
46056,23.69,97.29,26.45,36.87,37.42,80.72
46057,23.66,97.11,26.42,36.82,37.38,80.62
46058,23.64,97.06,26.4,36.8,37.35,80.53
46059,23.71,97.4,26.46,36.91,37.47,80.81
46062,23.75,97.54,26.51,36.95,37.51,80.92
46063,23.73,97.49,26.49,36.94,37.49,80.84
46064,23.74,97.48,26.5,36.94,37.48,80.83
46065,23.7,97.37,26.47,36.92,37.45,80.79
46066,23.74,97.48,26.49,36.94,37.49,80.85
46070,23.72,97.39,26.47,36.93,37.44,80.81
46071,23.75,97.53,26.52,36.97,37.52,80.91
46072,23.76,97.55,26.52,36.99,37.52,80.94
46073,23.77,97.62,26.54,37.01,37.55,81
46076,23.74,97.5,26.53,36.97,37.5,80.87
46077,23.73,97.39,26.49,36.94,37.45,80.81
46078,23.75,97.56,26.52,36.99,37.52,80.92
46079,23.74,97.48,26.52,36.97,37.49,80.85
46080,23.7,97.25,26.47,36.92,37.39,80.72
46083,23.54,96.68,26.31,36.7,37.21,80.28
46084,23.48,96.46,26.25,36.63,37.12,80.12
46085,23.56,96.8,26.33,36.74,37.25,80.4
46086,23.45,96.38,26.22,36.6,37.08,80.08
46087,23.36,95.91,26.08,36.45,36.92,79.69
46090,23.47,96.43,26.23,36.63,37.1,80.17
46091,23.45,96.31,26.19,36.57,37.07,80.04
46092,23.39,96.11,26.14,36.5,36.98,79.86
46093,23.25,95.47,25.98,36.25,36.75,79.35
46094,23.21,95.25,25.91,36.18,36.66,79.2
46097,23.3,95.65,26.02,36.33,36.78,79.45
46098,23.38,96.03,26.14,36.47,36.95,79.81
46099,23.27,95.58,26,36.3,36.79,79.4
46100,23.34,95.79,26.05,36.4,36.88,79.66
46101,23.12,94.95,25.81,36.06,36.54,78.92
46104,23.26,95.5,25.98,36.3,36.75,79.44
46105,23.2,95.23,25.91,36.19,36.67,79.17
46106,23.28,95.55,25.98,36.32,36.77,79.42
46107,23.13,94.95,25.81,36.08,36.55,78.92
46108,23.06,94.66,25.75,36,36.44,78.72
46111,23.09,94.76,25.77,36.02,36.48,78.81
46112,23.32,95.72,26,36.16,36.84,79.56
46113,23.24,95.47,25.94,36.24,36.73,79.37
46114,23.29,95.72,26,36.33,36.8,79.56
46118,23.34,95.91,26.05,36.38,36.88,79.7
46119,23.34,95.92,26.04,36.4,36.91,79.72
46120,23.49,96.48,26.21,36.63,37.11,80.19
46121,23.49,96.57,26.25,36.64,37.12,80.28
46122,23.42,96.24,26.16,36.5,36.98,79.96
46125,23.51,96.58,26.25,36.63,37.12,80.26
46126,23.57,96.87,26.34,36.75,37.25,80.5
46127,23.56,96.81,26.32,36.71,37.22,80.46
46128,23.52,96.71,26.3,36.68,37.16,80.35
46129,23.62,97.08,26.38,36.84,37.29,80.65
46132,23.6,96.99,26.36,36.8,37.29,80.58
46133,23.55,96.75,26.31,36.71,37.19,80.37
46134,23.58,96.91,26.35,36.77,37.24,80.5
46135,23.55,96.74,26.3,36.71,37.2,80.37
46136,23.57,96.89,26.35,36.75,37.25,80.48
46139,23.59,96.91,26.36,36.78,37.26,80.51
46140,23.57,96.8,26.32,36.74,37.2,80.4
46141,23.49,96.5,26.24,36.62,37.1,80.13
46142,23.55,96.83,26.29,36.74,37.23,80.38
46143,23.45,96.4,26.21,36.57,37.04,80.06
46146,23.38,96.1,26.13,36.46,36.92,79.8
46147,23.4,96.22,26.16,36.51,36.98,79.92
46148,23.48,96.54,26.25,36.63,37.1,80.16
46149,23.4,96.2,26.14,36.47,36.98,79.86
46150,23.47,96.52,26.21,36.59,37.07,80.14
46153,23.43,96.32,26.17,36.53,36.99,79.98
46154,23.39,96.18,26.14,36.48,36.96,79.87
46155,23.4,96.18,26.14,36.49,36.97,79.91
46156,23.39,96.12,26.13,36.46,36.94,79.85
46157,23.29,95.72,26.02,36.3,36.79,79.46
46160,23.29,95.77,26.03,36.32,36.79,79.54
46161,23.24,95.54,25.99,36.23,36.7,79.35
46162,23.39,96.12,26.12,36.46,36.94,79.86
46163,23.4,96.2,26.13,36.49,36.98,79.9
46164,23.41,96.25,26.19,36.48,36.99,79.91
46168,23.48,96.56,26.24,36.61,37.1,80.18
46169,23.47,96.52,26.24,36.59,37.09,80.13
46170,23.48,96.62,26.26,36.61,37.11,80.23
46171,23.53,96.77,26.31,36.67,37.17,80.31
46174,23.37,96.17,26.13,36.42,36.94,79.84
46175,23.39,96.21,26.15,36.47,36.96,79.9
46176,23.34,96,26.07,36.4,36.86,79.68
46177,23.36,96.15,26.13,36.44,36.94,79.83
46178,23.27,95.73,26.02,36.27,36.78,79.43
46181,23.29,95.8,26.03,36.31,36.81,79.54
46182,23.31,95.92,26.07,36.34,36.85,79.62
46183,23.28,95.73,26.02,36.26,36.79,79.47
46184,23.4,96.28,26.15,36.49,36.97,79.94
46185,23.41,96.3,26.16,36.49,36.98,79.94
46188,23.44,96.45,26.21,36.53,37.03,80.04
46189,23.45,96.43,26.2,36.53,37.03,80.03
46190,23.37,96.06,26.11,36.42,36.93,79.73
46191,23.44,96.39,26.18,36.5,37.01,80.01
46195,23.42,96.3,26.17,36.49,36.99,79.94
46196,23.41,96.25,26.15,36.45,36.96,79.87
46197,23.4,96.19,26.14,36.46,36.96,79.85
46198,23.42,96.28,26.16,36.47,36.99,79.88
46199,23.41,96.22,26.15,36.44,36.95,79.83
46202,23.45,96.4,26.19,36.52,37.03,80.01
46203,23.44,96.37,26.18,36.52,37.02,79.97
46204,23.31,95.88,26.05,36.33,36.84,79.59
46205,23.34,95.99,26.08,36.39,36.89,79.71
46209,23.37,96.15,26.13,36.44,36.96,79.87
46210,23.35,96.05,26.1,36.41,36.93,79.76
46211,23.32,95.9,26.06,36.35,36.86,79.66
46212,23.34,96,26.1,36.39,36.9,79.75
46213,23.33,95.93,26.07,36.35,36.87,79.71
46216,23.28,95.76,26.01,36.26,36.8,79.52
46217,23.32,95.9,26.06,36.35,36.86,79.68
46218,23.360001,96.07,26.120001,36.41,36.915001,79.809998
46219,23.36,96.080002,26.1,36.419998,36.919998,79.800003
46220,23.33,95.980003,26.08,36.369999,36.869999,79.650002
46223,23.33,95.949997,26.07,36.380001,36.880001,79.68
46224,23.32,95.900002,26.049999,36.349998,36.860001,79.650002
46225,23.290001,95.75,26.009001,36.299999,36.799999,79.519997
46226,23.200001,95.400002,25.950001,36.169998,36.66,79.230003
46227,23.18,95.389999,25.92,36.169998,36.66,79.230003
46230,28.5,95.660004,22.83,36.290001,82.467293,79.470001
46231,,,,,,
