VWOB_price,EMB_price,VWOB_price_chg,EMB_price_chg,EMB/VWOB,EMB/EMB,EMB/VWOB_moving_avg,EMB/EMB_moving_avg,EMB/VWOB_prev_moving_avg,EMB/EMB_prev_moving_avg,VWOB_scaled_price,EMB_scaled_price,VWOB_scaled_comm,EMB_scaled_comm,VWOB_scaled_price_minus_comm,EMB_scaled_price_minus_comm,VWOB_scaled_price_plus_comm,EMB_scaled_price_plus_comm,min_price_plus_comm,max_price_minus_comm,tgt_max-min,tgt_pct_diff,tgt_min_price_etf,tgt_max_price_etf,date,ex_div_date,VWOB_shs_per_unit,EMB_shs_per_unit,VWOB_current_shs,EMB_current_shs,current_long_etf,current_short_etf,current_max-min,current_pct_diff,current_position,open_trade,exit_trade,flatten_for_div,tgt_position,tgt_long_etf,tgt_short_etf,VWOB_tgt_shs,EMB_tgt_shs,VWOB_tgt_inv_amt,EMB_tgt_inv_amt,gross_inv_amt,net_inv_amt,VWOB_shs_to_trade,EMB_shs_to_trade,VWOB_shs_to_buy,EMB_shs_to_buy,VWOB_shs_to_sell,EMB_shs_to_sell,VWOB_daily_comm,EMB_daily_comm,daily_comm,VWOB_daily_profit,EMB_daily_profit,daily_gross_profit,daily_net_profit,cumulative_net_profit
67.45,96.3,,,1.4277242401779096,1.0,,,,,,,,,,,,,,,,,,,2026-01-02,False,,,,,,,,,,False,False,False,,,,,,,,,,,,,,,,,,,,,,,
67.53,96.45,0.0799999999999983,0.15000000000000568,1.4282541092847623,1.0,,,,,,,,,,,,,,,,,,,2026-01-05,False,,,,,,,,,,False,False,False,,,,,,,,,,,,,,,,,,,,,,,
67.47,96.35,-0.060000000000002274,-0.10000000000000853,1.428042092781977,1.0,,,,,,,,,,,,,,,,,,,2026-01-06,False,,,,,,,,,,False,False,False,,,,,,,,,,,,,,,,,,,,,,,
67.37,96.16,-0.09999999999999432,-0.18999999999999773,1.4273415466824995,1.0,,,,,,,,,,,,,,,,,,,2026-01-07,False,,,,,,,,,,False,False,False,,,,,,,,,,,,,,,,,,,,,,,
67.29,96.01,-0.0799999999999983,-0.14999999999999147,1.4268093327388913,1.0,,,,,,,,,,,,,,,,,,,2026-01-08,False,,,,,,,,,,False,False,False,,,,,,,,,,,,,,,,,,,,,,,
67.43,96.36,0.14000000000000057,0.3499999999999943,1.4290375203915169,1.0,,,,,,,,,,,,,,,,,,,2026-01-09,False,,,,,,,,,,False,False,False,,,,,,,,,,,,,,,,,,,,,,,
67.39,96.28,-0.04000000000000625,-0.0799999999999983,1.4286986199732898,1.0,,,,,,,,,,,,,,,,,,,2026-01-12,False,,,,,,,,,,False,False,False,,,,,,,,,,,,,,,,,,,,,,,
67.37,96.16,-0.01999999999999602,-0.12000000000000455,1.4273415466824995,1.0,,,,,,,,,,,,,,,,,,,2026-01-13,False,,,,,,,,,,False,False,False,,,,,,,,,,,,,,,,,,,,,,,
67.48,96.36,0.10999999999999943,0.20000000000000284,1.4279786603438054,1.0,,,,,,,,,,,,,,,,,,,2026-01-14,False,,,,,,,,,,False,False,False,,,,,,,,,,,,,,,,,,,,,,,
67.5,96.4,0.01999999999999602,0.04000000000000625,1.4281481481481482,1.0,,,,,,,,,,,,,,,,,,,2026-01-15,False,,,,,,,,,,False,False,False,,,,,,,,,,,,,,,,,,,,,,,
67.41,96.21,-0.09000000000000341,-0.19000000000001194,1.4272363150867824,1.0,,,,,,,,,,,,,,,,,,,2026-01-16,False,,,,,,,,,,False,False,False,,,,,,,,,,,,,,,,,,,,,,,
67.1,95.73,-0.3100000000000023,-0.47999999999998977,1.4266766020864383,1.0,,,,,,,,,,,,,,,,,,,2026-01-20,False,,,,,,,,,,False,False,False,,,,,,,,,,,,,,,,,,,,,,,
67.55,96.5,0.45000000000000284,0.769999999999996,1.4285714285714286,1.0,,,,,,,,,,,,,,,,,,,2026-01-21,False,,,,,,,,,,False,False,False,,,,,,,,,,,,,,,,,,,,,,,
67.57,96.48,0.01999999999999602,-0.01999999999999602,1.4278525973064973,1.0,,,,,,,,,,,,,,,,,,,2026-01-22,False,,,,,,,,,,False,False,False,,,,,,,,,,,,,,,,,,,,,,,
67.72,96.72,0.15000000000000568,0.23999999999999488,1.4282339043118724,1.0,,,,,,,,,,,,,,,,,,,2026-01-23,False,,,,,,,,,,False,False,False,,,,,,,,,,,,,,,,,,,,,,,
67.77,96.82,0.04999999999999716,0.09999999999999432,1.428655747380847,1.0,,,,,,,,,,,,,,,,,,,2026-01-26,False,,,,,,,,,,False,False,False,,,,,,,,,,,,,,,,,,,,,,,
67.74,96.78,-0.030000000000001137,-0.03999999999999204,1.4286979627989371,1.0,,,,,,,,,,,,,,,,,,,2026-01-27,False,,,,,,,,,,False,False,False,,,,,,,,,,,,,,,,,,,,,,,
67.67,96.66,-0.06999999999999318,-0.12000000000000455,1.4284025417467119,1.0,,,,,,,,,,,,,,,,,,,2026-01-28,False,,,,,,,,,,False,False,False,,,,,,,,,,,,,,,,,,,,,,,
67.73,96.67,0.060000000000002274,0.010000000000005116,1.427284807323195,1.0,,,,,,,,,,,,,,,,,,,2026-01-29,False,,,,,,,,,,False,False,False,,,,,,,,,,,,,,,,,,,,,,,
67.66,96.58,-0.07000000000000739,-0.09000000000000341,1.4274312740171446,1.0,1.4279209498917578,1.0,,,,,,,,,,,,,,,,,2026-01-30,False,,,,,,,,,,False,False,False,0.0,,,0.0,0.0,,,,,,,,,,,,,,,,,,
67.29,96.14,-0.36999999999999034,-0.4399999999999977,1.4287412691336008,1.0,1.4279718013395422,1.0,1.4279209498917578,1.0,96.08480071821639,96.14,0.007139604749458789,0.005,96.07766111346693,96.135,96.09194032296584,96.145,96.09194032296584,96.135,0.043059677034165134,0.00044788513661498996,VWOB,EMB,2026-02-02,True,1485.0,1040.0,0.0,0.0,,,0.0,0.0,0.0,False,True,False,0.0,,,0.0,0.0,0.0,0.0,,,0.0,0.0,0.0,0.0,-0.0,-0.0,-0.0,-0.0,0.0,-0.0,-0.0,0.0,0.0,0.0
67.28,96.16,-0.010000000000005116,0.01999999999999602,1.4292508917954816,1.0,1.4280216404650783,1.0,1.4279718013395422,1.0,96.07394279412439,96.16,0.007139859006697711,0.005,96.06680293511769,96.155,96.08108265313109,96.16499999999999,96.08108265313109,96.155,0.07391734686891027,0.0007686912111991501,VWOB,EMB,2026-02-03,False,1485.0,1040.0,0.0,0.0,,,0.0,0.0,0.0,False,False,True,0.0,,,0.0,0.0,0.0,0.0,0.0,0.0,0.0,0.0,0.0,0.0,-0.0,-0.0,-0.0,-0.0,0.0,-0.0,0.0,0.0,0.0,0.0
67.23,96.2,-0.04999999999999716,0.04000000000000625,1.4309088204670533,1.0,1.428164976849332,1.0,1.4280216404650783,1.0,96.00589488846722,96.2,0.007140108202325392,0.005,95.9987547802649,96.19500000000001,96.01303499666955,96.205,96.01303499666955,96.19500000000001,0.18196500333046117,0.001891528101148245,VWOB,EMB,2026-02-04,False,1485.0,1040.0,0.0,0.0,,,0.0,0.0,0.0,True,False,False,1.0,VWOB,EMB,1485.0,-1040.0,0.0,0.0,0.0,0.0,1485.0,-1040.0,1485.0,0.0,-0.0,1040.0,-7.425,-5.2,-12.625,-0.0,0.0,0.0,-12.625,-12.625
67.48,96.44,0.25,0.23999999999999488,1.4291641967990514,1.0,1.4282561093551596,1.0,1.428164976849332,1.0,96.37257263779293,96.44,0.007140824884246661,0.005,96.36543181290868,96.435,96.37971346267717,96.445,96.37971346267717,96.435,0.05528653732282862,0.0005732739249567464,VWOB,EMB,2026-02-05,False,1481.0,1037.0,1485.0,-1040.0,VWOB,EMB,0.05528653732282862,0.0005732739249567464,1.0,False,True,False,0.0,,,0.0,0.0,99836.55,-100048.0,199884.55,-211.4499999999971,-1485.0,1040.0,0.0,1040.0,1485.0,-0.0,-7.425,-5.2,-12.625,371.25,-249.59999999999468,121.65000000000532,109.02500000000532,96.40000000000532
67.58,96.69,0.09999999999999432,0.25,1.4307487422314293,1.0,1.4284530798297865,1.0,1.4282561093551596,1.0,96.52154787022168,96.69,0.007141280546775798,0.005,96.5144065896749,96.685,96.52868915076846,96.695,96.52868915076846,96.685,0.15631084923154503,0.0016166185668791502,VWOB,EMB,2026-02-06,False,1477.0,1034.0,0.0,0.0,,,0.0,0.0,0.0,True,False,False,1.0,VWOB,EMB,1477.0,-1034.0,0.0,0.0,0.0,0.0,1477.0,-1034.0,1477.0,0.0,-0.0,1034.0,-7.385,-5.17,-12.555,0.0,0.0,0.0,-12.555,83.84500000000531
67.62,96.72,0.04000000000000625,0.030000000000001137,1.4303460514640638,1.0,1.4285185063834138,1.0,1.4284530798297865,1.0,96.59199725809017,96.72,0.007142265399148933,0.005,96.58485499269102,96.715,96.59913952348933,96.725,96.59913952348933,96.715,0.11586047651067588,0.001197895745561165,VWOB,EMB,2026-02-09,False,1477.0,1034.0,1477.0,-1034.0,VWOB,EMB,0.11586047651067588,0.001197895745561165,1.0,True,False,False,1.0,VWOB,EMB,1477.0,-1034.0,99815.66,-99977.45999999999,199793.12,-161.79999999998836,0.0,0.0,0.0,0.0,-0.0,-0.0,-0.0,-0.0,0.0,59.080000000009235,-31.020000000001176,28.06000000000806,28.06000000000806,111.90500000001337
67.83,96.97,0.20999999999999375,0.25,1.4296034203154946,1.0,1.428563746400524,1.0,1.4285185063834138,1.0,96.89641028798695,96.97,0.007142592531917069,0.005,96.88926769545503,96.965,96.90355288051887,96.975,96.90355288051887,96.965,0.06144711948113013,0.0006336714394259063,VWOB,EMB,2026-02-10,False,1473.0,1031.0,1477.0,-1034.0,VWOB,EMB,0.06144711948113013,0.0006336714394259063,1.0,False,False,False,-1.0,VWOB,EMB,1473.0,-1031.0,99874.74,-100008.48,199883.22,-133.7399999999907,-4.0,3.0,0.0,3.0,4.0,-0.0,-0.02,-0.015,-0.035,310.16999999999075,-258.5,51.66999999999075,51.634999999990754,163.5400000000041
67.83,96.98,0.0,0.010000000000005116,1.429750847707504,1.0,1.4286842114517744,1.0,1.428563746400524,1.0,96.89947891834754,96.98,0.00714281873200262,0.005,96.89233609961553,96.97500000000001,96.90662173707955,96.985,96.90662173707955,96.97500000000001,0.06837826292046145,0.0007050759220505408,VWOB,EMB,2026-02-11,False,1473.0,1031.0,1473.0,-1031.0,VWOB,EMB,0.0,0.0,-1.0,False,False,False,1.0,VWOB,EMB,1473.0,-1031.0,99913.59,-99976.06999999999,199889.65999999997,-62.479999999995925,0.0,0.0,0.0,0.0,-0.0,-0.0,-0.0,-0.0,0.0,0.0,-10.310000000005275,-10.310000000005275,-10.310000000005275,153.22999999999882
68.05,97.25,0.21999999999999886,0.269999999999996,1.429096252755327,1.0,1.4287400910723504,1.0,1.4286842114517744,1.0,97.22196058929325,97.25,0.007143421057258872,0.005,97.21481716823598,97.245,97.22910401035051,97.255,97.22910401035051,97.245,0.01589598964949346,0.00016345490642152657,VWOB,EMB,2026-02-12,False,1469.0,1028.0,1473.0,-1031.0,VWOB,EMB,0.01589598964949346,0.00016345490642152657,1.0,False,True,False,0.0,,,0.0,0.0,99913.59,-99986.38,199899.97,-72.79000000000815,-1473.0,1031.0,0.0,1031.0,1473.0,-0.0,-7.365,-5.155,-12.52,324.05999999999835,-278.3699999999959,45.69000000000244,33.170000000002446,186.40000000000128
68.15,97.42,0.10000000000000853,0.1700000000000017,1.4294937637564196,1.0,1.428807371852764,1.0,1.4287400910723504,1.0,97.36863720658069,97.42,0.007143700455361752,0.005,97.36149350612533,97.415,97.37578090703605,97.425,97.37578090703605,97.415,0.03921909296396109,0.0004025774272629962,VWOB,EMB,2026-02-13,False,1466.0,1026.0,0.0,0.0,,,0.0,0.0,0.0,False,True,False,0.0,,,0.0,0.0,0.0,0.0,0.0,0.0,0.0,0.0,0.0,0.0,-0.0,-0.0,-0.0,-0.0,0.0,0.0,0.0,0.0,0.0,186.40000000000128
68.31,97.62,0.1599999999999966,0.20000000000000284,1.4290733421168205,1.0,1.4288992232042659,1.0,1.428807371852764,1.0,97.60183157126232,97.62,0.00714403685926382,0.005,97.59468753440306,97.61500000000001,97.60897560812158,97.625,97.60897560812158,97.61500000000001,0.006024391878426627,6.171268058212074e-05,VWOB,EMB,2026-02-17,False,1463.0,1024.0,0.0,0.0,,,0.0,0.0,0.0,False,True,False,0.0,,,0.0,0.0,0.0,0.0,0.0,0.0,0.0,0.0,0.0,0.0,-0.0,-0.0,-0.0,-0.0,0.0,0.0,0.0,0.0,0.0,186.40000000000128
68.34,97.66,0.030000000000001137,0.03999999999999204,1.4290313140181445,1.0,1.4290169588008512,1.0,1.4288992232042659,1.0,97.65097291377954,97.66,0.00714449611602133,0.005,97.64382841766351,97.655,97.65811740989557,97.66499999999999,97.65811740989557,97.655,-0.00311740989556597,-3.1921051562215545e-05,VWOB,EMB,2026-02-18,False,1463.0,1024.0,0.0,0.0,,,0.0,0.0,0.0,False,True,False,0.0,,,0.0,0.0,0.0,0.0,0.0,0.0,0.0,0.0,0.0,0.0,-0.0,-0.0,-0.0,-0.0,0.0,0.0,0.0,0.0,0.0,186.40000000000128
68.26,97.55,-0.0799999999999983,-0.10999999999999943,1.4290946381482565,1.0,1.4290431192796926,1.0,1.4290169588008512,1.0,97.54469760774612,97.55,0.007145084794004256,0.005,97.53755252295211,97.545,97.55184269254012,97.55499999999999,97.55184269254012,97.545,-0.006842692540118378,-7.014548990382756e-05,VWOB,EMB,2026-02-19,False,1465.0,1025.0,0.0,0.0,,,0.0,0.0,0.0,False,True,False,0.0,,,0.0,0.0,0.0,0.0,0.0,0.0,0.0,0.0,0.0,0.0,-0.0,-0.0,-0.0,-0.0,0.0,-0.0,-0.0,0.0,0.0,186.40000000000128
68.3,97.65,0.03999999999999204,0.10000000000000853,1.429721815519766,1.0,1.4291365801903562,1.0,1.4290431192796926,1.0,97.60364504680301,97.65,0.0071452155963984635,0.005,97.59649983120661,97.64500000000001,97.6107902623994,97.655,97.6107902623994,97.64500000000001,0.034209737600605195,0.00035033013415878335,VWOB,EMB,2026-02-20,False,1463.0,1024.0,0.0,0.0,,,0.0,0.0,0.0,False,True,False,0.0,,,0.0,0.0,0.0,0.0,0.0,0.0,0.0,0.0,0.0,0.0,-0.0,-0.0,-0.0,-0.0,0.0,0.0,0.0,0.0,0.0,186.40000000000128
68.37,97.71,0.07000000000000739,0.05999999999998806,1.4291355857832382,1.0,1.4291816642639241,1.0,1.4291365801903562,1.0,97.71006798761466,97.71,0.007145682900951781,0.005,97.70292230471371,97.705,97.71721367051562,97.71499999999999,97.71499999999999,97.705,-0.009999999999990905,-0.0001023436700439147,EMB,EMB,2026-02-23,False,1462.0,1023.0,0.0,0.0,,,0.0,0.0,0.0,False,True,False,0.0,,,0.0,0.0,0.0,0.0,0.0,0.0,0.0,0.0,0.0,0.0,-0.0,-0.0,-0.0,-0.0,0.0,0.0,0.0,0.0,0.0,186.40000000000128
68.28,97.65,-0.09000000000000341,-0.05999999999998806,1.4301405975395431,1.0,1.429255906771859,1.0,1.4291816642639241,1.0,97.58452403594075,97.65,0.0071459083213196205,0.005,97.57737812761943,97.64500000000001,97.59166994426207,97.655,97.59166994426207,97.64500000000001,0.053330055737944804,0.0005461347233788511,VWOB,EMB,2026-02-24,False,1463.0,1024.0,0.0,0.0,,,0.0,0.0,0.0,False,True,False,0.0,,,0.0,0.0,0.0,0.0,0.0,0.0,0.0,0.0,0.0,0.0,-0.0,-0.0,-0.0,-0.0,0.0,-0.0,-0.0,0.0,0.0,186.40000000000128
68.35,97.74,0.06999999999999318,0.0899999999999892,1.4299926847110462,1.0,1.4293206428674645,1.0,1.429255906771859,1.0,97.68964122785655,97.74,0.0071462795338592955,0.005,97.6824949483227,97.735,97.69678750739041,97.74499999999999,97.69678750739041,97.735,0.03821249260958837,0.00039096063648033934,VWOB,EMB,2026-02-25,False,1462.0,1023.0,0.0,0.0,,,0.0,0.0,0.0,False,True,False,0.0,,,0.0,0.0,0.0,0.0,0.0,0.0,0.0,0.0,0.0,0.0,-0.0,-0.0,-0.0,-0.0,0.0,0.0,0.0,0.0,0.0,186.40000000000128
68.33,97.68,-0.01999999999999602,-0.05999999999998806,1.4295331479584372,1.0,1.4293771731780507,1.0,1.4293206428674645,1.0,97.66547952713385,97.68,0.007146603214337323,0.005,97.65833292391952,97.67500000000001,97.67262613034819,97.685,97.67262613034819,97.67500000000001,0.0023738696518194047,2.4302514863016017e-05,VWOB,EMB,2026-02-26,False,1464.0,1024.0,0.0,0.0,,,0.0,0.0,0.0,False,True,False,0.0,,,0.0,0.0,0.0,0.0,0.0,0.0,0.0,0.0,0.0,0.0,-0.0,-0.0,-0.0,-0.0,0.0,-0.0,-0.0,0.0,0.0,186.40000000000128
68.35,97.73,0.01999999999999602,0.04999999999999716,1.429846378931968,1.0,1.4295052517584896,1.0,1.4293771731780507,1.0,97.69792978671975,97.73,0.007146885865890254,0.005,97.69078290085386,97.72500000000001,97.70507667258565,97.735,97.70507667258565,97.72500000000001,0.01992332741436087,0.00020386091695856817,VWOB,EMB,2026-02-27,False,1462.0,1023.0,0.0,0.0,,,0.0,0.0,0.0,False,True,False,0.0,,,0.0,0.0,0.0,0.0,0.0,0.0,0.0,0.0,0.0,0.0,-0.0,-0.0,-0.0,-0.0,0.0,0.0,0.0,0.0,0.0,186.40000000000128
67.72,96.99,-0.6299999999999955,-0.7400000000000091,1.4322209096278795,1.0,1.4297447335390263,1.0,1.4295052517584896,1.0,96.80609564908492,96.99,0.007147526258792448,0.005,96.79894812282613,96.985,96.81324317534371,96.99499999999999,96.81324317534371,96.985,0.17175682465628483,0.0017708714780522202,VWOB,EMB,2026-03-02,True,1474.0,1031.0,0.0,0.0,,,0.0,0.0,0.0,True,False,False,1.0,VWOB,EMB,1474.0,-1031.0,0.0,0.0,0.0,0.0,1474.0,-1031.0,1474.0,0.0,-0.0,1031.0,-7.37,-5.155,-12.525,-0.0,-0.0,0.0,-12.525,173.87500000000128
67.45,96.55,-0.269999999999996,-0.4399999999999977,1.4314306893995552,1.0,1.429879204552324,1.0,1.4297447335390263,1.0,96.43628227720733,96.55,0.007148723667695132,0.005,96.42913355353963,96.545,96.44343100087502,96.55499999999999,96.44343100087502,96.545,0.10156899912497863,0.001051983419212622,VWOB,EMB,2026-03-03,False,1481.0,1036.0,1474.0,-1031.0,VWOB,EMB,0.10156899912497863,0.001051983419212622,1.0,True,False,True,0.0,,,0.0,0.0,99819.28,-99996.68999999999,199815.96999999997,-177.40999999998894,-1474.0,1031.0,0.0,1031.0,1474.0,-0.0,-7.37,-5.155,-12.525,-397.9799999999941,453.63999999999766,55.66000000000355,43.13500000000355,217.01000000000482
67.61,96.87,0.1599999999999966,0.3200000000000074,1.4327762165360154,1.0,1.4300554707893505,1.0,1.429879204552324,1.0,96.67413301978263,96.87,0.00714939602276162,0.005,96.66698362375986,96.86500000000001,96.6812824158054,96.875,96.6812824158054,96.86500000000001,0.1837175841946106,0.001896537464587701,VWOB,EMB,2026-03-04,False,1476.0,1032.0,0.0,0.0,,,0.0,0.0,0.0,True,False,False,1.0,VWOB,EMB,1476.0,-1032.0,0.0,0.0,0.0,0.0,1476.0,-1032.0,1476.0,0.0,-0.0,1032.0,-7.38,-5.16,-12.54,0.0,0.0,0.0,-12.54,204.47000000000483
67.39,96.38,-0.21999999999999886,-0.4900000000000091,1.4301825196616709,1.0,1.4300191557490813,1.0,1.4300554707893505,1.0,96.37143817649432,96.38,0.007150277353946752,0.005,96.36428789914038,96.375,96.37858845384827,96.38499999999999,96.37858845384827,96.375,-0.0035884538482662265,-3.723234953586041e-05,VWOB,EMB,2026-03-05,False,1484.0,1038.0,1476.0,-1032.0,VWOB,EMB,-0.0035884538482662265,-3.723234953586041e-05,1.0,False,True,False,0.0,,,0.0,0.0,99792.36,-99969.84000000001,199762.2,-177.48000000001048,-1476.0,1032.0,0.0,1032.0,1476.0,-0.0,-7.38,-5.16,-12.54,-324.7199999999983,505.6800000000094,180.96000000001106,168.42000000001107,372.8900000000159
66.94,95.75,-0.45000000000000284,-0.6299999999999955,1.4303854197789065,1.0,1.4300802168980744,1.0,1.4300191557490813,1.0,95.7254822858435,95.75,0.007150095778745407,0.005,95.71833219006476,95.745,95.73263238162224,95.755,95.73263238162224,95.745,0.01236761837776612,0.00012916572718293598,VWOB,EMB,2026-03-06,False,1493.0,1044.0,0.0,0.0,,,0.0,0.0,0.0,False,True,False,0.0,,,0.0,0.0,0.0,0.0,0.0,0.0,0.0,0.0,0.0,0.0,-0.0,-0.0,-0.0,-0.0,0.0,-0.0,-0.0,0.0,0.0,372.8900000000159
67.08,95.96,0.14000000000000057,0.20999999999999375,1.430530709600477,1.0,1.4300693152665267,1.0,1.4300802168980744,1.0,95.92978094952282,95.96,0.007150401084490372,0.005,95.92263054843833,95.955,95.93693135060731,95.96499999999999,95.93693135060731,95.955,0.018068649392688485,0.00018829355348779164,VWOB,EMB,2026-03-09,False,1490.0,1042.0,0.0,0.0,,,0.0,0.0,0.0,False,True,False,0.0,,,0.0,0.0,0.0,0.0,0.0,0.0,0.0,0.0,0.0,0.0,-0.0,-0.0,-0.0,-0.0,0.0,0.0,0.0,0.0,0.0,372.8900000000159
67.09,95.95,0.010000000000005116,-0.009999999999990905,1.4301684304665374,1.0,1.4300604342166505,1.0,1.4300693152665267,1.0,95.94335036123128,95.95,0.007150346576332634,0.005,95.93620001465494,95.94500000000001,95.95050070780762,95.955,95.95050070780762,95.94500000000001,-0.005500707807613026,-5.732889846391897e-05,VWOB,EMB,2026-03-10,False,1490.0,1042.0,0.0,0.0,,,0.0,0.0,0.0,False,True,False,0.0,,,0.0,0.0,0.0,0.0,0.0,0.0,0.0,0.0,0.0,0.0,-0.0,-0.0,-0.0,-0.0,0.0,0.0,-0.0,0.0,0.0,372.8900000000159
66.94,95.64,-0.15000000000000568,-0.3100000000000023,1.4287421571556618,1.0,1.4300173710586588,1.0,1.4300604342166505,1.0,95.72824546646258,95.64,0.0071503021710832525,0.005,95.7210951642915,95.635,95.73539576863367,95.645,95.645,95.7210951642915,0.07609516429150176,0.000795641617435192,EMB,VWOB,2026-03-11,False,1496.0,1046.0,0.0,0.0,,,0.0,0.0,0.0,False,False,False,-0.0,,,0.0,0.0,0.0,0.0,0.0,0.0,0.0,0.0,0.0,0.0,-0.0,-0.0,-0.0,-0.0,0.0,-0.0,-0.0,0.0,0.0,372.8900000000159
66.41,94.84,-0.5300000000000011,-0.7999999999999972,1.4280981779852433,1.0,1.4299347375725457,1.0,1.4300173710586588,1.0,94.96745361200553,94.84,0.0071500868552932945,0.005,94.96030352515024,94.83500000000001,94.97460369886082,94.845,94.845,94.96030352515024,0.11530352515023878,0.0012157689281973721,EMB,VWOB,2026-03-12,False,1507.0,1054.0,0.0,0.0,,,0.0,0.0,-0.0,True,False,False,1.0,EMB,VWOB,-1507.0,1054.0,0.0,0.0,0.0,0.0,-1507.0,1054.0,0.0,1054.0,1507.0,-0.0,-7.535,-5.2700000000000005,-12.805,-0.0,-0.0,0.0,-12.805,360.0850000000159
65.99,94.38,-0.4200000000000017,-0.46000000000000796,1.4302166994999244,1.0,1.4299907599097756,1.0,1.4299347375725457,1.0,94.36139333241229,94.38,0.007149673687862729,0.005,94.35424365872443,94.375,94.36854300610015,94.38499999999999,94.36854300610015,94.375,0.0064569938998459975,6.841485378094933e-05,VWOB,EMB,2026-03-13,False,1516.0,1060.0,-1507.0,1054.0,EMB,VWOB,-0.030756341275562704,-0.000325877741847454,1.0,False,True,False,0.0,,,0.0,0.0,-100079.87,99961.36,200041.22999999998,-118.50999999999476,1507.0,-1054.0,1507.0,0.0,-0.0,1054.0,-7.535,-5.2700000000000005,-12.805,632.9400000000026,-484.8400000000084,148.09999999999417,135.29499999999416,495.38000000001006
66.29,94.75,0.30000000000001137,0.37000000000000455,1.4293256901493436,1.0,1.4299823562294218,1.0,1.4299907599097756,1.0,94.79408747441903,94.75,0.007149953799548878,0.005,94.78693752061947,94.745,94.80123742821858,94.755,94.755,94.78693752061947,0.03193752061947919,0.00033707145772537403,EMB,VWOB,2026-03-16,False,1509.0,1055.0,0.0,0.0,,,0.0,0.0,0.0,False,True,False,0.0,,,0.0,0.0,0.0,0.0,0.0,0.0,0.0,0.0,0.0,0.0,-0.0,-0.0,-0.0,-0.0,0.0,0.0,0.0,0.0,0.0,495.38000000001006
66.55,95.1,0.2599999999999909,0.3499999999999943,1.4290007513148009,1.0,1.4299787266893207,1.0,1.4299823562294218,1.0,95.16532580706802,95.1,0.007149911781147109,0.005,95.15817589528687,95.095,95.17247571884916,95.10499999999999,95.10499999999999,95.15817589528687,0.053175895286884156,0.0005591576791470469,EMB,VWOB,2026-03-17,False,1504.0,1052.0,0.0,0.0,,,0.0,0.0,0.0,False,True,False,0.0,,,0.0,0.0,0.0,0.0,0.0,0.0,0.0,0.0,0.0,0.0,-0.0,-0.0,-0.0,-0.0,0.0,0.0,0.0,0.0,0.0,495.38000000001006
66.01,94.36,-0.539999999999992,-0.7399999999999949,1.4294803817603392,1.0,1.4300011800764305,1.0,1.4299787266893207,1.0,94.39289574876207,94.36,0.007149893633446603,0.005,94.38574585512862,94.355,94.40004564239553,94.365,94.365,94.38574585512862,0.020745855128623703,0.00021985857491123043,EMB,VWOB,2026-03-18,False,1516.0,1060.0,0.0,0.0,,,0.0,0.0,0.0,False,True,False,0.0,,,0.0,0.0,0.0,0.0,0.0,0.0,0.0,0.0,0.0,0.0,-0.0,-0.0,-0.0,-0.0,0.0,-0.0,-0.0,0.0,0.0,495.38000000001006
66.14,94.63,0.12999999999999545,0.269999999999996,1.430752948291503,1.0,1.430084095583593,1.0,1.4300011800764305,1.0,94.58027805025512,94.63,0.007150005900382153,0.005,94.57312804435473,94.625,94.5874280561555,94.63499999999999,94.5874280561555,94.625,0.03757194384449747,0.00039704051404942903,VWOB,EMB,2026-03-19,False,1512.0,1057.0,0.0,0.0,,,0.0,0.0,0.0,False,True,False,0.0,,,0.0,0.0,0.0,0.0,0.0,0.0,0.0,0.0,0.0,0.0,-0.0,-0.0,-0.0,-0.0,0.0,0.0,0.0,0.0,0.0,495.38000000001006
65.2,93.15,-0.9399999999999977,-1.4799999999999898,1.428680981595092,1.0,1.430032053887359,1.0,1.430084095583593,1.0,93.24148303205027,93.15,0.007150420477917965,0.005,93.23433261157236,93.14500000000001,93.24863345252818,93.155,93.155,93.23433261157236,0.0793326115723545,0.0008516651805942511,EMB,VWOB,2026-03-20,False,1536.0,1074.0,0.0,0.0,,,0.0,0.0,0.0,True,False,False,1.0,EMB,VWOB,-1536.0,1074.0,0.0,0.0,0.0,0.0,-1536.0,1074.0,0.0,1074.0,1536.0,-0.0,-7.68,-5.37,-13.05,-0.0,-0.0,0.0,-13.05,482.33000000001005
65.7,94.06,0.5,0.9099999999999966,1.4316590563165905,1.0,1.4301582274140268,1.0,1.430032053887359,1.0,93.9531059403995,94.06,0.007150160269436795,0.005,93.94595578013006,94.055,93.96025610066893,94.065,93.96025610066893,94.055,0.0947438993310783,0.0010072708838090398,VWOB,EMB,2026-03-23,False,1520.0,1063.0,-1536.0,1074.0,EMB,VWOB,-0.11904421986993441,-0.0012656200283854393,1.0,True,False,False,1.0,VWOB,EMB,1520.0,-1063.0,-100147.20000000001,100043.1,200190.30000000002,-104.10000000000582,3056.0,-2137.0,3056.0,0.0,-0.0,2137.0,-15.280000000000001,-10.685,-25.965000000000003,-768.0,977.3399999999963,209.33999999999628,183.37499999999628,665.7050000000063
65.44,93.58,-0.2600000000000051,-0.480000000000004,1.4300122249388754,1.0,1.4301518087839935,1.0,1.4301582274140268,1.0,93.58955440197391,93.58,0.007150791137070134,0.005,93.58240361083685,93.575,93.59670519311098,93.585,93.585,93.58240361083685,-0.0025963891631448632,-2.7745128907297108e-05,EMB,VWOB,2026-03-24,False,1529.0,1069.0,1520.0,-1063.0,VWOB,EMB,-0.021705193110975074,-0.0002319426491875943,1.0,False,True,False,0.0,,,0.0,0.0,99864.0,-99985.78,199849.78,-121.77999999999884,-1520.0,1063.0,0.0,1063.0,1520.0,-0.0,-7.6000000000000005,-5.315,-12.915000000000001,-395.2000000000078,510.2400000000042,115.03999999999644,102.12499999999643,767.8300000000028
66.01,94.43,0.5700000000000074,0.8500000000000085,1.4305408271474018,1.0,1.430179215905811,1.0,1.4301518087839935,1.0,94.40432089783143,94.43,0.007150759043919968,0.005,94.3971701387875,94.42500000000001,94.41147165687535,94.435,94.41147165687535,94.42500000000001,0.013528343124662001,0.00014326319098445408,VWOB,EMB,2026-03-25,False,1515.0,1059.0,0.0,0.0,,,0.0,0.0,0.0,False,True,False,0.0,,,0.0,0.0,0.0,0.0,0.0,0.0,0.0,0.0,0.0,0.0,-0.0,-0.0,-0.0,-0.0,0.0,0.0,0.0,0.0,0.0,767.8300000000028
65.33,93.46,-0.6800000000000068,-0.9700000000000131,1.4305831930200519,1.0,1.430231718158892,1.0,1.430179215905811,1.0,93.43360817512664,93.46,0.0071508960795290556,0.005,93.42645727904711,93.455,93.44075907120616,93.46499999999999,93.44075907120616,93.455,0.014240928793839203,0.0001523745858531907,VWOB,EMB,2026-03-26,False,1530.0,1070.0,0.0,0.0,,,0.0,0.0,0.0,False,True,False,0.0,,,0.0,0.0,0.0,0.0,0.0,0.0,0.0,0.0,0.0,0.0,-0.0,-0.0,-0.0,-0.0,0.0,-0.0,-0.0,0.0,0.0,767.8300000000028
65.0,92.95,-0.3299999999999983,-0.5099999999999909,1.43,1.0,1.4302393992122933,1.0,1.430231718158892,1.0,92.96506168032798,92.95,0.00715115859079446,0.005,92.95791052173718,92.94500000000001,92.97221283891878,92.955,92.955,92.95791052173718,0.0029105217371778735,3.131276747905189e-05,EMB,VWOB,2026-03-27,False,1539.0,1076.0,0.0,0.0,,,0.0,0.0,0.0,False,True,False,0.0,,,0.0,0.0,0.0,0.0,0.0,0.0,0.0,0.0,0.0,0.0,-0.0,-0.0,-0.0,-0.0,0.0,-0.0,-0.0,0.0,0.0,767.8300000000028
65.13,93.11,0.12999999999999545,0.1599999999999966,1.4296023337939507,1.0,1.4301084704205969,1.0,1.4302393992122933,1.0,93.15149207069665,93.11,0.007151196996061466,0.005,93.14434087370059,93.105,93.15864326769271,93.115,93.115,93.14434087370059,0.029340873700590464,0.0003151205423755823,EMB,VWOB,2026-03-30,False,1536.0,1074.0,0.0,0.0,,,0.0,0.0,0.0,False,True,False,0.0,,,0.0,0.0,0.0,0.0,0.0,0.0,0.0,0.0,0.0,0.0,-0.0,-0.0,-0.0,-0.0,0.0,0.0,0.0,0.0,0.0,767.8300000000028
65.69,93.93,0.5600000000000023,0.8200000000000074,1.4298980057847468,1.0,1.4300318362398565,1.0,1.4301084704205969,1.0,93.943825421929,93.93,0.007150542352102984,0.005,93.9366748795769,93.92500000000001,93.95097596428111,93.935,93.935,93.9366748795769,0.00167487957689616,1.7831146352562118e-05,EMB,VWOB,2026-03-31,False,1523.0,1065.0,0.0,0.0,,,0.0,0.0,0.0,False,True,False,0.0,,,0.0,0.0,0.0,0.0,0.0,0.0,0.0,0.0,0.0,0.0,-0.0,-0.0,-0.0,-0.0,0.0,0.0,0.0,0.0,0.0,767.8300000000028
65.6,93.86,-0.09000000000000341,-0.07000000000000739,1.4307926829268294,1.0,1.4299326595593973,1.0,1.4300318362398565,1.0,93.81008845733459,93.86,0.007150159181199283,0.005,93.80293829815339,93.855,93.81723861651578,93.865,93.81723861651578,93.855,0.03776138348422364,0.0004023160396784961,VWOB,EMB,2026-04-01,True,1523.0,1065.0,0.0,0.0,,,0.0,0.0,0.0,False,True,False,0.0,,,0.0,0.0,0.0,0.0,0.0,0.0,0.0,0.0,0.0,0.0,-0.0,-0.0,-0.0,-0.0,0.0,-0.0,-0.0,0.0,0.0,767.8300000000028
65.72,93.97,0.12000000000000455,0.10999999999999943,1.4298539257455873,1.0,1.4299162298635932,1.0,1.4299326595593973,1.0,93.9751743862436,93.97,0.007149663297796986,0.005,93.9680247229458,93.965,93.98232404954139,93.975,93.975,93.9680247229458,-0.006975277054195317,-7.422876507603828e-05,EMB,VWOB,2026-04-02,False,1521.0,1064.0,0.0,0.0,,,0.0,0.0,0.0,False,True,True,0.0,,,0.0,0.0,0.0,0.0,0.0,0.0,0.0,0.0,0.0,0.0,-0.0,-0.0,-0.0,-0.0,0.0,0.0,0.0,0.0,0.0,767.8300000000028
65.72,93.94,0.0,-0.030000000000001137,1.4293974437005477,1.0,1.4298668310596754,1.0,1.4299162298635932,1.0,93.97409462663535,93.94,0.007149581149317966,0.005,93.96694504548603,93.935,93.98124420778467,93.945,93.945,93.96694504548603,0.021945045486035042,0.00023360704158010477,EMB,VWOB,2026-04-06,False,1523.0,1065.0,0.0,0.0,,,0.0,0.0,0.0,False,True,False,0.0,,,0.0,0.0,0.0,0.0,0.0,0.0,0.0,0.0,0.0,0.0,-0.0,-0.0,-0.0,-0.0,0.0,0.0,-0.0,0.0,0.0,767.8300000000028
65.81,93.99,0.09000000000000341,0.04999999999999716,1.4282024008509344,1.0,1.429750415622198,1.0,1.4298668310596754,1.0,94.09953615203725,93.99,0.007149334155298377,0.005,94.09238681788194,93.985,94.10668548619255,93.99499999999999,93.99499999999999,94.09238681788194,0.09738681788195436,0.0010361402051489983,EMB,VWOB,2026-04-07,False,1521.0,1064.0,0.0,0.0,,,0.0,0.0,0.0,True,False,False,1.0,EMB,VWOB,-1521.0,1064.0,0.0,0.0,0.0,0.0,-1521.0,1064.0,0.0,1064.0,1521.0,-0.0,-7.605,-5.32,-12.925,0.0,0.0,0.0,-12.925,754.9050000000028
66.38,95.11,0.5699999999999932,1.1200000000000045,1.4328110876770113,1.0,1.4298825484827218,1.0,1.429750415622198,1.0,94.9068325890015,95.11,0.00714875207811099,0.005,94.89968383692339,95.105,94.9139813410796,95.115,94.9139813410796,95.105,0.19101865892039882,0.002008397212915559,VWOB,EMB,2026-04-08,False,1503.0,1051.0,-1521.0,1064.0,EMB,VWOB,-0.21531616307660784,-0.002263864610205108,1.0,True,False,False,1.0,VWOB,EMB,1503.0,-1051.0,-100097.01000000001,100005.36,200102.37,-91.65000000000873,3024.0,-2115.0,3024.0,0.0,-0.0,2115.0,-15.120000000000001,-10.575000000000001,-25.695,-866.9699999999896,1191.6800000000048,324.71000000001527,299.0150000000153,1053.920000000018
66.68,95.51,0.30000000000001137,0.4000000000000057,1.432363527294541,1.0,1.4300636169896657,1.0,1.4298825484827218,1.0,95.3445683328279,95.51,0.007149412742413609,0.005,95.3374189200855,95.50500000000001,95.35171774557031,95.515,95.35171774557031,95.50500000000001,0.15328225442969767,0.0016048817341607965,VWOB,EMB,2026-04-09,False,1497.0,1047.0,1503.0,-1051.0,VWOB,EMB,0.15328225442969767,0.0016048817341607965,1.0,True,False,False,1.0,VWOB,EMB,1497.0,-1047.0,99769.14,-99960.61,199729.75,-191.47000000000116,-6.0,4.0,0.0,4.0,6.0,-0.0,-0.03,-0.02,-0.05,450.9000000000171,-420.400000000006,30.500000000011084,30.450000000011084,1084.3700000000292
66.69,95.5,0.009999999999990905,-0.010000000000005116,1.4319988004198532,1.0,1.4302586481113961,1.0,1.4300636169896657,1.0,95.3709426170408,95.5,0.007150318084948329,0.005,95.36379229895584,95.495,95.37809293512575,95.505,95.37809293512575,95.495,0.11690706487425473,0.001224157747374395,VWOB,EMB,2026-04-10,False,1497.0,1047.0,1497.0,-1047.0,VWOB,EMB,0.11690706487425473,0.001224157747374395,1.0,True,False,False,1.0,VWOB,EMB,1497.0,-1047.0,99819.96,-99998.97,199818.93,-179.00999999999476,0.0,0.0,0.0,0.0,-0.0,-0.0,-0.0,-0.0,0.0,14.969999999986385,10.470000000005356,25.43999999999174,25.43999999999174,1109.8100000000209
67.04,96.03,0.3500000000000085,0.5300000000000011,1.4324284009546537,1.0,1.4303692331841327,1.0,1.4302586481113961,1.0,95.884539769388,96.03,0.007151293240556981,0.005,95.87738847614744,96.025,95.89169106262855,96.035,95.89169106262855,96.025,0.13330893737145288,0.0013882009514886273,VWOB,EMB,2026-04-13,False,1489.0,1041.0,1497.0,-1047.0,VWOB,EMB,0.13330893737145288,0.0013882009514886273,1.0,True,False,False,1.0,VWOB,EMB,1489.0,-1041.0,99834.93,-99988.5,199823.43,-153.57000000000698,-8.0,6.0,0.0,6.0,8.0,-0.0,-0.04,-0.03,-0.07,523.9500000000128,-554.9100000000012,-30.95999999998844,-31.02999999998844,1078.7800000000325
67.32,96.46,0.2799999999999869,0.4299999999999926,1.4328579916815212,1.0,1.4305458482607416,1.0,1.4303692331841327,1.0,96.2924567779558,96.46,0.007151846165920663,0.005,96.28530493178988,96.455,96.29960862412173,96.46499999999999,96.29960862412173,96.455,0.155391375878267,0.0016109410727583146,VWOB,EMB,2026-04-14,False,1483.0,1037.0,1489.0,-1041.0,VWOB,EMB,0.155391375878267,0.0016109410727583146,1.0,True,False,False,1.0,VWOB,EMB,1483.0,-1037.0,99822.56000000001,-99967.23,199789.79,-144.6699999999837,-6.0,4.0,0.0,4.0,6.0,-0.0,-0.03,-0.02,-0.05,416.9199999999805,-447.6299999999923,-30.710000000011803,-30.760000000011804,1048.0200000000207
67.26,96.25,-0.05999999999998806,-0.20999999999999375,1.4310139756170086,1.0,1.430646509475852,1.0,1.4305458482607416,1.0,96.2185137540175,96.25,0.007152729241303708,0.005,96.2113610247762,96.245,96.22566648325879,96.255,96.22566648325879,96.245,0.019333516741212975,0.00020086770640221274,VWOB,EMB,2026-04-15,False,1486.0,1039.0,1483.0,-1037.0,VWOB,EMB,0.019333516741212975,0.00020086770640221274,1.0,False,True,False,0.0,,,0.0,0.0,99835.55999999998,-100029.01999999999,199864.57999999996,-193.4600000000064,-1483.0,1037.0,0.0,1037.0,1483.0,-0.0,-7.415,-5.1850000000000005,-12.600000000000001,-88.9799999999823,217.7699999999935,128.79000000001122,116.19000000001122,1164.2100000000319
67.0,95.95,-0.2600000000000051,-0.29999999999999716,1.432089552238806,1.0,1.4307769679997755,1.0,1.430646509475852,1.0,95.85331613488209,95.95,0.007153232547379261,0.005,95.84616290233471,95.94500000000001,95.86046936742947,95.955,95.86046936742947,95.94500000000001,0.08453063257053373,0.000880986269625156,VWOB,EMB,2026-04-16,False,1491.0,1042.0,0.0,0.0,,,0.0,0.0,0.0,True,False,False,1.0,VWOB,EMB,1491.0,-1042.0,0.0,0.0,0.0,0.0,1491.0,-1042.0,1491.0,0.0,-0.0,1042.0,-7.455,-5.21,-12.665,-0.0,-0.0,0.0,-12.665,1151.545000000032
67.51,96.67,0.5100000000000051,0.7199999999999989,1.431936009480077,1.0,1.430836121059204,1.0,1.4307769679997755,1.0,96.59175310966485,96.67,0.007153884839998878,0.005,96.58459922482486,96.665,96.59890699450484,96.675,96.59890699450484,96.665,0.06609300549516206,0.0006836971707371683,VWOB,EMB,2026-04-17,False,1479.0,1034.0,1491.0,-1042.0,VWOB,EMB,0.06609300549516206,0.0006836971707371683,1.0,False,False,False,-1.0,VWOB,EMB,1479.0,-1034.0,99897.0,-99979.90000000001,199876.90000000002,-82.90000000000873,-12.0,8.0,0.0,8.0,12.0,-0.0,-0.06,-0.04,-0.1,760.4100000000076,-750.2399999999989,10.170000000008713,10.070000000008713,1161.6150000000407
67.49,96.59,-0.020000000000010232,-0.0799999999999983,1.4311749888872427,1.0,1.4309608214238116,1.0,1.430836121059204,1.0,96.56712981028566,96.59,0.00715418060529602,0.005,96.55997562968037,96.58500000000001,96.57428399089096,96.595,96.57428399089096,96.58500000000001,0.010716009109046354,0.00011094325612430224,VWOB,EMB,2026-04-20,False,1481.0,1035.0,1479.0,-1034.0,VWOB,EMB,0.0,0.0,-1.0,False,True,False,0.0,,,0.0,0.0,99847.29000000001,-99956.78,199804.07,-109.48999999999069,-1479.0,1034.0,0.0,1034.0,1479.0,-0.0,-7.3950000000000005,-5.17,-12.565000000000001,-29.580000000015133,82.71999999999824,53.139999999983104,40.574999999983106,1202.1900000000237
67.17,96.13,-0.3199999999999932,-0.46000000000000796,1.4311448563346731,1.0,1.4309351114247157,1.0,1.4309608214238116,1.0,96.11763837503743,96.13,0.007154804107119058,0.005,96.11048357093031,96.125,96.12479317914455,96.13499999999999,96.12479317914455,96.125,0.00020682085545331574,2.1514704613889084e-06,VWOB,EMB,2026-04-21,False,1488.0,1040.0,0.0,0.0,,,0.0,0.0,0.0,False,True,False,0.0,,,0.0,0.0,0.0,0.0,0.0,0.0,0.0,0.0,0.0,0.0,-0.0,-0.0,-0.0,-0.0,0.0,-0.0,-0.0,0.0,0.0,1202.1900000000237
67.31,96.38,0.14000000000000057,0.25,1.431882335462784,1.0,1.431028616950911,1.0,1.4309351114247157,1.0,96.31624234999762,96.38,0.007154675557123579,0.005,96.3090876744405,96.375,96.32339702555474,96.38499999999999,96.32339702555474,96.375,0.05160297444525952,0.0005354116460392148,VWOB,EMB,2026-04-22,False,1485.0,1038.0,0.0,0.0,,,0.0,0.0,0.0,False,True,False,0.0,,,0.0,0.0,0.0,0.0,0.0,0.0,0.0,0.0,0.0,0.0,-0.0,-0.0,-0.0,-0.0,0.0,0.0,0.0,0.0,0.0,1202.1900000000237
67.08,95.93,-0.23000000000000398,-0.44999999999998863,1.430083482409064,1.0,1.4310057497139943,1.0,1.431028616950911,1.0,95.99339962506711,95.93,0.007155143084754555,0.005,95.98624448198235,95.92500000000001,96.00055476815187,95.935,95.935,95.98624448198235,0.05124448198235143,0.0005341861980855981,EMB,VWOB,2026-04-23,False,1491.0,1042.0,0.0,0.0,,,0.0,0.0,0.0,False,True,False,0.0,,,0.0,0.0,0.0,0.0,0.0,0.0,0.0,0.0,0.0,0.0,-0.0,-0.0,-0.0,-0.0,0.0,-0.0,-0.0,0.0,0.0,1202.1900000000237
67.2,96.2,0.12000000000000455,0.269999999999996,1.431547619047619,1.0,1.4310539710153727,1.0,1.4310057497139943,1.0,96.16358638078042,96.2,0.0071550287485699715,0.005,96.15643135203184,96.19500000000001,96.17074140952899,96.205,96.17074140952899,96.19500000000001,0.02425859047102108,0.0002521683001145642,VWOB,EMB,2026-04-24,False,1488.0,1040.0,0.0,0.0,,,0.0,0.0,0.0,False,True,False,0.0,,,0.0,0.0,0.0,0.0,0.0,0.0,0.0,0.0,0.0,0.0,-0.0,-0.0,-0.0,-0.0,0.0,0.0,0.0,0.0,0.0,1202.1900000000237
67.07,96.03,-0.13000000000000966,-0.1700000000000017,1.4317876845087223,1.0,1.4311433552408086,1.0,1.4310539710153727,1.0,95.98078983600104,96.03,0.007155269855076863,0.005,95.97363456614596,96.025,95.98794510585611,96.035,95.98794510585611,96.025,0.037054894143892625,0.000385867896947752,VWOB,EMB,2026-04-27,False,1490.0,1041.0,0.0,0.0,,,0.0,0.0,0.0,False,True,False,0.0,,,0.0,0.0,0.0,0.0,0.0,0.0,0.0,0.0,0.0,0.0,-0.0,-0.0,-0.0,-0.0,0.0,-0.0,-0.0,0.0,0.0,1202.1900000000237
66.99,95.95,-0.0799999999999983,-0.0799999999999983,1.432303328855053,1.0,1.4312784049938638,1.0,1.4311433552408086,1.0,95.87229336758176,95.95,0.007155716776204043,0.005,95.86513765080555,95.94500000000001,95.87944908435797,95.955,95.87944908435797,95.94500000000001,0.06555091564203508,0.0006831778597398132,VWOB,EMB,2026-04-28,False,1491.0,1042.0,0.0,0.0,,,0.0,0.0,0.0,False,False,False,-0.0,,,0.0,0.0,0.0,0.0,0.0,0.0,0.0,0.0,0.0,0.0,-0.0,-0.0,-0.0,-0.0,0.0,-0.0,-0.0,0.0,0.0,1202.1900000000237
66.75,95.5,-0.23999999999999488,-0.45000000000000284,1.4307116104868913,1.0,1.431319085228971,1.0,1.4312784049938638,1.0,95.5378335333404,95.5,0.007156392024969319,0.005,95.53067714131544,95.495,95.54498992536537,95.505,95.505,95.53067714131544,0.025677141315441077,0.00026887058969048247,EMB,VWOB,2026-04-29,False,1499.0,1047.0,0.0,0.0,,,0.0,0.0,-0.0,False,True,False,0.0,,,0.0,0.0,0.0,0.0,0.0,0.0,0.0,0.0,0.0,0.0,-0.0,-0.0,-0.0,-0.0,0.0,-0.0,-0.0,0.0,0.0,1202.1900000000237
66.93,95.8,0.18000000000000682,0.29999999999999716,1.4313461825788134,1.0,1.4313467602115701,1.0,1.431319085228971,1.0,95.79818637437504,95.8,0.0071565954261448555,0.005,95.7910297789489,95.795,95.80534296980117,95.80499999999999,95.80499999999999,95.795,-0.009999999999990905,-0.0001043841336115961,EMB,EMB,2026-04-30,False,1494.0,1044.0,0.0,0.0,,,0.0,0.0,0.0,False,True,False,0.0,,,0.0,0.0,0.0,0.0,0.0,0.0,0.0,0.0,0.0,0.0,-0.0,-0.0,-0.0,-0.0,0.0,0.0,0.0,0.0,0.0,1202.1900000000237
66.71,95.57,-0.22000000000001307,-0.23000000000000398,1.4326187977814422,1.0,1.4314850038133629,1.0,1.4313467602115701,1.0,95.48514237371384,95.57,0.0071567338010578505,0.005,95.47798563991279,95.565,95.4922991075149,95.57499999999999,95.4922991075149,95.565,0.07270089248510203,0.0007607083026588055,VWOB,EMB,2026-05-01,True,1497.0,1046.0,0.0,0.0,,,0.0,0.0,0.0,False,False,False,-0.0,,,0.0,0.0,0.0,0.0,0.0,0.0,0.0,0.0,0.0,0.0,-0.0,-0.0,-0.0,-0.0,0.0,-0.0,-0.0,0.0,0.0,1202.1900000000237
66.4,95.08,-0.30999999999998806,-0.4899999999999949,1.4319277108433734,1.0,1.4316115171705042,1.0,1.4314850038133629,1.0,95.0506042532073,95.08,0.007157425019066814,0.005,95.04344682818822,95.075,95.05776167822637,95.085,95.05776167822637,95.075,0.017238321773632492,0.00018130334217114527,VWOB,EMB,2026-05-04,False,1506.0,1052.0,0.0,0.0,,,0.0,0.0,-0.0,False,True,True,0.0,,,0.0,0.0,0.0,0.0,0.0,0.0,0.0,0.0,0.0,0.0,-0.0,-0.0,-0.0,-0.0,0.0,-0.0,-0.0,0.0,0.0,1202.1900000000237
66.68,95.52,0.28000000000000114,0.4399999999999977,1.4325134973005398,1.0,1.4318270719929846,1.0,1.4316115171705042,1.0,95.45985596492923,95.52,0.007158057585852521,0.005,95.45269790734338,95.515,95.46701402251509,95.52499999999999,95.46701402251509,95.515,0.04798597748491318,0.0005023657609392083,VWOB,EMB,2026-05-05,False,1499.0,1047.0,0.0,0.0,,,0.0,0.0,0.0,False,True,False,0.0,,,0.0,0.0,0.0,0.0,0.0,0.0,0.0,0.0,0.0,0.0,-0.0,-0.0,-0.0,-0.0,0.0,0.0,0.0,0.0,0.0,1202.1900000000237
67.16,96.27,0.47999999999998977,0.75,1.4334425253126861,1.0,1.4318586438747682,1.0,1.4318270719929846,1.0,96.16150615504884,96.27,0.007159135359964923,0.005,96.15434701968887,96.265,96.16866529040881,96.27499999999999,96.16866529040881,96.265,0.09633470959118995,0.0010006721677697098,VWOB,EMB,2026-05-06,False,1488.0,1039.0,0.0,0.0,,,0.0,0.0,0.0,True,False,False,1.0,VWOB,EMB,1488.0,-1039.0,0.0,0.0,0.0,0.0,1488.0,-1039.0,1488.0,0.0,-0.0,1039.0,-7.44,-5.195,-12.635000000000002,0.0,0.0,0.0,-12.635000000000002,1189.5550000000237
66.94,95.9,-0.21999999999999886,-0.36999999999999034,1.4326262324469676,1.0,1.4318717791323894,1.0,1.4318586438747682,1.0,95.84861762097698,95.9,0.007159293219373842,0.005,95.8414583277576,95.89500000000001,95.85577691419635,95.905,95.85577691419635,95.89500000000001,0.03922308580365552,0.0004089998519672108,VWOB,EMB,2026-05-07,False,1493.0,1043.0,1488.0,-1039.0,VWOB,EMB,0.03922308580365552,0.0004089998519672108,1.0,False,True,False,0.0,,,0.0,0.0,99934.08,-100024.53,199958.61,-90.44999999999709,-1488.0,1039.0,0.0,1039.0,1488.0,-0.0,-7.44,-5.195,-12.635000000000002,-327.3599999999983,384.42999999998995,57.06999999999164,44.43499999999163,1233.9900000000152
67.08,96.15,0.14000000000000057,0.25,1.4333631484794276,1.0,1.4319399965353683,1.0,1.4318717791323894,1.0,96.04995894420068,96.15,0.007159358895661947,0.005,96.04279958530502,96.14500000000001,96.05711830309635,96.155,96.05711830309635,96.14500000000001,0.08788169690366487,0.0009140062080464365,VWOB,EMB,2026-05-08,False,1489.0,1040.0,0.0,0.0,,,0.0,0.0,0.0,True,False,False,1.0,VWOB,EMB,1489.0,-1040.0,0.0,0.0,0.0,0.0,1489.0,-1040.0,1489.0,0.0,-0.0,1040.0,-7.445,-5.2,-12.645,0.0,0.0,0.0,-12.645,1221.3450000000153
66.96,95.97,-0.12000000000000455,-0.18000000000000682,1.4332437275985663,1.0,1.4319807628675638,1.0,1.4319399965353683,1.0,95.88270216800825,95.97,0.007159699982676841,0.005,95.87554246802557,95.965,95.88986186799093,95.975,95.88986186799093,95.965,0.07513813200907293,0.0007829335418263304,VWOB,EMB,2026-05-11,False,1492.0,1042.0,1489.0,-1040.0,VWOB,EMB,0.07513813200907293,0.0007829335418263304,1.0,False,False,False,-1.0,VWOB,EMB,1492.0,-1042.0,99882.12,-99996.0,199878.12,-113.88000000000466,3.0,-2.0,3.0,0.0,-0.0,2.0,-0.015,-0.01,-0.025,-178.68000000000677,187.2000000000071,8.520000000000323,8.495000000000323,1229.8400000000156
66.76,95.72,-0.19999999999998863,-0.25,1.4337926902336728,1.0,1.4320274977951715,1.0,1.4319807628675638,1.0,95.59903572903856,95.72,0.007159903814337819,0.005,95.59187582522422,95.715,95.6061956328529,95.725,95.6061956328529,95.715,0.10880436714710129,0.0011366941824812087,VWOB,EMB,2026-05-12,False,1496.0,1045.0,1492.0,-1042.0,VWOB,EMB,0.0,0.0,-1.0,True,False,False,1.0,VWOB,EMB,1496.0,-1045.0,99904.31999999999,-100000.74,199905.06,-96.4200000000128,4.0,-3.0,4.0,0.0,-0.0,3.0,-0.02,-0.015,-0.035,-298.39999999998304,260.5,-37.89999999998304,-37.934999999983035,1191.9050000000325
66.6,95.54,-0.1600000000000108,-0.1799999999999926,1.4345345345345348,1.0,1.432203525741048,1.0,1.4320274977951715,1.0,95.37303135315841,95.54,0.007160137488975858,0.005,95.36587121566943,95.53500000000001,95.38019149064739,95.545,95.38019149064739,95.53500000000001,0.1548085093526197,0.0016203528297322554,VWOB,EMB,2026-05-13,False,1499.0,1047.0,1496.0,-1045.0,VWOB,EMB,0.1548085093526197,0.0016203528297322554,1.0,True,False,False,1.0,VWOB,EMB,1499.0,-1047.0,99872.96,-100027.4,199900.36,-154.43999999998778,3.0,-2.0,3.0,0.0,-0.0,2.0,-0.015,-0.01,-0.025,-239.36000000001616,188.0999999999923,-51.260000000023865,-51.285000000023864,1140.6200000000085
66.61,95.54,0.010000000000005116,0.0,1.4343191712956014,1.0,1.4323150066938877,1.0,1.432203525741048,1.0,95.3990768496112,95.54,0.007161017628705239,0.005,95.3919158319825,95.53500000000001,95.40623786723991,95.545,95.40623786723991,95.53500000000001,0.12876213276010162,0.0013477300895970443,VWOB,EMB,2026-05-14,False,1500.0,1047.0,1499.0,-1047.0,VWOB,EMB,0.12876213276010162,0.0013477300895970443,1.0,True,False,False,1.0,VWOB,EMB,1500.0,-1047.0,99833.4,-100030.38,199863.78,-196.98000000001048,1.0,0.0,1.0,0.0,-0.0,-0.0,-0.005,-0.0,-0.005,14.990000000007669,-0.0,14.990000000007669,14.985000000007668,1155.6050000000162
66.14,94.71,-0.46999999999999886,-0.8300000000000125,1.431962503779861,1.0,1.432316331408877,1.0,1.4323150066938877,1.0,94.73331454273374,94.71,0.007161575033469439,0.005,94.72615296770027,94.705,94.7404761177672,94.71499999999999,94.71499999999999,94.72615296770027,0.011152967700283511,0.0001177591352579824,EMB,VWOB,2026-05-15,False,1513.0,1056.0,1500.0,-1047.0,VWOB,EMB,-0.035476117767203164,-0.00037457626192802414,1.0,False,True,False,0.0,,,0.0,0.0,99915.0,-100030.38,199945.38,-115.38000000000466,-1500.0,1047.0,0.0,1047.0,1500.0,-0.0,-7.5,-5.235,-12.735,-704.9999999999983,869.0100000000131,164.01000000001477,151.27500000001476,1306.880000000031
66.04,94.62,-0.09999999999999432,-0.0899999999999892,1.4327680193821926,1.0,1.4323959829336244,1.0,1.432316331408877,1.0,94.59017052624225,94.62,0.007161581657044384,0.005,94.5830089445852,94.61500000000001,94.59733210789929,94.625,94.59733210789929,94.61500000000001,0.017667892100718063,0.00018672471042821879,VWOB,EMB,2026-05-18,False,1514.0,1057.0,0.0,0.0,,,0.0,0.0,0.0,False,True,False,0.0,,,0.0,0.0,0.0,0.0,0.0,0.0,0.0,0.0,0.0,0.0,-0.0,-0.0,-0.0,-0.0,0.0,-0.0,-0.0,0.0,0.0,1306.880000000031
65.75,94.25,-0.29000000000000625,-0.37000000000000455,1.4334600760456273,1.0,1.432511743919172,1.0,1.4323959829336244,1.0,94.1800358778858,94.25,0.007161979914668122,0.005,94.17287389797113,94.245,94.18719785780047,94.255,94.18719785780047,94.245,0.0578021421995345,0.0006132853283770239,VWOB,EMB,2026-05-19,False,1520.0,1061.0,0.0,0.0,,,0.0,0.0,0.0,False,False,False,-0.0,,,0.0,0.0,0.0,0.0,0.0,0.0,0.0,0.0,0.0,0.0,-0.0,-0.0,-0.0,-0.0,0.0,-0.0,-0.0,0.0,0.0,1306.880000000031
66.18,94.92,0.4300000000000068,0.6700000000000017,1.4342701722574795,1.0,1.4326311357589068,1.0,1.432511743919172,1.0,94.8036272125708,94.92,0.00716255871959586,0.005,94.7964646538512,94.915,94.8107897712904,94.925,94.8107897712904,94.915,0.10421022870960428,0.00109787430161825,VWOB,EMB,2026-05-20,False,1510.0,1054.0,0.0,0.0,,,0.0,0.0,-0.0,True,False,False,1.0,VWOB,EMB,1510.0,-1054.0,0.0,0.0,0.0,0.0,1510.0,-1054.0,1510.0,0.0,-0.0,1054.0,-7.55,-5.2700000000000005,-12.82,0.0,0.0,0.0,-12.82,1294.060000000031
66.22,94.99,0.03999999999999204,0.06999999999999318,1.43446088794926,1.0,1.4328500060359166,1.0,1.4326311357589068,1.0,94.86883380995481,94.99,0.007163155678794534,0.005,94.86167065427601,94.985,94.8759969656336,94.99499999999999,94.8759969656336,94.985,0.10900303436639547,0.0011475211534518947,VWOB,EMB,2026-05-21,False,1509.0,1053.0,1510.0,-1054.0,VWOB,EMB,0.10900303436639547,0.0011475211534518947,1.0,True,False,False,1.0,VWOB,EMB,1509.0,-1053.0,99931.80000000002,-100045.68000000001,199977.48000000004,-113.8799999999901,-1.0,1.0,0.0,1.0,1.0,-0.0,-0.005,-0.005,-0.01,60.39999999998798,-73.77999999999281,-13.380000000004827,-13.390000000004827,1280.6700000000262
66.31,95.17,0.09000000000000341,0.18000000000000682,1.435228472326949,1.0,1.433034048699883,1.0,1.4328500060359166,1.0,95.01228390024163,95.17,0.007164250030179583,0.005,95.00511965021144,95.165,95.01944815027181,95.175,95.01944815027181,95.165,0.1455518497281929,0.0015293879345192067,VWOB,EMB,2026-05-22,False,1506.0,1051.0,1509.0,-1053.0,VWOB,EMB,0.1455518497281929,0.0015293879345192067,1.0,True,False,False,1.0,VWOB,EMB,1506.0,-1051.0,99925.98,-100024.47,199950.45,-98.49000000000524,-3.0,2.0,0.0,2.0,3.0,-0.0,-0.015,-0.01,-0.025,135.81000000000515,-189.54000000000718,-53.730000000002036,-53.755000000002035,1226.9150000000243
66.64,95.64,0.3299999999999983,0.46999999999999886,1.4351740696278512,1.0,1.4332033679558396,1.0,1.433034048699883,1.0,95.4973890053602,95.64,0.007165170243499414,0.005,95.49022383511671,95.635,95.5045541756037,95.645,95.5045541756037,95.635,0.13044582439630403,0.0013639253910111254,VWOB,EMB,2026-05-26,False,1499.0,1046.0,1506.0,-1051.0,VWOB,EMB,0.13044582439630403,0.0013639253910111254,1.0,True,False,False,1.0,VWOB,EMB,1499.0,-1046.0,99862.86,-100023.67,199886.53,-160.80999999999767,-7.0,5.0,0.0,5.0,7.0,-0.0,-0.035,-0.025,-0.060000000000000005,496.9799999999974,-493.9699999999988,3.0099999999986267,2.9499999999986266,1229.865000000023
66.89,95.98,0.25,0.3400000000000034,1.4348931080879055,1.0,1.4333328569174821,1.0,1.4332033679558396,1.0,95.86697328256611,95.98,0.007166016839779198,0.005,95.85980726572633,95.97500000000001,95.87413929940588,95.985,95.87413929940588,95.97500000000001,0.10086070059412577,0.001050851225194059,VWOB,EMB,2026-05-27,False,1493.0,1042.0,1499.0,-1046.0,VWOB,EMB,0.10086070059412577,0.001050851225194059,1.0,True,False,False,1.0,VWOB,EMB,1493.0,-1042.0,99893.36,-100039.44,199932.8,-146.08000000000175,-6.0,4.0,0.0,4.0,6.0,-0.0,-0.03,-0.02,-0.05,374.75,-355.64000000000357,19.109999999996433,19.059999999996432,1248.9250000000195
67.09,96.23,0.20000000000000284,0.25,1.4343419287524222,1.0,1.4335143728307587,1.0,1.4333328569174821,1.0,96.16230137059388,96.23,0.007166664284587411,0.005,96.1551347063093,96.22500000000001,96.16946803487846,96.235,96.16946803487846,96.22500000000001,0.05553196512154557,0.0005770753935523804,VWOB,EMB,2026-05-28,False,1489.0,1039.0,1493.0,-1042.0,VWOB,EMB,0.05553196512154557,0.0005770753935523804,1.0,False,True,False,0.0,,,0.0,0.0,99866.77,-100011.16,199877.93,-144.38999999999942,-1493.0,1042.0,0.0,1042.0,1493.0,-0.0,-7.465,-5.21,-12.675,298.60000000000423,-260.5,38.10000000000423,25.42500000000423,1274.3500000000238
67.25,96.43,0.1599999999999966,0.20000000000000284,1.433903345724907,1.0,1.4336422309880634,1.0,1.4335143728307587,1.0,96.40384157286852,96.43,0.007167571864153794,0.005,96.39667400100436,96.42500000000001,96.41100914473267,96.435,96.41100914473267,96.42500000000001,0.013990855267337565,0.00014508820146570117,VWOB,EMB,2026-05-29,False,1487.0,1037.0,0.0,0.0,,,0.0,0.0,0.0,False,True,False,0.0,,,0.0,0.0,0.0,0.0,0.0,0.0,0.0,0.0,0.0,0.0,-0.0,-0.0,-0.0,-0.0,0.0,0.0,0.0,0.0,0.0,1274.3500000000238
66.87,96.01,-0.37999999999999545,-0.4200000000000017,1.4357708987587856,1.0,1.4337998360369304,1.0,1.4336422309880634,1.0,95.86765598617181,96.01,0.007168211154940317,0.005,95.86048777501688,96.00500000000001,95.87482419732675,96.015,95.87482419732675,96.00500000000001,0.13017580267326423,0.001355856709439269,VWOB,EMB,2026-06-01,True,1494.0,1042.0,0.0,0.0,,,0.0,0.0,0.0,True,False,False,1.0,VWOB,EMB,1494.0,-1042.0,0.0,0.0,0.0,0.0,1494.0,-1042.0,1494.0,0.0,-0.0,1042.0,-7.47,-5.21,-12.68,-0.0,-0.0,0.0,-12.68,1261.6700000000237
67.04,96.26,0.1700000000000017,0.25,1.4358591885441527,1.0,1.4339964099219695,1.0,1.4337998360369304,1.0,96.12194100791582,96.26,0.0071689991801846525,0.005,96.11477200873564,96.25500000000001,96.129110007096,96.265,96.129110007096,96.25500000000001,0.12588999290400693,0.0013078121016414598,VWOB,EMB,2026-06-02,False,1490.0,1039.0,1494.0,-1042.0,VWOB,EMB,0.12588999290400693,0.0013078121016414598,1.0,True,False,True,0.0,,,0.0,0.0,99903.78000000001,-100042.42,199946.2,-138.63999999998487,-1494.0,1042.0,0.0,1042.0,1494.0,-0.0,-7.47,-5.21,-12.68,253.98000000000255,-260.5,-6.519999999997452,-19.199999999997452,1242.4700000000262
66.83,95.9,-0.21000000000000796,-0.35999999999999943,1.4349842884931918,1.0,1.4341199494816022,1.0,1.4339964099219695,1.0,95.83398007508522,95.9,0.007169982049609848,0.005,95.82681009303562,95.89500000000001,95.84115005713483,95.905,95.84115005713483,95.89500000000001,0.05384994286518463,0.0005615218234117271,VWOB,EMB,2026-06-03,False,1496.0,1043.0,0.0,0.0,,,0.0,0.0,0.0,False,True,False,0.0,,,0.0,0.0,0.0,0.0,0.0,0.0,0.0,0.0,0.0,0.0,-0.0,-0.0,-0.0,-0.0,0.0,-0.0,-0.0,0.0,0.0,1242.4700000000262
66.99,96.1,0.1599999999999966,0.19999999999998863,1.4345424690252278,1.0,1.4341749466672291,1.0,1.4341199494816022,1.0,96.07169541577252,96.1,0.007170599747408011,0.005,96.06452481602511,96.095,96.07886601551994,96.10499999999999,96.07886601551994,96.095,0.016133984480063646,0.00016788745556777987,VWOB,EMB,2026-06-04,False,1493.0,1041.0,0.0,0.0,,,0.0,0.0,0.0,False,True,False,0.0,,,0.0,0.0,0.0,0.0,0.0,0.0,0.0,0.0,0.0,0.0,-0.0,-0.0,-0.0,-0.0,0.0,0.0,0.0,0.0,0.0,1242.4700000000262
66.56,95.4,-0.4299999999999926,-0.6999999999999886,1.4332932692307692,1.0,1.4342082985064193,1.0,1.4341749466672291,1.0,95.45868445017078,95.4,0.007170874733336146,0.005,95.45151357543745,95.39500000000001,95.46585532490411,95.405,95.405,95.45151357543745,0.04651357543744439,0.00048756368383065393,EMB,VWOB,2026-06-05,False,1503.0,1048.0,0.0,0.0,,,0.0,0.0,0.0,False,True,False,0.0,,,0.0,0.0,0.0,0.0,0.0,0.0,0.0,0.0,0.0,0.0,-0.0,-0.0,-0.0,-0.0,0.0,-0.0,-0.0,0.0,0.0,1242.4700000000262
66.44,95.28,-0.12000000000000455,-0.12000000000000455,1.4340758579169175,1.0,1.4342439339782938,1.0,1.4342082985064193,1.0,95.28879935276649,95.28,0.007171041492532096,0.005,95.28162831127396,95.275,95.29597039425902,95.285,95.285,95.28162831127396,-0.0033716887260339945,-3.538716127239709e-05,EMB,VWOB,2026-06-08,False,1506.0,1050.0,0.0,0.0,,,0.0,0.0,0.0,False,True,False,0.0,,,0.0,0.0,0.0,0.0,0.0,0.0,0.0,0.0,0.0,0.0,-0.0,-0.0,-0.0,-0.0,0.0,-0.0,-0.0,0.0,0.0,1242.4700000000262
66.67,95.67,0.23000000000000398,0.39000000000000057,1.4349782510874456,1.0,1.4343306601527377,1.0,1.4342439339782938,1.0,95.62104307833285,95.67,0.007171219669891469,0.005,95.61387185866296,95.665,95.62821429800273,95.675,95.62821429800273,95.665,0.0367857019972746,0.00038450613564622766,VWOB,EMB,2026-06-09,False,1499.0,1045.0,0.0,0.0,,,0.0,0.0,0.0,False,True,False,0.0,,,0.0,0.0,0.0,0.0,0.0,0.0,0.0,0.0,0.0,0.0,-0.0,-0.0,-0.0,-0.0,0.0,0.0,0.0,0.0,0.0,1242.4700000000262
66.44,95.35,-0.23000000000000398,-0.3200000000000074,1.4351294400963275,1.0,1.4343974976458704,1.0,1.4343306601527377,1.0,95.29692906054788,95.35,0.007171653300763688,0.005,95.28975740724712,95.345,95.30410071384864,95.35499999999999,95.30410071384864,95.345,0.04089928615135818,0.0004289385018495877,VWOB,EMB,2026-06-10,False,1505.0,1049.0,0.0,0.0,,,0.0,0.0,0.0,False,True,False,0.0,,,0.0,0.0,0.0,0.0,0.0,0.0,0.0,0.0,0.0,0.0,-0.0,-0.0,-0.0,-0.0,0.0,-0.0,-0.0,0.0,0.0,1242.4700000000262
67.07,96.27,0.6299999999999955,0.9200000000000017,1.435366035485314,1.0,1.4344390726934093,1.0,1.4343974976458704,1.0,96.20504016710852,96.27,0.007171987488229352,0.005,96.19786817962029,96.265,96.21221215459676,96.27499999999999,96.21221215459676,96.265,0.05278784540324466,0.0005483312080943665,VWOB,EMB,2026-06-11,False,1490.0,1039.0,0.0,0.0,,,0.0,0.0,0.0,False,True,False,0.0,,,0.0,0.0,0.0,0.0,0.0,0.0,0.0,0.0,0.0,0.0,-0.0,-0.0,-0.0,-0.0,0.0,0.0,0.0,0.0,0.0,1242.4700000000262
67.18,96.36,0.11000000000001364,0.09000000000000341,1.4343554629353974,1.0,1.434440887275399,1.0,1.4344390726934093,1.0,96.36561690354324,96.36,0.0071721953634670465,0.005,96.35844470817977,96.355,96.37278909890671,96.365,96.365,96.35844470817977,-0.006555291820220077,-6.802918036758072e-05,EMB,VWOB,2026-06-12,False,1489.0,1038.0,0.0,0.0,,,0.0,0.0,0.0,False,True,False,0.0,,,0.0,0.0,0.0,0.0,0.0,0.0,0.0,0.0,0.0,0.0,-0.0,-0.0,-0.0,-0.0,0.0,0.0,0.0,0.0,0.0,1242.4700000000262
67.37,96.71,0.18999999999999773,0.3499999999999943,1.4355054178417692,1.0,1.4346180329784946,1.0,1.434440887275399,1.0,96.63828257574364,96.71,0.007172204436376996,0.005,96.63111037130727,96.705,96.64545478018002,96.71499999999999,96.64545478018002,96.705,0.059545219819980844,0.0006157090251264694,VWOB,EMB,2026-06-15,False,1483.0,1034.0,0.0,0.0,,,0.0,0.0,0.0,False,False,False,-0.0,,,0.0,0.0,0.0,0.0,0.0,0.0,0.0,0.0,0.0,0.0,-0.0,-0.0,-0.0,-0.0,0.0,0.0,0.0,0.0,0.0,1242.4700000000262
67.39,96.67,0.01999999999999602,-0.03999999999999204,1.434485828757976,1.0,1.4347039234472838,1.0,1.4346180329784946,1.0,96.67890924242074,96.67,0.007173090164892473,0.005,96.67173615225585,96.665,96.68608233258564,96.675,96.675,96.67173615225585,-0.003263847744150894,-3.3762777947149e-05,EMB,VWOB,2026-06-16,False,1483.0,1034.0,0.0,0.0,,,0.0,0.0,-0.0,False,True,False,0.0,,,0.0,0.0,0.0,0.0,0.0,0.0,0.0,0.0,0.0,0.0,-0.0,-0.0,-0.0,-0.0,0.0,0.0,-0.0,0.0,0.0,1242.4700000000262
67.12,96.28,-0.269999999999996,-0.39000000000000057,1.434445768772348,1.0,1.4347532080836198,1.0,1.4347039234472838,1.0,96.2973273417817,96.28,0.007173519617236419,0.005,96.29015382216446,96.275,96.30450086139894,96.285,96.285,96.29015382216446,0.005153822164459143,5.352951978042317e-05,EMB,VWOB,2026-06-17,False,1491.0,1039.0,0.0,0.0,,,0.0,0.0,0.0,False,True,False,0.0,,,0.0,0.0,0.0,0.0,0.0,0.0,0.0,0.0,0.0,0.0,-0.0,-0.0,-0.0,-0.0,0.0,-0.0,-0.0,0.0,0.0,1242.4700000000262
67.44,96.73,0.3199999999999932,0.45000000000000284,1.434311981020166,1.0,1.4347552985217542,1.0,1.4347532080836198,1.0,96.75975635315932,96.73,0.007173766040418099,0.005,96.7525825871189,96.72500000000001,96.76693011919974,96.735,96.735,96.7525825871189,0.01758258711889482,0.00018176974174397622,EMB,VWOB,2026-06-18,False,1484.0,1034.0,0.0,0.0,,,0.0,0.0,0.0,False,True,False,0.0,,,0.0,0.0,0.0,0.0,0.0,0.0,0.0,0.0,0.0,0.0,-0.0,-0.0,-0.0,-0.0,0.0,0.0,0.0,0.0,0.0,1242.4700000000262
67.19,96.4,-0.25,-0.3299999999999983,1.434737312100015,1.0,1.434769119729292,1.0,1.4347552985217542,1.0,96.40120850767666,96.4,0.007173776492608771,0.005,96.39403473118405,96.39500000000001,96.40838228416926,96.405,96.405,96.39500000000001,-0.009999999999990905,-0.00010373443983393054,EMB,EMB,2026-06-22,False,1488.0,1037.0,0.0,0.0,,,0.0,0.0,0.0,False,True,False,0.0,,,0.0,0.0,0.0,0.0,0.0,0.0,0.0,0.0,0.0,0.0,-0.0,-0.0,-0.0,-0.0,0.0,-0.0,-0.0,0.0,0.0,1242.4700000000262
67.08,96.26,-0.10999999999999943,-0.14000000000000057,1.4350029815146095,1.0,1.4347578451886749,1.0,1.434769119729292,1.0,96.2443125514409,96.26,0.00717384559864646,0.005,96.23713870584226,96.25500000000001,96.25148639703954,96.265,96.25148639703954,96.25500000000001,0.0035136029604672103,3.650117349332236e-05,VWOB,EMB,2026-06-23,False,1491.0,1039.0,0.0,0.0,,,0.0,0.0,0.0,False,True,False,0.0,,,0.0,0.0,0.0,0.0,0.0,0.0,0.0,0.0,0.0,0.0,-0.0,-0.0,-0.0,-0.0,0.0,-0.0,-0.0,0.0,0.0,1242.4700000000262
67.29,96.57,0.21000000000000796,0.30999999999998806,1.4351315202853319,1.0,1.4347557177215489,1.0,1.4347578451886749,1.0,96.54485540274594,96.57,0.007173789225943375,0.005,96.53768161352,96.565,96.55202919197188,96.57499999999999,96.55202919197188,96.565,0.012970808028114789,0.00013431508779242817,VWOB,EMB,2026-06-24,False,1486.0,1036.0,0.0,0.0,,,0.0,0.0,0.0,False,True,False,0.0,,,0.0,0.0,0.0,0.0,0.0,0.0,0.0,0.0,0.0,0.0,-0.0,-0.0,-0.0,-0.0,0.0,0.0,0.0,0.0,0.0,1242.4700000000262
67.29,96.56,0.0,-0.009999999999990905,1.4349829097934312,1.0,1.4347602078068253,1.0,1.4347557177215489,1.0,96.54471224548303,96.56,0.007173778588607745,0.005,96.53753846689442,96.555,96.55188602407164,96.565,96.55188602407164,96.555,0.003113975928371815,3.224912933276527e-05,VWOB,EMB,2026-06-25,False,1486.0,1036.0,0.0,0.0,,,0.0,0.0,0.0,False,True,False,0.0,,,0.0,0.0,0.0,0.0,0.0,0.0,0.0,0.0,0.0,0.0,-0.0,-0.0,-0.0,-0.0,0.0,0.0,-0.0,0.0,0.0,1242.4700000000262
67.24,96.54,-0.05000000000001137,-0.01999999999999602,1.43575252825699,1.0,1.4348307377820537,1.0,1.4347602078068253,1.0,96.47327637293093,96.54,0.007173801039034127,0.005,96.4661025718919,96.53500000000001,96.48045017396996,96.545,96.48045017396996,96.53500000000001,0.05454982603005476,0.0005650489541128523,VWOB,EMB,2026-06-26,False,1486.0,1036.0,0.0,0.0,,,0.0,0.0,0.0,False,True,False,0.0,,,0.0,0.0,0.0,0.0,0.0,0.0,0.0,0.0,0.0,0.0,-0.0,-0.0,-0.0,-0.0,0.0,-0.0,-0.0,0.0,0.0,1242.4700000000262
67.48,96.82,0.2400000000000091,0.2799999999999869,1.4347954949614699,1.0,1.4348753452438818,1.0,1.4348307377820537,1.0,96.822378185533,96.82,0.007174153688910269,0.005,96.81520403184409,96.815,96.8295523392219,96.82499999999999,96.82499999999999,96.81520403184409,-0.009795968155899004,-0.00010117711377710189,EMB,VWOB,2026-06-29,False,1482.0,1033.0,0.0,0.0,,,0.0,0.0,0.0,False,True,False,0.0,,,0.0,0.0,0.0,0.0,0.0,0.0,0.0,0.0,0.0,0.0,-0.0,-0.0,-0.0,-0.0,0.0,0.0,0.0,0.0,0.0,1242.4700000000262
67.24,96.44,-0.2400000000000091,-0.37999999999999545,1.4342653182629388,1.0,1.4348000662190894,1.0,1.4348753452438818,1.0,96.48101821419861,96.44,0.007174376726219409,0.005,96.47384383747239,96.435,96.48819259092484,96.445,96.445,96.47384383747239,0.02884383747239383,0.0002990858302819767,EMB,VWOB,2026-06-30,False,1488.0,1037.0,0.0,0.0,,,0.0,0.0,0.0,False,True,False,0.0,,,0.0,0.0,0.0,0.0,0.0,0.0,0.0,0.0,0.0,0.0,-0.0,-0.0,-0.0,-0.0,0.0,-0.0,-0.0,0.0,0.0,1242.4700000000262
66.87,96.02,-0.36999999999999034,-0.4200000000000017,1.4359204426499177,1.0,1.4348031289243777,1.0,1.4348000662190894,1.0,95.94508042807051,96.02,0.007174000331095447,0.005,95.93790642773942,96.015,95.9522544284016,96.02499999999999,95.9522544284016,96.015,0.06274557159839844,0.0006534635659070865,VWOB,EMB,2026-07-01,True,1494.0,1041.0,0.0,0.0,,,0.0,0.0,0.0,False,False,False,-0.0,,,0.0,0.0,0.0,0.0,0.0,0.0,0.0,0.0,0.0,0.0,-0.0,-0.0,-0.0,-0.0,0.0,-0.0,-0.0,0.0,0.0,1242.4700000000262
67.0,96.2,0.12999999999999545,0.18000000000000682,1.4358208955223881,1.0,1.4348449592758377,1.0,1.4348031289243777,1.0,96.1318096379333,96.2,0.007174015644621889,0.005,96.12463562228868,96.19500000000001,96.13898365357792,96.205,96.13898365357792,96.19500000000001,0.05601634642208353,0.0005822905033480616,VWOB,EMB,2026-07-02,False,1492.0,1040.0,0.0,0.0,,,0.0,0.0,-0.0,False,True,True,0.0,,,0.0,0.0,0.0,0.0,0.0,0.0,0.0,0.0,0.0,0.0,-0.0,-0.0,-0.0,-0.0,0.0,0.0,0.0,0.0,0.0,1242.4700000000262
67.05,96.35,0.04999999999999716,0.14999999999999147,1.4369873228933632,1.0,1.4349672019692443,1.0,1.4348449592758377,1.0,96.20635451944491,96.35,0.007174224796379188,0.005,96.19918029464854,96.345,96.21352874424129,96.35499999999999,96.21352874424129,96.345,0.13147125575871144,0.0013645174443042184,VWOB,EMB,2026-07-06,False,1489.0,1038.0,0.0,0.0,,,0.0,0.0,0.0,True,False,False,1.0,VWOB,EMB,1489.0,-1038.0,0.0,0.0,0.0,0.0,1489.0,-1038.0,1489.0,0.0,-0.0,1038.0,-7.445,-5.19,-12.635000000000002,0.0,0.0,0.0,-12.635000000000002,1229.8350000000262
66.68,95.94,-0.36999999999999034,-0.4099999999999966,1.4388122375524892,1.0,1.4352431503853302,1.0,1.4349672019692443,1.0,95.68361302730922,95.94,0.0071748360098462215,0.005,95.67643819129937,95.935,95.69078786331907,95.945,95.69078786331907,95.935,0.2442121366809289,0.002545467340847706,VWOB,EMB,2026-07-07,False,1495.0,1042.0,1489.0,-1038.0,VWOB,EMB,0.2442121366809289,0.002545467340847706,1.0,True,False,False,1.0,VWOB,EMB,1495.0,-1042.0,99837.45,-100011.29999999999,199848.75,-173.84999999999127,6.0,-4.0,6.0,0.0,-0.0,4.0,-0.03,-0.02,-0.05,-550.9299999999856,425.57999999999646,-125.34999999998917,-125.39999999998916,1104.435000000037
66.62,95.79,-0.060000000000002274,-0.14999999999999147,1.4378564995496848,1.0,1.4354321824669687,1.0,1.4352431503853302,1.0,95.6158986786707,95.79,0.007176215751926652,0.005,95.60872246291878,95.78500000000001,95.62307489442263,95.795,95.62307489442263,95.78500000000001,0.1619251055773816,0.0016904176383482784,VWOB,EMB,2026-07-08,False,1498.0,1044.0,1495.0,-1042.0,VWOB,EMB,0.1619251055773816,0.0016904176383482784,1.0,True,False,False,1.0,VWOB,EMB,1498.0,-1044.0,99686.6,-99969.48,199656.08000000002,-282.8799999999901,3.0,-2.0,3.0,0.0,-0.0,2.0,-0.015,-0.01,-0.025,-89.7000000000034,156.29999999999112,66.59999999998772,66.57499999998771,1171.0100000000248
66.7,95.96,0.0799999999999983,0.1699999999999875,1.4386806596701647,1.0,1.4356173028961046,1.0,1.4354321824669687,1.0,95.74332657054681,95.96,0.007177160912334843,0.005,95.73614940963448,95.955,95.75050373145915,95.96499999999999,95.75050373145915,95.955,0.20449626854085068,0.002131057404552425,VWOB,EMB,2026-07-09,False,1496.0,1042.0,1498.0,-1044.0,VWOB,EMB,0.20449626854085068,0.002131057404552425,1.0,True,False,False,1.0,VWOB,EMB,1496.0,-1042.0,99796.76000000001,-100004.76000000001,199801.52000000002,-208.0,-2.0,2.0,0.0,2.0,2.0,-0.0,-0.01,-0.01,-0.02,119.83999999999745,-177.47999999998694,-57.6399999999895,-57.6599999999895,1113.3500000000354
66.8,95.99,0.09999999999999432,0.030000000000001137,1.4369760479041915,1.0,1.4357096332864976,1.0,1.4356173028961046,1.0,95.89923583345978,95.99,0.007178086514480523,0.005,95.8920577469453,95.985,95.90641391997427,95.99499999999999,95.90641391997427,95.985,0.07858608002572964,0.0008186902805055698,VWOB,EMB,2026-07-10,False,1496.0,1042.0,1496.0,-1042.0,VWOB,EMB,0.07858608002572964,0.0008186902805055698,1.0,True,False,False,1.0,VWOB,EMB,1496.0,-1042.0,99783.2,-99990.31999999999,199773.52,-207.11999999999534,0.0,0.0,0.0,0.0,-0.0,-0.0,-0.0,-0.0,0.0,149.5999999999915,-31.260000000001185,118.33999999999031,118.33999999999031,1231.6900000000257
66.39,95.38,-0.4099999999999966,-0.6099999999999994,1.4366621479138424,1.0,1.435774438907924,1.0,1.4357096332864976,1.0,95.31676255389057,95.38,0.007178548166432488,0.005,95.30958400572413,95.375,95.323941102057,95.38499999999999,95.323941102057,95.375,0.05105889794299401,0.0005353208004088279,VWOB,EMB,2026-07-13,False,1505.0,1048.0,1496.0,-1042.0,VWOB,EMB,0.05105889794299401,0.0005353208004088279,1.0,False,True,False,0.0,,,0.0,0.0,99932.8,-100021.58,199954.38,-88.77999999999884,-1496.0,1042.0,0.0,1042.0,1496.0,-0.0,-7.48,-5.21,-12.690000000000001,-613.3599999999949,635.6199999999994,22.26000000000454,9.570000000004537,1241.2600000000302
66.51,95.57,0.12000000000000455,0.18999999999999773,1.436926777928131,1.0,1.435903004657561,1.0,1.435774438907924,1.0,95.49335793176604,95.57,0.007178872194539621,0.005,95.4861790595715,95.565,95.50053680396059,95.57499999999999,95.50053680396059,95.565,0.0644631960394122,0.0006745128810234614,VWOB,EMB,2026-07-14,False,1502.0,1046.0,0.0,0.0,,,0.0,0.0,0.0,False,False,False,-0.0,,,0.0,0.0,0.0,0.0,0.0,0.0,0.0,0.0,0.0,0.0,-0.0,-0.0,-0.0,-0.0,0.0,0.0,0.0,0.0,0.0,1241.2600000000302
66.6,95.73,0.0899999999999892,0.1600000000000108,1.4373873873873875,1.0,1.4359971031348417,1.0,1.435903004657561,1.0,95.63114011019356,95.73,0.007179515023287805,0.005,95.62396059517027,95.72500000000001,95.63831962521684,95.735,95.63831962521684,95.72500000000001,0.08668037478317103,0.000905467197150016,VWOB,EMB,2026-07-15,False,1501.0,1045.0,0.0,0.0,,,0.0,0.0,-0.0,True,False,False,1.0,VWOB,EMB,1501.0,-1045.0,0.0,0.0,0.0,0.0,1501.0,-1045.0,1501.0,0.0,-0.0,1045.0,-7.505,-5.2250000000000005,-12.73,0.0,0.0,0.0,-12.73,1228.5300000000302
66.56,95.59,-0.03999999999999204,-0.14000000000000057,1.4361478365384615,1.0,1.4360802035238662,1.0,1.4359971031348417,1.0,95.57996718465508,95.59,0.007179985515674209,0.005,95.5727871991394,95.58500000000001,95.58714717017075,95.595,95.58714717017075,95.58500000000001,-0.0021471701707440616,-2.246228863630151e-05,VWOB,EMB,2026-07-16,False,1502.0,1046.0,1501.0,-1045.0,VWOB,EMB,-0.0021471701707440616,-2.246228863630151e-05,1.0,False,True,False,0.0,,,0.0,0.0,99966.59999999999,-100037.85,200004.45,-71.25000000001455,-1501.0,1045.0,0.0,1045.0,1501.0,-0.0,-7.505,-5.2250000000000005,-12.73,-60.039999999988055,146.30000000000058,86.26000000001252,73.53000000001252,1302.0600000000427
66.48,95.53,-0.0799999999999983,-0.060000000000002274,1.4369735258724428,1.0,1.4362065913788709,1.0,1.4360802035238662,1.0,95.47061193026663,95.53,0.007180401017619332,0.005,95.46343152924901,95.525,95.47779233128425,95.535,95.47779233128425,95.525,0.04720766871575677,0.0004941659030226816,VWOB,EMB,2026-07-17,False,1504.0,1047.0,0.0,0.0,,,0.0,0.0,0.0,False,True,False,0.0,,,0.0,0.0,0.0,0.0,0.0,0.0,0.0,0.0,0.0,0.0,-0.0,-0.0,-0.0,-0.0,0.0,-0.0,-0.0,0.0,0.0,1302.0600000000427
66.36,95.37,-0.12000000000000455,-0.1599999999999966,1.4371609403254975,1.0,1.4363490393441374,1.0,1.4362065913788709,1.0,95.30666940390186,95.37,0.007181032956894354,0.005,95.29948837094497,95.36500000000001,95.31385043685876,95.375,95.31385043685876,95.36500000000001,0.05114956314125152,0.0005363275992581683,VWOB,EMB,2026-07-20,False,1507.0,1049.0,0.0,0.0,,,0.0,0.0,0.0,False,True,False,0.0,,,0.0,0.0,0.0,0.0,0.0,0.0,0.0,0.0,0.0,0.0,-0.0,-0.0,-0.0,-0.0,0.0,-0.0,-0.0,0.0,0.0,1302.0600000000427
66.3,95.38,-0.060000000000002274,0.009999999999990905,1.4386123680241327,1.0,1.4365427921403433,1.0,1.4363490393441374,1.0,95.2299413085163,95.38,0.007181745196720687,0.005,95.22275956331958,95.375,95.23712305371302,95.38499999999999,95.23712305371302,95.375,0.13787694628697977,0.0014455540604631975,VWOB,EMB,2026-07-21,False,1505.0,1048.0,0.0,0.0,,,0.0,0.0,0.0,True,False,False,1.0,VWOB,EMB,1505.0,-1048.0,0.0,0.0,0.0,0.0,1505.0,-1048.0,1505.0,0.0,-0.0,1048.0,-7.525,-5.24,-12.765,-0.0,0.0,0.0,-12.765,1289.2950000000426
66.12,95.09,-0.1799999999999926,-0.28999999999999204,1.4381427707199033,1.0,1.436699781600608,1.0,1.4365427921403433,1.0,94.9842094163195,95.09,0.007182713960701716,0.005,94.9770267023588,95.08500000000001,94.9913921302802,95.095,94.9913921302802,95.08500000000001,0.09360786971980417,0.000984413394886993,VWOB,EMB,2026-07-22,False,1511.0,1052.0,1505.0,-1048.0,VWOB,EMB,0.09360786971980417,0.000984413394886993,1.0,True,False,False,1.0,VWOB,EMB,1511.0,-1052.0,99781.5,-99958.23999999999,199739.74,-176.7399999999907,6.0,-4.0,6.0,0.0,-0.0,4.0,-0.03,-0.02,-0.05,-270.8999999999889,303.91999999999166,33.02000000000277,32.97000000000277,1322.2650000000453
65.72,94.53,-0.4000000000000057,-0.5600000000000023,1.4383749239196593,1.0,1.4368619517823245,1.0,1.436699781600608,1.0,94.41990964679195,94.53,0.00718349890800304,0.005,94.41272614788394,94.525,94.42709314569996,94.535,94.42709314569996,94.525,0.09790685430004942,0.001035722567439431,VWOB,EMB,2026-07-23,False,1520.0,1058.0,1511.0,-1052.0,VWOB,EMB,0.09790685430004942,0.001035722567439431,1.0,True,False,False,1.0,VWOB,EMB,1520.0,-1058.0,99907.32,-100034.68000000001,199942.0,-127.36000000000058,9.0,-6.0,9.0,0.0,-0.0,6.0,-0.045,-0.03,-0.075,-604.4000000000086,589.1200000000024,-15.280000000006225,-15.355000000006225,1306.9100000000392
65.85,94.64,0.12999999999999545,0.10999999999999943,1.4372057706909644,1.0,1.436973094827201,1.0,1.4368619517823245,1.0,94.61735952486606,94.64,0.007184309758911623,0.005,94.61017521510715,94.635,94.62454383462497,94.645,94.62454383462497,94.635,0.010456165375032356,0.00011048357327802574,VWOB,EMB,2026-07-24,False,1519.0,1057.0,1520.0,-1058.0,VWOB,EMB,0.010456165375032356,0.00011048357327802574,1.0,False,True,False,0.0,,,0.0,0.0,99894.4,-100012.74,199907.14,-118.34000000001106,-1520.0,1058.0,0.0,1058.0,1520.0,-0.0,-7.6000000000000005,-5.29,-12.89,197.5999999999931,-116.3799999999994,81.21999999999369,68.32999999999369,1375.240000000033
66.02,94.96,0.1700000000000017,0.3199999999999932,1.4383520145410482,1.0,1.4371030691414037,1.0,1.436973094827201,1.0,94.8689637204918,94.96,0.007184865474136005,0.005,94.86177885501768,94.955,94.87614858596594,94.96499999999999,94.87614858596594,94.955,0.07885141403406237,0.0008303645117319122,VWOB,EMB,2026-07-27,False,1513.0,1053.0,0.0,0.0,,,0.0,0.0,0.0,True,False,False,1.0,VWOB,EMB,1513.0,-1053.0,0.0,0.0,0.0,0.0,1513.0,-1053.0,1513.0,0.0,-0.0,1053.0,-7.565,-5.265,-12.83,0.0,0.0,0.0,-12.83,1362.410000000033
66.13,95.19,0.10999999999999943,0.23000000000000398,1.4394374716467564,1.0,1.437335167975668,1.0,1.4371030691414037,1.0,95.03562596232102,95.19,0.0071855153457070185,0.005,95.02844044697531,95.185,95.04281147766673,95.195,95.04281147766673,95.185,0.14218852233327084,0.0014937338200784835,VWOB,EMB,2026-07-28,False,1510.0,1051.0,1513.0,-1053.0,VWOB,EMB,0.14218852233327084,0.0014937338200784835,1.0,True,False,False,1.0,VWOB,EMB,1510.0,-1051.0,99888.26,-99992.87999999999,199881.13999999998,-104.61999999999534,-3.0,2.0,0.0,2.0,3.0,-0.0,-0.015,-0.01,-0.025,166.42999999999915,-242.1900000000042,-75.76000000000505,-75.78500000000506,1286.625000000028
65.74,94.56,-0.39000000000000057,-0.6299999999999955,1.4383936720413752,1.0,1.4375415856645901,1.0,1.437335167975668,1.0,94.49041394272041,94.56,0.0071866758398783405,0.005,94.48322726688053,94.555,94.49760061856028,94.565,94.49760061856028,94.555,0.057399381439722674,0.0006070154551578116,VWOB,EMB,2026-07-29,False,1521.0,1058.0,1510.0,-1051.0,VWOB,EMB,0.057399381439722674,0.0006070154551578116,1.0,False,False,False,-1.0,VWOB,EMB,1521.0,-1058.0,99856.29999999999,-100044.69,199900.99,-188.39000000001397,11.0,-7.0,11.0,0.0,-0.0,7.0,-0.055,-0.035,-0.09,-588.9000000000009,662.1299999999952,73.22999999999433,73.13999999999433,1359.7650000000224
65.87,94.79,0.13000000000000966,0.23000000000000398,1.4390466069530894,1.0,1.4376978938797487,1.0,1.4375415856645901,1.0,94.69086424772655,94.79,0.00718770792832295,0.005,94.68367653979823,94.78500000000001,94.69805195565488,94.795,94.69805195565488,94.78500000000001,0.08694804434513514,0.0009172702220185161,VWOB,EMB,2026-07-30,False,1517.0,1055.0,1521.0,-1058.0,VWOB,EMB,0.0,0.0,-1.0,True,False,False,1.0,VWOB,EMB,1517.0,-1055.0,99990.54,-100044.48,200035.02,-53.94000000000233,-4.0,3.0,0.0,3.0,4.0,-0.0,-0.02,-0.015,-0.035,197.73000000001468,-243.3400000000042,-45.609999999989526,-45.64499999998952,1314.1200000000329
65.84,94.66,-0.030000000000001137,-0.13000000000000966,1.4377278250303764,1.0,1.4377932403551479,1.0,1.4376978938797487,1.0,94.65802933304266,94.66,0.007188489469398743,0.005,94.65084084357326,94.655,94.66521782251206,94.66499999999999,94.66499999999999,94.655,-0.009999999999990905,-0.00010564124234091386,EMB,EMB,2026-07-31,False,1518.0,1056.0,1517.0,-1055.0,VWOB,EMB,-0.010217822512061048,-0.00010794234641940681,1.0,False,True,False,0.0,,,0.0,0.0,99924.79000000001,-100003.45000000001,199928.24000000002,-78.66000000000349,-1517.0,1055.0,0.0,1055.0,1517.0,-0.0,-7.585,-5.275,-12.86,-45.510000000001725,137.1500000000102,91.64000000000848,78.78000000000849,1392.9000000000412
