SPLB_price,IGLB_price,VCLT_price,SPLB_price_chg,IGLB_price_chg,VCLT_price_chg,VCLT/SPLB,VCLT/IGLB,VCLT/VCLT,VCLT/SPLB_moving_avg,VCLT/IGLB_moving_avg,VCLT/VCLT_moving_avg,VCLT/SPLB_prev_moving_avg,VCLT/IGLB_prev_moving_avg,VCLT/VCLT_prev_moving_avg,SPLB_scaled_price,IGLB_scaled_price,VCLT_scaled_price,SPLB_scaled_comm,IGLB_scaled_comm,VCLT_scaled_comm,SPLB_scaled_price_minus_comm,IGLB_scaled_price_minus_comm,VCLT_scaled_price_minus_comm,SPLB_scaled_price_plus_comm,IGLB_scaled_price_plus_comm,VCLT_scaled_price_plus_comm,min_price_plus_comm,max_price_minus_comm,tgt_max-min,tgt_pct_diff,tgt_min_price_etf,tgt_max_price_etf,date,ex_div_date,SPLB_shs_per_unit,IGLB_shs_per_unit,VCLT_shs_per_unit,SPLB_current_shs,IGLB_current_shs,VCLT_current_shs,current_long_etf,current_short_etf,current_max-min,current_pct_diff,current_position,open_trade,exit_trade,flatten_for_div,tgt_position,tgt_long_etf,tgt_short_etf,SPLB_tgt_shs,IGLB_tgt_shs,VCLT_tgt_shs,SPLB_tgt_inv_amt,IGLB_tgt_inv_amt,VCLT_tgt_inv_amt,gross_inv_amt,net_inv_amt,SPLB_shs_to_trade,IGLB_shs_to_trade,VCLT_shs_to_trade,SPLB_shs_to_buy,IGLB_shs_to_buy,VCLT_shs_to_buy,SPLB_shs_to_sell,IGLB_shs_to_sell,VCLT_shs_to_sell,SPLB_daily_comm,IGLB_daily_comm,VCLT_daily_comm,daily_comm,SPLB_daily_profit,IGLB_daily_profit,VCLT_daily_profit,daily_gross_profit,daily_net_profit,cumulative_net_profit
22.56,50.39,75.77,,,,3.358599290780142,1.503671363365747,1.0,,,,,,,,,,,,,,,,,,,,,,,,,2026-01-02,False,,,,,,,,,,,,False,False,False,,,,,,,,,,,,,,,,,,,,,,,,,,,,,,
22.65,50.59,76.07,0.08999999999999986,0.20000000000000284,0.29999999999999716,3.3584988962472404,1.5036568491796796,1.0,,,,,,,,,,,,,,,,,,,,,,,,,2026-01-05,False,,,,,,,,,,,,False,False,False,,,,,,,,,,,,,,,,,,,,,,,,,,,,,,
22.66,50.6,76.09,0.010000000000001563,0.00999999999999801,0.020000000000010232,3.357899382171227,1.5037549407114625,1.0,,,,,,,,,,,,,,,,,,,,,,,,,2026-01-06,False,,,,,,,,,,,,False,False,False,,,,,,,,,,,,,,,,,,,,,,,,,,,,,,
22.7,50.69,76.24,0.03999999999999915,0.0899999999999963,0.14999999999999147,3.358590308370044,1.504044190175577,1.0,,,,,,,,,,,,,,,,,,,,,,,,,2026-01-07,False,,,,,,,,,,,,False,False,False,,,,,,,,,,,,,,,,,,,,,,,,,,,,,,
22.61,50.52,75.95,-0.08999999999999986,-0.1699999999999946,-0.28999999999999204,3.3591331269349847,1.5033650039588282,1.0,,,,,,,,,,,,,,,,,,,,,,,,,2026-01-08,False,,,,,,,,,,,,False,False,False,,,,,,,,,,,,,,,,,,,,,,,,,,,,,,
22.76,50.81,76.44,0.15000000000000213,0.28999999999999915,0.4899999999999949,3.3585237258347975,1.5044282621531193,1.0,,,,,,,,,,,,,,,,,,,,,,,,,2026-01-09,False,,,,,,,,,,,,False,False,False,,,,,,,,,,,,,,,,,,,,,,,,,,,,,,
22.7,50.72,76.32,-0.060000000000002274,-0.09000000000000341,-0.12000000000000455,3.362114537444934,1.5047318611987381,1.0,,,,,,,,,,,,,,,,,,,,,,,,,2026-01-12,False,,,,,,,,,,,,False,False,False,,,,,,,,,,,,,,,,,,,,,,,,,,,,,,
22.78,50.85,76.51,0.08000000000000185,0.13000000000000256,0.19000000000001194,3.358647936786655,1.504621435594887,1.0,,,,,,,,,,,,,,,,,,,,,,,,,2026-01-13,False,,,,,,,,,,,,False,False,False,,,,,,,,,,,,,,,,,,,,,,,,,,,,,,
22.88,51.09,76.86,0.09999999999999787,0.240000000000002,0.3499999999999943,3.3592657342657346,1.5044039929536113,1.0,,,,,,,,,,,,,,,,,,,,,,,,,2026-01-14,False,,,,,,,,,,,,False,False,False,,,,,,,,,,,,,,,,,,,,,,,,,,,,,,
22.86,51.04,76.79,-0.019999999999999574,-0.05000000000000426,-0.06999999999999318,3.3591426071741037,1.5045062695924767,1.0,3.3590415546009864,1.5041184168884127,1.0,,,,,,,,,,,,,,,,,,,,,,2026-01-15,False,,,,,,,,,,,,False,False,False,0.0,,,0.0,0.0,0.0,,,,,,,,,,,,,,,,,,,,,,,,
22.78,50.86,76.51,-0.0799999999999983,-0.17999999999999972,-0.28000000000000114,3.358647936786655,1.504325599685411,1.0,3.3590464192016376,1.5041838405203791,1.0,3.3590415546009864,1.5041184168884127,1.0,76.51896661381048,76.49946268294467,76.51,0.016795207773004934,0.007520592084442064,0.005,76.50217140603748,76.49194209086022,76.50500000000001,76.53576182158348,76.50698327502911,76.515,76.50698327502911,76.50500000000001,-0.0019832750291044476,-2.592177531178209e-05,IGLB,VCLT,2026-01-16,False,4390.0,1966.0,1307.0,0.0,0.0,0.0,,,0.0,0.0,0.0,False,True,False,0.0,,,0.0,0.0,0.0,0.0,0.0,0.0,,,0.0,0.0,0.0,0.0,0.0,0.0,-0.0,-0.0,-0.0,-0.0,-0.0,-0.0,0.0,-0.0,-0.0,-0.0,0.0,0.0,0.0
22.54,50.34,75.72,-0.240000000000002,-0.519999999999996,-0.7900000000000063,3.3593611357586513,1.504171632896305,1.0,3.359132643152779,1.5042353188920417,1.0,3.3590464192016376,1.5041838405203791,1.0,75.7129062888049,75.72061453179589,75.72,0.016795232096008188,0.007520919202601895,0.005,75.6961110567089,75.71309361259328,75.715,75.7297015209009,75.7281354509985,75.725,75.725,75.715,-0.009999999999990905,-0.00013206550449010706,VCLT,VCLT,2026-01-20,False,4437.0,1987.0,1321.0,0.0,0.0,0.0,,,0.0,0.0,0.0,False,True,False,0.0,,,0.0,0.0,0.0,0.0,0.0,0.0,0.0,0.0,0.0,0.0,0.0,0.0,0.0,0.0,-0.0,-0.0,-0.0,-0.0,-0.0,-0.0,0.0,-0.0,-0.0,-0.0,0.0,0.0,0.0
22.75,50.81,76.42,0.21000000000000085,0.46999999999999886,0.7000000000000028,3.359120879120879,1.5040346388506198,1.0,3.359254792847744,1.5042632887059573,1.0,3.359132643152779,1.5042353188920417,1.0,76.42026763172572,76.43019655290463,76.42,0.016795663215763895,0.0075211765944602086,0.005,76.40347196850996,76.42267537631017,76.415,76.43706329494148,76.4377177294991,76.425,76.425,76.42267537631017,-0.0023246236898302186,-3.0419048545278967e-05,VCLT,IGLB,2026-01-21,False,4397.0,1969.0,1309.0,0.0,0.0,0.0,,,0.0,0.0,0.0,False,True,False,0.0,,,0.0,0.0,0.0,0.0,0.0,0.0,0.0,0.0,0.0,0.0,0.0,0.0,0.0,0.0,-0.0,-0.0,-0.0,-0.0,-0.0,-0.0,0.0,0.0,0.0,0.0,0.0,0.0,0.0
22.84,50.96,76.68,0.08999999999999986,0.14999999999999858,0.2600000000000051,3.3572679509632226,1.5047095761381477,1.0,3.3591225571070615,1.5043298273022143,1.0,3.359254792847744,1.5042632887059573,1.0,76.72537946864247,76.65725719245559,76.68,0.01679627396423872,0.007521316443529787,0.005,76.70858319467824,76.64973587601206,76.67500000000001,76.7421757426067,76.66477850889912,76.685,76.66477850889912,76.70858319467824,0.04380468577912211,0.0005712661160553222,IGLB,SPLB,2026-01-22,False,4380.0,1962.0,1304.0,0.0,0.0,0.0,,,0.0,0.0,0.0,False,True,False,0.0,,,0.0,0.0,0.0,0.0,0.0,0.0,0.0,0.0,0.0,0.0,0.0,0.0,0.0,0.0,-0.0,-0.0,-0.0,-0.0,-0.0,-0.0,0.0,0.0,0.0,0.0,0.0,0.0,0.0
22.86,51.01,76.75,0.019999999999999574,0.04999999999999716,0.06999999999999318,3.357392825896763,1.5046069398157225,1.0,3.35894852700324,1.5044540208879038,1.0,3.3591225571070615,1.5043298273022143,1.0,76.78954165546743,76.73586449068596,76.75,0.01679561278553531,0.007521649136511072,0.005,76.7727460426819,76.72834284154945,76.745,76.80633726825296,76.74338613982246,76.755,76.74338613982246,76.7727460426819,0.029359902859440012,0.00038253945093732913,IGLB,SPLB,2026-01-23,False,4377.0,1960.0,1303.0,0.0,0.0,0.0,,,0.0,0.0,0.0,False,True,False,0.0,,,0.0,0.0,0.0,0.0,0.0,0.0,0.0,0.0,0.0,0.0,0.0,0.0,0.0,0.0,-0.0,-0.0,-0.0,-0.0,-0.0,-0.0,0.0,0.0,0.0,0.0,0.0,0.0,0.0
22.89,51.08,76.84,0.030000000000001137,0.07000000000000028,0.09000000000000341,3.3569244211446048,1.5043069694596711,1.0,3.3587885965342203,1.504441891618559,1.0,3.35894852700324,1.5044540208879038,1.0,76.88633178310417,76.84751138695412,76.84,0.0167947426350162,0.007522270104439519,0.005,76.86953704046915,76.83998911684968,76.83500000000001,76.90312652573918,76.85503365705857,76.845,76.845,76.86953704046915,0.024537040469155613,0.00031932639860952124,VCLT,SPLB,2026-01-26,False,4370.0,1957.0,1301.0,0.0,0.0,0.0,,,0.0,0.0,0.0,False,True,False,0.0,,,0.0,0.0,0.0,0.0,0.0,0.0,0.0,0.0,0.0,0.0,0.0,0.0,0.0,0.0,-0.0,-0.0,-0.0,-0.0,-0.0,-0.0,0.0,0.0,0.0,0.0,0.0,0.0,0.0
22.81,50.93,76.61,-0.08000000000000185,-0.14999999999999858,-0.23000000000000398,3.3586146427005703,1.504221480463381,1.0,3.358438607059784,1.5043908535450234,1.0,3.3587885965342203,1.504441891618559,1.0,76.61396788694556,76.62122554013321,76.61,0.016793942982671103,0.007522209458092795,0.005,76.59717394396289,76.61370333067512,76.605,76.63076182992823,76.6287477495913,76.615,76.615,76.61370333067512,-0.0012966693248728234,-1.6925588368004482e-05,VCLT,IGLB,2026-01-27,False,4383.0,1963.0,1305.0,0.0,0.0,0.0,,,0.0,0.0,0.0,False,True,False,0.0,,,0.0,0.0,0.0,0.0,0.0,0.0,0.0,0.0,0.0,0.0,0.0,0.0,0.0,0.0,-0.0,-0.0,-0.0,-0.0,-0.0,-0.0,0.0,-0.0,-0.0,-0.0,0.0,0.0,0.0
22.77,50.84,76.46,-0.03999999999999915,-0.0899999999999963,-0.15000000000000568,3.3579270970575315,1.5039339103068448,1.0,3.358366523086872,1.504322101016219,1.0,3.358438607059784,1.5043908535450234,1.0,76.47164708275128,76.483230994229,76.46,0.01679219303529892,0.007521954267725117,0.005,76.45485488971597,76.47570903996127,76.455,76.48843927578658,76.49075294849673,76.46499999999999,76.46499999999999,76.47570903996127,0.010709039961284361,0.00014006068481930894,VCLT,IGLB,2026-01-28,False,4393.0,1968.0,1308.0,0.0,0.0,0.0,,,0.0,0.0,0.0,False,True,False,0.0,,,0.0,0.0,0.0,0.0,0.0,0.0,0.0,0.0,0.0,0.0,0.0,0.0,0.0,0.0,-0.0,-0.0,-0.0,-0.0,-0.0,-0.0,0.0,-0.0,-0.0,-0.0,0.0,0.0,0.0
22.75,50.82,76.42,-0.019999999999999574,-0.020000000000003126,-0.03999999999999204,3.359120879120879,1.5037386855568673,1.0,3.3583520375723865,1.5042555702765448,1.0,3.358366523086872,1.504322101016219,1.0,76.40283840022633,76.44964917364426,76.42,0.01679183261543436,0.007521610505081096,0.005,76.38604656761089,76.44212756313918,76.415,76.41963023284177,76.45717078414934,76.425,76.41963023284177,76.44212756313918,0.022497330297412077,0.00029439060844559117,SPLB,IGLB,2026-01-29,False,4396.0,1969.0,1309.0,0.0,0.0,0.0,,,0.0,0.0,0.0,False,True,False,0.0,,,0.0,0.0,0.0,0.0,0.0,0.0,0.0,0.0,0.0,0.0,0.0,0.0,0.0,0.0,-0.0,-0.0,-0.0,-0.0,-0.0,-0.0,0.0,-0.0,-0.0,-0.0,0.0,0.0,0.0
22.7,50.68,76.21,-0.05000000000000071,-0.14000000000000057,-0.21000000000000796,3.3572687224669604,1.5037490134175215,1.0,3.358164649101672,1.504179844659049,1.0,3.3583520375723865,1.5042555702765448,1.0,76.23459125289317,76.2356723016153,76.21,0.016791760187861934,0.007521277851382724,0.005,76.21779949270531,76.22815102376391,76.205,76.25138301308102,76.24319357946668,76.21499999999999,76.21499999999999,76.22815102376391,0.01315102376392474,0.00017256296764105422,VCLT,IGLB,2026-01-30,False,4406.0,1974.0,1312.0,0.0,0.0,0.0,,,0.0,0.0,0.0,False,True,False,0.0,,,0.0,0.0,0.0,0.0,0.0,0.0,0.0,0.0,0.0,0.0,0.0,0.0,0.0,0.0,-0.0,-0.0,-0.0,-0.0,-0.0,-0.0,0.0,-0.0,-0.0,-0.0,0.0,0.0,0.0
22.57,50.42,75.8,-0.129999999999999,-0.259999999999998,-0.4099999999999966,3.3584404076207353,1.503371677905593,1.0,3.358143896185079,1.5040844524810673,1.0,3.358164649101672,1.504179844659049,1.0,75.79377613022474,75.84074776770926,75.8,0.01679082324550836,0.007520899223295245,0.005,75.77698530697923,75.83322686848597,75.795,75.81056695347026,75.84826866693255,75.80499999999999,75.80499999999999,75.83322686848597,0.028226868485973,0.000372386127783285,VCLT,IGLB,2026-02-02,True,4429.0,1984.0,1319.0,0.0,0.0,0.0,,,0.0,0.0,0.0,False,True,False,0.0,,,0.0,0.0,0.0,0.0,0.0,0.0,0.0,0.0,0.0,0.0,0.0,0.0,0.0,0.0,-0.0,-0.0,-0.0,-0.0,-0.0,-0.0,0.0,-0.0,-0.0,-0.0,0.0,0.0,0.0
22.57,50.43,75.82,0.0,0.00999999999999801,0.01999999999999602,3.359326539654408,1.503470156652786,1.0,3.3581404365746557,1.5040143048567154,1.0,3.358143896185079,1.5040844524810673,1.0,75.79330773689723,75.85097893862022,75.82,0.016790719480925396,0.007520422262405337,0.005,75.77651701741631,75.84345851635781,75.815,75.81009845637816,75.85849936088262,75.82499999999999,75.81009845637816,75.84345851635781,0.03336005997965685,0.00043999023977389683,SPLB,IGLB,2026-02-03,False,4429.0,1984.0,1319.0,0.0,0.0,0.0,,,0.0,0.0,0.0,False,True,True,0.0,,,0.0,0.0,0.0,0.0,0.0,0.0,0.0,0.0,0.0,0.0,0.0,0.0,0.0,0.0,-0.0,-0.0,-0.0,-0.0,-0.0,-0.0,0.0,0.0,0.0,0.0,0.0,0.0,0.0
22.55,50.34,75.69,-0.019999999999999574,-0.0899999999999963,-0.12999999999999545,3.356541019955654,1.50357568533969,1.0,3.3578824506581326,1.5039684095056225,1.0,3.3581404365746557,1.5040143048567154,1.0,75.72606684475849,75.71208010648706,75.69,0.01679070218287328,0.007520071524283577,0.005,75.70927614257562,75.70456003496278,75.685,75.74285754694137,75.71960017801135,75.695,75.695,75.70927614257562,0.014276142575624817,0.00018861332508422272,VCLT,SPLB,2026-02-04,False,4436.0,1987.0,1321.0,0.0,0.0,0.0,,,0.0,0.0,0.0,False,True,False,0.0,,,0.0,0.0,0.0,0.0,0.0,0.0,0.0,0.0,0.0,0.0,0.0,0.0,0.0,0.0,-0.0,-0.0,-0.0,-0.0,-0.0,-0.0,0.0,-0.0,-0.0,-0.0,0.0,0.0,0.0
22.68,50.68,76.2,0.129999999999999,0.3399999999999963,0.5100000000000051,3.35978835978836,1.5035516969218627,1.0,3.358134491540647,1.503852621583994,1.0,3.3578824506581326,1.5039684095056225,1.0,76.15677398092645,76.22111899374495,76.2,0.016789412253290663,0.007519842047528113,0.005,76.13998456867316,76.21359915169742,76.19500000000001,76.17356339317973,76.22863883579248,76.205,76.17356339317973,76.21359915169742,0.040035758517689146,0.0005254036550877841,SPLB,IGLB,2026-02-05,False,4406.0,1973.0,1312.0,0.0,0.0,0.0,,,0.0,0.0,0.0,False,True,False,0.0,,,0.0,0.0,0.0,0.0,0.0,0.0,0.0,0.0,0.0,0.0,0.0,0.0,0.0,0.0,-0.0,-0.0,-0.0,-0.0,-0.0,-0.0,0.0,0.0,0.0,0.0,0.0,0.0,0.0
22.7,50.72,76.27,0.019999999999999574,0.03999999999999915,0.06999999999999318,3.359911894273128,1.5037460567823344,1.0,3.3583863983782827,1.5037665332806553,1.0,3.358134491540647,1.503852621583994,1.0,76.22965295797269,76.27540496674017,76.27,0.016790672457703236,0.007519263107919971,0.005,76.21286228551499,76.26788570363225,76.265,76.24644363043039,76.28292422984809,76.27499999999999,76.24644363043039,76.26788570363225,0.021442073201853873,0.0002811337773941769,SPLB,IGLB,2026-02-06,False,4403.0,1972.0,1311.0,0.0,0.0,0.0,,,0.0,0.0,0.0,False,True,False,0.0,,,0.0,0.0,0.0,0.0,0.0,0.0,0.0,0.0,0.0,0.0,0.0,0.0,0.0,0.0,-0.0,-0.0,-0.0,-0.0,-0.0,-0.0,0.0,0.0,0.0,0.0,0.0,0.0,0.0
22.69,50.67,76.21,-0.00999999999999801,-0.04999999999999716,-0.060000000000002274,3.3587483472895543,1.5040457864614167,1.0,3.358568790992778,1.5037404149808298,1.0,3.3583863983782827,1.5037665332806553,1.0,76.20178737920324,76.1958502413308,76.21,0.016791931991891412,0.007518832666403277,0.005,76.18499544721135,76.1883314086644,76.205,76.21857931119513,76.20336907399721,76.21499999999999,76.20336907399721,76.205,0.0016309260027895789,2.1400419929006415e-05,IGLB,VCLT,2026-02-09,False,4406.0,1973.0,1312.0,0.0,0.0,0.0,,,0.0,0.0,0.0,False,True,False,0.0,,,0.0,0.0,0.0,0.0,0.0,0.0,0.0,0.0,0.0,0.0,0.0,0.0,0.0,0.0,-0.0,-0.0,-0.0,-0.0,-0.0,-0.0,0.0,-0.0,-0.0,-0.0,0.0,0.0,0.0
22.8,50.92,76.57,0.10999999999999943,0.25,0.35999999999999943,3.358333333333333,1.503731343283582,1.0,3.358540660056055,1.50369140126285,1.0,3.358568790992778,1.5037404149808298,1.0,76.57536843463534,76.57046193082385,76.57,0.01679284395496389,0.007518702074904149,0.005,76.55857559068038,76.56294322874895,76.565,76.5921612785903,76.57798063289876,76.57499999999999,76.57499999999999,76.565,-0.009999999999990905,-0.000130599451482185,VCLT,VCLT,2026-02-10,False,4386.0,1964.0,1306.0,0.0,0.0,0.0,,,0.0,0.0,0.0,False,True,False,0.0,,,0.0,0.0,0.0,0.0,0.0,0.0,0.0,0.0,0.0,0.0,0.0,0.0,0.0,0.0,-0.0,-0.0,-0.0,-0.0,-0.0,-0.0,0.0,0.0,0.0,0.0,0.0,0.0,0.0
22.77,50.82,76.41,-0.030000000000001137,-0.10000000000000142,-0.1599999999999966,3.3557312252964424,1.5035419126328216,1.0,3.3583210728799457,1.5036522014954474,1.0,3.358540660056055,1.50369140126285,1.0,76.47397082947637,76.41759701217804,76.41,0.016792703300280275,0.0075184570063142496,0.005,76.45717812617609,76.41007855517172,76.405,76.49076353277665,76.42511546918435,76.41499999999999,76.41499999999999,76.45717812617609,0.04217812617609695,0.0005519974633699379,VCLT,SPLB,2026-02-11,False,4396.0,1968.0,1309.0,0.0,0.0,0.0,,,0.0,0.0,0.0,False,True,False,0.0,,,0.0,0.0,0.0,0.0,0.0,0.0,0.0,0.0,0.0,0.0,0.0,0.0,0.0,0.0,-0.0,-0.0,-0.0,-0.0,-0.0,-0.0,0.0,-0.0,-0.0,-0.0,0.0,0.0,0.0
22.92,51.18,76.98,0.15000000000000213,0.35999999999999943,0.5700000000000074,3.358638743455497,1.504103165298945,1.0,3.358272859313407,1.5036886494696553,1.0,3.3583210728799457,1.5036522014954474,1.0,76.97271899040837,76.956919672537,76.98,0.01679160536439973,0.007518261007477238,0.005,76.95592738504396,76.94940141152952,76.97500000000001,76.98951059577277,76.96443793354447,76.985,76.96443793354447,76.97500000000001,0.010562066455534591,0.00013720533197628722,IGLB,VCLT,2026-02-12,False,4362.0,1953.0,1299.0,0.0,0.0,0.0,,,0.0,0.0,0.0,False,True,False,0.0,,,0.0,0.0,0.0,0.0,0.0,0.0,0.0,0.0,0.0,0.0,0.0,0.0,0.0,0.0,-0.0,-0.0,-0.0,-0.0,-0.0,-0.0,0.0,0.0,0.0,0.0,0.0,0.0,0.0
23.01,51.37,77.27,0.08999999999999986,0.18999999999999773,0.28999999999999204,3.3581051716644934,1.5041853221724741,1.0,3.3583565042331607,1.5037322803451505,1.0,3.358272859313407,1.5036886494696553,1.0,77.2738584928015,77.24448592325619,77.27,0.016791364296567034,0.007518443247348277,0.005,77.25706712850493,77.23696748000884,77.265,77.29064985709806,77.25200436650354,77.27499999999999,77.25200436650354,77.265,0.012995633496458936,0.00016818472235613998,IGLB,VCLT,2026-02-13,False,4346.0,1946.0,1294.0,0.0,0.0,0.0,,,0.0,0.0,0.0,False,True,False,0.0,,,0.0,0.0,0.0,0.0,0.0,0.0,0.0,0.0,0.0,0.0,0.0,0.0,0.0,0.0,-0.0,-0.0,-0.0,-0.0,-0.0,-0.0,0.0,0.0,0.0,0.0,0.0,0.0,0.0
23.06,51.49,77.44,0.04999999999999716,0.12000000000000455,0.1700000000000017,3.3581960104076325,1.5039813556030297,1.0,3.3583320645118504,1.5037932481148941,1.0,3.3583565042331607,1.5037322803451505,1.0,77.44370098761668,77.4271751149718,77.44,0.016791782521165803,0.007518661401725753,0.005,77.42690920509551,77.41965645357007,77.435,77.46049277013785,77.43469377637354,77.445,77.43469377637354,77.435,0.0003062236264668172,3.954334019457867e-06,IGLB,VCLT,2026-02-17,False,4336.0,1941.0,1291.0,0.0,0.0,0.0,,,0.0,0.0,0.0,False,True,False,0.0,,,0.0,0.0,0.0,0.0,0.0,0.0,0.0,0.0,0.0,0.0,0.0,0.0,0.0,0.0,-0.0,-0.0,-0.0,-0.0,-0.0,-0.0,0.0,0.0,0.0,0.0,0.0,0.0,0.0
23.02,51.41,77.32,-0.03999999999999915,-0.0800000000000054,-0.12000000000000455,3.35881841876629,1.503987551060105,1.0,3.3582812524230383,1.5038449875556261,1.0,3.3583320645118504,1.5037932481148941,1.0,77.30880412506279,77.3100108855867,77.32,0.016791660322559254,0.007518966240574471,0.005,77.29201246474024,77.30249191934614,77.315,77.32559578538535,77.31752985182727,77.32499999999999,77.31752985182727,77.315,-0.002529851827276275,-3.271924246348002e-05,IGLB,VCLT,2026-02-18,False,4342.0,1944.0,1293.0,0.0,0.0,0.0,,,0.0,0.0,0.0,False,True,False,0.0,,,0.0,0.0,0.0,0.0,0.0,0.0,0.0,0.0,0.0,0.0,0.0,0.0,0.0,0.0,-0.0,-0.0,-0.0,-0.0,-0.0,-0.0,0.0,-0.0,-0.0,-0.0,0.0,0.0,0.0
23.06,51.48,77.39,0.03999999999999915,0.07000000000000028,0.07000000000000739,3.356027753686037,1.5033022533022533,1.0,3.358229925796077,1.5038176443518823,1.0,3.3582812524230383,1.5038449875556261,1.0,77.44196568087526,77.41793995936362,77.39,0.016791406262115192,0.007519224937778131,0.005,77.42517427461314,77.41042073442584,77.385,77.45875708713737,77.4254591843014,77.395,77.395,77.42517427461314,0.030174274613145258,0.0003898988837465468,VCLT,SPLB,2026-02-19,False,4339.0,1943.0,1292.0,0.0,0.0,0.0,,,0.0,0.0,0.0,False,True,False,0.0,,,0.0,0.0,0.0,0.0,0.0,0.0,0.0,0.0,0.0,0.0,0.0,0.0,0.0,0.0,-0.0,-0.0,-0.0,-0.0,-0.0,-0.0,0.0,0.0,0.0,0.0,0.0,0.0,0.0
23.02,51.41,77.3,-0.03999999999999915,-0.07000000000000028,-0.09000000000000341,3.357949609035621,1.5035985216883876,1.0,3.358046050720803,1.503822326828535,1.0,3.358229925796077,1.5038176443518823,1.0,77.30645289182569,77.31126509613026,77.3,0.016791149628980383,0.007519088221759411,0.005,77.2896617421967,77.3037460079085,77.295,77.32324404145467,77.31878418435201,77.30499999999999,77.30499999999999,77.3037460079085,-0.0012539920914917957,-1.6222407393166827e-05,VCLT,IGLB,2026-02-20,False,4346.0,1946.0,1294.0,0.0,0.0,0.0,,,0.0,0.0,0.0,False,True,False,0.0,,,0.0,0.0,0.0,0.0,0.0,0.0,0.0,0.0,0.0,0.0,0.0,0.0,0.0,0.0,-0.0,-0.0,-0.0,-0.0,-0.0,-0.0,0.0,-0.0,-0.0,-0.0,0.0,0.0,0.0
23.01,51.38,77.29,-0.00999999999999801,-0.02999999999999403,-0.009999999999990905,3.358974358974359,1.5042818217205138,1.0,3.3579522971909257,1.5038759033223528,1.0,3.358046050720803,1.503822326828535,1.0,77.26863962708568,77.26639115245013,77.29,0.016790230253604016,0.007519111634142674,0.005,77.25184939683207,77.25887204081599,77.28500000000001,77.28542985733928,77.27391026408426,77.295,77.27391026408426,77.28500000000001,0.011089735915746246,0.0001434821570157361,IGLB,VCLT,2026-02-23,False,4345.0,1946.0,1294.0,0.0,0.0,0.0,,,0.0,0.0,0.0,False,True,False,0.0,,,0.0,0.0,0.0,0.0,0.0,0.0,0.0,0.0,0.0,0.0,0.0,0.0,0.0,0.0,-0.0,-0.0,-0.0,-0.0,-0.0,-0.0,0.0,-0.0,-0.0,-0.0,0.0,0.0,0.0
23.01,51.39,77.3,0.0,0.00999999999999801,0.009999999999990905,3.359408952629291,1.5041836933255497,1.0,3.3580183577248994,1.5038896940087663,1.0,3.3579522971909257,1.5038759033223528,1.0,77.2664823583632,77.2841826717357,77.3,0.016789761485954628,0.007519379516611764,0.005,77.24969259687725,77.2766632922191,77.295,77.28327211984916,77.29170205125232,77.30499999999999,77.28327211984916,77.295,0.011727880150843362,0.00015171901876899564,SPLB,VCLT,2026-02-24,False,4345.0,1946.0,1294.0,0.0,0.0,0.0,,,0.0,0.0,0.0,False,True,False,0.0,,,0.0,0.0,0.0,0.0,0.0,0.0,0.0,0.0,0.0,0.0,0.0,0.0,0.0,0.0,-0.0,-0.0,-0.0,-0.0,-0.0,-0.0,0.0,0.0,0.0,0.0,0.0,0.0,0.0
23.0,51.37,77.28,-0.010000000000001563,-0.020000000000003126,-0.01999999999999602,3.36,1.5043799883200313,1.0,3.3581850243915667,1.5039545585124112,1.0,3.3580183577248994,1.5038896940087663,1.0,77.23442222767268,77.25481358123032,77.28,0.0167900917886245,0.007519448470043832,0.005,77.21763213588406,77.24729413276027,77.275,77.2512123194613,77.26233302970037,77.285,77.2512123194613,77.275,0.02378768053870317,0.00030781160117369525,SPLB,VCLT,2026-02-25,False,4345.0,1946.0,1294.0,0.0,0.0,0.0,,,0.0,0.0,0.0,False,True,False,0.0,,,0.0,0.0,0.0,0.0,0.0,0.0,0.0,0.0,0.0,0.0,0.0,0.0,0.0,0.0,-0.0,-0.0,-0.0,-0.0,-0.0,-0.0,0.0,-0.0,-0.0,-0.0,0.0,0.0,0.0
23.03,51.41,77.3,0.030000000000001137,0.03999999999999915,0.01999999999999602,3.356491532783326,1.5035985216883876,1.0,3.3582610551402547,1.503960219417968,1.0,3.3581850243915667,1.5039545585124112,1.0,77.33900111173779,77.31830385312306,77.3,0.016790925121957834,0.007519772792562056,0.005,77.32221018661583,77.31078408033049,77.295,77.35579203685974,77.32582362591562,77.30499999999999,77.30499999999999,77.32221018661583,0.017210186615841394,0.00022264148274050963,VCLT,SPLB,2026-02-26,False,4345.0,1946.0,1294.0,0.0,0.0,0.0,,,0.0,0.0,0.0,False,True,False,0.0,,,0.0,0.0,0.0,0.0,0.0,0.0,0.0,0.0,0.0,0.0,0.0,0.0,0.0,0.0,-0.0,-0.0,-0.0,-0.0,-0.0,-0.0,0.0,0.0,0.0,0.0,0.0,0.0,0.0
23.01,51.39,77.27,-0.019999999999999574,-0.01999999999999602,-0.030000000000001137,3.3581051716644934,1.503599922163845,1.0,3.3582076979611544,1.5039098951044576,1.0,3.3582610551402547,1.503960219417968,1.0,77.27358687877727,77.28851567588937,77.27,0.016791305275701274,0.00751980109708984,0.005,77.25679557350156,77.28099587479228,77.265,77.29037818405297,77.29603547698646,77.27499999999999,77.27499999999999,77.28099587479228,0.005995874792290579,7.7596412479495e-05,VCLT,IGLB,2026-02-27,False,4346.0,1946.0,1294.0,0.0,0.0,0.0,,,0.0,0.0,0.0,False,True,False,0.0,,,0.0,0.0,0.0,0.0,0.0,0.0,0.0,0.0,0.0,0.0,0.0,0.0,0.0,0.0,-0.0,-0.0,-0.0,-0.0,-0.0,-0.0,0.0,-0.0,-0.0,-0.0,0.0,0.0,0.0
22.79,50.94,76.61,-0.22000000000000242,-0.45000000000000284,-0.6599999999999966,3.3615620886353663,1.5039261876717707,1.0,3.358553389658242,1.5038839816543874,1.0,3.3582076979611544,1.5039098951044576,1.0,76.5335534365347,76.60917005662107,76.61,0.016791038489805774,0.007519549475522289,0.005,76.5167623980449,76.60165050714555,76.605,76.5503444750245,76.61668960609659,76.615,76.5503444750245,76.605,0.054655524975501635,0.0007134254663294823,SPLB,VCLT,2026-03-02,True,4382.0,1963.0,1305.0,0.0,0.0,0.0,,,0.0,0.0,0.0,False,True,False,0.0,,,0.0,0.0,0.0,0.0,0.0,0.0,0.0,0.0,0.0,0.0,0.0,0.0,0.0,0.0,-0.0,-0.0,-0.0,-0.0,-0.0,-0.0,0.0,-0.0,-0.0,-0.0,0.0,0.0,0.0
22.78,50.91,76.55,-0.00999999999999801,-0.030000000000001137,-0.060000000000002274,3.360403863037752,1.5036338636810058,1.0,3.358774174921254,1.503849232462185,1.0,3.358553389658242,1.5038839816543874,1.0,76.50784621641475,76.56273350602486,76.55,0.01679276694829121,0.007519419908271937,0.005,76.49105344946646,76.55521408611658,76.545,76.52463898336303,76.57025292593313,76.55499999999999,76.52463898336303,76.55521408611658,0.030575102753545025,0.0003994134912285438,SPLB,IGLB,2026-03-03,False,4386.0,1964.0,1306.0,0.0,0.0,0.0,,,0.0,0.0,0.0,False,True,True,0.0,,,0.0,0.0,0.0,0.0,0.0,0.0,0.0,0.0,0.0,0.0,0.0,0.0,0.0,0.0,-0.0,-0.0,-0.0,-0.0,-0.0,-0.0,0.0,-0.0,-0.0,-0.0,0.0,0.0,0.0
22.81,50.94,76.6,0.029999999999997584,0.030000000000001137,0.04999999999999716,3.3581762384918896,1.503729878288182,1.0,3.3587099568938137,1.5038234651849929,1.0,3.358774174921254,1.503849232462185,1.0,76.6136389299538,76.6060799016237,76.6,0.01679387087460627,0.007519246162310925,0.005,76.59684505907919,76.59856065546138,76.595,76.6304328008284,76.61359914778602,76.60499999999999,76.60499999999999,76.59856065546138,-0.006439344538605951,-8.406455011234924e-05,VCLT,IGLB,2026-03-04,False,4383.0,1963.0,1305.0,0.0,0.0,0.0,,,0.0,0.0,0.0,False,True,False,0.0,,,0.0,0.0,0.0,0.0,0.0,0.0,0.0,0.0,0.0,0.0,0.0,0.0,0.0,0.0,-0.0,-0.0,-0.0,-0.0,-0.0,-0.0,0.0,0.0,0.0,0.0,0.0,0.0,0.0
22.68,50.66,76.2,-0.129999999999999,-0.28000000000000114,-0.3999999999999915,3.35978835978836,1.5041452822739836,1.0,3.3590860175040453,1.5039077680821658,1.0,3.3587099568938137,1.5038234651849929,1.0,76.17554182235169,76.18369674627174,76.2,0.016793549784469067,0.007519117325924965,0.005,76.15874827256722,76.17617762894581,76.19500000000001,76.19233537213616,76.19121586359766,76.205,76.19121586359766,76.19500000000001,0.003784136402344984,4.9660582707939425e-05,IGLB,VCLT,2026-03-05,False,4407.0,1973.0,1312.0,0.0,0.0,0.0,,,0.0,0.0,0.0,False,True,False,0.0,,,0.0,0.0,0.0,0.0,0.0,0.0,0.0,0.0,0.0,0.0,0.0,0.0,0.0,0.0,-0.0,-0.0,-0.0,-0.0,-0.0,-0.0,0.0,-0.0,-0.0,-0.0,0.0,0.0,0.0
22.56,50.4,75.84,-0.120000000000001,-0.259999999999998,-0.35999999999999943,3.3617021276595747,1.504761904761905,1.0,3.3594612693664407,1.5040241063895174,1.0,3.3590860175040453,1.5039077680821658,1.0,75.78098055489126,75.79695151134115,75.84,0.016795430087520227,0.007519538840410829,0.005,75.76418512480373,75.78943197250074,75.83500000000001,75.79777598497878,75.80447105018156,75.845,75.79777598497878,75.83500000000001,0.03722401502122352,0.0004908229828747827,SPLB,VCLT,2026-03-06,False,4431.0,1984.0,1319.0,0.0,0.0,0.0,,,0.0,0.0,0.0,False,True,False,0.0,,,0.0,0.0,0.0,0.0,0.0,0.0,0.0,0.0,0.0,0.0,0.0,0.0,0.0,0.0,-0.0,-0.0,-0.0,-0.0,-0.0,-0.0,0.0,-0.0,-0.0,-0.0,0.0,0.0,0.0
22.78,50.86,76.53,0.22000000000000242,0.46000000000000085,0.6899999999999977,3.3595258999122035,1.5047188360204484,1.0,3.3595164234602257,1.504067807819511,1.0,3.3594612693664407,1.5040241063895174,1.0,76.52852771616752,76.49466605097085,76.53,0.016797306346832203,0.0075201205319475875,0.005,76.51173040982069,76.4871459304389,76.525,76.54532502251435,76.5021861715028,76.535,76.5021861715028,76.525,0.022813828497206146,0.00029810307718811113,IGLB,VCLT,2026-03-09,False,4391.0,1966.0,1307.0,0.0,0.0,0.0,,,0.0,0.0,0.0,False,True,False,0.0,,,0.0,0.0,0.0,0.0,0.0,0.0,0.0,0.0,0.0,0.0,0.0,0.0,0.0,0.0,-0.0,-0.0,-0.0,-0.0,-0.0,-0.0,0.0,0.0,0.0,0.0,0.0,0.0,0.0
22.53,50.33,75.69,-0.25,-0.5300000000000011,-0.8400000000000034,3.3595206391478025,1.5038744287701171,1.0,3.3595275921120766,1.5040368813639675,1.0,3.3595164234602257,1.504067807819511,1.0,75.6899050205589,75.69973276755599,75.69,0.01679758211730113,0.007520339039097556,0.005,75.67310743844159,75.69221242851688,75.685,75.7067026026762,75.70725310659509,75.695,75.695,75.69221242851688,-0.002787571483111151,-3.682879486208417e-05,VCLT,IGLB,2026-03-10,False,4438.0,1987.0,1321.0,0.0,0.0,0.0,,,0.0,0.0,0.0,False,True,False,0.0,,,0.0,0.0,0.0,0.0,0.0,0.0,0.0,0.0,0.0,0.0,0.0,0.0,0.0,0.0,-0.0,-0.0,-0.0,-0.0,-0.0,-0.0,0.0,-0.0,-0.0,-0.0,0.0,0.0,0.0
22.2,49.64,74.6,-0.33000000000000185,-0.6899999999999977,-1.0900000000000034,3.3603603603603602,1.5028203062046734,1.0,3.3595636281481127,1.503880913152432,1.0,3.3595275921120766,1.5040368813639675,1.0,74.5815125448881,74.66039079090734,74.6,0.016797637960560382,0.0075201844068198374,0.005,74.56471490692753,74.65287060650053,74.595,74.59831018284866,74.66791097531416,74.60499999999999,74.59831018284866,74.65287060650053,0.0545604236518642,0.000731372971204614,SPLB,IGLB,2026-03-11,False,4502.0,2015.0,1340.0,0.0,0.0,0.0,,,0.0,0.0,0.0,False,True,False,0.0,,,0.0,0.0,0.0,0.0,0.0,0.0,0.0,0.0,0.0,0.0,0.0,0.0,0.0,0.0,-0.0,-0.0,-0.0,-0.0,-0.0,-0.0,0.0,-0.0,-0.0,-0.0,0.0,0.0,0.0
22.07,49.36,74.19,-0.129999999999999,-0.28000000000000114,-0.4099999999999966,3.3615768010874487,1.5030388978930307,1.0,3.360072154978525,1.5038249507728962,1.0,3.3595636281481127,1.503880913152432,1.0,74.14556927322884,74.23156187320404,74.19,0.016797818140740564,0.007519404565762161,0.005,74.1287714550881,74.22404246863829,74.185,74.16236709136959,74.2390812777698,74.195,74.16236709136959,74.22404246863829,0.061675377268699094,0.0008313165826755505,SPLB,IGLB,2026-03-12,False,4529.0,2027.0,1348.0,0.0,0.0,0.0,,,0.0,0.0,0.0,False,True,False,0.0,,,0.0,0.0,0.0,0.0,0.0,0.0,0.0,0.0,0.0,0.0,0.0,0.0,0.0,0.0,-0.0,-0.0,-0.0,-0.0,-0.0,-0.0,0.0,-0.0,-0.0,-0.0,0.0,0.0,0.0
21.96,49.09,73.78,-0.10999999999999943,-0.269999999999996,-0.4099999999999966,3.3597449908925316,1.5029537584029333,1.0,3.3602361369013294,1.5037603343968051,1.0,3.360072154978525,1.5038249507728962,1.0,73.7871845233284,73.82276683344148,73.78,0.016800360774892626,0.0075191247538644816,0.005,73.77038416255351,73.81524770868761,73.775,73.8039848841033,73.83028595819535,73.785,73.785,73.81524770868761,0.030247708687610952,0.00040997165475211377,VCLT,IGLB,2026-03-13,False,4553.0,2038.0,1355.0,0.0,0.0,0.0,,,0.0,0.0,0.0,False,True,False,0.0,,,0.0,0.0,0.0,0.0,0.0,0.0,0.0,0.0,0.0,0.0,0.0,0.0,0.0,0.0,-0.0,-0.0,-0.0,-0.0,-0.0,-0.0,0.0,-0.0,-0.0,-0.0,0.0,0.0,0.0
22.1,49.43,74.29,0.14000000000000057,0.3399999999999963,0.5100000000000051,3.3615384615384616,1.5029334412300224,1.0,3.360233774191639,1.50366105975263,1.0,3.3602361369013294,1.5037603343968051,1.0,74.26121862551939,74.33087332923408,74.29,0.016801180684506648,0.007518801671984026,0.005,74.24441744483488,74.3233545275621,74.28500000000001,74.2780198062039,74.33839213090606,74.295,74.2780198062039,74.3233545275621,0.045334721358202046,0.0006102398890591202,SPLB,IGLB,2026-03-16,False,4523.0,2024.0,1346.0,0.0,0.0,0.0,,,0.0,0.0,0.0,False,True,False,0.0,,,0.0,0.0,0.0,0.0,0.0,0.0,0.0,0.0,0.0,0.0,0.0,0.0,0.0,0.0,-0.0,-0.0,-0.0,-0.0,-0.0,-0.0,0.0,0.0,0.0,0.0,0.0,0.0,0.0
22.3,49.83,74.94,0.1999999999999993,0.3999999999999986,0.6499999999999915,3.360538116591928,1.5039133052378086,1.0,3.360247199547056,1.5036890039083104,1.0,3.360233774191639,1.50366105975263,1.0,74.93321316447354,74.92743060747355,74.94,0.016801168870958196,0.007518305298763151,0.005,74.91641199560259,74.9199123021748,74.935,74.9500143333445,74.93494891277231,74.945,74.93494891277231,74.935,5.1087227689095016e-05,6.817084025766616e-07,IGLB,VCLT,2026-03-17,False,4483.0,2006.0,1334.0,0.0,0.0,0.0,,,0.0,0.0,0.0,False,True,False,0.0,,,0.0,0.0,0.0,0.0,0.0,0.0,0.0,0.0,0.0,0.0,0.0,0.0,0.0,0.0,-0.0,-0.0,-0.0,-0.0,-0.0,-0.0,0.0,0.0,0.0,0.0,0.0,0.0,0.0
22.16,49.51,74.47,-0.14000000000000057,-0.3200000000000003,-0.46999999999999886,3.3605595667870034,1.5041405776610786,1.0,3.3604855323765674,1.5037300738456,1.0,3.360247199547056,1.5036890039083104,1.0,74.46307794196277,74.44764258350044,74.47,0.01680123599773528,0.007518445019541552,0.005,74.44627670596503,74.4401241384809,74.465,74.4798791779605,74.45516102851998,74.475,74.45516102851998,74.465,0.009838971480021996,0.0001321199339334228,IGLB,VCLT,2026-03-18,False,4513.0,2019.0,1343.0,0.0,0.0,0.0,,,0.0,0.0,0.0,False,True,False,0.0,,,0.0,0.0,0.0,0.0,0.0,0.0,0.0,0.0,0.0,0.0,0.0,0.0,0.0,0.0,-0.0,-0.0,-0.0,-0.0,-0.0,-0.0,0.0,-0.0,-0.0,-0.0,0.0,0.0,0.0
22.33,49.88,75.03,0.16999999999999815,0.37000000000000455,0.5600000000000023,3.3600537393640844,1.5042101042502005,1.0,3.36051207033414,1.5037365560432217,1.0,3.3604855323765674,1.5037300738456,1.0,75.03964193796874,75.00605608341854,75.03,0.01680242766188284,0.007518650369228001,0.005,75.02283951030685,74.99853743304931,75.025,75.05644436563063,75.01357473378778,75.035,75.01357473378778,75.025,0.01142526621222828,0.0001522759724407341,IGLB,VCLT,2026-03-19,False,4480.0,2004.0,1333.0,0.0,0.0,0.0,,,0.0,0.0,0.0,False,True,False,0.0,,,0.0,0.0,0.0,0.0,0.0,0.0,0.0,0.0,0.0,0.0,0.0,0.0,0.0,0.0,-0.0,-0.0,-0.0,-0.0,-0.0,-0.0,0.0,0.0,0.0,0.0,0.0,0.0,0.0
21.9,48.89,73.56,-0.4299999999999997,-0.990000000000002,-1.4699999999999989,3.3589041095890413,1.5046021681325426,1.0,3.3602322685270862,1.5037205823802855,1.0,3.36051207033414,1.5037365560432217,1.0,73.59521434031765,73.51768022495311,73.56,0.0168025603516707,0.007518682780216108,0.005,73.57841177996599,73.5101615421729,73.555,73.61201690066932,73.52519890773333,73.565,73.52519890773333,73.57841177996599,0.053212872232663244,0.0007233941304059712,IGLB,SPLB,2026-03-20,False,4567.0,2044.0,1359.0,0.0,0.0,0.0,,,0.0,0.0,0.0,False,True,False,0.0,,,0.0,0.0,0.0,0.0,0.0,0.0,0.0,0.0,0.0,0.0,0.0,0.0,0.0,0.0,-0.0,-0.0,-0.0,-0.0,-0.0,-0.0,0.0,-0.0,-0.0,-0.0,0.0,0.0,0.0
22.12,49.37,74.3,0.22000000000000242,0.4799999999999969,0.7399999999999949,3.3589511754068715,1.5049625278509215,1.0,3.360174796076553,1.5037449515633328,1.0,3.3602322685270862,1.5037205823802855,1.0,74.32833777981915,74.2386851521147,74.3,0.016801161342635432,0.007518602911901428,0.005,74.31153661847651,74.2311665492028,74.295,74.34513894116179,74.2462037550266,74.30499999999999,74.2462037550266,74.31153661847651,0.0653328634499104,0.000879311755718848,IGLB,SPLB,2026-03-23,False,4523.0,2024.0,1346.0,0.0,0.0,0.0,,,0.0,0.0,0.0,False,True,False,0.0,,,0.0,0.0,0.0,0.0,0.0,0.0,0.0,0.0,0.0,0.0,0.0,0.0,0.0,0.0,-0.0,-0.0,-0.0,-0.0,-0.0,-0.0,0.0,0.0,0.0,0.0,0.0,0.0,0.0
22.07,49.29,74.17,-0.05000000000000071,-0.0799999999999983,-0.12999999999999545,3.3606705935659265,1.5047677013593022,1.0,3.3602897915183663,1.5038342788222514,1.0,3.360174796076553,1.5037449515633328,1.0,74.15905774940953,74.11958866255667,74.17,0.016800873980382765,0.007518724757816664,0.005,74.14225687542914,74.11206993779885,74.165,74.17585862338991,74.12710738731448,74.175,74.12710738731448,74.165,0.037892612685524796,0.0005108886704263825,IGLB,VCLT,2026-03-24,False,4530.0,2027.0,1348.0,0.0,0.0,0.0,,,0.0,0.0,0.0,False,True,False,0.0,,,0.0,0.0,0.0,0.0,0.0,0.0,0.0,0.0,0.0,0.0,0.0,0.0,0.0,0.0,-0.0,-0.0,-0.0,-0.0,-0.0,-0.0,0.0,-0.0,-0.0,-0.0,0.0,0.0,0.0
22.18,49.55,74.55,0.10999999999999943,0.259999999999998,0.37999999999999545,3.361136158701533,1.5045408678102927,1.0,3.3603673713524835,1.5040063349828132,1.0,3.3602897915183663,1.5038342788222514,1.0,74.53122757587737,74.51498851564256,74.55,0.016801448957591832,0.007519171394111257,0.005,74.51442612691977,74.50746934424845,74.545,74.54802902483496,74.52250768703666,74.55499999999999,74.52250768703666,74.545,0.022492312963336758,0.0003017077526939874,IGLB,VCLT,2026-03-25,False,4506.0,2017.0,1341.0,0.0,0.0,0.0,,,0.0,0.0,0.0,False,True,False,0.0,,,0.0,0.0,0.0,0.0,0.0,0.0,0.0,0.0,0.0,0.0,0.0,0.0,0.0,0.0,-0.0,-0.0,-0.0,-0.0,-0.0,-0.0,0.0,0.0,0.0,0.0,0.0,0.0,0.0
21.98,49.07,73.88,-0.1999999999999993,-0.4799999999999969,-0.6700000000000017,3.3612374886260232,1.5056042388424697,1.0,3.36033344010634,1.504262869077757,1.0,3.3603673713524835,1.5040063349828132,1.0,73.86087482232759,73.80159085760664,73.88,0.01680183685676242,0.007520031674914066,0.005,73.84407298547083,73.79407082593173,73.875,73.87767665918435,73.80911088928156,73.88499999999999,73.80911088928156,73.875,0.0658891107184445,0.0008918396144889618,IGLB,VCLT,2026-03-26,False,4550.0,2036.0,1354.0,0.0,0.0,0.0,,,0.0,0.0,0.0,False,True,False,0.0,,,0.0,0.0,0.0,0.0,0.0,0.0,0.0,0.0,0.0,0.0,0.0,0.0,0.0,0.0,-0.0,-0.0,-0.0,-0.0,-0.0,-0.0,0.0,-0.0,-0.0,-0.0,0.0,0.0,0.0
21.83,48.8,73.43,-0.15000000000000213,-0.2700000000000031,-0.44999999999998863,3.3637196518552455,1.5047131147540986,1.0,3.360730906202612,1.5044388047128738,1.0,3.36033344010634,1.504262869077757,1.0,73.3560789975214,73.40802801099454,73.43,0.0168016672005317,0.007521314345388786,0.005,73.33927733032087,73.40050669664916,73.42500000000001,73.37288066472192,73.41554932533992,73.435,73.37288066472192,73.42500000000001,0.05211933527809265,0.0007097825858381131,SPLB,VCLT,2026-03-27,False,4577.0,2049.0,1362.0,0.0,0.0,0.0,,,0.0,0.0,0.0,False,True,False,0.0,,,0.0,0.0,0.0,0.0,0.0,0.0,0.0,0.0,0.0,0.0,0.0,0.0,0.0,0.0,-0.0,-0.0,-0.0,-0.0,-0.0,-0.0,0.0,-0.0,-0.0,-0.0,0.0,0.0,0.0
22.05,49.27,74.14,0.22000000000000242,0.47000000000000597,0.7099999999999937,3.362358276643991,1.504769636695758,1.0,3.360812887713165,1.5046224242594473,1.0,3.360730906202612,1.5044388047128738,1.0,74.10411648176759,74.12369990820329,74.14,0.01680365453101306,0.0075221940235643695,0.005,74.08731282723657,74.11617771417973,74.135,74.12092013629861,74.13122210222686,74.145,74.12092013629861,74.135,0.014079863701397244,0.00018990914083352097,SPLB,VCLT,2026-03-30,False,4534.0,2029.0,1349.0,0.0,0.0,0.0,,,0.0,0.0,0.0,False,True,False,0.0,,,0.0,0.0,0.0,0.0,0.0,0.0,0.0,0.0,0.0,0.0,0.0,0.0,0.0,0.0,-0.0,-0.0,-0.0,-0.0,-0.0,-0.0,0.0,0.0,0.0,0.0,0.0,0.0,0.0
22.22,49.63,74.72,0.16999999999999815,0.35999999999999943,0.5799999999999983,3.362736273627363,1.5055410034253476,1.0,3.361032703416708,1.504785194078201,1.0,3.360812887713165,1.5046224242594473,1.0,74.67726236498652,74.67441091599638,74.72,0.016804064438565827,0.007523112121297236,0.005,74.66045830054796,74.66688780387508,74.715,74.69406642942508,74.68193402811767,74.725,74.68193402811767,74.715,0.03306597188233695,0.0004425317436072933,IGLB,VCLT,2026-03-31,False,4497.0,2013.0,1338.0,0.0,0.0,0.0,,,0.0,0.0,0.0,False,True,False,0.0,,,0.0,0.0,0.0,0.0,0.0,0.0,0.0,0.0,0.0,0.0,0.0,0.0,0.0,0.0,-0.0,-0.0,-0.0,-0.0,-0.0,-0.0,0.0,0.0,0.0,0.0,0.0,0.0,0.0
22.16,49.49,74.48,-0.05999999999999872,-0.14000000000000057,-0.23999999999999488,3.36101083032491,1.504950495049505,1.0,3.361077829770499,1.5048661858170438,1.0,3.361032703416708,1.504785194078201,1.0,74.48048470771424,74.47181925493018,74.48,0.01680516351708354,0.007523925970391005,0.005,74.46367954419716,74.46429532895979,74.47500000000001,74.49728987123132,74.47934318090057,74.485,74.47934318090057,74.47500000000001,-0.0043431809005625155,-5.8313384808841505e-05,IGLB,VCLT,2026-04-01,True,4514.0,2021.0,1343.0,0.0,0.0,0.0,,,0.0,0.0,0.0,False,True,False,0.0,,,0.0,0.0,0.0,0.0,0.0,0.0,0.0,0.0,0.0,0.0,0.0,0.0,0.0,0.0,-0.0,-0.0,-0.0,-0.0,-0.0,-0.0,0.0,-0.0,-0.0,-0.0,0.0,0.0,0.0
22.32,49.78,74.98,0.16000000000000014,0.28999999999999915,0.5,3.359318996415771,1.506227400562475,1.0,3.361004355475667,1.5050679154482713,1.0,3.361077829770499,1.5048661858170438,1.0,75.01925716047754,74.91223872997244,74.98,0.016805389148852493,0.007524330929085219,0.005,75.00245177132868,74.90471439904336,74.97500000000001,75.0360625496264,74.91976306090153,74.985,74.91976306090153,75.00245177132868,0.0826887104271492,0.001102810221754457,IGLB,SPLB,2026-04-02,False,4484.0,2007.0,1334.0,0.0,0.0,0.0,,,0.0,0.0,0.0,True,False,True,0.0,,,0.0,0.0,0.0,0.0,0.0,0.0,0.0,0.0,0.0,0.0,0.0,0.0,0.0,0.0,-0.0,-0.0,-0.0,-0.0,-0.0,-0.0,0.0,0.0,0.0,0.0,0.0,0.0,0.0
22.29,49.69,74.86,-0.030000000000001137,-0.09000000000000341,-0.12000000000000455,3.3584567070435174,1.5065405514187966,1.0,3.360959615221115,1.5052617537768966,1.0,3.361004355475667,1.5050679154482713,1.0,74.91678708355262,74.7868247186246,74.86,0.016805021777378335,0.007525339577241357,0.005,74.89998206177525,74.77929937904736,74.855,74.93359210532999,74.79435005820184,74.865,74.79435005820184,74.89998206177525,0.10563200357340463,0.0014110606942747078,IGLB,SPLB,2026-04-06,False,4490.0,2011.0,1336.0,0.0,0.0,0.0,,,0.0,0.0,0.0,True,False,False,1.0,IGLB,SPLB,-4490.0,2011.0,0.0,0.0,0.0,0.0,0.0,0.0,-4490.0,2011.0,0.0,0.0,2011.0,0.0,4490.0,-0.0,-0.0,-22.45,-10.055,-0.0,-32.504999999999995,-0.0,-0.0,-0.0,0.0,-32.504999999999995,-32.504999999999995
22.31,49.77,74.92,0.019999999999999574,0.0800000000000054,0.060000000000002274,3.3581353653070374,1.5053244926662648,1.0,3.3608780342111317,1.505297950258431,1.0,3.360959615221115,1.5052617537768966,1.0,74.98300901558308,74.91687748547615,74.92,0.016804798076105576,0.007526308768884484,0.005,74.96620421750697,74.90935117670726,74.915,74.99981381365919,74.92440379424504,74.925,74.92440379424504,74.96620421750697,0.04180042326193245,0.000557934106539408,IGLB,SPLB,2026-04-07,False,4487.0,2010.0,1335.0,-4490.0,2011.0,0.0,IGLB,SPLB,0.04180042326193245,0.000557934106539408,1.0,False,True,False,0.0,,,0.0,0.0,0.0,-100082.09999999999,99926.59,0.0,200008.69,-155.50999999999476,4490.0,-2011.0,0.0,4490.0,0.0,0.0,-0.0,2011.0,-0.0,-22.45,-10.055,-0.0,-32.504999999999995,-89.79999999999808,160.88000000001085,0.0,71.08000000001277,38.57500000001278,6.070000000012783
22.4,50.0,75.27,0.08999999999999986,0.22999999999999687,0.3499999999999943,3.360267857142857,1.5053999999999998,1.0,3.360837760568825,1.5053611801225009,1.0,3.3608780342111317,1.505297950258431,1.0,75.28366796632935,75.26489751292155,75.27,0.016804390171055658,0.007526489751292155,0.005,75.26686357615829,75.25737102317026,75.265,75.3004723565004,75.27242400267284,75.27499999999999,75.27242400267284,75.26686357615829,-0.005560426514549022,-7.387307711636804e-05,IGLB,SPLB,2026-04-08,False,4467.0,2001.0,1329.0,0.0,0.0,0.0,,,0.0,0.0,0.0,False,True,False,0.0,,,0.0,0.0,0.0,0.0,0.0,0.0,0.0,0.0,0.0,0.0,0.0,0.0,0.0,0.0,-0.0,-0.0,-0.0,-0.0,-0.0,-0.0,0.0,0.0,0.0,0.0,0.0,0.0,6.070000000012783
22.41,50.02,75.29,0.010000000000001563,0.020000000000003126,0.020000000000010232,3.3596608656849622,1.5051979208316673,1.0,3.360690231267168,1.5054268854246382,1.0,3.360837760568825,1.5053611801225009,1.0,75.31637421434736,75.2981662297275,75.29,0.016804188802844126,0.007526805900612505,0.005,75.29957002554451,75.29063942382689,75.28500000000001,75.33317840315021,75.30569303562811,75.295,75.295,75.29957002554451,0.004570025544509804,6.069897123801041e-05,VCLT,SPLB,2026-04-09,False,4463.0,1999.0,1328.0,0.0,0.0,0.0,,,0.0,0.0,0.0,False,True,False,0.0,,,0.0,0.0,0.0,0.0,0.0,0.0,0.0,0.0,0.0,0.0,0.0,0.0,0.0,0.0,-0.0,-0.0,-0.0,-0.0,-0.0,-0.0,0.0,0.0,0.0,0.0,0.0,0.0,6.070000000012783
22.3,49.83,74.99,-0.10999999999999943,-0.19000000000000483,-0.30000000000001137,3.3627802690582955,1.5049167168372466,1.0,3.3608445093103954,1.505358133224116,1.0,3.360690231267168,1.5054268854246382,1.0,74.94339215725785,75.01542170070972,74.99,0.01680345115633584,0.007527134427123191,0.005,74.92658870610151,75.0078945662826,74.985,74.96019560841418,75.02294883513684,74.99499999999999,74.96019560841418,75.0078945662826,0.04769895786841971,0.0006360709143675119,SPLB,IGLB,2026-04-10,False,4483.0,2008.0,1334.0,0.0,0.0,0.0,,,0.0,0.0,0.0,False,True,False,0.0,,,0.0,0.0,0.0,0.0,0.0,0.0,0.0,0.0,0.0,0.0,0.0,0.0,0.0,0.0,-0.0,-0.0,-0.0,-0.0,-0.0,-0.0,0.0,-0.0,-0.0,-0.0,0.0,0.0,6.070000000012783
22.45,50.12,75.41,0.14999999999999858,0.28999999999999915,0.4200000000000017,3.35902004454343,1.504588986432562,1.0,3.3603745485792134,1.5053457203919625,1.0,3.3608445093103954,1.505358133224116,1.0,75.45095923401837,75.44854963719268,75.41,0.016804222546551978,0.00752679066612058,0.005,75.43415501147182,75.44102284652656,75.405,75.46776345656492,75.4560764278588,75.41499999999999,75.41499999999999,75.44102284652656,0.026022846526572607,0.00034508482332015126,VCLT,IGLB,2026-04-13,False,4456.0,1996.0,1326.0,0.0,0.0,0.0,,,0.0,0.0,0.0,False,True,False,0.0,,,0.0,0.0,0.0,0.0,0.0,0.0,0.0,0.0,0.0,0.0,0.0,0.0,0.0,0.0,-0.0,-0.0,-0.0,-0.0,-0.0,-0.0,0.0,0.0,0.0,0.0,0.0,0.0,6.070000000012783
22.53,50.32,75.71,0.08000000000000185,0.20000000000000284,0.29999999999999716,3.360408344429649,1.5045707472178058,1.0,3.3601795553577793,1.505325831444167,1.0,3.3603745485792134,1.5053457203919625,1.0,75.70923857948968,75.74899665012356,75.71,0.016801872742896067,0.007526728601959813,0.005,75.69243670674678,75.7414699215216,75.705,75.72604045223258,75.75652337872552,75.71499999999999,75.71499999999999,75.7414699215216,0.026469921521609763,0.00034962252703222516,VCLT,IGLB,2026-04-14,False,4439.0,1989.0,1321.0,0.0,0.0,0.0,,,0.0,0.0,0.0,False,True,False,0.0,,,0.0,0.0,0.0,0.0,0.0,0.0,0.0,0.0,0.0,0.0,0.0,0.0,0.0,0.0,-0.0,-0.0,-0.0,-0.0,-0.0,-0.0,0.0,0.0,0.0,0.0,0.0,0.0,6.070000000012783
22.54,50.33,75.75,0.00999999999999801,0.00999999999999801,0.04000000000000625,3.360692102928128,1.505066560699384,1.0,3.3599751382878558,1.5052783871715705,1.0,3.3601795553577793,1.505325831444167,1.0,75.73844717776434,75.76304909658492,75.75,0.016800897776788896,0.007526629157220835,0.005,75.72164627998755,75.7555224674277,75.745,75.75524807554113,75.77057572574215,75.755,75.755,75.7555224674277,0.000522467427700235,6.897259771620264e-06,VCLT,IGLB,2026-04-15,False,4435.0,1987.0,1320.0,0.0,0.0,0.0,,,0.0,0.0,0.0,False,True,False,0.0,,,0.0,0.0,0.0,0.0,0.0,0.0,0.0,0.0,0.0,0.0,0.0,0.0,0.0,0.0,-0.0,-0.0,-0.0,-0.0,-0.0,-0.0,0.0,0.0,0.0,0.0,0.0,0.0,6.070000000012783
22.37,49.95,75.15,-0.16999999999999815,-0.37999999999999545,-0.5999999999999943,3.3594099240053645,1.5045045045045045,1.0,3.359815047655901,1.5052337881170705,1.0,3.3599751382878558,1.5052783871715705,1.0,75.16264384349934,75.18865543921994,75.15,0.01679987569143928,0.0075263919358578525,0.005,75.1458439678079,75.18112904728409,75.14500000000001,75.17944371919077,75.1961818311558,75.155,75.155,75.18112904728409,0.026129047284086937,0.00034769191329457,VCLT,IGLB,2026-04-16,False,4472.0,2004.0,1331.0,0.0,0.0,0.0,,,0.0,0.0,0.0,False,True,False,0.0,,,0.0,0.0,0.0,0.0,0.0,0.0,0.0,0.0,0.0,0.0,0.0,0.0,0.0,0.0,-0.0,-0.0,-0.0,-0.0,-0.0,-0.0,0.0,-0.0,-0.0,-0.0,0.0,0.0,6.070000000012783
22.55,50.34,75.75,0.17999999999999972,0.39000000000000057,0.5999999999999943,3.35920177383592,1.5047675804529201,1.0,3.359803325397916,1.5050878061061153,1.0,3.359815047655901,1.5052337881170705,1.0,75.76382932464057,75.77346889381333,75.75,0.016799075238279507,0.007526168940585353,0.005,75.74703024940229,75.76594272487274,75.745,75.78062839987885,75.78099506275392,75.755,75.755,75.76594272487274,0.0109427248727485,0.00014445841416169637,VCLT,IGLB,2026-04-17,False,4435.0,1987.0,1320.0,0.0,0.0,0.0,,,0.0,0.0,0.0,False,True,False,0.0,,,0.0,0.0,0.0,0.0,0.0,0.0,0.0,0.0,0.0,0.0,0.0,0.0,0.0,0.0,-0.0,-0.0,-0.0,-0.0,-0.0,-0.0,0.0,0.0,0.0,0.0,0.0,0.0,6.070000000012783
22.54,50.33,75.75,-0.010000000000001563,-0.010000000000005116,0.0,3.360692102928128,1.505066560699384,1.0,3.360026864986377,1.504940407034174,1.0,3.359803325397916,1.5050878061061153,1.0,75.72996695446902,75.75106928132078,75.75,0.01679901662698958,0.007525439030530576,0.005,75.71316793784203,75.74354384229025,75.745,75.74676597109601,75.75859472035131,75.755,75.74676597109601,75.745,-0.0017659710960060693,-2.331314978225834e-05,SPLB,VCLT,2026-04-20,False,4435.0,1987.0,1320.0,0.0,0.0,0.0,,,0.0,0.0,0.0,False,True,False,0.0,,,0.0,0.0,0.0,0.0,0.0,0.0,0.0,0.0,0.0,0.0,0.0,0.0,0.0,0.0,-0.0,-0.0,-0.0,-0.0,-0.0,-0.0,0.0,-0.0,-0.0,0.0,0.0,0.0,6.070000000012783
22.43,50.07,75.38,-0.10999999999999943,-0.259999999999998,-0.37000000000000455,3.360677663843067,1.505492310764929,1.0,3.36028109483998,1.5049571888440405,1.0,3.360026864986377,1.504940407034174,1.0,75.36540258164443,75.3523661802011,75.38,0.016800134324931885,0.007524702035170871,0.005,75.3486024473195,75.34484147816593,75.375,75.38220271596937,75.35989088223627,75.38499999999999,75.35989088223627,75.375,0.015109117763728364,0.0002004393441725705,IGLB,VCLT,2026-04-21,False,4459.0,1997.0,1327.0,0.0,0.0,0.0,,,0.0,0.0,0.0,False,True,False,0.0,,,0.0,0.0,0.0,0.0,0.0,0.0,0.0,0.0,0.0,0.0,0.0,0.0,0.0,0.0,-0.0,-0.0,-0.0,-0.0,-0.0,-0.0,0.0,-0.0,-0.0,-0.0,0.0,0.0,6.070000000012783
22.5,50.24,75.6,0.07000000000000028,0.1700000000000017,0.21999999999999886,3.36,1.504777070063694,1.0,3.3602543091256942,1.5048948958504098,1.0,3.36028109483998,1.5049571888440405,1.0,75.60632463389955,75.6090491675246,75.6,0.0168014054741999,0.007524785944220203,0.005,75.58952322842535,75.60152438158038,75.595,75.62312603937374,75.61657395346883,75.60499999999999,75.60499999999999,75.60152438158038,-0.0034756184196140794,-4.5973788619233855e-05,VCLT,IGLB,2026-04-22,False,4446.0,1991.0,1323.0,0.0,0.0,0.0,,,0.0,0.0,0.0,False,True,False,0.0,,,0.0,0.0,0.0,0.0,0.0,0.0,0.0,0.0,0.0,0.0,0.0,0.0,0.0,0.0,-0.0,-0.0,-0.0,-0.0,-0.0,-0.0,0.0,0.0,0.0,0.0,0.0,0.0,6.070000000012783
22.42,50.05,75.33,-0.0799999999999983,-0.19000000000000483,-0.269999999999996,3.3599464763603923,1.5050949050949052,1.0,3.3602828701932372,1.5048845942767335,1.0,3.3602543091256942,1.5048948958504098,1.0,75.33690161059808,75.319989537313,75.33,0.016801271545628473,0.007524474479252049,0.005,75.32010033905244,75.31246506283375,75.325,75.35370288214371,75.32751401179226,75.335,75.32751401179226,75.325,-0.00251401179225752,-3.337331464565937e-05,IGLB,VCLT,2026-04-23,False,4459.0,1997.0,1327.0,0.0,0.0,0.0,,,0.0,0.0,0.0,False,True,False,0.0,,,0.0,0.0,0.0,0.0,0.0,0.0,0.0,0.0,0.0,0.0,0.0,0.0,0.0,0.0,-0.0,-0.0,-0.0,-0.0,-0.0,-0.0,0.0,-0.0,-0.0,-0.0,0.0,0.0,6.070000000012783
22.42,50.07,75.31,0.0,0.020000000000003126,-0.01999999999999602,3.3590544157002675,1.5040942680247653,1.0,3.3599102848574347,1.5048023493954852,1.0,3.3602828701932372,1.5048845942767335,1.0,75.33754194973238,75.34957163543605,75.31,0.016801414350966187,0.007524422971383667,0.005,75.32074053538142,75.34204721246466,75.305,75.35434336408335,75.35709605840744,75.315,75.315,75.34204721246466,0.027047212464665904,0.00035914503339086316,VCLT,IGLB,2026-04-24,False,4462.0,1998.0,1328.0,0.0,0.0,0.0,,,0.0,0.0,0.0,False,True,False,0.0,,,0.0,0.0,0.0,0.0,0.0,0.0,0.0,0.0,0.0,0.0,0.0,0.0,0.0,0.0,-0.0,-0.0,-0.0,-0.0,-0.0,-0.0,0.0,0.0,0.0,-0.0,0.0,0.0,6.070000000012783
22.31,49.85,74.99,-0.11000000000000298,-0.21999999999999886,-0.3200000000000074,3.361272971761542,1.5043129388164491,1.0,3.3601355775792454,1.5047747446338742,1.0,3.3599102848574347,1.5048023493954852,1.0,74.95959845516937,75.01439711736494,74.99,0.016799551424287174,0.007524011746977426,0.005,74.94279890374509,75.00687310561796,74.985,74.97639800659366,75.02192112911192,74.99499999999999,74.97639800659366,75.00687310561796,0.03047509902430079,0.0004063888388358553,SPLB,IGLB,2026-04-27,False,4482.0,2007.0,1334.0,0.0,0.0,0.0,,,0.0,0.0,0.0,False,True,False,0.0,,,0.0,0.0,0.0,0.0,0.0,0.0,0.0,0.0,0.0,0.0,0.0,0.0,0.0,0.0,-0.0,-0.0,-0.0,-0.0,-0.0,-0.0,0.0,-0.0,-0.0,-0.0,0.0,0.0,6.070000000012783
22.35,49.92,75.11,0.0400000000000027,0.07000000000000028,0.12000000000000455,3.3606263982102904,1.5046073717948718,1.0,3.36015738295731,1.5047784070915806,1.0,3.3601355775792454,1.5047747446338742,1.0,75.09903015889614,75.118355252123,75.11,0.01680067788789623,0.007523873723169371,0.005,75.08222948100824,75.11083137839982,75.105,75.11583083678404,75.12587912584617,75.115,75.115,75.11083137839982,-0.004168621600172173,-5.5500221011478806e-05,VCLT,IGLB,2026-04-28,False,4472.0,2003.0,1331.0,0.0,0.0,0.0,,,0.0,0.0,0.0,False,True,False,0.0,,,0.0,0.0,0.0,0.0,0.0,0.0,0.0,0.0,0.0,0.0,0.0,0.0,0.0,0.0,-0.0,-0.0,-0.0,-0.0,-0.0,-0.0,0.0,0.0,0.0,0.0,0.0,0.0,6.070000000012783
22.19,49.56,74.56,-0.16000000000000014,-0.35999999999999943,-0.5499999999999972,3.3600721045515995,1.5044390637610976,1.0,3.360095383119657,1.504715657397752,1.0,3.36015738295731,1.5047784070915806,1.0,74.56189232782272,74.57681785545874,74.56,0.01680078691478655,0.007523892035457903,0.005,74.54509154090793,74.56929396342328,74.555,74.5786931147375,74.58434174749421,74.565,74.565,74.56929396342328,0.004293963423279479,5.759071114913464e-05,VCLT,IGLB,2026-04-29,False,4506.0,2018.0,1341.0,0.0,0.0,0.0,,,0.0,0.0,0.0,False,True,False,0.0,,,0.0,0.0,0.0,0.0,0.0,0.0,0.0,0.0,0.0,0.0,0.0,0.0,0.0,0.0,-0.0,-0.0,-0.0,-0.0,-0.0,-0.0,0.0,-0.0,-0.0,-0.0,0.0,0.0,6.070000000012783
22.2,49.61,74.61,0.00999999999999801,0.04999999999999716,0.04999999999999716,3.360810810810811,1.5039306591413022,1.0,3.360235471800202,1.5046582728614317,1.0,3.360095383119657,1.504715657397752,1.0,74.59411750525639,74.64894376350247,74.61,0.016800476915598286,0.00752357828698876,0.005,74.5773170283408,74.64142018521548,74.605,74.61091798217198,74.65646734178947,74.615,74.61091798217198,74.64142018521548,0.030502203043496934,0.00040882191453554394,SPLB,IGLB,2026-04-30,False,4503.0,2016.0,1340.0,0.0,0.0,0.0,,,0.0,0.0,0.0,False,True,False,0.0,,,0.0,0.0,0.0,0.0,0.0,0.0,0.0,0.0,0.0,0.0,0.0,0.0,0.0,0.0,-0.0,-0.0,-0.0,-0.0,-0.0,-0.0,0.0,0.0,0.0,0.0,0.0,0.0,6.070000000012783
22.16,49.54,74.51,-0.03999999999999915,-0.07000000000000028,-0.09999999999999432,3.3623646209386284,1.504037141703674,1.0,3.3605517565104726,1.5045852289865072,1.0,3.360235471800202,1.5046582728614317,1.0,74.46281805509247,74.54077083755533,74.51,0.01680117735900101,0.007523291364307159,0.005,74.44601687773347,74.53324754619102,74.50500000000001,74.47961923245147,74.54829412891964,74.515,74.47961923245147,74.53324754619102,0.05362831373955146,0.0007197465271715401,SPLB,IGLB,2026-05-01,True,4509.0,2019.0,1342.0,0.0,0.0,0.0,,,0.0,0.0,0.0,False,True,False,0.0,,,0.0,0.0,0.0,0.0,0.0,0.0,0.0,0.0,0.0,0.0,0.0,0.0,0.0,0.0,-0.0,-0.0,-0.0,-0.0,-0.0,-0.0,0.0,-0.0,-0.0,-0.0,0.0,0.0,6.070000000012783
22.05,49.28,74.14,-0.10999999999999943,-0.259999999999998,-0.37000000000000455,3.362358276643991,1.5044642857142856,1.0,3.360718373882059,1.5045250014879972,1.0,3.3605517565104726,1.5045852289865072,1.0,74.10016623105592,74.14596008445507,74.14,0.016802758782552364,0.007522926144932536,0.005,74.08336347227338,74.13843715831014,74.135,74.11696898983847,74.1534830106,74.145,74.11696898983847,74.13843715831014,0.02146816847167088,0.00028956256368587645,SPLB,IGLB,2026-05-04,False,4533.0,2030.0,1349.0,0.0,0.0,0.0,,,0.0,0.0,0.0,False,True,True,0.0,,,0.0,0.0,0.0,0.0,0.0,0.0,0.0,0.0,0.0,0.0,0.0,0.0,0.0,0.0,-0.0,-0.0,-0.0,-0.0,-0.0,-0.0,0.0,-0.0,-0.0,-0.0,0.0,0.0,6.070000000012783
22.2,49.6,74.61,0.14999999999999858,0.3200000000000003,0.46999999999999886,3.360810810810811,1.5042338709677419,1.0,3.360731688578833,1.5043991575082785,1.0,3.360718373882059,1.5045250014879972,1.0,74.60794790018171,74.62444007380466,74.61,0.016803591869410297,0.007522625007439986,0.005,74.59114430831231,74.61691744879722,74.605,74.62475149205112,74.6319626988121,74.615,74.615,74.61691744879722,0.0019174487972293264,2.5699621997444397e-05,VCLT,IGLB,2026-05-05,False,4503.0,2016.0,1340.0,0.0,0.0,0.0,,,0.0,0.0,0.0,False,True,False,0.0,,,0.0,0.0,0.0,0.0,0.0,0.0,0.0,0.0,0.0,0.0,0.0,0.0,0.0,0.0,-0.0,-0.0,-0.0,-0.0,-0.0,-0.0,0.0,0.0,0.0,0.0,0.0,0.0,6.070000000012783
22.35,49.92,75.08,0.15000000000000213,0.3200000000000003,0.46999999999999886,3.359284116331096,1.5040064102564101,1.0,3.3606601002119425,1.5043220915275504,1.0,3.360731688578833,1.5043991575082785,1.0,75.11235323973692,75.09960594281327,75.08,0.016803658442894165,0.007521995787541392,0.005,75.09554958129402,75.09208394702573,75.075,75.12915689817982,75.10712793860081,75.085,75.085,75.09554958129402,0.010549581294029053,0.0001405112053013992,VCLT,SPLB,2026-05-06,False,4476.0,2004.0,1332.0,0.0,0.0,0.0,,,0.0,0.0,0.0,False,True,False,0.0,,,0.0,0.0,0.0,0.0,0.0,0.0,0.0,0.0,0.0,0.0,0.0,0.0,0.0,0.0,-0.0,-0.0,-0.0,-0.0,-0.0,-0.0,0.0,0.0,0.0,0.0,0.0,0.0,6.070000000012783
22.22,49.65,74.7,-0.13000000000000256,-0.2700000000000031,-0.37999999999999545,3.361836183618362,1.5045317220543808,1.0,3.36084907093774,1.5042657732234979,1.0,3.3606601002119425,1.5043220915275504,1.0,74.67386742670936,74.68959184434287,74.7,0.01680330050105971,0.007521610457637752,0.005,74.65706412620831,74.68207023388523,74.69500000000001,74.69067072721042,74.69711345480052,74.705,74.69067072721042,74.69500000000001,0.004329272789590277,5.7955459030659664e-05,SPLB,VCLT,2026-05-07,False,4500.0,2014.0,1339.0,0.0,0.0,0.0,,,0.0,0.0,0.0,False,True,False,0.0,,,0.0,0.0,0.0,0.0,0.0,0.0,0.0,0.0,0.0,0.0,0.0,0.0,0.0,0.0,-0.0,-0.0,-0.0,-0.0,-0.0,-0.0,0.0,-0.0,-0.0,-0.0,0.0,0.0,6.070000000012783
22.34,49.94,75.12,0.120000000000001,0.28999999999999915,0.4200000000000017,3.3625783348254257,1.5042050460552665,1.0,3.361201462850256,1.504276851026548,1.0,3.36084907093774,1.5042657732234979,1.0,75.08136824474911,75.12303271478147,75.12,0.0168042453546887,0.007521328866117489,0.005,75.06456399939442,75.11551138591535,75.11500000000001,75.0981724901038,75.13055404364759,75.125,75.0981724901038,75.11551138591535,0.017338895811548127,0.0002308159719322168,SPLB,IGLB,2026-05-08,False,4473.0,2002.0,1331.0,0.0,0.0,0.0,,,0.0,0.0,0.0,False,True,False,0.0,,,0.0,0.0,0.0,0.0,0.0,0.0,0.0,0.0,0.0,0.0,0.0,0.0,0.0,0.0,-0.0,-0.0,-0.0,-0.0,-0.0,-0.0,0.0,0.0,0.0,0.0,0.0,0.0,6.070000000012783
22.27,49.76,74.85,-0.07000000000000028,-0.17999999999999972,-0.27000000000001023,3.36102379883251,1.5042202572347267,1.0,3.3611765455573526,1.5042675828683758,1.0,3.361201462850256,1.504276851026548,1.0,74.85395657767519,74.85281610708103,74.85,0.01680600731425128,0.00752138425513274,0.005,74.83715057036095,74.8452947228259,74.845,74.87076258498944,74.86033749133615,74.85499999999999,74.85499999999999,74.8452947228259,-0.009705277174091975,-0.0001296630216979556,VCLT,IGLB,2026-05-11,False,4491.0,2010.0,1336.0,0.0,0.0,0.0,,,0.0,0.0,0.0,False,True,False,0.0,,,0.0,0.0,0.0,0.0,0.0,0.0,0.0,0.0,0.0,0.0,0.0,0.0,0.0,0.0,-0.0,-0.0,-0.0,-0.0,-0.0,-0.0,0.0,-0.0,-0.0,-0.0,0.0,0.0,6.070000000012783
22.16,49.53,74.5,-0.10999999999999943,-0.22999999999999687,-0.3499999999999943,3.361913357400722,1.504138905713709,1.0,3.3613052414763955,1.5042207362602595,1.0,3.3611765455573526,1.5042675828683758,1.0,74.48367224955093,74.50637337947066,74.5,0.016805882727786763,0.0075213379143418795,0.005,74.46686636682315,74.49885204155632,74.495,74.50047813227872,74.513894717385,74.505,74.50047813227872,74.49885204155632,-0.0016260907223966115,-2.1826721105994786e-05,SPLB,IGLB,2026-05-12,False,4511.0,2019.0,1342.0,0.0,0.0,0.0,,,0.0,0.0,0.0,False,True,False,0.0,,,0.0,0.0,0.0,0.0,0.0,0.0,0.0,0.0,0.0,0.0,0.0,0.0,0.0,0.0,-0.0,-0.0,-0.0,-0.0,-0.0,-0.0,0.0,-0.0,-0.0,-0.0,0.0,0.0,6.070000000012783
22.16,49.51,74.49,0.0,-0.020000000000003126,-0.010000000000005116,3.3614620938628157,1.5045445364572814,1.0,3.361444240407517,1.504231283529878,1.0,3.3613052414763955,1.5042207362602595,1.0,74.48652415111692,74.47396865224545,74.49,0.01680652620738198,0.007521103681301298,0.005,74.46971762490955,74.46644754856415,74.485,74.5033306773243,74.48148975592675,74.49499999999999,74.48148975592675,74.485,0.0035102440732543982,4.712369543904415e-05,IGLB,VCLT,2026-05-13,False,4511.0,2019.0,1342.0,0.0,0.0,0.0,,,0.0,0.0,0.0,False,True,False,0.0,,,0.0,0.0,0.0,0.0,0.0,0.0,0.0,0.0,0.0,0.0,0.0,0.0,0.0,0.0,-0.0,-0.0,-0.0,-0.0,-0.0,-0.0,0.0,0.0,-0.0,-0.0,0.0,0.0,6.070000000012783
22.17,49.53,74.52,0.010000000000001563,0.020000000000003126,0.030000000000001137,3.3612990527740183,1.504542701393095,1.0,3.361493064603838,1.5042924877550572,1.0,3.361444240407517,1.504231283529878,1.0,74.52321880983466,74.50457547323485,74.52,0.016807221202037585,0.007521156417649389,0.005,74.50641158863262,74.4970543168172,74.515,74.5400260310367,74.5120966296525,74.52499999999999,74.5120966296525,74.515,0.0029033703474965478,3.896095474364664e-05,IGLB,VCLT,2026-05-14,False,4511.0,2019.0,1342.0,0.0,0.0,0.0,,,0.0,0.0,0.0,False,True,False,0.0,,,0.0,0.0,0.0,0.0,0.0,0.0,0.0,0.0,0.0,0.0,0.0,0.0,0.0,0.0,-0.0,-0.0,-0.0,-0.0,-0.0,-0.0,0.0,0.0,0.0,0.0,0.0,0.0,6.070000000012783
21.96,49.08,73.81,-0.21000000000000085,-0.45000000000000284,-0.7099999999999937,3.361111111111111,1.5038712306438469,1.0,3.361367713621086,1.5042758966490744,1.0,3.361493064603838,1.5042924877550572,1.0,73.81838769870029,73.83067529901821,73.81,0.016807465323019192,0.0075214624387752865,0.005,73.80158023337728,73.82315383657944,73.805,73.8351951640233,73.83819676145698,73.815,73.815,73.82315383657944,0.008153836579438689,0.0001104706215883849,VCLT,IGLB,2026-05-15,False,4555.0,2038.0,1355.0,0.0,0.0,0.0,,,0.0,0.0,0.0,False,True,False,0.0,,,0.0,0.0,0.0,0.0,0.0,0.0,0.0,0.0,0.0,0.0,0.0,0.0,0.0,0.0,-0.0,-0.0,-0.0,-0.0,-0.0,-0.0,0.0,-0.0,-0.0,-0.0,0.0,0.0,6.070000000012783
21.9,48.91,73.57,-0.060000000000002274,-0.1700000000000017,-0.2400000000000091,3.359360730593607,1.5041913719075852,1.0,3.361067959016048,1.5042486052684043,1.0,3.361367713621086,1.5042758966490744,1.0,73.61395292830179,73.57413410510622,73.57,0.016806838568105432,0.007521379483245372,0.005,73.59714608973368,73.56661272562297,73.565,73.63075976686989,73.58165548458948,73.57499999999999,73.57499999999999,73.59714608973368,0.022146089733695362,0.0003010206569756064,VCLT,SPLB,2026-05-18,False,4568.0,2044.0,1359.0,0.0,0.0,0.0,,,0.0,0.0,0.0,False,True,False,0.0,,,0.0,0.0,0.0,0.0,0.0,0.0,0.0,0.0,0.0,0.0,0.0,0.0,0.0,0.0,-0.0,-0.0,-0.0,-0.0,-0.0,-0.0,0.0,-0.0,-0.0,-0.0,0.0,0.0,6.070000000012783
21.76,48.61,73.13,-0.13999999999999702,-0.29999999999999716,-0.4399999999999977,3.360753676470588,1.5044229582390454,1.0,3.3610622455820254,1.5042675139955348,1.0,3.361067959016048,1.5042486052684043,1.0,73.13683878818921,73.12152470209713,73.13,0.01680533979508024,0.007521243026342022,0.005,73.12003344839412,73.11400345907079,73.125,73.1536441279843,73.12904594512348,73.13499999999999,73.12904594512348,73.125,-0.004045945123479555,-5.5325381149727275e-05,IGLB,VCLT,2026-05-19,False,4595.0,2056.0,1367.0,0.0,0.0,0.0,,,0.0,0.0,0.0,False,True,False,0.0,,,0.0,0.0,0.0,0.0,0.0,0.0,0.0,0.0,0.0,0.0,0.0,0.0,0.0,0.0,-0.0,-0.0,-0.0,-0.0,-0.0,-0.0,0.0,-0.0,-0.0,-0.0,0.0,0.0,6.070000000012783
22.0,49.15,73.93,0.23999999999999844,0.5399999999999991,0.8000000000000114,3.360454545454546,1.5041709053916583,1.0,3.3611792884943705,1.5042839635090597,1.0,3.3610622455820254,1.5042675139955348,1.0,73.94336940280456,73.93474831288053,73.93,0.016805311227910128,0.007521337569977674,0.005,73.92656409157665,73.92722697531055,73.92500000000001,73.96017471403248,73.94226965045051,73.935,73.935,73.92722697531055,-0.007773024689456065,-0.00010514033125194189,VCLT,IGLB,2026-05-20,False,4548.0,2035.0,1353.0,0.0,0.0,0.0,,,0.0,0.0,0.0,False,True,False,0.0,,,0.0,0.0,0.0,0.0,0.0,0.0,0.0,0.0,0.0,0.0,0.0,0.0,0.0,0.0,-0.0,-0.0,-0.0,-0.0,-0.0,-0.0,0.0,0.0,0.0,0.0,0.0,0.0,6.070000000012783
22.08,49.3,74.18,0.0799999999999983,0.14999999999999858,0.25,3.3596014492753628,1.5046653144016229,1.0,3.3609558150600707,1.5042973227437837,1.0,3.3611792884943705,1.5042839635090597,1.0,74.2148386899557,74.16119940099664,74.18,0.01680589644247185,0.0075214198175452985,0.005,74.19803279351322,74.15367798117909,74.17500000000001,74.23164458639818,74.16872082081419,74.185,74.16872082081419,74.19803279351322,0.029311972699034072,0.00039514657183922986,IGLB,SPLB,2026-05-21,False,4531.0,2028.0,1348.0,0.0,0.0,0.0,,,0.0,0.0,0.0,False,True,False,0.0,,,0.0,0.0,0.0,0.0,0.0,0.0,0.0,0.0,0.0,0.0,0.0,0.0,0.0,0.0,-0.0,-0.0,-0.0,-0.0,-0.0,-0.0,0.0,0.0,0.0,0.0,0.0,0.0,6.070000000012783
22.16,49.48,74.48,0.08000000000000185,0.17999999999999972,0.29999999999999716,3.36101083032491,1.505254648342765,1.0,3.360799064610019,1.5044022829725336,1.0,3.3609558150600707,1.5042973227437837,1.0,74.47878086173117,74.43263152936241,74.48,0.016804779075300355,0.0075214866137189185,0.005,74.46197608265587,74.42511004274868,74.47500000000001,74.49558564080647,74.44015301597614,74.485,74.44015301597614,74.47500000000001,0.034846984023872096,0.00046787035477808934,IGLB,VCLT,2026-05-22,False,4514.0,2020.0,1343.0,0.0,0.0,0.0,,,0.0,0.0,0.0,False,True,False,0.0,,,0.0,0.0,0.0,0.0,0.0,0.0,0.0,0.0,0.0,0.0,0.0,0.0,0.0,0.0,-0.0,-0.0,-0.0,-0.0,-0.0,-0.0,0.0,0.0,0.0,0.0,0.0,0.0,6.070000000012783
22.27,49.74,74.84,0.10999999999999943,0.2600000000000051,0.35999999999999943,3.360574764256848,1.5046240450341777,1.0,3.3607541611524523,1.5044426617524786,1.0,3.360799064610019,1.5044022829725336,1.0,74.84499516886513,74.82896955505383,74.84,0.016803995323050096,0.007522011414862668,0.005,74.82819117354208,74.82144754363897,74.83500000000001,74.86179916418817,74.8364915664687,74.845,74.8364915664687,74.83500000000001,-0.0014915664686867558,-1.9930070399342006e-05,IGLB,VCLT,2026-05-26,False,4490.0,2010.0,1336.0,0.0,0.0,0.0,,,0.0,0.0,0.0,False,True,False,0.0,,,0.0,0.0,0.0,0.0,0.0,0.0,0.0,0.0,0.0,0.0,0.0,0.0,0.0,0.0,-0.0,-0.0,-0.0,-0.0,-0.0,-0.0,0.0,0.0,0.0,0.0,0.0,0.0,6.070000000012783
22.32,49.86,75.05,0.05000000000000071,0.11999999999999744,0.20999999999999375,3.362455197132616,1.505214600882471,1.0,3.3608083451256427,1.5045502312693548,1.0,3.3607541611524523,1.5044426617524786,1.0,75.01203287692273,75.01151111497859,75.05,0.01680377080576226,0.007522213308762393,0.005,74.99522910611697,75.00398890166983,75.045,75.0288366477285,75.01903332828735,75.05499999999999,75.01903332828735,75.045,0.0259666717126521,0.0003459916284164171,IGLB,VCLT,2026-05-27,False,4477.0,2004.0,1332.0,0.0,0.0,0.0,,,0.0,0.0,0.0,False,True,False,0.0,,,0.0,0.0,0.0,0.0,0.0,0.0,0.0,0.0,0.0,0.0,0.0,0.0,0.0,0.0,-0.0,-0.0,-0.0,-0.0,-0.0,-0.0,0.0,0.0,0.0,0.0,0.0,0.0,6.070000000012783
22.42,50.08,75.38,0.10000000000000142,0.21999999999999886,0.3299999999999983,3.362176628010704,1.5051916932907348,1.0,3.3608797985404317,1.5046149469527001,1.0,3.3608083451256427,1.5045502312693548,1.0,75.34932309771692,75.34787558196929,75.38,0.016804041725628212,0.007522751156346774,0.005,75.33251905599128,75.34035283081295,75.375,75.36612713944255,75.35539833312563,75.38499999999999,75.35539833312563,75.375,0.019601666874365264,0.0002600380322945777,IGLB,VCLT,2026-05-28,False,4460.0,1997.0,1327.0,0.0,0.0,0.0,,,0.0,0.0,0.0,False,True,False,0.0,,,0.0,0.0,0.0,0.0,0.0,0.0,0.0,0.0,0.0,0.0,0.0,0.0,0.0,0.0,-0.0,-0.0,-0.0,-0.0,-0.0,-0.0,0.0,0.0,0.0,0.0,0.0,0.0,6.070000000012783
22.45,50.13,75.43,0.029999999999997584,0.05000000000000426,0.05000000000001137,3.3599109131403124,1.5046878116896072,1.0,3.3607409845770606,1.5046294579823514,1.0,3.3608797985404317,1.5046149469527001,1.0,75.45175147723269,75.42634729073886,75.43,0.016804398992702158,0.007523074734763501,0.005,75.43494707823999,75.4188242160041,75.42500000000001,75.4685558762254,75.43387036547362,75.435,75.43387036547362,75.43494707823999,0.0010767127663626752,1.4274330722029367e-05,IGLB,SPLB,2026-05-29,False,4457.0,1995.0,1326.0,0.0,0.0,0.0,,,0.0,0.0,0.0,False,True,False,0.0,,,0.0,0.0,0.0,0.0,0.0,0.0,0.0,0.0,0.0,0.0,0.0,0.0,0.0,0.0,-0.0,-0.0,-0.0,-0.0,-0.0,-0.0,0.0,0.0,0.0,0.0,0.0,0.0,6.070000000012783
22.37,49.91,75.12,-0.0799999999999983,-0.22000000000000597,-0.3100000000000023,3.358068842199374,1.505109196553797,1.0,3.360436757685887,1.5047532545733466,1.0,3.3607409845770606,1.5046294579823514,1.0,75.17977582498885,75.09605624789916,75.12,0.016803704922885302,0.007523147289911757,0.005,75.16297212006597,75.08853310060924,75.11500000000001,75.19657952991173,75.10357939518907,75.125,75.10357939518907,75.16297212006597,0.059392724876900616,0.0007906379775945236,IGLB,SPLB,2026-06-01,True,4473.0,2003.0,1331.0,0.0,0.0,0.0,,,0.0,0.0,0.0,False,True,False,0.0,,,0.0,0.0,0.0,0.0,0.0,0.0,0.0,0.0,0.0,0.0,0.0,0.0,0.0,0.0,-0.0,-0.0,-0.0,-0.0,-0.0,-0.0,0.0,-0.0,-0.0,-0.0,0.0,0.0,6.070000000012783
22.36,49.92,75.15,-0.010000000000001563,0.010000000000005116,0.030000000000001137,3.3609123434704835,1.505408653846154,1.0,3.3605919189735745,1.5048749827672032,1.0,3.360436757685887,1.5047532545733466,1.0,75.13936590185642,75.11728246830147,75.15,0.016802183788429435,0.007523766272866733,0.005,75.122563718068,75.1097587020286,75.14500000000001,75.15616808564485,75.12480623457434,75.155,75.12480623457434,75.14500000000001,0.02019376542567386,0.0002687127801154206,IGLB,VCLT,2026-06-02,False,4473.0,2003.0,1331.0,0.0,0.0,0.0,,,0.0,0.0,0.0,False,True,True,0.0,,,0.0,0.0,0.0,0.0,0.0,0.0,0.0,0.0,0.0,0.0,0.0,0.0,0.0,0.0,-0.0,-0.0,-0.0,-0.0,-0.0,-0.0,0.0,-0.0,0.0,0.0,0.0,0.0,6.070000000012783
22.28,49.76,74.89,-0.0799999999999983,-0.1600000000000037,-0.2600000000000051,3.361310592459605,1.505024115755627,1.0,3.3606476105724767,1.5049350985188614,1.0,3.3605919189735745,1.5048749827672032,1.0,74.87398795473125,74.88257914249603,74.89,0.016802959594867873,0.007524374913836016,0.005,74.85718499513638,74.87505476758218,74.885,74.89079091432612,74.89010351740987,74.895,74.89010351740987,74.885,-0.0051035174098643665,-6.814684750786976e-05,IGLB,VCLT,2026-06-03,False,4486.0,2009.0,1335.0,0.0,0.0,0.0,,,0.0,0.0,0.0,False,True,False,0.0,,,0.0,0.0,0.0,0.0,0.0,0.0,0.0,0.0,0.0,0.0,0.0,0.0,0.0,0.0,-0.0,-0.0,-0.0,-0.0,-0.0,-0.0,0.0,-0.0,-0.0,-0.0,0.0,0.0,6.070000000012783
22.36,49.9,75.1,0.0799999999999983,0.14000000000000057,0.20999999999999375,3.3586762075134167,1.50501002004008,1.0,3.3604697767783636,1.5050190099837035,1.0,3.3606476105724767,1.5049350985188614,1.0,75.14408057240058,75.09626141609118,75.1,0.016803238052862383,0.007524675492594307,0.005,75.12727733434772,75.08873674059859,75.095,75.16088381045344,75.10378609158377,75.10499999999999,75.10378609158377,75.12727733434772,0.02349124276395287,0.0003127995041804643,IGLB,SPLB,2026-06-04,False,4476.0,2005.0,1332.0,0.0,0.0,0.0,,,0.0,0.0,0.0,False,True,False,0.0,,,0.0,0.0,0.0,0.0,0.0,0.0,0.0,0.0,0.0,0.0,0.0,0.0,0.0,0.0,-0.0,-0.0,-0.0,-0.0,-0.0,-0.0,0.0,0.0,0.0,0.0,0.0,0.0,6.070000000012783
22.18,49.52,74.52,-0.17999999999999972,-0.37999999999999545,-0.5799999999999983,3.3597835888187557,1.5048465266558964,1.0,3.3604879907327025,1.5050371312091309,1.0,3.3604697767783636,1.5050190099837035,1.0,74.5352196489441,74.528541374393,74.52,0.01680234888389182,0.007525095049918518,0.005,74.51841730006022,74.52101627934309,74.515,74.55202199782799,74.53606646944291,74.52499999999999,74.52499999999999,74.52101627934309,-0.003983720656904666,-5.3458409244560734e-05,VCLT,IGLB,2026-06-05,False,4510.0,2020.0,1342.0,0.0,0.0,0.0,,,0.0,0.0,0.0,False,True,False,0.0,,,0.0,0.0,0.0,0.0,0.0,0.0,0.0,0.0,0.0,0.0,0.0,0.0,0.0,0.0,-0.0,-0.0,-0.0,-0.0,-0.0,-0.0,0.0,-0.0,-0.0,-0.0,0.0,0.0,6.070000000012783
22.12,49.38,74.3,-0.05999999999999872,-0.14000000000000057,-0.21999999999999886,3.3589511754068715,1.5046577561765895,1.0,3.360282025240899,1.5049774419925135,1.0,3.3604879907327025,1.5050371312091309,1.0,74.33399435500738,74.31873353910689,74.3,0.01680243995366351,0.007525185656045655,0.005,74.31719191505371,74.31120835345084,74.295,74.35079679496104,74.32625872476294,74.30499999999999,74.30499999999999,74.31719191505371,0.012191915053719526,0.0001640903775736141,VCLT,SPLB,2026-06-08,False,4523.0,2026.0,1346.0,0.0,0.0,0.0,,,0.0,0.0,0.0,False,True,False,0.0,,,0.0,0.0,0.0,0.0,0.0,0.0,0.0,0.0,0.0,0.0,0.0,0.0,0.0,0.0,-0.0,-0.0,-0.0,-0.0,-0.0,-0.0,0.0,-0.0,-0.0,-0.0,0.0,0.0,6.070000000012783
22.22,49.62,74.64,0.09999999999999787,0.23999999999999488,0.3400000000000034,3.359135913591359,1.5042321644498187,1.0,3.3601381401743495,1.5049382539340777,1.0,3.360282025240899,1.5049774419925135,1.0,74.66546660085277,74.67698067166852,74.64,0.016801410126204494,0.007524887209962567,0.005,74.64866519072656,74.66945578445855,74.635,74.68226801097897,74.68450555887848,74.645,74.645,74.66945578445855,0.0244557844585529,0.0003276498453718234,VCLT,IGLB,2026-06-09,False,4503.0,2017.0,1340.0,0.0,0.0,0.0,,,0.0,0.0,0.0,False,True,False,0.0,,,0.0,0.0,0.0,0.0,0.0,0.0,0.0,0.0,0.0,0.0,0.0,0.0,0.0,0.0,-0.0,-0.0,-0.0,-0.0,-0.0,-0.0,0.0,0.0,0.0,0.0,0.0,0.0,6.070000000012783
22.15,49.46,74.39,-0.07000000000000028,-0.1599999999999966,-0.25,3.358465011286682,1.5040436716538617,1.0,3.3597391215897567,1.5048211610112165,1.0,3.3601381401743495,1.5049382539340777,1.0,74.42705980486184,74.43424603957948,74.39,0.01680069070087175,0.0075246912696703885,0.005,74.41025911416097,74.42672134830981,74.385,74.44386049556272,74.44177073084914,74.395,74.395,74.42672134830981,0.03172134830981577,0.00042641952291727067,VCLT,IGLB,2026-06-10,False,4516.0,2023.0,1344.0,0.0,0.0,0.0,,,0.0,0.0,0.0,False,True,False,0.0,,,0.0,0.0,0.0,0.0,0.0,0.0,0.0,0.0,0.0,0.0,0.0,0.0,0.0,0.0,-0.0,-0.0,-0.0,-0.0,-0.0,-0.0,0.0,-0.0,-0.0,-0.0,0.0,0.0,6.070000000012783
22.41,50.03,75.27,0.26000000000000156,0.5700000000000003,0.8799999999999955,3.358768406961178,1.5044973016190284,1.0,3.359398299484804,1.504751721844046,1.0,3.3597391215897567,1.5048211610112165,1.0,75.29175371482646,75.28620268539116,75.27,0.016798695607948784,0.007524105805056083,0.005,75.27495501921851,75.2786785795861,75.265,75.3085524104344,75.29372679119622,75.27499999999999,75.27499999999999,75.2786785795861,0.003678579586107844,4.8871789373028355e-05,VCLT,IGLB,2026-06-11,False,4465.0,2000.0,1329.0,0.0,0.0,0.0,,,0.0,0.0,0.0,False,True,False,0.0,,,0.0,0.0,0.0,0.0,0.0,0.0,0.0,0.0,0.0,0.0,0.0,0.0,0.0,0.0,-0.0,-0.0,-0.0,-0.0,-0.0,-0.0,0.0,0.0,0.0,0.0,0.0,0.0,6.070000000012783
22.39,49.98,75.2,-0.019999999999999574,-0.05000000000000426,-0.06999999999999318,3.358642251004913,1.5046018407362947,1.0,3.359271433271264,1.5047431247487146,1.0,3.359398299484804,1.504751721844046,1.0,75.21692792546477,75.20749105776541,75.2,0.016796991497424023,0.00752375860922023,0.005,75.20013093396734,75.19996729915619,75.19500000000001,75.2337249169622,75.21501481637463,75.205,75.205,75.20013093396734,-0.004869066032654246,-6.474821851933838e-05,VCLT,SPLB,2026-06-12,False,4468.0,2001.0,1330.0,0.0,0.0,0.0,,,0.0,0.0,0.0,False,True,False,0.0,,,0.0,0.0,0.0,0.0,0.0,0.0,0.0,0.0,0.0,0.0,0.0,0.0,0.0,0.0,-0.0,-0.0,-0.0,-0.0,-0.0,-0.0,0.0,-0.0,-0.0,-0.0,0.0,0.0,6.070000000012783
22.36,49.97,75.15,-0.030000000000001137,-0.00999999999999801,-0.04999999999999716,3.3609123434704835,1.5039023414048431,1.0,3.359555783398375,1.5046224392338192,1.0,3.359271433271264,1.5047431247487146,1.0,75.11330924794545,75.19201394369327,75.15,0.01679635716635632,0.0075237156237435735,0.005,75.0965128907791,75.18449022806952,75.14500000000001,75.13010560511181,75.19953765931702,75.155,75.13010560511181,75.18449022806952,0.054384622957712736,0.0007236809442144076,SPLB,IGLB,2026-06-15,False,4471.0,2003.0,1331.0,0.0,0.0,0.0,,,0.0,0.0,0.0,False,True,False,0.0,,,0.0,0.0,0.0,0.0,0.0,0.0,0.0,0.0,0.0,0.0,0.0,0.0,0.0,0.0,-0.0,-0.0,-0.0,-0.0,-0.0,-0.0,0.0,-0.0,-0.0,-0.0,0.0,0.0,6.070000000012783
22.42,50.06,75.29,0.060000000000002274,0.09000000000000341,0.14000000000000057,3.3581623550401427,1.5039952057530963,1.0,3.3592807845553407,1.5044810944245135,1.0,3.359555783398375,1.5046224392338192,1.0,75.32124066379157,75.32139930804499,75.29,0.016797778916991874,0.007523112196169096,0.005,75.30444288487458,75.31387619584882,75.28500000000001,75.33803844270857,75.32892242024116,75.295,75.295,75.31387619584882,0.01887619584881861,0.0002507131869945359,VCLT,IGLB,2026-06-16,False,4461.0,1998.0,1328.0,0.0,0.0,0.0,,,0.0,0.0,0.0,False,True,False,0.0,,,0.0,0.0,0.0,0.0,0.0,0.0,0.0,0.0,0.0,0.0,0.0,0.0,0.0,0.0,-0.0,-0.0,-0.0,-0.0,-0.0,-0.0,0.0,0.0,0.0,0.0,0.0,0.0,6.070000000012783
22.39,49.98,75.17,-0.030000000000001137,-0.0800000000000054,-0.12000000000000455,3.3573023671281823,1.5040016006402561,1.0,3.3588799620221983,1.5043788429129763,1.0,3.3592807845553407,1.5044810944245135,1.0,75.21429676619408,75.19396509933718,75.17,0.016796403922776704,0.007522405472122568,0.005,75.1975003622713,75.18644269386506,75.165,75.23109317011686,75.2014875048093,75.175,75.175,75.1975003622713,0.02250036227130181,0.0002993263572076867,VCLT,SPLB,2026-06-17,False,4468.0,2001.0,1330.0,0.0,0.0,0.0,,,0.0,0.0,0.0,False,True,False,0.0,,,0.0,0.0,0.0,0.0,0.0,0.0,0.0,0.0,0.0,0.0,0.0,0.0,0.0,0.0,-0.0,-0.0,-0.0,-0.0,-0.0,-0.0,0.0,-0.0,-0.0,-0.0,0.0,0.0,6.070000000012783
22.45,50.14,75.4,0.05999999999999872,0.1600000000000037,0.23000000000000398,3.358574610244989,1.5037893897088155,1.0,3.358869802295356,1.50425677987985,1.0,3.3588799620221983,1.5043788429129763,1.0,75.40685514739835,75.42955518365663,75.4,0.01679439981011099,0.007521894214564882,0.005,75.39006074758824,75.42203328944207,75.39500000000001,75.42364954720846,75.4370770778712,75.405,75.405,75.42203328944207,0.017033289442068167,0.00022590569551814542,VCLT,IGLB,2026-06-18,False,4454.0,1995.0,1326.0,0.0,0.0,0.0,,,0.0,0.0,0.0,False,True,False,0.0,,,0.0,0.0,0.0,0.0,0.0,0.0,0.0,0.0,0.0,0.0,0.0,0.0,0.0,0.0,-0.0,-0.0,-0.0,-0.0,-0.0,-0.0,0.0,0.0,0.0,0.0,0.0,0.0,6.070000000012783
22.36,49.93,75.1,-0.08999999999999986,-0.21000000000000085,-0.30000000000001137,3.3586762075134167,1.5041057480472662,1.0,3.358759064164822,1.504182702018987,1.0,3.358869802295356,1.50425677987985,1.0,75.10432877932415,75.10754101940091,75.1,0.016794349011476778,0.0075212838993992505,0.005,75.08753443031267,75.10001973550152,75.095,75.12112312833563,75.1150623033003,75.10499999999999,75.10499999999999,75.10001973550152,-0.004980264498470888,-6.631510650427281e-05,VCLT,IGLB,2026-06-22,False,4474.0,2004.0,1332.0,0.0,0.0,0.0,,,0.0,0.0,0.0,False,True,False,0.0,,,0.0,0.0,0.0,0.0,0.0,0.0,0.0,0.0,0.0,0.0,0.0,0.0,0.0,0.0,-0.0,-0.0,-0.0,-0.0,-0.0,-0.0,0.0,-0.0,-0.0,-0.0,0.0,0.0,6.070000000012783
22.41,50.05,75.27,0.05000000000000071,0.11999999999999744,0.1700000000000017,3.358768406961178,1.5038961038961038,1.0,3.358740787320252,1.5041065367909385,1.0,3.358759064164822,1.504182702018987,1.0,75.26979062793366,75.2843442360503,75.27,0.01679379532082411,0.007520913510094936,0.005,75.25299683261284,75.27682332254021,75.265,75.28658442325448,75.2918651495604,75.27499999999999,75.27499999999999,75.27682332254021,0.0018233225402184416,2.42237616609332e-05,VCLT,IGLB,2026-06-23,False,4464.0,1999.0,1329.0,0.0,0.0,0.0,,,0.0,0.0,0.0,False,True,False,0.0,,,0.0,0.0,0.0,0.0,0.0,0.0,0.0,0.0,0.0,0.0,0.0,0.0,0.0,0.0,-0.0,-0.0,-0.0,-0.0,-0.0,-0.0,0.0,0.0,0.0,0.0,0.0,0.0,6.070000000012783
22.57,50.39,75.8,0.16000000000000014,0.3400000000000034,0.5300000000000011,3.3584404076207353,1.5042667195872197,1.0,3.3586712367231897,1.5041099923046786,1.0,3.358740787320252,1.5041065367909385,1.0,75.80677956981809,75.7919283888954,75.8,0.016793703936601262,0.007520532683954693,0.005,75.78998586588149,75.78440785621144,75.795,75.82357327375469,75.79944892157935,75.80499999999999,75.79944892157935,75.795,-0.004448921579353282,-5.869289682524119e-05,IGLB,VCLT,2026-06-24,False,4430.0,1984.0,1319.0,0.0,0.0,0.0,,,0.0,0.0,0.0,False,True,False,0.0,,,0.0,0.0,0.0,0.0,0.0,0.0,0.0,0.0,0.0,0.0,0.0,0.0,0.0,0.0,-0.0,-0.0,-0.0,-0.0,-0.0,-0.0,0.0,0.0,0.0,0.0,0.0,0.0,6.070000000012783
22.58,50.4,75.8,0.00999999999999801,0.00999999999999801,0.0,3.3569530558015943,1.503968253968254,1.0,3.358520041174681,1.5041024505361178,1.0,3.3586712367231897,1.5041099923046786,1.0,75.83879652520962,75.8071436121558,75.8,0.016793356183615948,0.007520549961523393,0.005,75.822003169026,75.79962306219427,75.795,75.85558988139323,75.81466416211732,75.80499999999999,75.80499999999999,75.822003169026,0.017003169026011733,0.00022431621406347933,VCLT,SPLB,2026-06-25,False,4430.0,1984.0,1319.0,0.0,0.0,0.0,,,0.0,0.0,0.0,False,True,False,0.0,,,0.0,0.0,0.0,0.0,0.0,0.0,0.0,0.0,0.0,0.0,0.0,0.0,0.0,0.0,-0.0,-0.0,-0.0,-0.0,-0.0,-0.0,0.0,0.0,0.0,0.0,0.0,0.0,6.070000000012783
22.54,50.35,75.69,-0.03999999999999915,-0.04999999999999716,-0.10999999999999943,3.358030168589175,1.5032770605759682,1.0,3.358446217337481,1.5039804264318117,1.0,3.358520041174681,1.5041024505361178,1.0,75.7010417280773,75.73155838449354,75.69,0.016792600205873406,0.007520512252680589,0.005,75.68424912787142,75.72403787224086,75.685,75.71783432828317,75.73907889674622,75.695,75.695,75.72403787224086,0.029037872240863294,0.00038364212235253393,VCLT,IGLB,2026-06-26,False,4437.0,1987.0,1321.0,0.0,0.0,0.0,,,0.0,0.0,0.0,False,True,False,0.0,,,0.0,0.0,0.0,0.0,0.0,0.0,0.0,0.0,0.0,0.0,0.0,0.0,0.0,0.0,-0.0,-0.0,-0.0,-0.0,-0.0,-0.0,0.0,-0.0,-0.0,-0.0,0.0,0.0,6.070000000012783
22.61,50.48,75.94,0.07000000000000028,0.12999999999999545,0.25,3.3586908447589563,1.5043581616481776,1.0,3.3584510767128855,1.5039560585229999,1.0,3.358446217337481,1.5039804264318117,1.0,75.93446897400045,75.92093192627785,75.94,0.016792231086687405,0.007519902132159059,0.005,75.91767674291377,75.91341202414569,75.935,75.95126120508714,75.92845182841,75.945,75.92845182841,75.935,0.006548171589997764,8.622822741635192e-05,IGLB,VCLT,2026-06-29,False,4423.0,1981.0,1317.0,0.0,0.0,0.0,,,0.0,0.0,0.0,False,True,False,0.0,,,0.0,0.0,0.0,0.0,0.0,0.0,0.0,0.0,0.0,0.0,0.0,0.0,0.0,0.0,-0.0,-0.0,-0.0,-0.0,-0.0,-0.0,0.0,0.0,0.0,0.0,0.0,0.0,6.070000000012783
22.4,50.04,75.25,-0.21000000000000085,-0.4399999999999977,-0.6899999999999977,3.359375,1.503796962430056,1.0,3.3582973423658373,1.5039455206255214,1.0,3.3584510767128855,1.5039560585229999,1.0,75.22930411836863,75.25796116849091,75.25,0.01679225538356443,0.007519780292614999,0.005,75.21251186298507,75.2504413881983,75.245,75.2460963737522,75.26548094878352,75.255,75.2460963737522,75.2504413881983,0.0043450144461019136,5.774105576215167e-05,SPLB,IGLB,2026-06-30,False,4463.0,1999.0,1329.0,0.0,0.0,0.0,,,0.0,0.0,0.0,False,True,False,0.0,,,0.0,0.0,0.0,0.0,0.0,0.0,0.0,0.0,0.0,0.0,0.0,0.0,0.0,0.0,-0.0,-0.0,-0.0,-0.0,-0.0,-0.0,0.0,-0.0,-0.0,-0.0,0.0,0.0,6.070000000012783
22.22,49.68,74.65,-0.17999999999999972,-0.35999999999999943,-0.5999999999999943,3.35958595859586,1.5026167471819647,1.0,3.358439702721409,1.5038076747684082,1.0,3.3582973423658373,1.5039455206255214,1.0,74.6213669473689,74.71601346467591,74.65,0.016791486711829187,0.007519727603127607,0.005,74.60457546065707,74.70849373707279,74.64500000000001,74.63815843408072,74.72353319227904,74.655,74.63815843408072,74.70849373707279,0.07033530299206348,0.0009422009777905354,SPLB,IGLB,2026-07-01,True,4500.0,2015.0,1340.0,0.0,0.0,0.0,,,0.0,0.0,0.0,False,True,False,0.0,,,0.0,0.0,0.0,0.0,0.0,0.0,0.0,0.0,0.0,0.0,0.0,0.0,0.0,0.0,-0.0,-0.0,-0.0,-0.0,-0.0,-0.0,0.0,-0.0,-0.0,-0.0,0.0,0.0,6.070000000012783
22.26,49.76,74.81,0.0400000000000027,0.0799999999999983,0.1599999999999966,3.3607367475292,1.5034163987138265,1.0,3.3587831407615107,1.503749154575765,1.0,3.358439702721409,1.5038076747684082,1.0,74.75886778257856,74.82946989647598,74.81,0.016792198513607044,0.007519038373842041,0.005,74.74207558406495,74.82195085810214,74.805,74.77565998109218,74.83698893484983,74.815,74.77565998109218,74.82195085810214,0.046290877009965925,0.0006187792676108264,SPLB,IGLB,2026-07-02,False,4490.0,2011.0,1337.0,0.0,0.0,0.0,,,0.0,0.0,0.0,False,True,True,0.0,,,0.0,0.0,0.0,0.0,0.0,0.0,0.0,0.0,0.0,0.0,0.0,0.0,0.0,0.0,-0.0,-0.0,-0.0,-0.0,-0.0,-0.0,0.0,0.0,0.0,0.0,0.0,0.0,6.070000000012783
22.25,49.73,74.75,-0.010000000000001563,-0.030000000000001137,-0.060000000000002274,3.359550561797753,1.5031168308867888,1.0,3.358880735916787,1.5036818986935625,1.0,3.3587831407615107,1.503749154575765,1.0,74.73292488194362,74.7814454570528,74.75,0.016793915703807553,0.0075187457728788255,0.005,74.71613096623982,74.77392671127991,74.745,74.74971879764742,74.78896420282568,74.755,74.74971879764742,74.77392671127991,0.024207913632494638,0.0003238516873912326,SPLB,IGLB,2026-07-06,False,4494.0,2012.0,1338.0,0.0,0.0,0.0,,,0.0,0.0,0.0,False,True,False,0.0,,,0.0,0.0,0.0,0.0,0.0,0.0,0.0,0.0,0.0,0.0,0.0,0.0,0.0,0.0,-0.0,-0.0,-0.0,-0.0,-0.0,-0.0,0.0,-0.0,-0.0,-0.0,0.0,0.0,6.070000000012783
22.0,49.19,73.87,-0.25,-0.5399999999999991,-0.8799999999999955,3.357727272727273,1.5017279934946128,1.0,3.3587858424381722,1.5034441232382973,1.0,3.358880735916787,1.5036818986935625,1.0,73.89537619016932,73.96611259673634,73.87,0.016794403679583937,0.007518409493467813,0.005,73.87858178648973,73.95859418724287,73.86500000000001,73.9121705938489,73.97363100622981,73.875,73.875,73.95859418724287,0.08359418724286627,0.0011316391937574964,VCLT,IGLB,2026-07-07,False,4548.0,2036.0,1354.0,0.0,0.0,0.0,,,0.0,0.0,0.0,True,False,False,1.0,VCLT,IGLB,0.0,-2036.0,1354.0,0.0,0.0,0.0,0.0,0.0,0.0,-2036.0,1354.0,0.0,0.0,1354.0,-0.0,2036.0,-0.0,-0.0,-10.18,-6.7700000000000005,-16.95,-0.0,-0.0,-0.0,0.0,-16.95,-10.879999999987216
21.95,49.09,73.71,-0.05000000000000071,-0.09999999999999432,-0.1600000000000108,3.3580865603644647,1.5015278060704826,1.0,3.3587176577785014,1.5032072934557352,1.0,3.3587858424381722,1.5034441232382973,1.0,73.72534924151788,73.80407200976802,73.71,0.01679392921219086,0.0075172206161914865,0.005,73.70855531230569,73.79655478915183,73.705,73.74214317073006,73.81158923038421,73.71499999999999,73.71499999999999,73.79655478915183,0.08155478915183778,0.001106427745921012,VCLT,IGLB,2026-07-08,False,4558.0,2040.0,1357.0,0.0,-2036.0,1354.0,VCLT,IGLB,0.08155478915183778,0.001106427745921012,1.0,True,False,False,1.0,VCLT,IGLB,0.0,-2040.0,1357.0,0.0,-100150.84,100019.98000000001,200170.82,-130.85999999998603,0.0,-4.0,3.0,0.0,0.0,3.0,-0.0,4.0,-0.0,-0.0,-0.02,-0.015,-0.035,-0.0,203.59999999998843,-216.64000000001462,-13.040000000026197,-13.075000000026197,-23.955000000013413
21.96,49.1,73.75,0.010000000000001563,0.00999999999999801,0.04000000000000625,3.3583788706739526,1.5020366598778003,1.0,3.3587115040838227,1.5029842874847934,1.0,3.3587176577785014,1.5032072934557352,1.0,73.7574397648159,73.8074781086766,73.75,0.01679358828889251,0.007516036467278676,0.005,73.74064617652701,73.79996207220933,73.745,73.77423335310479,73.81499414514388,73.755,73.755,73.79996207220933,0.04496207220933002,0.0006096552163976952,VCLT,IGLB,2026-07-09,False,4554.0,2038.0,1356.0,0.0,-2040.0,1357.0,VCLT,IGLB,0.04496207220933002,0.0006096552163976952,1.0,False,True,False,0.0,,,0.0,0.0,0.0,0.0,-100143.6,100024.46999999999,200168.07,-119.13000000001921,0.0,2040.0,-1357.0,0.0,2040.0,0.0,-0.0,-0.0,1357.0,-0.0,-10.200000000000001,-6.785,-16.985,0.0,-20.39999999999594,54.280000000008485,33.880000000012544,16.895000000012544,-7.060000000000869
21.89,48.96,73.52,-0.07000000000000028,-0.14000000000000057,-0.23000000000000398,3.3586112380082227,1.5016339869281046,1.0,3.358877322304486,1.5027508607807782,1.0,3.3587115040838227,1.5029842874847934,1.0,73.52219482439489,73.58611071525549,73.52,0.016793557520419115,0.007514921437423967,0.005,73.50540126687447,73.57859579381807,73.515,73.5389883819153,73.5936256366929,73.52499999999999,73.52499999999999,73.57859579381807,0.053595793818075776,0.0007289961074275814,VCLT,IGLB,2026-07-10,False,4568.0,2044.0,1360.0,0.0,0.0,0.0,,,0.0,0.0,0.0,False,True,False,0.0,,,0.0,0.0,0.0,0.0,0.0,0.0,0.0,0.0,0.0,0.0,0.0,0.0,0.0,0.0,-0.0,-0.0,-0.0,-0.0,-0.0,-0.0,0.0,-0.0,-0.0,-0.0,0.0,0.0,-7.060000000000869
21.74,48.64,73.01,-0.15000000000000213,-0.3200000000000003,-0.5099999999999909,3.3583256669733217,1.501027960526316,1.0,3.3589068721429007,1.5025259507758129,1.0,3.358877322304486,1.5027508607807782,1.0,73.02199298689952,73.09380186837706,73.01,0.01679438661152243,0.007513754303903892,0.005,73.005198600288,73.08628811407316,73.00500000000001,73.03878737351104,73.10131562268096,73.015,73.015,73.08628811407316,0.07128811407315538,0.0009764157522689409,VCLT,IGLB,2026-07-13,False,4602.0,2059.0,1370.0,0.0,0.0,0.0,,,0.0,0.0,0.0,False,True,False,0.0,,,0.0,0.0,0.0,0.0,0.0,0.0,0.0,0.0,0.0,0.0,0.0,0.0,0.0,0.0,-0.0,-0.0,-0.0,-0.0,-0.0,-0.0,0.0,-0.0,-0.0,-0.0,0.0,0.0,-7.060000000000869
21.78,48.73,73.16,0.0400000000000027,0.0899999999999963,0.14999999999999147,3.3590449954086314,1.5013338805663863,1.0,3.358942287207868,1.502223522667634,1.0,3.3589068721429007,1.5025259507758129,1.0,73.15699167527238,73.21808958130535,73.16,0.016794534360714503,0.007512629753879064,0.005,73.14019714091167,73.21057695155147,73.155,73.17378620963309,73.22560221105923,73.16499999999999,73.16499999999999,73.21057695155147,0.04557695155148167,0.0006229763744051623,VCLT,IGLB,2026-07-14,False,4592.0,2054.0,1367.0,0.0,0.0,0.0,,,0.0,0.0,0.0,False,True,False,0.0,,,0.0,0.0,0.0,0.0,0.0,0.0,0.0,0.0,0.0,0.0,0.0,0.0,0.0,0.0,-0.0,-0.0,-0.0,-0.0,-0.0,-0.0,0.0,0.0,0.0,0.0,0.0,0.0,-7.060000000000869
21.88,48.95,73.48,0.09999999999999787,0.22000000000000597,0.3200000000000074,3.358318098720293,1.501123595505618,1.0,3.3588365970798977,1.50195618597519,1.0,3.358942287207868,1.502223522667634,1.0,73.49365724410815,73.53384143458068,73.48,0.01679471143603934,0.00751111761333817,0.005,73.47686253267211,73.52633031696735,73.47500000000001,73.51045195554418,73.54135255219401,73.485,73.485,73.52633031696735,0.0413303169673469,0.0005624702907913296,VCLT,IGLB,2026-07-15,False,4572.0,2045.0,1361.0,0.0,0.0,0.0,,,0.0,0.0,0.0,False,True,False,0.0,,,0.0,0.0,0.0,0.0,0.0,0.0,0.0,0.0,0.0,0.0,0.0,0.0,0.0,0.0,-0.0,-0.0,-0.0,-0.0,-0.0,-0.0,0.0,0.0,0.0,0.0,0.0,0.0,-7.060000000000869
21.87,48.91,73.45,-0.00999999999999801,-0.04000000000000625,-0.030000000000001137,3.3584819387288523,1.5017378859129014,1.0,3.358726195093196,1.5018682998482837,1.0,3.3588365970798977,1.50195618597519,1.0,73.45775637813736,73.46067705604653,73.45,0.01679418298539949,0.00750978092987595,0.005,73.44096219515197,73.45316727511666,73.44500000000001,73.47455056112275,73.46818683697641,73.455,73.455,73.45316727511666,-0.0018327248833429621,-2.49520065805713e-05,VCLT,IGLB,2026-07-16,False,4571.0,2044.0,1361.0,0.0,0.0,0.0,,,0.0,0.0,0.0,False,True,False,0.0,,,0.0,0.0,0.0,0.0,0.0,0.0,0.0,0.0,0.0,0.0,0.0,0.0,0.0,0.0,-0.0,-0.0,-0.0,-0.0,-0.0,-0.0,0.0,-0.0,-0.0,-0.0,0.0,0.0,-7.060000000000869
21.89,48.97,73.54,0.019999999999999574,0.060000000000002274,0.09000000000000341,3.3595248972133396,1.5017357565856648,1.0,3.3586050100616105,1.5017002356354676,1.0,3.358726195093196,1.5018682998482837,1.0,73.52251641059007,73.54649064357045,73.54,0.016793630975465983,0.007509341499241419,0.005,73.5057227796146,73.5389813020712,73.53500000000001,73.53931004156554,73.5539999850697,73.545,73.53931004156554,73.5389813020712,-0.0003287394943356503,-4.470213412233482e-06,SPLB,IGLB,2026-07-17,False,4568.0,2043.0,1360.0,0.0,0.0,0.0,,,0.0,0.0,0.0,False,True,False,0.0,,,0.0,0.0,0.0,0.0,0.0,0.0,0.0,0.0,0.0,0.0,0.0,0.0,0.0,0.0,-0.0,-0.0,-0.0,-0.0,-0.0,-0.0,0.0,0.0,0.0,0.0,0.0,0.0,-7.060000000000869
21.75,48.65,73.08,-0.14000000000000057,-0.3200000000000003,-0.46000000000000796,3.36,1.502158273381295,1.0,3.358649953881835,1.5016043798849181,1.0,3.3586050100616105,1.5017002356354676,1.0,73.04965896884003,73.0577164636655,73.08,0.016793025050308052,0.007508501178177338,0.005,73.03286594378973,73.05020796248732,73.075,73.06645199389034,73.06522496484368,73.085,73.06522496484368,73.075,0.009775035156323497,0.00013375800706518195,IGLB,VCLT,2026-07-20,False,4595.0,2054.0,1368.0,0.0,0.0,0.0,,,0.0,0.0,0.0,False,True,False,0.0,,,0.0,0.0,0.0,0.0,0.0,0.0,0.0,0.0,0.0,0.0,0.0,0.0,0.0,0.0,-0.0,-0.0,-0.0,-0.0,-0.0,-0.0,0.0,-0.0,-0.0,-0.0,0.0,0.0,-7.060000000000869
21.67,48.49,72.8,-0.0799999999999983,-0.1599999999999966,-0.28000000000000114,3.359483156437471,1.5013404825737264,1.0,3.3588255422528546,1.5015656287928294,1.0,3.358649953881835,1.5016043798849181,1.0,72.78194450061937,72.81279638061969,72.8,0.016793249769409175,0.0075080218994245905,0.005,72.76515125084997,72.80528835872026,72.795,72.79873775038878,72.82030440251911,72.80499999999999,72.79873775038878,72.80528835872026,0.0065506083314801344,8.998088367417767e-05,SPLB,IGLB,2026-07-21,False,4615.0,2063.0,1374.0,0.0,0.0,0.0,,,0.0,0.0,0.0,False,True,False,0.0,,,0.0,0.0,0.0,0.0,0.0,0.0,0.0,0.0,0.0,0.0,0.0,0.0,0.0,0.0,-0.0,-0.0,-0.0,-0.0,-0.0,-0.0,0.0,-0.0,-0.0,-0.0,0.0,0.0,-7.060000000000869
21.62,48.37,72.64,-0.05000000000000071,-0.12000000000000455,-0.1599999999999966,3.3598519888991674,1.5017572875749432,1.0,3.359002085106325,1.5015885769432755,1.0,3.3588255422528546,1.5015656287928294,1.0,72.61780822350671,72.63072946470915,72.64,0.016794127711264272,0.007507828143964147,0.005,72.60101409579545,72.62322163656519,72.635,72.63460235121798,72.6382372928531,72.645,72.63460235121798,72.635,0.00039764878202674936,5.4742398406766156e-06,SPLB,VCLT,2026-07-22,False,4625.0,2068.0,1377.0,0.0,0.0,0.0,,,0.0,0.0,0.0,False,True,False,0.0,,,0.0,0.0,0.0,0.0,0.0,0.0,0.0,0.0,0.0,0.0,0.0,0.0,0.0,0.0,-0.0,-0.0,-0.0,-0.0,-0.0,-0.0,0.0,-0.0,-0.0,-0.0,0.0,0.0,-7.060000000000869
21.51,48.12,72.26,-0.10999999999999943,-0.25,-0.37999999999999545,3.3593677359367735,1.5016625103906902,1.0,3.359100971632607,1.5015511619945645,1.0,3.359002085106325,1.5015885769432755,1.0,72.25213485063705,72.25644232251041,72.26,0.016795010425531626,0.0075079428847163775,0.005,72.23533984021152,72.2489343796257,72.25500000000001,72.26892986106257,72.26395026539512,72.265,72.26395026539512,72.25500000000001,-0.008950265395114343,-0.00012386196229053893,IGLB,VCLT,2026-07-23,False,4649.0,2078.0,1384.0,0.0,0.0,0.0,,,0.0,0.0,0.0,False,True,False,0.0,,,0.0,0.0,0.0,0.0,0.0,0.0,0.0,0.0,0.0,0.0,0.0,0.0,0.0,0.0,-0.0,-0.0,-0.0,-0.0,-0.0,-0.0,0.0,-0.0,-0.0,-0.0,0.0,0.0,-7.060000000000869
21.49,48.09,72.22,-0.020000000000003126,-0.02999999999999403,-0.04000000000000625,3.3606328524895304,1.501767519234768,1.0,3.3593031330807377,1.501564515225231,1.0,3.359100971632607,1.5015511619945645,1.0,72.18707988038472,72.20959538031862,72.22,0.016795504858163036,0.007507755809972823,0.005,72.17028437552655,72.20208762450865,72.215,72.20387538524288,72.21710313612859,72.225,72.20387538524288,72.215,0.011124614757122231,0.00015403786703298576,SPLB,VCLT,2026-07-24,False,4652.0,2080.0,1385.0,0.0,0.0,0.0,,,0.0,0.0,0.0,False,True,False,0.0,,,0.0,0.0,0.0,0.0,0.0,0.0,0.0,0.0,0.0,0.0,0.0,0.0,0.0,0.0,-0.0,-0.0,-0.0,-0.0,-0.0,-0.0,0.0,-0.0,-0.0,-0.0,0.0,0.0,-7.060000000000869
21.57,48.3,72.48,0.08000000000000185,0.20999999999999375,0.2600000000000051,3.3602225312934633,1.5006211180124225,1.0,3.3594928195127522,1.5015238309738415,1.0,3.3593031330807377,1.501564515225231,1.0,72.46016858055151,72.52556608537866,72.48,0.01679651566540369,0.007507822576126155,0.005,72.4433720648861,72.51805826280253,72.47500000000001,72.47696509621692,72.53307390795479,72.485,72.47696509621692,72.51805826280253,0.04109316658561113,0.0005669587001326038,SPLB,IGLB,2026-07-27,False,4636.0,2072.0,1380.0,0.0,0.0,0.0,,,0.0,0.0,0.0,False,True,False,0.0,,,0.0,0.0,0.0,0.0,0.0,0.0,0.0,0.0,0.0,0.0,0.0,0.0,0.0,0.0,-0.0,-0.0,-0.0,-0.0,-0.0,-0.0,0.0,0.0,0.0,0.0,0.0,0.0,-7.060000000000869
21.67,48.49,72.82,0.10000000000000142,0.19000000000000483,0.3399999999999892,3.360406091370558,1.5017529387502575,1.0,3.3596289291089447,1.5015657367922288,1.0,3.3594928195127522,1.5015238309738415,1.0,72.80020939884135,72.80889056392158,72.82,0.01679746409756376,0.007507619154869208,0.005,72.78341193474378,72.80138294476671,72.815,72.81700686293891,72.81639818307644,72.82499999999999,72.81639818307644,72.815,-0.0013981830764464576,-1.920053661695218e-05,IGLB,VCLT,2026-07-28,False,4613.0,2062.0,1373.0,0.0,0.0,0.0,,,0.0,0.0,0.0,False,True,False,0.0,,,0.0,0.0,0.0,0.0,0.0,0.0,0.0,0.0,0.0,0.0,0.0,0.0,0.0,0.0,-0.0,-0.0,-0.0,-0.0,-0.0,-0.0,0.0,0.0,0.0,0.0,0.0,0.0,-7.060000000000869
21.42,47.95,72.01,-0.25,-0.5399999999999991,-0.8099999999999881,3.361811391223156,1.5017726798748696,1.0,3.3599782583592317,1.501630645229154,1.0,3.3596289291089447,1.5015657367922288,1.0,71.9632516615136,72.00007707918738,72.01,0.016798144645544723,0.007507828683961144,0.005,71.94645351686805,71.99256925050342,72.00500000000001,71.98004980615914,72.00758490787133,72.015,71.98004980615914,72.00500000000001,0.02495019384086561,0.00034648234746376344,SPLB,VCLT,2026-07-29,False,4667.0,2086.0,1389.0,0.0,0.0,0.0,,,0.0,0.0,0.0,False,True,False,0.0,,,0.0,0.0,0.0,0.0,0.0,0.0,0.0,0.0,0.0,0.0,0.0,0.0,0.0,0.0,-0.0,-0.0,-0.0,-0.0,-0.0,-0.0,0.0,-0.0,-0.0,-0.0,0.0,0.0,-7.060000000000869
21.49,48.08,72.23,0.06999999999999673,0.12999999999999545,0.21999999999999886,3.36109818520242,1.5022878535773712,1.0,3.360239883006588,1.5016856419956008,1.0,3.3599782583592317,1.501630645229154,1.0,72.20593277213989,72.19840142261772,72.23,0.016799891291796158,0.00750815322614577,0.005,72.18913288084809,72.19089326939158,72.22500000000001,72.22273266343169,72.20590957584386,72.235,72.20590957584386,72.22500000000001,0.019090424156146923,0.0002643004867250024,IGLB,VCLT,2026-07-30,False,4650.0,2078.0,1384.0,0.0,0.0,0.0,,,0.0,0.0,0.0,False,True,False,0.0,,,0.0,0.0,0.0,0.0,0.0,0.0,0.0,0.0,0.0,0.0,0.0,0.0,0.0,0.0,-0.0,-0.0,-0.0,-0.0,-0.0,-0.0,0.0,0.0,0.0,0.0,0.0,0.0,-7.060000000000869
21.41,47.94,71.99,-0.0799999999999983,-0.14000000000000057,-0.2400000000000091,3.3624474544605323,1.501668752607426,1.0,3.360532138731307,1.5016789415977772,1.0,3.360239883006588,1.5016856419956008,1.0,71.94273589517104,71.9908096772691,71.99,0.016801199415032938,0.007508428209978005,0.005,71.92593469575601,71.98330124905912,71.985,71.95953709458607,71.99831810547907,71.99499999999999,71.95953709458607,71.985,0.02546290541393148,0.00035370058916421007,SPLB,VCLT,2026-07-31,False,4667.0,2086.0,1389.0,0.0,0.0,0.0,,,0.0,0.0,0.0,False,True,False,0.0,,,0.0,0.0,0.0,0.0,0.0,0.0,0.0,0.0,0.0,0.0,0.0,0.0,0.0,0.0,-0.0,-0.0,-0.0,-0.0,-0.0,-0.0,0.0,-0.0,-0.0,-0.0,0.0,0.0,-7.060000000000869
