BNDX_price,IAGG_price,BNDX_price_chg,IAGG_price_chg,IAGG/BNDX,IAGG/IAGG,IAGG/BNDX_moving_avg,IAGG/IAGG_moving_avg,IAGG/BNDX_prev_moving_avg,IAGG/IAGG_prev_moving_avg,BNDX_scaled_price,IAGG_scaled_price,BNDX_scaled_comm,IAGG_scaled_comm,BNDX_scaled_price_minus_comm,IAGG_scaled_price_minus_comm,BNDX_scaled_price_plus_comm,IAGG_scaled_price_plus_comm,min_price_plus_comm,max_price_minus_comm,tgt_max-min,tgt_pct_diff,tgt_min_price_etf,tgt_max_price_etf,date,ex_div_date
49.09,49.96,,,1.0177225504176002,1.0,,,,,,,,,,,,,,,,,,,2025-01-02,False
48.96,49.97,-0.13000000000000256,0.00999999999999801,1.0206290849673203,1.0,,,,,,,,,,,,,,,,,,,2025-01-03,False
48.96,49.96,0.0,-0.00999999999999801,1.0204248366013071,1.0,,,,,,,,,,,,,,,,,,,2025-01-06,False
48.83,49.82,-0.13000000000000256,-0.14000000000000057,1.020274421462216,1.0,,,,,,,,,,,,,,,,,,,2025-01-07,False
48.74,49.75,-0.0899999999999963,-0.07000000000000028,1.0207221994255231,1.0,,,,,,,,,,,,,,,,,,,2025-01-08,False
48.53,49.54,-0.21000000000000085,-0.21000000000000085,1.0208118689470431,1.0,,,,,,,,,,,,,,,,,,,2025-01-10,False
48.51,49.51,-0.020000000000003126,-0.030000000000001137,1.020614306328592,1.0,,,,,,,,,,,,,,,,,,,2025-01-13,False
48.42,49.42,-0.0899999999999963,-0.0899999999999963,1.020652622883106,1.0,,,,,,,,,,,,,,,,,,,2025-01-14,False
48.72,49.69,0.29999999999999716,0.269999999999996,1.0199096880131362,1.0,,,,,,,,,,,,,,,,,,,2025-01-15,False
48.79,49.77,0.07000000000000028,0.0800000000000054,1.0200860832137735,1.0,,,,,,,,,,,,,,,,,,,2025-01-16,False
48.9,49.87,0.10999999999999943,0.09999999999999432,1.0198364008179959,1.0,,,,,,,,,,,,,,,,,,,2025-01-17,False
48.97,50.02,0.07000000000000028,0.15000000000000568,1.0214416989993875,1.0,,,,,,,,,,,,,,,,,,,2025-01-21,False
48.93,49.95,-0.03999999999999915,-0.07000000000000028,1.0208461066830166,1.0,,,,,,,,,,,,,,,,,,,2025-01-22,False
48.91,49.88,-0.020000000000003126,-0.07000000000000028,1.0198323451236968,1.0,,,,,,,,,,,,,,,,,,,2025-01-23,False
48.88,49.94,-0.02999999999999403,0.05999999999999517,1.021685761047463,1.0,,,,,,,,,,,,,,,,,,,2025-01-24,False
48.99,49.99,0.10999999999999943,0.05000000000000426,1.0204123290467442,1.0,,,,,,,,,,,,,,,,,,,2025-01-27,False
48.99,49.97,0.0,-0.020000000000003126,1.0200040824658092,1.0,,,,,,,,,,,,,,,,,,,2025-01-28,False
48.98,49.97,-0.010000000000005116,0.0,1.0202123315639038,1.0,,,,,,,,,,,,,,,,,,,2025-01-29,False
49.12,50.1,0.14000000000000057,0.13000000000000256,1.0199511400651466,1.0,,,,,,,,,,,,,,,,,,,2025-01-30,False
49.17,50.14,0.05000000000000426,0.03999999999999915,1.019727476103315,1.0,1.0202898667088047,1.0,,,,,,,,,,,,,,,,,2025-01-31,False
49.22,50.3,0.04999999999999716,0.1599999999999966,1.0219422998780983,1.0,1.02050085418183,1.0,1.0202898667088047,1.0,50.21866723940737,50.3,0.005101449333544024,0.005,50.21356579007382,50.294999999999995,50.22376868874091,50.305,50.22376868874091,50.294999999999995,0.07123131125908344,0.0014161294484907245,BNDX,IAGG,2025-02-03,True
49.29,50.34,0.07000000000000028,0.04000000000000625,1.0213024954351797,1.0,1.0205345247052227,1.0,1.02050085418183,1.0,50.3004871026224,50.34,0.005102504270909149,0.005,50.29538459835149,50.335,50.30558960689331,50.345000000000006,50.30558960689331,50.335,0.029410393106694244,0.0005842350637007199,BNDX,IAGG,2025-02-04,False
49.38,50.41,0.09000000000000341,0.06999999999999318,1.0208586472255974,1.0,1.0205562152364371,1.0,1.0205345247052227,1.0,50.3939948299439,50.41,0.0051026726235261135,0.005,50.38889215732037,50.404999999999994,50.39909750256743,50.415,50.39909750256743,50.404999999999994,0.005902497432565212,0.00011708981219133531,BNDX,IAGG,2025-02-05,False
49.38,50.4,0.0,-0.00999999999999801,1.0206561360874846,1.0,1.0205753009677008,1.0,1.0205562152364371,1.0,50.395065908375265,50.4,0.005102781076182185,0.005,50.38996312729908,50.394999999999996,50.40016868945145,50.405,50.40016868945145,50.394999999999996,-0.005168689451451769,-0.00010255336213197955,BNDX,IAGG,2025-02-06,False
49.31,50.34,-0.07000000000000028,-0.05999999999999517,1.020888257959846,1.0,1.0205836038944167,1.0,1.0205753009677008,1.0,50.32456809071733,50.34,0.005102876504838504,0.005,50.31946521421249,50.335,50.329670967222164,50.345000000000006,50.329670967222164,50.335,0.005329032777837028,0.00010586080210244395,BNDX,IAGG,2025-02-07,False
49.37,50.36,0.05999999999999517,0.01999999999999602,1.0200526635608669,1.0,1.020545643625108,1.0,1.0205836038944167,1.0,50.38621252426735,50.36,0.005102918019472083,0.005,50.381109606247875,50.355,50.391315442286825,50.365,50.365,50.381109606247875,0.016109606247873387,0.0003198889246996304,IAGG,BNDX,2025-02-10,False
49.2,50.25,-0.1699999999999946,-0.10999999999999943,1.021341463414634,1.0,1.02058200147941,1.0,1.020545643625108,1.0,50.21084566635531,50.25,0.005102728218125539,0.005,50.205742938137185,50.245,50.21594839457344,50.255,50.21594839457344,50.245,0.02905160542655949,0.000578141401523572,BNDX,IAGG,2025-02-11,False
49.07,50.14,-0.13000000000000256,-0.10999999999999943,1.0218055838597921,1.0,1.0206396495282444,1.0,1.02058200147941,1.0,50.07995881259465,50.14,0.00510291000739705,0.005,50.07485590258725,50.135,50.08506172260204,50.145,50.08506172260204,50.135,0.0499382773979562,0.0009959768128830514,BNDX,IAGG,2025-02-12,False
49.28,50.35,0.21000000000000085,0.21000000000000085,1.0217126623376624,1.0,1.0207297982444707,1.0,1.0206396495282444,1.0,50.297121928751885,50.35,0.005103198247641222,0.005,50.292018730504246,50.345,50.302225126999524,50.355000000000004,50.302225126999524,50.345,0.04277487300047511,0.0008495506057691184,BNDX,IAGG,2025-02-13,False
49.18,50.25,-0.10000000000000142,-0.10000000000000142,1.021756811712078,1.0,1.020813334669386,1.0,1.0207297982444707,1.0,50.199491477663074,50.25,0.005103648991222354,0.005,50.19438782867185,50.245,50.2045951266543,50.255,50.2045951266543,50.245,0.04040487334570031,0.0008040770815064738,BNDX,IAGG,2025-02-14,False
49.05,50.1,-0.13000000000000256,-0.14999999999999858,1.0214067278287462,1.0,1.0208918510199234,1.0,1.020813334669386,1.0,50.07089406553338,50.1,0.00510406667334693,0.005,50.06578999886003,50.095,50.07599813220673,50.105000000000004,50.07599813220673,50.095,0.019001867793271288,0.000379278798268888,BNDX,IAGG,2025-02-18,False
48.99,50.04,-0.05999999999999517,-0.060000000000002274,1.0214329454990814,1.0,1.020891413344908,1.0,1.0208918510199234,1.0,50.01349178146605,50.04,0.005104459255099617,0.005,50.00838732221095,50.035,50.01859624072115,50.045,50.01859624072115,50.035,0.016403759278844632,0.00032781293522870966,BNDX,IAGG,2025-02-19,False
48.97,50.07,-0.020000000000003126,0.030000000000001137,1.0224627322850726,1.0,1.020972244625011,1.0,1.020891413344908,1.0,49.993052511500146,50.07,0.005104457066724541,0.005,49.987948054433424,50.065,49.99815696856687,50.075,49.99815696856687,50.065,0.0668430314331303,0.0013349916403660937,BNDX,IAGG,2025-02-20,False
49.2,50.21,0.23000000000000398,0.14000000000000057,1.0205284552845528,1.0,1.0210070501330537,1.0,1.020972244625011,1.0,50.23183443555054,50.21,0.0051048612231250545,0.005,50.226729574327415,50.205,50.23693929677366,50.215,50.215,50.226729574327415,0.011729574327411285,0.00023361032319082424,IAGG,BNDX,2025-02-21,False
49.09,50.14,-0.10999999999999943,-0.07000000000000028,1.021389284986759,1.0,1.0209922263300186,1.0,1.0210070501330537,1.0,50.12123609103161,50.14,0.005105035250665269,0.005,50.11613105578095,50.135,50.12634112628228,50.145,50.12634112628228,50.135,0.008658873717720894,0.00017269393134664726,BNDX,IAGG,2025-02-24,False
49.28,50.31,0.18999999999999773,0.1700000000000017,1.020900974025974,1.0,1.02101665857898,1.0,1.0209922263300186,1.0,50.314496913543316,50.31,0.0051049611316500935,0.005,50.309391952411666,50.305,50.319601874674966,50.315000000000005,50.315000000000005,50.309391952411666,-0.0056080475883391045,-0.00011146983876643021,IAGG,BNDX,2025-02-25,False
49.38,50.37,0.10000000000000142,0.05999999999999517,1.020048602673147,1.0,1.0210188845893469,1.0,1.02101665857898,1.0,50.41780260063003,50.37,0.0051050832928949,0.005,50.412697517337136,50.364999999999995,50.42290768392293,50.375,50.375,50.412697517337136,0.03769751733713633,0.0007484120972232744,IAGG,BNDX,2025-02-26,False
49.33,50.33,-0.05000000000000426,-0.03999999999999915,1.020271639975674,1.0,1.0210218500099355,1.0,1.0210188845893469,1.0,50.36686157679248,50.33,0.005105094422946734,0.005,50.361756482369536,50.324999999999996,50.371966671215425,50.335,50.335,50.361756482369536,0.026756482369535206,0.0005316209491264695,IAGG,BNDX,2025-02-27,False
49.5,50.43,0.1700000000000017,0.10000000000000142,1.0187878787878788,1.0,1.020963686946072,1.0,1.0210218500099355,1.0,50.54058157549181,50.43,0.005105109250049678,0.005,50.535476466241754,50.425,50.54568668474186,50.435,50.435,50.535476466241754,0.10047646624175144,0.00199239473015569,IAGG,BNDX,2025-02-28,False
49.33,50.32,-0.1700000000000017,-0.10999999999999943,1.0200689235759173,1.0,1.0209807593197022,1.0,1.020963686946072,1.0,50.36413867704974,50.32,0.005104818434730361,0.005,50.35903385861501,50.315,50.36924349548447,50.325,50.325,50.35903385861501,0.034033858615003965,0.0006763485416336241,IAGG,BNDX,2025-03-03,True
48.93,50.05,-0.3999999999999986,-0.2700000000000031,1.0228898426323318,1.0,1.0210281364574139,1.0,1.0209807593197022,1.0,49.95658855351303,50.05,0.005104903796598511,0.005,49.95148364971643,50.044999999999995,49.96169345730963,50.055,49.96169345730963,50.044999999999995,0.08330654269036586,0.0016644663874198975,BNDX,IAGG,2025-03-04,False
48.61,49.86,-0.3200000000000003,-0.18999999999999773,1.0257148734828225,1.0,1.021248755359796,1.0,1.0210281364574139,1.0,49.632177713194885,49.86,0.005105140682287069,0.005,49.627072572512596,49.855,49.637282853877174,49.865,49.637282853877174,49.855,0.21771714612282267,0.004366569316542774,BNDX,IAGG,2025-03-05,False
48.49,49.77,-0.11999999999999744,-0.0899999999999963,1.0263971952979996,1.0,1.021525682763416,1.0,1.021248755359796,1.0,49.52035214739651,49.77,0.00510624377679898,0.005,49.51524590361971,49.765,49.52545839117331,49.775000000000006,49.52545839117331,49.765,0.2395416088266913,0.004812971847030164,BNDX,IAGG,2025-03-06,False
48.49,49.72,0.0,-0.05000000000000426,1.0253660548566714,1.0,1.0217611787018754,1.0,1.021525682763416,1.0,49.53378035719805,49.72,0.00510762841381708,0.005,49.52867272878423,49.714999999999996,49.538887985611865,49.725,49.538887985611865,49.714999999999996,0.1761120143881314,0.0035420759128747263,BNDX,IAGG,2025-03-07,False
48.5,49.76,0.00999999999999801,0.03999999999999915,1.025979381443299,1.0,1.0220157348760481,1.0,1.0217611787018754,1.0,49.55541716704096,49.76,0.005108805893509378,0.005,49.55030836114745,49.754999999999995,49.560525972934464,49.765,49.560525972934464,49.754999999999995,0.19447402706553163,0.0039082400937606844,BNDX,IAGG,2025-03-10,False
48.33,49.59,-0.1700000000000017,-0.1699999999999946,1.0260707635009312,1.0,1.0223166398730512,1.0,1.0220157348760481,1.0,49.394020466559404,49.59,0.0051100786743802406,0.005,49.388910387885026,49.585,49.39913054523378,49.595000000000006,49.39913054523378,49.585,0.18586945476621963,0.003748123709744296,BNDX,IAGG,2025-03-11,False
48.41,49.64,0.0799999999999983,0.04999999999999716,1.0254079735591821,1.0,1.0225199653802786,1.0,1.0223166398730512,1.0,49.49034853625441,49.64,0.005111583199365256,0.005,49.48523695305504,49.635,49.495460119453774,49.645,49.495460119453774,49.635,0.13953988054622357,0.0028110370778852453,BNDX,IAGG,2025-03-12,False
48.48,49.7,0.07000000000000028,0.060000000000002274,1.0251650165016504,1.0,1.0226879370123716,1.0,1.0225199653802786,1.0,49.5717679216359,49.7,0.005112599826901393,0.005,49.566655321809,49.695,49.576880521462805,49.705000000000005,49.576880521462805,49.695,0.11811947853719573,0.0023766494675492096,BNDX,IAGG,2025-03-13,False
48.46,49.69,-0.01999999999999602,-0.010000000000005116,1.0253817581510523,1.0,1.022871391803041,1.0,1.0226879370123716,1.0,49.55945742761953,49.69,0.005113439685061858,0.005,49.554343987934466,49.684999999999995,49.56457086730459,49.695,49.56457086730459,49.684999999999995,0.12042913269540634,0.0024236090298934664,BNDX,IAGG,2025-03-14,False
48.54,49.74,0.0799999999999983,0.05000000000000426,1.0247218788627936,1.0,1.0230196451605769,1.0,1.022871391803041,1.0,49.650177358119606,49.74,0.005114356959015205,0.005,49.645063001160594,49.735,49.65529171507862,49.745000000000005,49.65529171507862,49.735,0.07970828492138082,0.0016024986916240616,BNDX,IAGG,2025-03-17,False
48.57,49.78,0.030000000000001137,0.03999999999999915,1.024912497426395,1.0,1.023194933640459,1.0,1.0230196451605769,1.0,49.68806416544922,49.78,0.005115098225802884,0.005,49.68294906722342,49.775,49.69317926367502,49.785000000000004,49.69317926367502,49.775,0.08182073632497833,0.0016436467722976762,BNDX,IAGG,2025-03-18,False
48.72,49.89,0.14999999999999858,0.10999999999999943,1.0240147783251232,1.0,1.0233240252817615,1.0,1.023194933640459,1.0,49.85005716696317,49.89,0.005115974668202295,0.005,49.84494119229497,49.885,49.85517314163137,49.895,49.85517314163137,49.885,0.029826858368629416,0.0005978524427466309,BNDX,IAGG,2025-03-19,False
48.69,49.84,-0.030000000000001137,-0.04999999999999716,1.0236188128979258,1.0,1.023381829312404,1.0,1.0233240252817615,1.0,49.82564679096896,49.84,0.005116620126408808,0.005,49.82053017084255,49.835,49.83076341109537,49.845000000000006,49.83076341109537,49.835,0.004236588904632299,8.500379022135431e-05,BNDX,IAGG,2025-03-20,False
48.66,49.85,-0.030000000000001137,0.00999999999999801,1.0244554048499797,1.0,1.0235781767906755,1.0,1.023381829312404,1.0,49.797759814341575,49.85,0.00511690914656202,0.005,49.79264290519501,49.845,49.80287672348814,49.855000000000004,49.80287672348814,49.845,0.042123276511858876,0.0008450005318326755,BNDX,IAGG,2025-03-21,False
48.61,49.82,-0.04999999999999716,-0.030000000000001137,1.0248919975313722,1.0,1.023753312417906,1.0,1.0235781767906755,1.0,49.75613517379474,49.82,0.0051178908839533774,0.005,49.75101728291079,49.815,49.76125306467869,49.825,49.76125306467869,49.815,0.05374693532130692,0.0010788224673084488,BNDX,IAGG,2025-03-24,False
48.62,49.83,0.00999999999999801,0.00999999999999801,1.0248868778280542,1.0,1.02395260760801,1.0,1.023753312417906,1.0,49.774886049758585,49.83,0.00511876656208953,0.005,49.769767283196494,49.824999999999996,49.78000481632068,49.835,49.78000481632068,49.824999999999996,0.044995183679318984,0.0009029737844535217,BNDX,IAGG,2025-03-25,False
48.62,49.84,0.0,0.010000000000005116,1.0250925545043192,1.0,1.0242048051995687,1.0,1.02395260760801,1.0,49.784575781901445,49.84,0.0051197630380400505,0.005,49.77945601886341,49.835,49.789695544939484,49.845000000000006,49.789695544939484,49.835,0.04530445506051706,0.0009089978944726535,BNDX,IAGG,2025-03-26,False
48.65,49.87,0.030000000000001137,0.02999999999999403,1.025077081192189,1.0,1.0244450772603944,1.0,1.0242048051995687,1.0,49.82756377295902,49.87,0.005121024025997844,0.005,49.82244274893302,49.864999999999995,49.83268479698501,49.875,49.83268479698501,49.864999999999995,0.032315203014981364,0.0006479888312609057,BNDX,IAGG,2025-03-27,False
48.82,49.98,0.1700000000000017,0.10999999999999943,1.0237607537894304,1.0,1.024693721010472,1.0,1.0244450772603944,1.0,50.01340867185245,49.98,0.0051222253863019715,0.005,50.00828644646615,49.974999999999994,50.018530897238755,49.985,49.985,50.00828644646615,0.023286446466151745,0.0004659152954412114,IAGG,BNDX,2025-03-28,False
48.82,49.99,0.0,0.010000000000005116,1.0239655878738223,1.0,1.0248885542253672,1.0,1.024693721010472,1.0,50.02554745973125,49.99,0.005123468605052361,0.005,50.0204239911262,49.985,50.0306709283363,49.995000000000005,49.995000000000005,50.0204239911262,0.0254239911261962,0.0005085815388316903,IAGG,BNDX,2025-03-31,False
48.83,50.09,0.00999999999999801,0.10000000000000142,1.0258038091337294,1.0,1.025034252550437,1.0,1.0248885542253672,1.0,50.04530810282468,50.09,0.005124442771126836,0.005,50.04018366005355,50.085,50.050432545595804,50.095000000000006,50.050432545595804,50.085,0.03456745440419695,0.0006901068956717298,BNDX,IAGG,2025-04-01,True
48.82,50.11,-0.00999999999999801,0.01999999999999602,1.0264235968865218,1.0,1.025069688720622,1.0,1.025034252550437,1.0,50.04217220951234,50.11,0.005125171262752185,0.005,50.03704703824958,50.105,50.04729738077509,50.115,50.04729738077509,50.105,0.05770261922490505,0.0011515190426043714,BNDX,IAGG,2025-04-02,False
49.0,50.3,0.17999999999999972,0.18999999999999773,1.0265306122448978,1.0,1.025076359567967,1.0,1.025069688720622,1.0,50.22841474731048,50.3,0.005125348443603111,0.005,50.223289398866875,50.294999999999995,50.23354009575409,50.305,50.23354009575409,50.294999999999995,0.06145990424590764,0.0012218668836164541,BNDX,IAGG,2025-04-03,False
49.08,50.38,0.0799999999999983,0.0800000000000054,1.0264873675631623,1.0,1.0251324252032914,1.0,1.025076359567967,1.0,50.310747727595825,50.38,0.005125381797839835,0.005,50.305622345797985,50.375,50.315873109393664,50.385000000000005,50.315873109393664,50.375,0.059126890606336246,0.0011736183129483176,BNDX,IAGG,2025-04-04,False
48.86,50.2,-0.21999999999999886,-0.17999999999999972,1.0274252967662711,1.0,1.0252047209694402,1.0,1.0251324252032914,1.0,50.08797029543282,50.2,0.005125662126016457,0.005,50.0828446333068,50.195,50.09309595755884,50.205000000000005,50.09309595755884,50.195,0.1019040424411628,0.00202996100480404,BNDX,IAGG,2025-04-07,False
48.96,50.19,0.10000000000000142,-0.010000000000005116,1.0251225490196079,1.0,1.025157310245374,1.0,1.0252047209694402,1.0,50.19402313866379,50.19,0.0051260236048472005,0.005,50.18889711505894,50.184999999999995,50.19914916226863,50.195,50.195,50.18889711505894,-0.006102884941057596,-0.00012159563540660681,IAGG,BNDX,2025-04-08,False
48.77,50.17,-0.18999999999999773,-0.01999999999999602,1.0287061718269428,1.0,1.025322220158762,1.0,1.025157310245374,1.0,49.99692202066689,50.17,0.00512578655122687,0.005,49.99179623411566,50.165,50.00204780721811,50.175000000000004,50.00204780721811,50.165,0.1629521927818871,0.003248000653416127,BNDX,IAGG,2025-04-09,False
48.93,50.2,0.1599999999999966,0.030000000000001137,1.025955446556305,1.0,1.0253617416614946,1.0,1.025322220158762,1.0,50.16901623236822,50.2,0.00512661110079381,0.005,50.16388962126743,50.195,50.17414284346901,50.205000000000005,50.17414284346901,50.195,0.020857156530986742,0.00041548120579654863,BNDX,IAGG,2025-04-10,False
48.9,50.25,-0.030000000000001137,0.04999999999999716,1.0276073619631902,1.0,1.0254730218521018,1.0,1.0253617416614946,1.0,50.14018916724709,50.25,0.0051268087083074735,0.005,50.13506235853878,50.245,50.14531597595539,50.255,50.14531597595539,50.245,0.09968402404460619,0.0019837616725294762,BNDX,IAGG,2025-04-11,False
49.07,50.39,0.1700000000000017,0.14000000000000057,1.0269003464438557,1.0,1.0255819452311548,1.0,1.0254730218521018,1.0,50.31996118228263,50.39,0.005127365109260509,0.005,50.31483381717337,50.385,50.32508854739189,50.395,50.32508854739189,50.385,0.059911452608105265,0.0011889552015897057,BNDX,IAGG,2025-04-14,False
49.04,50.37,-0.030000000000001137,-0.020000000000003126,1.0271207177814028,1.0,1.025692356248905,1.0,1.0255819452311548,1.0,50.29453859413583,50.37,0.0051279097261557735,0.005,50.289410684409674,50.364999999999995,50.299666503861985,50.375,50.299666503861985,50.364999999999995,0.06533349613800965,0.0012970715929721988,BNDX,IAGG,2025-04-15,False
49.19,50.49,0.14999999999999858,0.12000000000000455,1.0264281357999594,1.0,1.0258130241226469,1.0,1.025692356248905,1.0,50.45380700388364,50.49,0.005128461781244526,0.005,50.44867854210239,50.485,50.45893546566489,50.495000000000005,50.45893546566489,50.485,0.02606453433511291,0.000516231616857059,BNDX,IAGG,2025-04-16,False
49.26,50.53,0.07000000000000028,0.03999999999999915,1.0257815671944783,1.0,1.0259211618374746,1.0,1.0258130241226469,1.0,50.531549568281584,50.53,0.005129065120613234,0.005,50.52642050316097,50.525,50.5366786334022,50.535000000000004,50.535000000000004,50.52642050316097,-0.00857949683903314,-0.000169790161073286,IAGG,BNDX,2025-04-17,False
49.19,50.49,-0.07000000000000028,-0.03999999999999915,1.0264281357999594,1.0,1.0260197983849735,1.0,1.0259211618374746,1.0,50.465061950785376,50.49,0.005129605809187373,0.005,50.45993234497619,50.485,50.470191556594564,50.495000000000005,50.470191556594564,50.485,0.014808443405435412,0.00029329458121282254,BNDX,IAGG,2025-04-21,False
49.32,50.58,0.13000000000000256,0.0899999999999963,1.0255474452554745,1.0,1.0260525707711787,1.0,1.0260197983849735,1.0,50.60329645634689,50.58,0.005130098991924867,0.005,50.59816635735496,50.574999999999996,50.608426555338816,50.585,50.585,50.59816635735496,0.013166357354961633,0.0002603075791807361,IAGG,BNDX,2025-04-22,False
49.24,50.55,-0.0799999999999983,-0.030000000000001137,1.0266043866774979,1.0,1.026138446213651,1.0,1.0260525707711787,1.0,50.522828584772846,50.55,0.005130262853855894,0.005,50.51769832191899,50.544999999999995,50.5279588476267,50.555,50.5279588476267,50.544999999999995,0.017041152373295176,0.00033711478483274335,BNDX,IAGG,2025-04-23,False
49.45,50.71,0.21000000000000085,0.1600000000000037,1.0254802831142569,1.0,1.0261578326441476,1.0,1.026138446213651,1.0,50.74254616526504,50.71,0.005130692231068255,0.005,50.73741547303397,50.705,50.74767685749611,50.715,50.715,50.73741547303397,0.022415473033966293,0.00044203259779069794,IAGG,BNDX,2025-04-24,False
49.42,50.68,-0.030000000000001137,-0.030000000000001137,1.0254957507082152,1.0,1.026178766119949,1.0,1.0261578326441476,1.0,50.71272008927378,50.68,0.005130789163220738,0.005,50.70758930011056,50.675,50.717850878437,50.685,50.685,50.70758930011056,0.022589300110560373,0.0004457241537206072,IAGG,BNDX,2025-04-25,False
49.39,50.66,-0.030000000000001137,-0.020000000000003126,1.0257137072281837,1.0,1.0262764137918867,1.0,1.026178766119949,1.0,50.682969258664286,50.66,0.005130893830599745,0.005,50.67783836483369,50.654999999999994,50.68810015249488,50.665,50.665,50.67783836483369,0.012838364833690719,0.00025342212462871533,IAGG,BNDX,2025-04-28,False
49.43,50.72,0.03999999999999915,0.060000000000002274,1.0260975116326116,1.0,1.0263830099798261,1.0,1.0262764137918867,1.0,50.72884313373296,50.72,0.005131382068959434,0.005,50.723711751664,50.714999999999996,50.73397451580192,50.725,50.725,50.723711751664,-0.0012882483360030506,-2.5399217981132702e-05,IAGG,BNDX,2025-04-29,False
49.55,50.82,0.11999999999999744,0.10000000000000142,1.0256306760847629,1.0,1.026374353327378,1.0,1.0263830099798261,1.0,50.857278144500384,50.82,0.005131915049899131,0.005,50.85214622945048,50.815,50.862410059550285,50.825,50.825,50.85214622945048,0.027146229450480064,0.0005341642945785137,IAGG,BNDX,2025-04-30,False
49.34,50.74,-0.20999999999999375,-0.0799999999999983,1.0283745439805432,1.0,1.0264719006820788,1.0,1.026374353327378,1.0,50.64131059317283,50.74,0.00513187176663689,0.005,50.636178721406196,50.735,50.64644246493947,50.745000000000005,50.64644246493947,50.735,0.08855753506053077,0.001745319965717989,BNDX,IAGG,2025-05-01,True
49.23,50.66,-0.11000000000000654,-0.0800000000000054,1.0290473288645134,1.0,1.0265977365130596,1.0,1.0264719006820788,1.0,50.53321167057874,50.66,0.0051323595034103945,0.005,50.528079311075324,50.654999999999994,50.53834403008215,50.665,50.53834403008215,50.654999999999994,0.11665596991784355,0.002302723448832285,BNDX,IAGG,2025-05-02,False
49.23,50.67,0.0,0.010000000000005116,1.0292504570383914,1.0,1.0267358909868212,1.0,1.0265977365130596,1.0,50.53940656853792,50.67,0.005132988682565298,0.005,50.53427357985535,50.665,50.54453955722049,50.675000000000004,50.54453955722049,50.665,0.1204604427795104,0.002377352334310448,BNDX,IAGG,2025-05-05,False
49.24,50.72,0.010000000000005116,0.04999999999999716,1.0300568643379366,1.0,1.0268674693654045,1.0,1.0267358909868212,1.0,50.55647527219108,50.72,0.0051336794549341055,0.005,50.551341592736144,50.714999999999996,50.561608951646015,50.725,50.561608951646015,50.714999999999996,0.15339104835398132,0.003024271458083228,BNDX,IAGG,2025-05-06,False
49.4,50.78,0.1599999999999966,0.060000000000002274,1.0279352226720648,1.0,1.0270081030480271,1.0,1.0268674693654045,1.0,50.72725298665098,50.78,0.005134337346827023,0.005,50.72211864930416,50.775,50.732387323997806,50.785000000000004,50.732387323997806,50.775,0.042612676002192984,0.0008391625837375538,BNDX,IAGG,2025-05-07,False
49.16,50.61,-0.240000000000002,-0.1700000000000017,1.0294955248169244,1.0,1.0270475706975264,1.0,1.0270081030480271,1.0,50.48771834584101,50.61,0.005135040515240136,0.005,50.48258330532577,50.605,50.49285338635625,50.615,50.49285338635625,50.605,0.11214661364374479,0.002215898313450796,BNDX,IAGG,2025-05-08,False
49.18,50.68,0.020000000000003126,0.07000000000000028,1.0305002033346888,1.0,1.0272748085364456,1.0,1.0270475706975264,1.0,50.510199526904344,50.68,0.005135237853487632,0.005,50.50506428905086,50.675,50.51533476475783,50.685,50.51533476475783,50.675,0.1596652352421657,0.0031504584696559926,BNDX,IAGG,2025-05-09,False
48.97,50.52,-0.21000000000000085,-0.1599999999999966,1.0316520318562385,1.0,1.027477042031098,1.0,1.0272748085364456,1.0,50.30564737402974,50.52,0.005136374042682228,0.005,50.300510999987054,50.515,50.310783748072424,50.525000000000006,50.310783748072424,50.515,0.2042162519275763,0.00404228527172558,BNDX,IAGG,2025-05-12,False
48.93,50.52,-0.03999999999999915,0.0,1.0324954015941141,1.0,1.0277567947886108,1.0,1.027477042031098,1.0,50.27445166658162,50.52,0.00513738521015549,0.005,50.269314281371464,50.515,50.279589051791774,50.525000000000006,50.279589051791774,50.515,0.2354109482082265,0.004659757486306938,BNDX,IAGG,2025-05-13,False
48.84,50.39,-0.0899999999999963,-0.13000000000000256,1.0317362817362816,1.0,1.027987572986355,1.0,1.0277567947886108,1.0,50.195641857475756,50.39,0.005138783973943054,0.005,50.190503073501816,50.385,50.2007806414497,50.395,50.2007806414497,50.385,0.18421935855030114,0.003655871374286587,BNDX,IAGG,2025-05-14,False
49.05,50.59,0.20999999999999375,0.20000000000000284,1.0313965341488278,1.0,1.0282359929037983,1.0,1.027987572986355,1.0,50.42279045498071,50.59,0.005139937864931775,0.005,50.41765051711578,50.585,50.427930392845646,50.595000000000006,50.427930392845646,50.585,0.15706960715435514,0.003104756022027182,BNDX,IAGG,2025-05-15,False
49.07,50.61,0.020000000000003126,0.01999999999999602,1.0313837375178316,1.0,1.028516101419966,1.0,1.0282359929037983,1.0,50.45554017178938,50.61,0.005141179964518992,0.005,50.45039899182486,50.605,50.4606813517539,50.615,50.4606813517539,50.605,0.14431864824609875,0.002851583644459568,BNDX,IAGG,2025-05-16,False
49.13,50.69,0.060000000000002274,0.0799999999999983,1.0317524933848972,1.0,1.028782319299213,1.0,1.028516101419966,1.0,50.53099606276293,50.69,0.00514258050709983,0.005,50.52585348225583,50.684999999999995,50.53613864327003,50.695,50.53613864327003,50.684999999999995,0.1488613567299666,0.002936700665416583,BNDX,IAGG,2025-05-19,False
49.05,50.58,-0.0800000000000054,-0.10999999999999943,1.0311926605504587,1.0,1.029064580063962,1.0,1.028782319299213,1.0,50.46177276162639,50.58,0.0051439115964960645,0.005,50.456628850029894,50.574999999999996,50.46691667322289,50.585,50.46691667322289,50.574999999999996,0.10808332677710553,0.0021368787421333635,BNDX,IAGG,2025-05-20,False
48.83,50.42,-0.21999999999999886,-0.1599999999999966,1.0325619496211347,1.0,1.029362458211144,1.0,1.029064580063962,1.0,50.24922344452326,50.42,0.00514532290031981,0.005,50.24407812162294,50.415,50.25436876742358,50.425000000000004,50.25436876742358,50.415,0.16063123257642076,0.0031858633989770083,BNDX,IAGG,2025-05-21,False
48.9,50.49,0.07000000000000028,0.07000000000000028,1.032515337423313,1.0,1.0297142109265967,1.0,1.029362458211144,1.0,50.33582420652494,50.49,0.00514681229105572,0.005,50.33067739423388,50.485,50.340971018816,50.495000000000005,50.340971018816,50.485,0.14402898118400032,0.002852623909368198,BNDX,IAGG,2025-05-22,False
49.11,50.63,0.21000000000000085,0.14000000000000057,1.0309509264915497,1.0,1.0299869697157633,1.0,1.0297142109265967,1.0,50.56926489860516,50.63,0.005148571054632983,0.005,50.56411632755053,50.625,50.574413469659795,50.635000000000005,50.574413469659795,50.625,0.05058653034020466,0.0009991414248509709,BNDX,IAGG,2025-05-23,False
49.28,50.76,0.1700000000000017,0.12999999999999545,1.0300324675324675,1.0,1.0302029077309776,1.0,1.0299869697157633,1.0,50.757757867592815,50.76,0.005149934848578817,0.005,50.75260793274423,50.754999999999995,50.7629078024414,50.765,50.7629078024414,50.754999999999995,-0.007907802441401657,-0.00015578807016157717,BNDX,IAGG,2025-05-27,False
49.3,50.74,0.01999999999999602,-0.01999999999999602,1.0292089249492902,1.0,1.0303584783968116,1.0,1.0302029077309776,1.0,50.78900335113719,50.74,0.005151014538654888,0.005,50.783852336598535,50.735,50.794154365675844,50.745000000000005,50.745000000000005,50.783852336598535,0.03885233659853071,0.0007657141623675742,IAGG,BNDX,2025-05-28,False
49.38,50.82,0.0800000000000054,0.0799999999999983,1.0291616038882139,1.0,1.030535024786984,1.0,1.0303584783968116,1.0,50.87910166323456,50.82,0.005151792391984058,0.005,50.87394987084257,50.815,50.88425345562654,50.825,50.825,50.87394987084257,0.048949870842569965,0.0009632009217349462,IAGG,BNDX,2025-05-29,False
49.45,50.86,0.07000000000000028,0.03999999999999915,1.0285136501516683,1.0,1.0305419800955404,1.0,1.030535024786984,1.0,50.95995697571636,50.86,0.00515267512393492,0.005,50.95480430059242,50.855,50.9651096508403,50.865,50.865,50.95480430059242,0.0898043005924194,0.0017657157017778096,IAGG,BNDX,2025-05-30,False
49.3,50.82,-0.15000000000000568,-0.03999999999999915,1.0308316430020286,1.0,1.0306311958024161,1.0,1.0305419800955404,1.0,50.80571961871014,50.82,0.005152709900477702,0.005,50.800566908809664,50.815,50.81087232861062,50.825,50.81087232861062,50.815,0.0041276713893765304,8.122139687871961e-05,BNDX,IAGG,2025-06-02,True
49.3,50.85,0.0,0.030000000000001137,1.0314401622718055,1.0,1.0307406810640867,1.0,1.0306311958024161,1.0,50.81011795305911,50.85,0.005153155979012081,0.005,50.8049647970801,50.845,50.81527110903812,50.855000000000004,50.81527110903812,50.845,0.02972889096187714,0.0005846389569690686,BNDX,IAGG,2025-06-03,False
49.33,50.9,0.030000000000001137,0.04999999999999716,1.0318264747618082,1.0,1.0308291615852805,1.0,1.0307406810640867,1.0,50.846437796891394,50.9,0.005153703405320433,0.005,50.841284093486074,50.894999999999996,50.85159150029671,50.905,50.85159150029671,50.894999999999996,0.043408499703282644,0.0008528192476086963,BNDX,IAGG,2025-06-04,False
49.18,50.78,-0.14999999999999858,-0.11999999999999744,1.032533550223668,1.0,1.0310590779628606,1.0,1.0308291615852805,1.0,50.69617816676409,50.78,0.005154145807926403,0.005,50.691024020956164,50.775,50.70133231257202,50.785000000000004,50.70133231257202,50.775,0.07366768742797802,0.0014507224779042541,BNDX,IAGG,2025-06-05,False
49.2,50.77,0.020000000000003126,-0.00999999999999801,1.0319105691056911,1.0,1.0311798301772988,1.0,1.0310590779628606,1.0,50.72810663577274,50.77,0.005155295389814303,0.005,50.72295134038293,50.765,50.73326193116255,50.775000000000006,50.73326193116255,50.765,0.03173806883744845,0.0006251343083996149,BNDX,IAGG,2025-06-06,False
49.28,50.85,0.0799999999999983,0.0799999999999983,1.0318587662337662,1.0,1.0312477583222526,1.0,1.0311798301772988,1.0,50.81654203113728,50.85,0.005155899150886494,0.005,50.811386131986396,50.845,50.82169793028817,50.855000000000004,50.82169793028817,50.845,0.02330206971183202,0.00045825112510977417,BNDX,IAGG,2025-06-09,False
49.38,50.92,0.10000000000000142,0.07000000000000028,1.0311867152693397,1.0,1.031224492492908,1.0,1.0312477583222526,1.0,50.92301430595283,50.92,0.005156238791611263,0.005,50.91785806716122,50.915,50.92817054474445,50.925000000000004,50.925000000000004,50.91785806716122,-0.007141932838784726,-0.0001402579112094408,IAGG,BNDX,2025-06-10,False
49.37,50.97,-0.010000000000005116,0.04999999999999716,1.032408345148876,1.0,1.0312201396706457,1.0,1.031224492492908,1.0,50.91155319437486,50.97,0.00515612246246454,0.005,50.906397071912394,50.964999999999996,50.91670931683733,50.975,50.91670931683733,50.964999999999996,0.04829068316266927,0.0009474334542411079,BNDX,IAGG,2025-06-11,False
49.48,51.05,0.10999999999999943,0.0799999999999983,1.0317299919159257,1.0,1.031219825179628,1.0,1.0312201396706457,1.0,51.024772510903546,51.05,0.005156100698353229,0.005,51.019616410205195,51.044999999999995,51.029928611601896,51.055,51.029928611601896,51.044999999999995,0.015071388398098406,0.0002952279803741118,BNDX,IAGG,2025-06-12,False
49.32,50.89,-0.1599999999999966,-0.1599999999999966,1.0318329278183294,1.0,1.0312416448631032,1.0,1.031219825179628,1.0,50.859761777859255,50.89,0.005156099125898141,0.005,50.85460567873336,50.885,50.86491787698515,50.895,50.86491787698515,50.885,0.02008212301484491,0.00039461825535163904,BNDX,IAGG,2025-06-13,False
49.29,50.91,-0.030000000000001137,0.01999999999999602,1.0328667072428483,1.0,1.031315793349354,1.0,1.0312416448631032,1.0,50.829900675302355,50.91,0.0051562082243155165,0.005,50.82474446707804,50.904999999999994,50.83505688352667,50.915,50.83505688352667,50.904999999999994,0.06994311647332552,0.001373858111831183,BNDX,IAGG,2025-06-16,False
49.33,50.94,0.03999999999999915,0.030000000000001137,1.032637340360835,1.0,1.031360035698151,1.0,1.031315793349354,1.0,50.87480808592363,50.94,0.00515657896674677,0.005,50.869651506956885,50.934999999999995,50.87996466489038,50.945,50.87996466489038,50.934999999999995,0.05503533510961489,0.0010803952710956987,BNDX,IAGG,2025-06-17,False
49.42,51.02,0.09000000000000341,0.0800000000000054,1.0323755564548767,1.0,1.031419180493372,1.0,1.031360035698151,1.0,50.96981296420262,51.02,0.005156800178490755,0.005,50.96465616402413,51.015,50.97496976438111,51.025000000000006,50.97496976438111,51.015,0.04003023561889307,0.0007845988949214636,BNDX,IAGG,2025-06-18,False
49.42,51.02,0.0,0.0,1.0323755564548767,1.0,1.0314098608350588,1.0,1.031419180493372,1.0,50.97273589998244,51.02,0.0051570959024668595,0.005,50.96757880407997,51.015,50.97789299588491,51.025000000000006,50.97789299588491,51.015,0.037107004115092934,0.0007273030990806142,BNDX,IAGG,2025-06-20,False
49.46,51.05,0.03999999999999915,0.02999999999999403,1.0321471896482004,1.0,1.0313914534463033,1.0,1.0314098608350588,1.0,51.01353171690201,51.05,0.005157049304175294,0.005,51.008374667597835,51.044999999999995,51.01868876620618,51.055,51.01868876620618,51.044999999999995,0.026311233793812505,0.0005154012496339374,BNDX,IAGG,2025-06-23,False
49.47,51.07,0.00999999999999801,0.020000000000003126,1.032342834040833,1.0,1.0314610488237674,1.0,1.0313914534463033,1.0,51.02293520198862,51.07,0.005156957267231517,0.005,51.01777824472139,51.065,51.028092159255856,51.075,51.028092159255856,51.065,0.036907840744142106,0.0007226912227167047,BNDX,IAGG,2025-06-24,False
49.43,51.04,-0.03999999999999915,-0.030000000000001137,1.0325713129678333,1.0,1.0315879910955357,1.0,1.0314610488237674,1.0,50.98511964335882,51.04,0.005157305244118837,0.005,50.9799623381147,51.035,50.99027694860294,51.045,50.99027694860294,51.035,0.04472305139705668,0.0008762353330144334,BNDX,IAGG,2025-06-25,False
49.48,51.09,0.04999999999999716,0.05000000000000426,1.0325383993532742,1.0,1.0317544648157349,1.0,1.0315879910955357,1.0,51.0429737994071,51.09,0.005157939955477678,0.005,51.03781585945162,51.085,51.04813173936258,51.095000000000006,51.04813173936258,51.085,0.036868260637419326,0.0007216336002626605,BNDX,IAGG,2025-06-26,False
49.46,51.07,-0.01999999999999602,-0.020000000000003126,1.0325515568135868,1.0,1.0319239624620036,1.0,1.0317544648157349,1.0,51.030575829786244,51.07,0.005158772324078674,0.005,51.025417057462164,51.065,51.035734602110324,51.075,51.035734602110324,51.065,0.02926539788967375,0.0005730447990928872,BNDX,IAGG,2025-06-27,False
49.51,51.09,0.04999999999999716,0.020000000000003126,1.0319127449000203,1.0,1.032093917199421,1.0,1.0319239624620036,1.0,51.09055538149379,51.09,0.005159619812310018,0.005,51.08539576168148,51.085,51.095715001306104,51.095000000000006,51.095000000000006,51.08539576168148,-0.009604238318523528,-0.00018798665724258226,IAGG,BNDX,2025-06-30,False
49.45,51.15,-0.05999999999999517,0.05999999999999517,1.0343781597573305,1.0,1.032271243037186,1.0,1.032093917199421,1.0,51.03704420551137,51.15,0.005160469585997105,0.005,51.031883735925376,51.144999999999996,51.042204675097366,51.155,51.042204675097366,51.144999999999996,0.10279532490262966,0.002009683771312408,BNDX,IAGG,2025-07-01,True
49.29,51.0,-0.1600000000000037,-0.14999999999999858,1.0346926354230068,1.0,1.0324338666947461,1.0,1.032271243037186,1.0,50.8806495693029,51.0,0.0051613562151859305,0.005,50.87548821308772,50.995,50.885810925518086,51.005,50.885810925518086,50.995,0.10918907448191106,0.002140962244743354,BNDX,IAGG,2025-07-02,False
49.37,51.09,0.0799999999999983,0.09000000000000341,1.0348389710350416,1.0,1.032584491508408,1.0,1.0324338666947461,1.0,50.97125999871962,51.09,0.005162169333473731,0.005,50.96609782938614,51.085,50.97642216805309,51.095000000000006,50.97642216805309,51.085,0.10857783194690995,0.0021252266969448022,BNDX,IAGG,2025-07-03,False
49.31,51.02,-0.05999999999999517,-0.07000000000000028,1.0346785641857636,1.0,1.0326917422065127,1.0,1.032584491508408,1.0,50.916741276279595,51.02,0.005162922457542039,0.005,50.91157835382205,51.015,50.92190419873714,51.025000000000006,50.92190419873714,51.015,0.09309580126286221,0.0018246923022905174,BNDX,IAGG,2025-07-07,False
49.19,50.95,-0.12000000000000455,-0.07000000000000028,1.0357796300060989,1.0,1.032885195251533,1.0,1.0326917422065127,1.0,50.79810679913836,50.95,0.005163458711032564,0.005,50.79294334042733,50.945,50.80327025784939,50.955000000000005,50.80327025784939,50.945,0.14172974215060918,0.0027817417497666176,BNDX,IAGG,2025-07-08,False
49.28,51.03,0.09000000000000341,0.0799999999999983,1.0355113636363635,1.0,1.033067825121663,1.0,1.032885195251533,1.0,50.900582421995544,51.03,0.005164425976257665,0.005,50.89541799601928,51.025,50.905746847971805,51.035000000000004,50.905746847971805,51.025,0.1192531520281932,0.0023369224383341797,BNDX,IAGG,2025-07-09,False
49.23,50.94,-0.05000000000000426,-0.09000000000000341,1.0347349177330896,1.0,1.0332452352448505,1.0,1.033067825121663,1.0,50.85792903073946,50.94,0.005165339125608315,0.005,50.85276369161385,50.934999999999995,50.863094369865074,50.945,50.863094369865074,50.934999999999995,0.07190563013492124,0.0014115749928331615,BNDX,IAGG,2025-07-10,False
49.11,50.88,-0.11999999999999744,-0.05999999999999517,1.036041539401344,1.0,1.033426894957474,1.0,1.0332452352448505,1.0,50.7426735028746,50.88,0.0051662261762242525,0.005,50.73750727669838,50.875,50.747839729050824,50.885000000000005,50.747839729050824,50.875,0.12716027094917592,0.002499219161736948,BNDX,IAGG,2025-07-11,False
49.11,50.88,0.0,0.0,1.036041539401344,1.0,1.0336424723317448,1.0,1.033426894957474,1.0,50.75159481136155,50.88,0.00516713447478737,0.005,50.74642767688676,50.875,50.75676194583634,50.885000000000005,50.75676194583634,50.875,0.11823805416366184,0.0023238611274304607,BNDX,IAGG,2025-07-14,False
49.12,50.85,0.00999999999999801,-0.030000000000001137,1.0352198697068404,1.0,1.0338118194261703,1.0,1.0336424723317448,1.0,50.7725182409353,50.85,0.005168212361658724,0.005,50.76735002857364,50.845,50.77768645329696,50.855000000000004,50.77768645329696,50.845,0.06731354670304057,0.0013237668968149572,BNDX,IAGG,2025-07-15,False
49.24,50.95,0.12000000000000455,0.10000000000000142,1.034727863525589,1.0,1.0339048772403074,1.0,1.0338118194261703,1.0,50.90489398854463,50.95,0.005169059097130851,0.005,50.8997249294475,50.945,50.910063047641756,50.955000000000005,50.910063047641756,50.945,0.0349369523582439,0.0006857105467761315,BNDX,IAGG,2025-07-16,False
49.21,50.92,-0.030000000000001137,-0.030000000000001137,1.0347490347490347,1.0,1.0340104619597175,1.0,1.0339048772403074,1.0,50.87845900899553,50.92,0.005169524386201537,0.005,50.87328948460932,50.915,50.88362853338173,50.925000000000004,50.88362853338173,50.915,0.03137146661826762,0.0006160932171694347,BNDX,IAGG,2025-07-17,False
49.19,50.93,-0.020000000000003126,0.00999999999999801,1.035373043301484,1.0,1.0341603363020477,1.0,1.0340104619597175,1.0,50.8629746237985,50.93,0.0051700523097985875,0.005,50.8578045714887,50.925,50.8681446761083,50.935,50.8681446761083,50.925,0.05685532389169623,0.0011163425072000044,BNDX,IAGG,2025-07-18,False
49.35,51.04,0.1600000000000037,0.10999999999999943,1.0342451874366767,1.0,1.0342538178511378,1.0,1.0341603363020477,1.0,51.035812596506055,51.04,0.005170801681510239,0.005,51.03064179482455,51.035,51.040983398187564,51.045,51.040983398187564,51.035,-0.005983398187566991,-0.00011722958831440029,BNDX,IAGG,2025-07-21,False
49.39,51.08,0.03999999999999915,0.03999999999999915,1.0342174529256933,1.0,1.0343573310150123,1.0,1.0342538178511378,1.0,51.081796063667696,51.08,0.005171269089255689,0.005,51.07662479457844,51.074999999999996,51.08696733275695,51.085,51.085,51.07662479457844,-0.008375205421558007,-0.00016396251804146452,IAGG,BNDX,2025-07-22,False
49.22,50.95,-0.1700000000000017,-0.12999999999999545,1.0351483136936206,1.0,1.0344976049976518,1.0,1.0343573310150123,1.0,50.9110678325589,50.95,0.005171786655075061,0.005,50.90589604590382,50.945,50.916239619213975,50.955000000000005,50.916239619213975,50.945,0.028760380786025053,0.0005644824491859677,BNDX,IAGG,2025-07-23,False
49.14,50.89,-0.0799999999999983,-0.060000000000002274,1.0356125356125356,1.0,1.034649666129887,1.0,1.0344976049976518,1.0,50.835212309584605,50.89,0.005172488024988259,0.005,50.830039821559616,50.885,50.840384797609595,50.895,50.840384797609595,50.885,0.0446152023904034,0.0008766988090077304,BNDX,IAGG,2025-07-24,False
49.25,50.96,0.10999999999999943,0.07000000000000028,1.0347208121827411,1.0,1.0347587867713604,1.0,1.034649666129887,1.0,50.95649605689693,50.96,0.005173248330649435,0.005,50.95132280856628,50.955,50.96166930522758,50.965,50.96166930522758,50.955,-0.006669305227582356,-0.00013087333649101956,BNDX,IAGG,2025-07-25,False
49.31,50.98,0.060000000000002274,0.01999999999999602,1.0338673697018859,1.0,1.0348245774157752,1.0,1.0347587867713604,1.0,51.02395577569578,50.98,0.005173793933856802,0.005,51.018781981761926,50.974999999999994,51.02912956962964,50.985,50.985,51.018781981761926,0.03378198176192626,0.0006626516626505741,IAGG,BNDX,2025-07-28,False
49.37,51.04,0.05999999999999517,0.060000000000002274,1.0338262102491391,1.0,1.0349202506832313,1.0,1.0348245774157752,1.0,51.08928938701682,51.04,0.005174122887078876,0.005,51.08411526412974,51.035,51.094463509903896,51.045,51.045,51.08411526412974,0.03911526412974098,0.0007663648928240787,IAGG,BNDX,2025-07-29,False
49.31,50.94,-0.05999999999999517,-0.10000000000000142,1.0330561752180085,1.0,1.034854151456265,1.0,1.0349202506832313,1.0,51.03191756119014,50.94,0.005174601253416157,0.005,51.026742959936726,50.934999999999995,51.03709216244356,50.945,50.945,51.026742959936726,0.08174295993672587,0.0016046910077881012,IAGG,BNDX,2025-07-30,False
49.35,51.04,0.03999999999999915,0.10000000000000142,1.0342451874366767,1.0,1.0348317790569486,1.0,1.034854151456265,1.0,51.07005237436668,51.04,0.005174270757281325,0.005,51.0648781036094,51.035,51.07522664512396,51.045,51.045,51.0648781036094,0.019878103609400455,0.0003894612776136453,IAGG,BNDX,2025-07-31,False
49.41,51.19,0.05999999999999517,0.14999999999999858,1.0360250961343858,1.0,1.0348910853119158,1.0,1.0348317790569486,1.0,51.13103820320382,51.19,0.005174158895284743,0.005,51.125864044308535,51.184999999999995,51.13621236209911,51.195,51.13621236209911,51.184999999999995,0.04878763790088669,0.0009530696991773139,BNDX,IAGG,2025-08-01,True
49.47,51.24,0.060000000000002274,0.05000000000000426,1.0357792601576714,1.0,1.034946120110511,1.0,1.0348910853119158,1.0,51.19606199038047,51.24,0.005174455426559579,0.005,51.19088753495391,51.235,51.201236445807034,51.245000000000005,51.201236445807034,51.235,0.03376355419296573,0.0006589296290586598,BNDX,IAGG,2025-08-04,False
49.47,51.24,0.0,0.0,1.0357792601576714,1.0,1.0349461016180899,1.0,1.034946120110511,1.0,51.19878456186698,51.24,0.005174730600552555,0.005,51.19360983126643,51.235,51.20395929246753,51.245000000000005,51.20395929246753,51.235,0.031040707532469014,0.0006057905451301524,BNDX,IAGG,2025-08-05,False
49.42,51.21,-0.04999999999999716,-0.030000000000001137,1.036220153783893,1.0,1.0349815411254664,1.0,1.0349461016180899,1.0,51.147036341966,51.21,0.00517473050809045,0.005,51.14186161145791,51.205,51.15221107247409,51.215,51.15221107247409,51.205,0.05278892752590991,0.0010308324062860753,BNDX,IAGG,2025-08-06,False
49.44,51.22,0.01999999999999602,0.00999999999999801,1.0360032362459548,1.0,1.0350449570511095,1.0,1.0349815411254664,1.0,51.16948739324305,51.22,0.005174907705627332,0.005,51.16431248553742,51.214999999999996,51.17466230094868,51.225,51.17466230094868,51.214999999999996,0.04033769905131379,0.0007875380525441975,BNDX,IAGG,2025-08-07,False
49.36,51.13,-0.0799999999999983,-0.0899999999999963,1.0358589951377635,1.0,1.0350358298379305,1.0,1.0350449570511095,1.0,51.089819080042766,51.13,0.005175224785255548,0.005,51.08464385525751,51.125,51.09499430482802,51.135000000000005,51.09499430482802,51.125,0.030005695171979596,0.0005868510692739995,BNDX,IAGG,2025-08-08,False
49.34,51.14,-0.01999999999999602,0.00999999999999801,1.0364815565464125,1.0,1.0350578306951839,1.0,1.0350358298379305,1.0,51.068667844203496,51.14,0.005175179149189653,0.005,51.063492665054305,51.135,51.07384302335269,51.145,51.07384302335269,51.135,0.06115697664731101,0.001195873614534826,BNDX,IAGG,2025-08-11,False
49.28,51.09,-0.060000000000002274,-0.04999999999999716,1.036728896103896,1.0,1.0351332820150367,1.0,1.0350578306951839,1.0,51.00764989665866,51.09,0.005175289153475919,0.005,51.002474607505185,51.085,51.01282518581214,51.095000000000006,51.01282518581214,51.085,0.07217481418786065,0.0014126994360512946,BNDX,IAGG,2025-08-12,False
49.44,51.19,0.1599999999999966,0.09999999999999432,1.0353964401294498,1.0,1.0351667108452298,1.0,1.0351332820150367,1.0,51.176989462823414,51.19,0.005175666410075184,0.005,51.17181379641334,51.184999999999995,51.18216512923349,51.195,51.18216512923349,51.184999999999995,0.0028348707665060147,5.5379385944637915e-05,BNDX,IAGG,2025-08-13,False
49.32,51.1,-0.11999999999999744,-0.0899999999999963,1.0360908353609084,1.0,1.0352338008758235,1.0,1.0351667108452298,1.0,51.05442217888673,51.1,0.005175833554226149,0.005,51.049246345332506,51.095,51.05959801244096,51.105000000000004,51.05959801244096,51.095,0.035401987559041004,0.000692798190979276,BNDX,IAGG,2025-08-14,False
49.14,50.98,-0.17999999999999972,-0.12000000000000455,1.0374440374440375,1.0,1.035337350582951,1.0,1.0352338008758235,1.0,50.871388975037966,50.98,0.005176169004379117,0.005,50.86621280603359,50.974999999999994,50.876565144042345,50.985,50.876565144042345,50.974999999999994,0.09843485595764889,0.0019308524118801275,BNDX,IAGG,2025-08-15,False
49.17,50.97,0.030000000000001137,-0.00999999999999801,1.036607687614399,1.0,1.0354554755918373,1.0,1.035337350582951,1.0,50.90753752816371,50.97,0.0051766867529147555,0.005,50.90236084141079,50.964999999999996,50.912714214916626,50.975,50.912714214916626,50.964999999999996,0.05228578508337023,0.0010258148927480917,BNDX,IAGG,2025-08-18,False
49.23,50.99,0.05999999999999517,0.020000000000003126,1.0357505586024782,1.0,1.0355321308756764,1.0,1.0354554755918373,1.0,50.97547306338615,50.99,0.005177277377959187,0.005,50.97029578600819,50.985,50.98065034076411,50.995000000000005,50.98065034076411,50.985,0.004349659235892034,8.530416230421718e-05,BNDX,IAGG,2025-08-19,False
49.3,51.05,0.07000000000000028,0.05999999999999517,1.0354969574036512,1.0,1.035549563061178,1.0,1.0355321308756764,1.0,51.05173405217084,51.05,0.005177660654378382,0.005,51.04655639151647,51.044999999999995,51.05691171282522,51.055,51.055,51.04655639151647,-0.008443608483531762,-0.00016539879497613638,IAGG,BNDX,2025-08-20,False
49.2,50.94,-0.09999999999999432,-0.10999999999999943,1.0353658536585364,1.0,1.0355372289634779,1.0,1.035549563061178,1.0,50.94903850260996,50.94,0.0051777478153058895,0.005,50.943860754794656,50.934999999999995,50.95421625042526,50.945,50.945,50.943860754794656,-0.0011392452053442526,-2.236445240173248e-05,IAGG,BNDX,2025-08-21,False
49.28,51.07,0.0799999999999983,0.13000000000000256,1.036323051948052,1.0,1.0356173409517435,1.0,1.0355372289634779,1.0,51.03127464332019,51.07,0.00517768614481739,0.005,51.02609695717537,51.065,51.03645232946501,51.075,51.03645232946501,51.065,0.028547670534990743,0.0005589910032306783,BNDX,IAGG,2025-08-22,False
49.18,50.96,-0.10000000000000142,-0.10999999999999943,1.0361935746238309,1.0,1.0357336511978408,1.0,1.0356173409517435,1.0,50.93166082800675,50.96,0.005178086704758718,0.005,50.92648274130199,50.955,50.93683891471151,50.965,50.93683891471151,50.955,0.018161085288490142,0.00035637922465639997,BNDX,IAGG,2025-08-25,False
49.26,51.04,0.0799999999999983,0.0799999999999983,1.0361347949654893,1.0,1.0358490804336582,1.0,1.0357336511978408,1.0,51.020239658005636,51.04,0.005178668255989204,0.005,51.01506098974965,51.035,51.02541832626162,51.045,51.02541832626162,51.035,0.009581673738374263,0.00018772871744463684,BNDX,IAGG,2025-08-26,False
49.27,51.03,0.010000000000005116,-0.00999999999999801,1.0357215344022732,1.0,1.0359823483928714,1.0,1.0358490804336582,1.0,51.03628419296634,51.03,0.005179245402168291,0.005,51.031104947564174,51.025,51.04146343836851,51.035000000000004,51.035000000000004,51.031104947564174,-0.003895052435829882,-7.632867795081093e-05,IAGG,BNDX,2025-08-27,False
49.31,51.09,0.03999999999999915,0.060000000000002274,1.0360981545325492,1.0,1.0360749967476652,1.0,1.0359823483928714,1.0,51.08428959925249,51.09,0.005179911741964357,0.005,51.07910968751053,51.085,51.089469510994455,51.095000000000006,51.089469510994455,51.085,-0.00446951099445414,-8.748308855850733e-05,BNDX,IAGG,2025-08-28,False
49.31,51.05,0.0,-0.04000000000000625,1.0352869600486716,1.0,1.0360380899433794,1.0,1.0360749967476652,1.0,51.08885808962737,51.05,0.005180374983738327,0.005,51.083677714643635,51.044999999999995,51.09403846461111,51.055,51.055,51.083677714643635,0.028677714643635,0.0005617573877303624,IAGG,BNDX,2025-08-29,False
49.0,50.92,-0.3100000000000023,-0.12999999999999545,1.0391836734693878,1.0,1.0362083106089652,1.0,1.0360380899433794,1.0,50.765866407225595,50.92,0.005180190449716897,0.005,50.76068621677588,50.915,50.77104659767531,50.925000000000004,50.77104659767531,50.915,0.14395340232469067,0.0028270503205948677,BNDX,IAGG,2025-09-02,True
49.14,51.03,0.14000000000000057,0.10999999999999943,1.0384615384615385,1.0,1.0363424245241588,1.0,1.0362083106089652,1.0,50.91927638332455,51.03,0.005181041553044826,0.005,50.91409534177151,51.025,50.924457424877595,51.035000000000004,50.924457424877595,51.025,0.10054257512240383,0.0019702640627553172,BNDX,IAGG,2025-09-03,False
49.25,51.14,0.10999999999999943,0.10999999999999943,1.0383756345177666,1.0,1.0364501985608523,1.0,1.0363424245241588,1.0,51.03986440781482,51.14,0.005181712122620794,0.005,51.0346826956922,51.135,51.04504611993744,51.145,51.04504611993744,51.135,0.08995388006255922,0.0017589730164755421,BNDX,IAGG,2025-09-04,False
49.4,51.25,0.14999999999999858,0.10999999999999943,1.0374493927125505,1.0,1.036522506384182,1.0,1.0364501985608523,1.0,51.200639808906104,51.25,0.005182250992804262,0.005,51.1954575579133,51.245,51.20582205989891,51.255,51.20582205989891,51.245,0.03917794010109077,0.0007644476117286004,BNDX,IAGG,2025-09-05,False
49.44,51.3,0.03999999999999915,0.04999999999999716,1.037621359223301,1.0,1.036610624588459,1.0,1.036522506384182,1.0,51.24567271563396,51.3,0.005182612531920911,0.005,51.24049010310204,51.294999999999995,51.250855328165876,51.305,51.250855328165876,51.294999999999995,0.0441446718341183,0.000860519918793729,BNDX,IAGG,2025-09-08,False
49.42,51.27,-0.01999999999999602,-0.02999999999999403,1.037434237150951,1.0,1.036658258618686,1.0,1.036610624588459,1.0,51.229297067161646,51.27,0.005183053122942295,0.005,51.224114014038705,51.265,51.23448012028459,51.275000000000006,51.23448012028459,51.265,0.030519879715413367,0.0005952775446735589,BNDX,IAGG,2025-09-09,False
49.48,51.31,0.05999999999999517,0.03999999999999915,1.0369846402586904,1.0,1.0366710458264257,1.0,1.036658258618686,1.0,51.29385063645258,51.31,0.00518329129309343,0.005,51.28866734515949,51.305,51.299033927745675,51.315000000000005,51.299033927745675,51.305,0.005966072254324217,0.00011627503906303289,BNDX,IAGG,2025-09-10,False
49.51,51.34,0.030000000000001137,0.030000000000001137,1.0369622298525552,1.0,1.036749335312581,1.0,1.0366710458264257,1.0,51.325583478866335,51.34,0.005183355229132129,0.005,51.3204001236372,51.335,51.33076683409547,51.345000000000006,51.33076683409547,51.335,0.004233165904530267,8.245356261258798e-05,BNDX,IAGG,2025-09-11,False
49.41,51.26,-0.10000000000000142,-0.0800000000000054,1.0374418133980976,1.0,1.0368168842144403,1.0,1.036749335312581,1.0,51.22578465779462,51.26,0.005183746676562905,0.005,51.220600911118055,51.254999999999995,51.230968404471184,51.265,51.230968404471184,51.254999999999995,0.024031595528811067,0.00046881770442471843,BNDX,IAGG,2025-09-12,False
49.46,51.32,0.05000000000000426,0.060000000000002274,1.0376061463809139,1.0,1.0368249896612842,1.0,1.0368168842144403,1.0,51.28096309324622,51.32,0.005184084421072202,0.005,51.27577900882515,51.315,51.286147177667296,51.325,51.286147177667296,51.315,0.028852822332702033,0.0005622139971298136,BNDX,IAGG,2025-09-15,False
49.47,51.3,0.00999999999999801,-0.020000000000003126,1.0369921164342024,1.0,1.0368442111022742,1.0,1.0368249896612842,1.0,51.29173223854373,51.3,0.005184124948306421,0.005,51.28654811359542,51.294999999999995,51.29691636349204,51.305,51.29691636349204,51.294999999999995,-0.0019163634920431605,-3.735601349012009e-05,BNDX,IAGG,2025-09-16,False
49.46,51.35,-0.00999999999999801,0.05000000000000426,1.0382126971289931,1.0,1.0369673180286,1.0,1.0368442111022742,1.0,51.282314681118486,51.35,0.005184221055511371,0.005,51.27713046006298,51.345,51.28749890217399,51.355000000000004,51.28749890217399,51.345,0.05750109782600532,0.0011197876889192857,BNDX,IAGG,2025-09-17,False
49.39,51.29,-0.07000000000000028,-0.060000000000002274,1.0384693257744482,1.0,1.0371159364471398,1.0,1.0369673180286,1.0,51.21581583743256,51.29,0.005184836590143,0.005,51.21063100084241,51.285,51.221000674022704,51.295,51.221000674022704,51.285,0.06399932597729219,0.0012477934485726689,BNDX,IAGG,2025-09-18,False
49.39,51.28,0.0,-0.00999999999999801,1.0382668556387933,1.0,1.0372609865461528,1.0,1.0371159364471398,1.0,51.22315610112424,51.28,0.005185579682235699,0.005,51.217970521442005,51.275,51.22834168080647,51.285000000000004,51.22834168080647,51.275,0.0466583191935257,0.0009098736192185198,BNDX,IAGG,2025-09-19,False
49.39,51.26,0.0,-0.020000000000003126,1.0378619153674833,1.0,1.0373379297171244,1.0,1.0372609865461528,1.0,51.23032012551449,51.26,0.005186304932730764,0.005,51.22513382058176,51.254999999999995,51.23550643044722,51.265,51.23550643044722,51.254999999999995,0.019493569552778922,0.0003802881301751643,BNDX,IAGG,2025-09-22,False
49.38,51.28,-0.00999999999999801,0.020000000000003126,1.0384771162413933,1.0,1.0374521067980025,1.0,1.0373379297171244,1.0,51.2237469694316,51.28,0.005186689648585622,0.005,51.21856027978301,51.275,51.22893365908019,51.285000000000004,51.22893365908019,51.275,0.04606634091980766,0.0008983295811194941,BNDX,IAGG,2025-09-23,False
49.38,51.21,0.0,-0.07000000000000028,1.037059538274605,1.0,1.0374983439634582,1.0,1.0374521067980025,1.0,51.22938503368537,51.21,0.005187260533990013,0.005,51.22419777315138,51.205,51.234572294219355,51.215,51.215,51.22419777315138,0.00919777315137793,0.00017960892699429664,IAGG,BNDX,2025-09-24,False
49.35,51.17,-0.030000000000001137,-0.03999999999999915,1.0368794326241135,1.0,1.0375562388745503,1.0,1.0374983439634582,1.0,51.20054327459666,51.17,0.005187491719817291,0.005,51.195355782876845,51.165,51.20573076631648,51.175000000000004,51.175000000000004,51.195355782876845,0.020355782876841033,0.0003978069743373272,IAGG,BNDX,2025-09-25,False
49.39,51.22,0.03999999999999915,0.04999999999999716,1.0370520348248633,1.0,1.0376039328891662,1.0,1.0375562388745503,1.0,51.24490263801404,51.22,0.005187781194372751,0.005,51.23971485681967,51.214999999999996,51.25009041920841,51.225,51.225,51.23971485681967,0.014714856819665556,0.00028728732564751183,IAGG,BNDX,2025-09-26,False
49.45,51.29,0.060000000000002274,0.07000000000000028,1.0372093023255813,1.0,1.0377000500030114,1.0,1.0376039328891662,1.0,51.30951448136927,51.29,0.005188019664445831,0.005,51.304326461704825,51.285,51.314702501033715,51.295,51.295,51.304326461704825,0.00932646170482343,0.00018183781838220764,IAGG,BNDX,2025-09-29,False
49.46,51.23,0.00999999999999801,-0.060000000000002274,1.0357864941366761,1.0,1.037530191036376,1.0,1.0377000500030114,1.0,51.32464447314894,51.23,0.005188500250015057,0.005,51.31945597289893,51.224999999999994,51.32983297339896,51.235,51.235,51.31945597289893,0.08445597289892959,0.0016485647647653638,IAGG,BNDX,2025-09-30,False
49.38,51.27,-0.0799999999999983,0.04000000000000625,1.0382746051032807,1.0,1.037520844368463,1.0,1.037530191036376,1.0,51.23324083337624,51.27,0.005187650955181879,0.005,51.228053182421064,51.265,51.23842848433142,51.275000000000006,51.23842848433142,51.265,0.026571515668578627,0.0005182663481290936,BNDX,IAGG,2025-10-01,True
49.41,51.32,0.02999999999999403,0.04999999999999716,1.0386561424812792,1.0,1.0375348697666387,1.0,1.037520844368463,1.0,51.26390492024575,51.32,0.005187604221842315,0.005,51.258717316023905,51.315,51.269092524467595,51.325,51.269092524467595,51.315,0.045907475532402486,0.0008945338178566346,BNDX,IAGG,2025-10-02,False
49.41,51.35,0.0,0.030000000000001137,1.03926330702287,1.0,1.0376255654821545,1.0,1.0375348697666387,1.0,51.26459791516961,51.35,0.005187674348833194,0.005,51.25941024082078,51.345,51.26978558951844,51.355000000000004,51.26978558951844,51.345,0.07521441048155708,0.0014647402235941009,BNDX,IAGG,2025-10-03,False
49.3,51.28,-0.10999999999999943,-0.07000000000000028,1.0401622718052739,1.0,1.0377526111112532,1.0,1.0376255654821545,1.0,51.15494037827021,51.28,0.0051881278274107726,0.005,51.1497522504428,51.275,51.16012850609762,51.285000000000004,51.16012850609762,51.275,0.11487149390237761,0.002240083734445741,BNDX,IAGG,2025-10-06,False
49.34,51.29,0.04000000000000625,0.00999999999999801,1.0395216862586136,1.0,1.0378569835666362,1.0,1.0377526111112532,1.0,51.202713832229236,51.29,0.005188763055556266,0.005,51.19752506917368,51.285,51.20790259528479,51.295,51.20790259528479,51.285,0.07709740471520377,0.0015031664011542945,BNDX,IAGG,2025-10-07,False
49.47,51.38,0.12999999999999545,0.09000000000000341,1.0386092581362443,1.0,1.037938214460514,1.0,1.0378569835666362,1.0,51.3427849770415,51.38,0.005189284917833182,0.005,51.337595692123664,51.375,51.34797426195933,51.385000000000005,51.34797426195933,51.375,0.027025738040670433,0.0005259972370702692,BNDX,IAGG,2025-10-08,False
49.4,51.35,-0.07000000000000028,-0.030000000000001137,1.0394736842105263,1.0,1.0380637871784126,1.0,1.037938214460514,1.0,51.27414779434939,51.35,0.00518969107230257,0.005,51.268958103277086,51.345,51.27933748542169,51.355000000000004,51.27933748542169,51.345,0.06566251457830674,0.001278724724017658,BNDX,IAGG,2025-10-09,False
49.61,51.5,0.21000000000000085,0.14999999999999858,1.0380971578310825,1.0,1.0380965544000618,1.0,1.0380637871784126,1.0,51.49834448192105,51.5,0.005190318935892064,0.005,51.49315416298516,51.495,51.50353480085695,51.505,51.50353480085695,51.495,-0.008534800856949687,-0.00016572428848445994,BNDX,IAGG,2025-10-10,False
49.66,51.53,0.04999999999999716,0.030000000000001137,1.0376560612162706,1.0,1.0380990501418297,1.0,1.0380965544000618,1.0,51.55187489150706,51.53,0.005190482772000309,0.005,51.54668440873506,51.525,51.55706537427906,51.535000000000004,51.535000000000004,51.54668440873506,0.011684408735057161,0.0002267496358443074,IAGG,BNDX,2025-10-13,False
49.71,51.6,0.05000000000000426,0.07000000000000028,1.0380205190102596,1.0,1.0381504702706326,1.0,1.0380990501418297,1.0,51.603903782550354,51.6,0.005190495250709149,0.005,51.598713287299645,51.595,51.60909427780106,51.605000000000004,51.605000000000004,51.598713287299645,-0.006286712700358521,-0.00012183551744880855,IAGG,BNDX,2025-10-14,False
49.77,51.65,0.060000000000002274,0.04999999999999716,1.0377737592927465,1.0,1.0381285233788202,1.0,1.0381504702706326,1.0,51.668748905369384,51.65,0.005190752351353163,0.005,51.66355815301803,51.644999999999996,51.67393965772074,51.655,51.655,51.66355815301803,0.008558153018029202,0.00016569512135584127,IAGG,BNDX,2025-10-15,False
49.88,51.78,0.10999999999999943,0.13000000000000256,1.0380914194065758,1.0,1.0381096280604267,1.0,1.0381285233788202,1.0,51.781850746135554,51.78,0.005190642616894101,0.005,51.77666010351866,51.775,51.78704138875245,51.785000000000004,51.785000000000004,51.77666010351866,-0.008339896481345477,-0.0001610640494659227,IAGG,BNDX,2025-10-16,False
49.8,51.69,-0.0800000000000054,-0.09000000000000341,1.0379518072289158,1.0,1.0380938756399327,1.0,1.0381096280604267,1.0,51.697859477409246,51.69,0.005190548140302133,0.005,51.69266892926894,51.684999999999995,51.70305002554955,51.695,51.695,51.69266892926894,-0.002331070731059981,-4.5097131573998474e-05,IAGG,BNDX,2025-10-17,False
49.84,51.7,0.04000000000000625,0.010000000000005116,1.0373194221508828,1.0,1.0380667509791026,1.0,1.0380938756399327,1.0,51.73859876189425,51.7,0.005190469378199664,0.005,51.73340829251605,51.695,51.74378923127245,51.705000000000005,51.705000000000005,51.73340829251605,0.028408292516047595,0.0005494834142368974,IAGG,BNDX,2025-10-20,False
49.88,51.76,0.03999999999999915,0.05999999999999517,1.037690457097033,1.0,1.0380274180218847,1.0,1.0380667509791026,1.0,51.77876953883764,51.76,0.005190333754895513,0.005,51.77357920508275,51.754999999999995,51.78395987259254,51.765,51.765,51.77357920508275,0.008579205082746455,0.00016574971179958377,IAGG,BNDX,2025-10-21,False
49.91,51.8,0.02999999999999403,0.03999999999999915,1.0378681626928472,1.0,1.0380678492427968,1.0,1.0380274180218847,1.0,51.80794843347226,51.8,0.0051901370901094234,0.005,51.80275829638215,51.794999999999995,51.81313857056237,51.805,51.805,51.80275829638215,-0.0022417036178481453,-4.3276131618690065e-05,IAGG,BNDX,2025-10-22,False
49.85,51.75,-0.05999999999999517,-0.04999999999999716,1.0381143430290873,1.0,1.0381295947630456,1.0,1.0380678492427968,1.0,51.747682284753424,51.75,0.0051903392462139845,0.005,51.74249194550721,51.745,51.752872623999636,51.755,51.752872623999636,51.745,-0.007872623999638506,-0.0001521279999930146,BNDX,IAGG,2025-10-23,False
49.78,51.71,-0.07000000000000028,-0.03999999999999915,1.038770590598634,1.0,1.038215522551734,1.0,1.0381295947630456,1.0,51.67809122730441,51.71,0.005190647973815228,0.005,51.672900579330594,51.705,51.68328187527822,51.715,51.68328187527822,51.705,0.021718124721779475,0.0004199985442231575,BNDX,IAGG,2025-10-24,False
49.87,51.79,0.0899999999999963,0.0799999999999983,1.0385001002606777,1.0,1.038280062448489,1.0,1.038215522551734,1.0,51.775808109654974,51.79,0.00519107761275867,0.005,51.77061703204222,51.785,51.78099918726773,51.795,51.78099918726773,51.785,0.004000812732265047,7.725068029088717e-05,BNDX,IAGG,2025-10-27,False
49.9,51.78,0.030000000000001137,-0.00999999999999801,1.037675350701403,1.0,1.0383745052767253,1.0,1.038280062448489,1.0,51.81017511617959,51.78,0.005191400312242445,0.005,51.80498371586735,51.775,51.815366516491835,51.785000000000004,51.785000000000004,51.80498371586735,0.019983715867347485,0.00038593503026936043,IAGG,BNDX,2025-10-28,False
49.76,51.69,-0.14000000000000057,-0.09000000000000341,1.0387861736334405,1.0,1.0384000837032332,1.0,1.0383745052767253,1.0,51.66951538256985,51.69,0.005191872526383626,0.005,51.66432351004347,51.684999999999995,51.67470725509623,51.695,51.67470725509623,51.684999999999995,0.010292744903765083,0.0001991244903030583,BNDX,IAGG,2025-10-29,False
49.79,51.73,0.030000000000001137,0.03999999999999915,1.0389636473187387,1.0,1.038415458945106,1.0,1.0384000837032332,1.0,51.701940167583984,51.73,0.005192000418516167,0.005,51.69674816716547,51.724999999999994,51.7071321680025,51.735,51.7071321680025,51.724999999999994,0.01786783199749209,0.0003454056059828357,BNDX,IAGG,2025-10-30,False
49.85,51.77,0.060000000000002274,0.04000000000000625,1.0385155466399199,1.0,1.0383780709259587,1.0,1.038415458945106,1.0,51.765010628413535,51.77,0.00519207729472553,0.005,51.75981855111881,51.765,51.77020270570826,51.775000000000006,51.77020270570826,51.765,-0.005202705708256872,-0.00010049653676370237,BNDX,IAGG,2025-10-31,False
49.7,51.71,-0.14999999999999858,-0.060000000000002274,1.0404426559356137,1.0,1.0383920901324757,1.0,1.0383780709259587,1.0,51.60739012502015,51.71,0.005191890354629794,0.005,51.60219823466552,51.705,51.612582015374784,51.715,51.612582015374784,51.705,0.09241798462521444,0.0017872362139859687,BNDX,IAGG,2025-11-03,True
49.66,51.7,-0.04000000000000625,-0.00999999999999801,1.041079339508659,1.0,1.038469972794978,1.0,1.0383920901324757,1.0,51.56655119597874,51.7,0.005191960450662379,0.005,51.56135923552808,51.695,51.5717431564294,51.705000000000005,51.5717431564294,51.695,0.1232568435706014,0.002384078212197319,BNDX,IAGG,2025-11-04,False
49.62,51.65,-0.03999999999999915,-0.05000000000000426,1.0409109230149134,1.0,1.0385850560389114,1.0,1.038469972794978,1.0,51.528880050086805,51.65,0.00519234986397489,0.005,51.52368770022283,51.644999999999996,51.53407239995078,51.655,51.53407239995078,51.644999999999996,0.11092760004921587,0.0021476786069548085,BNDX,IAGG,2025-11-05,False
49.64,51.73,0.020000000000003126,0.0799999999999983,1.0421031426269136,1.0,1.0387165289597307,1.0,1.0385850560389114,1.0,51.555362181771564,51.73,0.005192925280194557,0.005,51.55016925649137,51.724999999999994,51.560555107051755,51.735,51.560555107051755,51.724999999999994,0.16444489294823939,0.0031789076541318267,BNDX,IAGG,2025-11-06,False
49.62,51.7,-0.020000000000003126,-0.02999999999999403,1.0419185812172511,1.0,1.0389076001290392,1.0,1.0387165289597307,1.0,51.541114166981835,51.7,0.005193582644798653,0.005,51.535920584337035,51.695,51.546307749626635,51.705000000000005,51.546307749626635,51.695,0.1486922503733652,0.002876059001419056,BNDX,IAGG,2025-11-07,False
49.64,51.7,0.020000000000003126,0.0,1.0414987912973408,1.0,1.0390997366330927,1.0,1.0389076001290392,1.0,51.5713732704055,51.7,0.005194538000645196,0.005,51.56617873240486,51.695,51.576567808406146,51.705000000000005,51.576567808406146,51.695,0.11843219159385399,0.0022907580579082007,BNDX,IAGG,2025-11-10,False
49.71,51.79,0.07000000000000028,0.0899999999999963,1.0418426875880105,1.0,1.0392908450619802,1.0,1.0390997366330927,1.0,51.65364790803104,51.79,0.005195498683165464,0.005,51.648452409347875,51.785,51.658843406714205,51.795,51.658843406714205,51.785,0.12615659328579198,0.0024359257247691057,BNDX,IAGG,2025-11-11,False
49.71,51.79,0.0,0.0,1.0418426875880105,1.0,1.0394942914767435,1.0,1.0392908450619802,1.0,51.663147908031036,51.79,0.0051964542253099015,0.005,51.65795145380572,51.785,51.66834436225635,51.795,51.66834436225635,51.785,0.11665563774364784,0.0022524741792556064,BNDX,IAGG,2025-11-12,False
49.59,51.69,-0.11999999999999744,-0.10000000000000142,1.042347247428917,1.0,1.0397070828778605,1.0,1.0394942914767435,1.0,51.548521914331715,51.69,0.005197471457383718,0.005,51.54332444287433,51.684999999999995,51.5537193857891,51.695,51.5537193857891,51.684999999999995,0.131280614210894,0.0025397681217042755,BNDX,IAGG,2025-11-13,False
49.46,51.63,-0.13000000000000256,-0.05999999999999517,1.0438738374443997,1.0,1.0400031843886346,1.0,1.0397070828778605,1.0,51.423912319138985,51.63,0.005198535414389303,0.005,51.4187137837246,51.625,51.42911085455337,51.635000000000005,51.42911085455337,51.625,0.19588914544662828,0.003794095398927528,BNDX,IAGG,2025-11-14,False
49.5,51.64,0.03999999999999915,0.00999999999999801,1.0432323232323233,1.0,1.040298829442707,1.0,1.0400031843886346,1.0,51.48015762723741,51.64,0.005200015921943173,0.005,51.47495761131547,51.635,51.485357643159354,51.645,51.485357643159354,51.635,0.1496423568406442,0.00289779931914493,BNDX,IAGG,2025-11-17,False
49.5,51.64,0.0,0.0,1.0432323232323233,1.0,1.040575922749471,1.0,1.040298829442707,1.0,51.49479205741399,51.64,0.005201494147213535,0.005,51.48959056326677,51.635,51.499993551561204,51.645,51.499993551561204,51.635,0.13500644843879428,0.002614377390371694,BNDX,IAGG,2025-11-18,False
49.45,51.56,-0.04999999999999716,-0.0799999999999983,1.0426693629929222,1.0,1.040815982764475,1.0,1.040575922749471,1.0,51.45647937996135,51.56,0.0052028796137473556,0.005,51.4512765003476,51.555,51.4616822595751,51.565000000000005,51.4616822595751,51.555,0.09331774042490082,0.001809886354245555,BNDX,IAGG,2025-11-19,False
49.46,51.58,0.00999999999999801,0.01999999999999602,1.042862919530934,1.0,1.041053411589567,1.0,1.040815982764475,1.0,51.478758507530934,51.58,0.005204079913822375,0.005,51.47355442761711,51.574999999999996,51.48396258744476,51.585,51.48396258744476,51.574999999999996,0.091037412555238,0.001764975039845638,BNDX,IAGG,2025-11-20,False
49.56,51.63,0.10000000000000142,0.05000000000000426,1.041767554479419,1.0,1.0412032597836067,1.0,1.041053411589567,1.0,51.59460707837895,51.63,0.005205267057947835,0.005,51.589401811321004,51.625,51.599812345436895,51.635000000000005,51.599812345436895,51.625,0.0251876545631049,0.0004878492071103021,BNDX,IAGG,2025-11-21,False
49.52,51.66,-0.03999999999999915,0.02999999999999403,1.0432148626817446,1.0,1.0414389979046599,1.0,1.0412032597836067,1.0,51.56038542448421,51.66,0.0052060162989180335,0.005,51.55517940818529,51.654999999999994,51.56559144078313,51.665,51.56559144078313,51.654999999999994,0.08940855921686364,0.0017307115605277514,BNDX,IAGG,2025-11-24,False
49.65,51.75,0.12999999999999545,0.09000000000000341,1.042296072507553,1.0,1.0416700339949674,1.0,1.0414389979046599,1.0,51.70744624596636,51.75,0.005207194989523299,0.005,51.702239050976836,51.745,51.71265344095588,51.755,51.71265344095588,51.745,0.03234655904411454,0.0006250542810456916,BNDX,IAGG,2025-11-25,False
49.67,51.78,0.020000000000003126,0.030000000000001137,1.0424803704449366,1.0,1.041854743835542,1.0,1.0416700339949674,1.0,51.73975058853003,51.78,0.005208350169974837,0.005,51.734542238360056,51.775,51.7449589387,51.785000000000004,51.7449589387,51.775,0.03004106129999684,0.0005801672711471,BNDX,IAGG,2025-11-26,False
49.65,51.76,-0.020000000000003126,-0.020000000000003126,1.0424974823766364,1.0,1.042031435588437,1.0,1.041854743835542,1.0,51.728088031434666,51.76,0.005209273719177711,0.005,51.72287875771549,51.754999999999995,51.73329730515384,51.765,51.73329730515384,51.754999999999995,0.02170269484615517,0.00041929472268460526,BNDX,IAGG,2025-11-28,False
49.39,51.62,-0.259999999999998,-0.14000000000000057,1.045150840251063,1.0,1.0423632002689942,1.0,1.042031435588437,1.0,51.46593260371291,51.62,0.005210157177942185,0.005,51.460722446534966,51.614999999999995,51.47114276089085,51.625,51.47114276089085,51.614999999999995,0.1438572391091455,0.002786850815752528,BNDX,IAGG,2025-12-01,True
49.41,51.65,0.01999999999999602,0.030000000000001137,1.0453349524387776,1.0,1.0426078150941525,1.0,1.0423632002689942,1.0,51.503165725291,51.65,0.005211816001344971,0.005,51.497953909289656,51.644999999999996,51.50837754129234,51.655,51.50837754129234,51.644999999999996,0.13662245870765588,0.0026451589294802687,BNDX,IAGG,2025-12-02,False
49.44,51.65,0.030000000000001137,0.0,1.0447006472491909,1.0,1.042788880481179,1.0,1.0426078150941525,1.0,51.54653037825489,51.65,0.0052130390754707625,0.005,51.54131733917942,51.644999999999996,51.551743417330364,51.655,51.551743417330364,51.644999999999996,0.09325658266963188,0.0018055485512029406,BNDX,IAGG,2025-12-03,False
49.39,51.59,-0.04999999999999716,-0.05999999999999517,1.044543429844098,1.0,1.0429705058226382,1.0,1.042788880481179,1.0,51.50334280696543,51.59,0.005213944402405895,0.005,51.49812886256302,51.585,51.508556751367834,51.595000000000006,51.508556751367834,51.585,0.07644324863216667,0.0014817454667991213,BNDX,IAGG,2025-12-04,False
49.32,51.55,-0.07000000000000028,-0.04000000000000625,1.0452149229521492,1.0,1.0431260948388998,1.0,1.0429705058226382,1.0,51.439305347172514,51.55,0.005214852529113191,0.005,51.4340904946434,51.544999999999995,51.44452019970163,51.555,51.44452019970163,51.544999999999995,0.10047980029836623,0.001949171683770441,BNDX,IAGG,2025-12-05,False
49.2,51.47,-0.11999999999999744,-0.0799999999999983,1.0461382113821138,1.0,1.0433370763471432,1.0,1.0431260948388998,1.0,51.32180386607388,51.47,0.005215630474194499,0.005,51.31658823559968,51.464999999999996,51.327019496548075,51.475,51.327019496548075,51.464999999999996,0.1379805034519208,0.0026807947047196583,BNDX,IAGG,2025-12-08,False
49.24,51.46,0.03999999999999915,-0.00999999999999801,1.0450852965069048,1.0,1.0435164016076213,1.0,1.0433370763471432,1.0,51.373917639333335,51.46,0.005216685381735716,0.005,51.3687009539516,51.455,51.37913432471507,51.465,51.37913432471507,51.455,0.07586567528493049,0.0014742649686150502,BNDX,IAGG,2025-12-09,False
49.23,51.46,-0.010000000000005116,0.0,1.0452975827747308,1.0,1.0436891463669575,1.0,1.0435164016076213,1.0,51.372312451143195,51.46,0.005217582008038107,0.005,51.36709486913516,51.455,51.37753003315123,51.465,51.37753003315123,51.455,0.07746996684876706,0.0015054404751023525,BNDX,IAGG,2025-12-10,False
49.22,51.52,-0.00999999999999801,0.060000000000002274,1.046728971962617,1.0,1.0439334605856876,1.0,1.0436891463669575,1.0,51.37037978418165,51.52,0.005218445731834788,0.005,51.365161338449816,51.515,51.375598229913486,51.525000000000006,51.375598229913486,51.515,0.1394017700865149,0.002705779698884217,BNDX,IAGG,2025-12-11,False
49.19,51.48,-0.030000000000001137,-0.04000000000000625,1.04655417767839,1.0,1.0441438070981615,1.0,1.0439334605856876,1.0,51.35108692620997,51.48,0.005219667302928438,0.005,51.34586725890704,51.474999999999994,51.356306593512905,51.485,51.356306593512905,51.474999999999994,0.1186934064870897,0.0023056217266334443,BNDX,IAGG,2025-12-12,False
49.24,51.53,0.05000000000000426,0.05000000000000426,1.0465069049553208,1.0,1.0442754604737075,1.0,1.0441438070981615,1.0,51.413641061513474,51.53,0.005220719035490808,0.005,51.40842034247798,51.525,51.418861780548966,51.535000000000004,51.418861780548966,51.525,0.10613821945103297,0.0020597364535422658,BNDX,IAGG,2025-12-15,False
