SCHH_price,USRT_price,SCHH_price_chg,USRT_price_chg,USRT/SCHH,USRT/USRT,USRT/SCHH_moving_avg,USRT/USRT_moving_avg,USRT/SCHH_prev_moving_avg,USRT/USRT_prev_moving_avg,SCHH_scaled_price,USRT_scaled_price,SCHH_scaled_comm,USRT_scaled_comm,SCHH_scaled_price_minus_comm,USRT_scaled_price_minus_comm,SCHH_scaled_price_plus_comm,USRT_scaled_price_plus_comm,min_price_plus_comm,max_price_minus_comm,tgt_max-min,tgt_pct_diff,tgt_min_price_etf,tgt_max_price_etf,date,ex_div_date
20.86,56.79,,,2.7224352828379677,1.0,,,,,,,,,,,,,,,,,,,2025-01-02,False
21.12,57.55,0.26000000000000156,0.759999999999998,2.7249053030303028,1.0,,,,,,,,,,,,,,,,,,,2025-01-03,False
20.79,56.67,-0.33000000000000185,-0.8799999999999955,2.725829725829726,1.0,,,,,,,,,,,,,,,,,,,2025-01-06,False
20.64,56.3,-0.14999999999999858,-0.37000000000000455,2.7277131782945734,1.0,,,,,,,,,,,,,,,,,,,2025-01-07,False
20.69,56.46,0.05000000000000071,0.1600000000000037,2.7288545190913482,1.0,,,,,,,,,,,,,,,,,,,2025-01-08,False
20.2,55.14,-0.490000000000002,-1.3200000000000003,2.72970297029703,1.0,,,,,,,,,,,,,,,,,,,2025-01-10,False
20.47,55.86,0.2699999999999996,0.7199999999999989,2.728871519296532,1.0,,,,,,,,,,,,,,,,,,,2025-01-13,False
20.68,56.33,0.21000000000000085,0.46999999999999886,2.723887814313346,1.0,,,,,,,,,,,,,,,,,,,2025-01-14,False
20.69,56.38,0.010000000000001563,0.05000000000000426,2.724987916868052,1.0,,,,,,,,,,,,,,,,,,,2025-01-15,False
21.13,57.29,0.4399999999999977,0.9099999999999966,2.7113109323237103,1.0,,,,,,,,,,,,,,,,,,,2025-01-16,False
21.12,57.2,-0.00999999999999801,-0.0899999999999963,2.7083333333333335,1.0,,,,,,,,,,,,,,,,,,,2025-01-17,False
21.48,58.42,0.35999999999999943,1.2199999999999989,2.7197392923649906,1.0,,,,,,,,,,,,,,,,,,,2025-01-21,False
21.09,57.45,-0.39000000000000057,-0.9699999999999989,2.7240398293029875,1.0,,,,,,,,,,,,,,,,,,,2025-01-22,False
21.24,57.89,0.14999999999999858,0.4399999999999977,2.7255178907721285,1.0,,,,,,,,,,,,,,,,,,,2025-01-23,False
21.33,58.2,0.08999999999999986,0.3100000000000023,2.728551336146273,1.0,,,,,,,,,,,,,,,,,,,2025-01-24,False
21.6,58.69,0.2700000000000031,0.4899999999999949,2.7171296296296292,1.0,,,,,,,,,,,,,,,,,,,2025-01-27,False
21.3,58.01,-0.3000000000000007,-0.6799999999999997,2.7234741784037557,1.0,,,,,,,,,,,,,,,,,,,2025-01-28,False
21.03,57.13,-0.2699999999999996,-0.8799999999999955,2.71659533999049,1.0,,,,,,,,,,,,,,,,,,,2025-01-29,False
21.28,58.01,0.25,0.8799999999999955,2.726033834586466,1.0,,,,,,,,,,,,,,,,,,,2025-01-30,False
21.22,57.84,-0.060000000000002274,-0.1699999999999946,2.7257304429783225,1.0,2.7231822134845483,1.0,,,,,,,,,,,,,,,,,2025-01-31,False
21.19,57.74,-0.029999999999997584,-0.10000000000000142,2.724870221802737,1.0,2.723303960432786,1.0,2.7231822134845483,1.0,57.704231103737584,57.74,0.013615911067422742,0.005,57.69061519267016,57.735,57.71784701480501,57.745000000000005,57.71784701480501,57.735,0.017152985194989867,0.00029707282984048957,SCHH,USRT,2025-02-03,True
21.16,57.8,-0.030000000000001137,0.05999999999999517,2.7315689981096405,1.0,2.723637145186754,1.0,2.723303960432786,1.0,57.62511180275776,57.8,0.013616519802163931,0.005,57.611495282955595,57.794999999999995,57.63872832255992,57.805,57.63872832255992,57.794999999999995,0.15627167744007409,0.0027036622394476487,SCHH,USRT,2025-02-04,False
21.45,58.56,0.28999999999999915,0.7600000000000051,2.7300699300699303,1.0,2.723849155398764,1.0,2.723637145186754,1.0,58.422016764255865,58.56,0.01361818572593377,0.005,58.40839857852993,58.555,58.4356349499818,58.565000000000005,58.4356349499818,58.555,0.11936505001820308,0.0020383376027698612,SCHH,USRT,2025-02-05,False
21.55,58.69,0.10000000000000142,0.12999999999999545,2.7234338747099764,1.0,2.7236351902195337,1.0,2.723849155398764,1.0,58.69894929884337,58.69,0.01361924577699382,0.005,58.68533005306637,58.684999999999995,58.71256854462036,58.695,58.695,58.68533005306637,-0.009669946933627216,-0.00016476311013166156,USRT,SCHH,2025-02-06,False
21.49,58.53,-0.060000000000002274,-0.1599999999999966,2.723592368543509,1.0,2.723372082692142,1.0,2.7236351902195337,1.0,58.530920237817774,58.53,0.013618175951097669,0.005,58.51730206186668,58.525,58.54453841376887,58.535000000000004,58.535000000000004,58.525,-0.010000000000005116,-0.00017085255424577336,USRT,USRT,2025-02-07,False
21.49,58.56,0.0,0.030000000000001137,2.724988366682178,1.0,2.7231363525113994,1.0,2.723372082692142,1.0,58.525266057054125,58.56,0.01361686041346071,0.005,58.51164919664066,58.555,58.53888291746759,58.565000000000005,58.53888291746759,58.555,0.01611708253241062,0.0002752234039004546,SCHH,USRT,2025-02-10,False
21.62,58.78,0.13000000000000256,0.21999999999999886,2.7187789084181313,1.0,2.7226317219674794,1.0,2.7231363525113994,1.0,58.874207941296454,58.78,0.013615681762556998,0.005,58.860592259533895,58.775,58.88782362305901,58.785000000000004,58.785000000000004,58.860592259533895,0.07559225953389159,0.0012860200669256821,USRT,SCHH,2025-02-11,False
21.43,58.42,-0.19000000000000128,-0.35999999999999943,2.7260849276714887,1.0,2.7227415776353867,1.0,2.7226317219674794,1.0,58.34599780176308,58.42,0.013613158609837398,0.005,58.33238464315325,58.415,58.35961096037292,58.425000000000004,58.35961096037292,58.415,0.055389039627080194,0.0009481177615042826,SCHH,USRT,2025-02-12,False
21.63,58.99,0.1999999999999993,0.5700000000000003,2.727230698104485,1.0,2.722853716697208,1.0,2.7227415776353867,1.0,58.89290032425341,58.99,0.013613707888176934,0.005,58.879286616365235,58.985,58.90651403214159,58.995000000000005,58.90651403214159,58.985,0.07848596785841266,0.0013304961494899586,SCHH,USRT,2025-02-13,False
21.52,58.7,-0.10999999999999943,-0.28999999999999915,2.7276951672862455,1.0,2.7236729284453345,1.0,2.722853716697208,1.0,58.59581198332391,58.7,0.01361426858348604,0.005,58.582197714740424,58.695,58.6094262519074,58.705000000000005,58.6094262519074,58.695,0.08557374809259954,0.0014578151293458185,SCHH,USRT,2025-02-14,False
21.6,58.92,0.08000000000000185,0.21999999999999886,2.727777777777778,1.0,2.7246451506675573,1.0,2.7236729284453345,1.0,58.83133525441923,58.92,0.013618364642226672,0.005,58.817716889777,58.915,58.84495361906146,58.925000000000004,58.84495361906146,58.915,0.07004638093854254,0.0011888387803554402,SCHH,USRT,2025-02-18,False
21.56,58.99,-0.0400000000000027,0.07000000000000028,2.7360853432282006,1.0,2.725462453210718,1.0,2.7246451506675573,1.0,58.74334944839253,58.99,0.013623225753337787,0.005,58.729726222639194,58.985,58.756972674145864,58.995000000000005,58.756972674145864,58.985,0.22802732585413565,0.0038655251034774647,SCHH,USRT,2025-02-19,False
21.72,59.16,0.16000000000000014,0.1699999999999946,2.723756906077348,1.0,2.7254483070494357,1.0,2.725462453210718,1.0,59.197044483736796,59.16,0.013627312266053591,0.005,59.183417171470744,59.154999999999994,59.21067179600285,59.165,59.165,59.183417171470744,0.01841717147074462,0.0003113112148536954,USRT,SCHH,2025-02-20,False
21.58,58.75,-0.14000000000000057,-0.4099999999999966,2.7224281742354033,1.0,2.725293821222599,1.0,2.7254483070494357,1.0,58.81517446612682,58.75,0.013627241535247178,0.005,58.80154722459157,58.745,58.828801707662066,58.755,58.755,58.80154722459157,0.04654722459157057,0.0007922931845373714,USRT,SCHH,2025-02-21,False
21.65,58.94,0.07000000000000028,0.18999999999999773,2.7224018475750578,1.0,2.7249863467940387,1.0,2.725293821222599,1.0,59.00261122946927,58.94,0.013626469106112996,0.005,58.98898476036315,58.934999999999995,59.01623769857538,58.945,58.945,58.98898476036315,0.04398476036315202,0.0007462633247904992,USRT,SCHH,2025-02-24,False
21.93,59.49,0.28000000000000114,0.5500000000000043,2.7127222982216144,1.0,2.724765980223638,1.0,2.7249863467940387,1.0,59.75895058519327,59.49,0.013624931733970193,0.005,59.7453256534593,59.485,59.77257551692724,59.495000000000005,59.495000000000005,59.7453256534593,0.25032565345929214,0.004207861043188639,USRT,SCHH,2025-02-25,False
21.81,59.28,-0.120000000000001,-0.21000000000000085,2.7180192572214583,1.0,2.724493234164523,1.0,2.724765980223638,1.0,59.42714602867754,59.28,0.01362382990111819,0.005,59.41352219877642,59.275,59.44076985857866,59.285000000000004,59.285000000000004,59.41352219877642,0.12852219877641602,0.0021680532857020246,USRT,SCHH,2025-02-26,False
21.92,59.54,0.11000000000000298,0.259999999999998,2.7162408759124084,1.0,2.7244755109606187,1.0,2.724493234164523,1.0,59.720891692886354,59.54,0.013622466170822616,0.005,59.70726922671553,59.535,59.73451415905718,59.545,59.545,59.70726922671553,0.16226922671553012,0.002725381704997147,USRT,SCHH,2025-02-27,False
22.08,59.93,0.1599999999999966,0.39000000000000057,2.714221014492754,1.0,2.7238848699559335,1.0,2.7244755109606187,1.0,60.156419282010454,59.93,0.013622377554803094,0.005,60.14279690445565,59.925,60.17004165956526,59.935,59.935,60.14279690445565,0.20779690445564825,0.0034673269557091314,USRT,SCHH,2025-02-28,False
22.24,60.29,0.16000000000000014,0.35999999999999943,2.710881294964029,1.0,2.7231424125552186,1.0,2.7238848699559335,1.0,60.57919950781996,60.29,0.013619424349779669,0.005,60.56558008347018,60.285,60.592818932169735,60.295,60.295,60.56558008347018,0.27058008347017903,0.00448797617300015,USRT,SCHH,2025-03-03,True
21.98,59.49,-0.259999999999998,-0.7999999999999972,2.7065514103730663,1.0,2.7222264719837352,1.0,2.7231424125552186,1.0,59.85467022796371,59.49,0.013615712062776094,0.005,59.841054515900936,59.485,59.86828594002648,59.495000000000005,59.495000000000005,59.841054515900936,0.3460545159009314,0.005817019934458419,USRT,SCHH,2025-03-04,False
22.18,60.15,0.1999999999999993,0.6599999999999966,2.71190261496844,1.0,2.721243152826675,1.0,2.7222264719837352,1.0,60.37898314859925,60.15,0.013611132359918676,0.005,60.36537201623933,60.144999999999996,60.392594280959166,60.155,60.155,60.36537201623933,0.2103720162393259,0.0034974566290827246,USRT,SCHH,2025-03-05,False
21.67,58.51,-0.509999999999998,-1.6400000000000006,2.700046146746654,1.0,2.7197419636605114,1.0,2.721243152826675,1.0,58.969339121754054,58.51,0.013606215764133376,0.005,58.95573290598992,58.504999999999995,58.98294533751819,58.515,58.515,58.95573290598992,0.4407329059899183,0.007532608203553552,USRT,SCHH,2025-03-06,False
21.83,58.8,0.1599999999999966,0.28999999999999915,2.6935409986257444,1.0,2.7182473198562995,1.0,2.7197419636605114,1.0,59.37196706670896,58.8,0.013598709818302556,0.005,59.35836835689066,58.794999999999995,59.385565776527265,58.805,58.805,59.35836835689066,0.5533683568906582,0.009411026477732284,USRT,SCHH,2025-03-07,False
21.61,58.14,-0.21999999999999886,-0.6599999999999966,2.6904211013419714,1.0,2.716588756496223,1.0,2.7182473198562995,1.0,58.741324582094634,58.14,0.013591236599281497,0.005,58.72773334549535,58.135,58.75491581869392,58.145,58.145,58.72773334549535,0.5827333454953489,0.010022933359053129,USRT,SCHH,2025-03-10,False
21.37,57.5,-0.23999999999999844,-0.6400000000000006,2.6906878802058958,1.0,2.7148737321724083,1.0,2.716588756496223,1.0,58.053501726324285,57.5,0.013582943782481115,0.005,58.039918782541804,57.495,58.067084670106766,57.505,57.505,58.039918782541804,0.5349187825418014,0.009302935348553067,USRT,SCHH,2025-03-11,False
21.25,57.28,-0.120000000000001,-0.21999999999999886,2.695529411764706,1.0,2.7137112573397375,1.0,2.7148737321724083,1.0,57.69106680866368,57.28,0.013574368660862042,0.005,57.677492440002815,57.275,57.70464117732454,57.285000000000004,57.285000000000004,57.677492440002815,0.3924924400028118,0.006852172486082608,USRT,SCHH,2025-03-12,False
20.88,56.07,-0.370000000000001,-1.2100000000000009,2.685344827586207,1.0,2.7116742523354733,1.0,2.7137112573397375,1.0,56.66229105325372,56.07,0.013568556286698688,0.005,56.64872249696702,56.065,56.67585960954042,56.075,56.075,56.64872249696702,0.5737224969670152,0.010232254270858127,USRT,SCHH,2025-03-13,False
21.28,57.06,0.40000000000000213,0.990000000000002,2.681390977443609,1.0,2.7093822663024296,1.0,2.7116742523354733,1.0,57.70442808969887,57.06,0.013558371261677367,0.005,57.69086971843719,57.055,57.71798646096055,57.065000000000005,57.065000000000005,57.69086971843719,0.6258697184371869,0.01096862457828929,USRT,SCHH,2025-03-14,False
21.61,58.05,0.3299999999999983,0.9899999999999949,2.6862563627950022,1.0,2.7073103260778675,1.0,2.7093822663024296,1.0,58.549750774795505,58.05,0.013546911331512148,0.005,58.536203863463996,58.044999999999995,58.563297686127015,58.055,58.055,58.536203863463996,0.48120386346399613,0.008289472238828529,USRT,SCHH,2025-03-17,False
21.53,57.42,-0.0799999999999983,-0.6299999999999955,2.6669763121226193,1.0,2.7042702527951095,1.0,2.7073103260778675,1.0,58.28839132045649,57.42,0.013536551630389337,0.005,58.2748547688261,57.415,58.30192787208688,57.425000000000004,57.425000000000004,58.2748547688261,0.8498547688260985,0.014800675179834525,USRT,SCHH,2025-03-18,False
21.55,57.45,0.019999999999999574,0.030000000000001137,2.665893271461717,1.0,2.7007606492067855,1.0,2.7042702527951095,1.0,58.27702394773461,57.45,0.013521351263975547,0.005,58.26350259647064,57.445,58.29054529899859,57.455000000000005,57.455000000000005,58.26350259647064,0.8085025964706318,0.014073152244919613,USRT,SCHH,2025-03-19,False
21.5,57.29,-0.05000000000000071,-0.1600000000000037,2.6646511627906975,1.0,2.6978053620424527,1.0,2.7007606492067855,1.0,58.066353957945886,57.29,0.013503803246033928,0.005,58.052850154699854,57.285,58.07985776119192,57.295,57.295,58.052850154699854,0.7578501546998524,0.013228314796646054,USRT,SCHH,2025-03-20,False
21.24,56.59,-0.26000000000000156,-0.6999999999999957,2.6643126177024485,1.0,2.694899584215805,1.0,2.6978053620424527,1.0,57.30138588978169,56.59,0.013489026810212263,0.005,57.28789686297148,56.585,57.314874916591904,56.595000000000006,56.595000000000006,57.28789686297148,0.6928968629714731,0.012244157324111559,USRT,SCHH,2025-03-21,False
21.55,57.6,0.3100000000000023,1.009999999999998,2.6728538283062644,1.0,2.6924221832523654,1.0,2.694899584215805,1.0,58.075086039850596,57.6,0.013474497921079026,0.005,58.061611541929516,57.595,58.08856053777168,57.605000000000004,57.605000000000004,58.061611541929516,0.4566115419295116,0.007927283714054021,USRT,SCHH,2025-03-24,False
21.32,57.01,-0.23000000000000043,-0.5900000000000034,2.674015009380863,1.0,2.6904868188103275,1.0,2.6924221832523654,1.0,57.40244094694043,57.01,0.013462110916261828,0.005,57.388978836024165,57.004999999999995,57.415903057856696,57.015,57.015,57.388978836024165,0.3739788360241647,0.006559881354572263,USRT,SCHH,2025-03-25,False
21.32,57.36,0.0,0.3500000000000014,2.6904315196998123,1.0,2.6891074319342456,1.0,2.6904868188103275,1.0,57.36117897703618,57.36,0.013452434094051637,0.005,57.347726542942134,57.355,57.37463141113023,57.365,57.365,57.355,-0.010000000000005116,-0.00017433751743384094,USRT,USRT,2025-03-26,False
21.27,57.04,-0.05000000000000071,-0.3200000000000003,2.6817113305124587,1.0,2.687380954664248,1.0,2.6891074319342456,1.0,57.197315077241406,57.04,0.013445537159671228,0.005,57.18386954008174,57.035,57.210760614401075,57.045,57.045,57.18386954008174,0.13886954008173547,0.002434599230044451,USRT,SCHH,2025-03-27,False
21.3,57.03,0.030000000000001137,-0.00999999999999801,2.677464788732394,1.0,2.68554314337623,1.0,2.687380954664248,1.0,57.24121433434849,57.03,0.013436904773321242,0.005,57.22777742957517,57.025,57.25465123912181,57.035000000000004,57.035000000000004,57.22777742957517,0.19277742957516608,0.003380281072683957,USRT,SCHH,2025-03-28,False
21.51,57.6,0.21000000000000085,0.5700000000000003,2.6778242677824267,1.0,2.68389029201715,1.0,2.68554314337623,1.0,57.76603301402271,57.6,0.01342771571688115,0.005,57.75260529830583,57.595,57.77946072973959,57.605000000000004,57.605000000000004,57.75260529830583,0.1476052983058267,0.0025625919844761576,USRT,SCHH,2025-03-31,False
21.53,57.6,0.019999999999999574,0.0,2.675336739433349,1.0,2.682329558470164,1.0,2.68389029201715,1.0,57.78415798712924,57.6,0.01341945146008575,0.005,57.77073853566915,57.595,57.79757743858933,57.605000000000004,57.605000000000004,57.77073853566915,0.1657385356691492,0.002877405133144951,USRT,SCHH,2025-04-01,True
21.62,57.86,0.08999999999999986,0.259999999999998,2.6762257169287693,1.0,2.68054571356818,1.0,2.682329558470164,1.0,57.99196505412495,57.86,0.013411647792350821,0.005,57.978553406332594,57.855,58.0053767019173,57.865,57.865,57.978553406332594,0.11355340633259203,0.0019625545512027658,USRT,SCHH,2025-04-02,False
20.95,55.47,-0.6700000000000017,-2.3900000000000006,2.647732696897375,1.0,2.6779300410757165,1.0,2.68054571356818,1.0,56.15743269925337,55.47,0.0134027285678409,0.005,56.14402997068553,55.464999999999996,56.17083542782121,55.475,55.475,56.14402997068553,0.6690299706855285,0.012061113587263899,USRT,SCHH,2025-04-03,False
20.01,53.1,-0.9399999999999977,-2.3699999999999974,2.653673163418291,1.0,2.675936649315344,1.0,2.6779300410757165,1.0,53.58538012192509,53.1,0.013389650205378583,0.005,53.571990471719715,53.095,53.59876977213047,53.105000000000004,53.105000000000004,53.571990471719715,0.4669904717197113,0.008794547490013396,USRT,SCHH,2025-04-04,False
19.43,51.5,-0.5800000000000018,-1.6000000000000014,2.6505404014410705,1.0,2.673942614320299,1.0,2.675936649315344,1.0,51.99344909619713,51.5,0.013379683246576719,0.005,51.980069412950556,51.495,52.00682877944371,51.505,51.505,51.980069412950556,0.47506941295055327,0.009224648795156375,USRT,SCHH,2025-04-07,False
18.94,50.37,-0.48999999999999844,-1.1300000000000026,2.6594508975712774,1.0,2.672380765188568,1.0,2.673942614320299,1.0,50.64447311522647,50.37,0.013369713071601494,0.005,50.631103402154864,50.364999999999995,50.65784282829807,50.375,50.375,50.631103402154864,0.2561034021548636,0.005084443163685996,USRT,SCHH,2025-04-08,False
20.06,53.7,1.1199999999999974,3.3300000000000054,2.676969092721835,1.0,2.6714527492364244,1.0,2.672380765188568,1.0,53.60795814968267,53.7,0.01336190382594284,0.005,53.59459624585673,53.695,53.62132005350862,53.705000000000005,53.62132005350862,53.695,0.07367994649138154,0.0013720660426700473,SCHH,USRT,2025-04-09,False
19.61,52.35,-0.4499999999999993,-1.3500000000000014,2.669556348801632,1.0,2.6706633252971956,1.0,2.6714527492364244,1.0,52.38718841252628,52.35,0.013357263746182122,0.005,52.3738311487801,52.345,52.40054567627246,52.355000000000004,52.355000000000004,52.3738311487801,0.01883114878009451,0.00035971630907534875,USRT,SCHH,2025-04-10,False
19.88,52.96,0.2699999999999996,0.6099999999999994,2.6639839034205233,1.0,2.669792971596041,1.0,2.6706633252971956,1.0,53.092786906908245,52.96,0.013353316626485978,0.005,53.07943359028176,52.955,53.10614022353473,52.965,52.965,53.07943359028176,0.11443359028175593,0.002160755103507476,USRT,SCHH,2025-04-11,False
20.28,53.97,0.40000000000000213,1.009999999999998,2.6612426035502956,1.0,2.6685422836338057,1.0,2.669792971596041,1.0,54.14340146396772,53.97,0.013348964857980206,0.005,54.13005249910974,53.964999999999996,54.1567504288257,53.975,53.975,54.13005249910974,0.15505249910973617,0.0028729386531357454,USRT,SCHH,2025-04-14,False
20.34,54.15,0.05999999999999872,0.17999999999999972,2.6622418879056045,1.0,2.6683055624229555,1.0,2.6685422836338057,1.0,54.27815004911161,54.15,0.013342711418169029,0.005,54.26480733769344,54.144999999999996,54.29149276052978,54.155,54.155,54.26480733769344,0.10980733769343942,0.002027836337828983,USRT,SCHH,2025-04-15,False
20.37,54.18,0.030000000000001137,0.030000000000001137,2.6597938144329896,1.0,2.668000589571519,1.0,2.6683055624229555,1.0,54.353384306555604,54.18,0.013341527812114777,0.005,54.34004277874349,54.175,54.36672583436772,54.185,54.185,54.34004277874349,0.1550427787434856,0.00286162382324632,USRT,SCHH,2025-04-16,False
20.68,55.01,0.3099999999999987,0.8299999999999983,2.6600580270793035,1.0,2.6677709327859493,1.0,2.668000589571519,1.0,55.17425219233901,55.01,0.013340002947857595,0.005,55.160912189391155,55.004999999999995,55.18759219528687,55.015,55.015,55.160912189391155,0.14591218939115436,0.002652466631360741,USRT,SCHH,2025-04-17,False
20.28,53.88,-0.3999999999999986,-1.1299999999999955,2.6568047337278107,1.0,2.6673955385872175,1.0,2.6677709327859493,1.0,54.102394516899054,53.88,0.013338854663929747,0.005,54.089055662235126,53.875,54.11573337156298,53.885000000000005,53.885000000000005,54.089055662235126,0.2040556622351204,0.003787224614608767,USRT,SCHH,2025-04-21,False
20.63,54.9,0.34999999999999787,1.019999999999996,2.6611730489578282,1.0,2.6668114996197954,1.0,2.6673955385872175,1.0,55.028369961054295,54.9,0.013336977692936087,0.005,55.01503298336136,54.894999999999996,55.04170693874723,54.905,54.905,55.01503298336136,0.11003298336135714,0.0020042437770739006,USRT,SCHH,2025-04-22,False
20.62,55.09,-0.00999999999999801,0.19000000000000483,2.671677982541222,1.0,2.6666946482778133,1.0,2.6668114996197954,1.0,54.989653122160185,55.09,0.013334057498098977,0.005,54.976319064662086,55.085,55.002987179658284,55.095000000000006,55.002987179658284,55.085,0.08201282034171697,0.0014887061234655468,SCHH,USRT,2025-04-23,False
20.69,55.4,0.07000000000000028,0.30999999999999517,2.6776220396326726,1.0,2.666054174274456,1.0,2.6666946482778133,1.0,55.17391227286796,55.4,0.013333473241389067,0.005,55.16057879962657,55.394999999999996,55.18724574610935,55.405,55.18724574610935,55.394999999999996,0.2077542538906485,0.0037500767850297562,SCHH,USRT,2025-04-24,False
20.64,55.39,-0.05000000000000071,-0.00999999999999801,2.683624031007752,1.0,2.6661498092992213,1.0,2.666054174274456,1.0,55.02735815702478,55.39,0.013330270871372282,0.005,55.01402788615341,55.385,55.04068842789615,55.395,55.04068842789615,55.385,0.3443115721038481,0.006216132372338835,SCHH,USRT,2025-04-25,False
20.82,55.82,0.17999999999999972,0.4299999999999997,2.681075888568684,1.0,2.666330364291036,1.0,2.6661498092992213,1.0,55.50923902960979,55.82,0.013330749046496107,0.005,55.49590828056329,55.815,55.52256977865628,55.825,55.52256977865628,55.815,0.29243022134371444,0.005238807261621541,SCHH,USRT,2025-04-28,False
20.89,55.63,0.07000000000000028,-0.18999999999999773,2.662996649114409,1.0,2.665588983357635,1.0,2.666330364291036,1.0,55.69964131003974,55.63,0.01333165182145518,0.005,55.686309658218285,55.625,55.71297296186119,55.635000000000005,55.635000000000005,55.686309658218285,0.05130965821827971,0.0009223379151227702,USRT,SCHH,2025-04-29,False
21.03,55.94,0.14000000000000057,0.30999999999999517,2.66000951022349,1.0,2.664822621897142,1.0,2.665588983357635,1.0,56.05733632001107,55.94,0.013327944916788174,0.005,56.04400837509428,55.934999999999995,56.070664264927856,55.945,55.945,56.04400837509428,0.09900837509427873,0.001769903022779384,USRT,SCHH,2025-04-30,False
21.08,56.17,0.04999999999999716,0.23000000000000398,2.6646110056926,1.0,2.6642418863353337,1.0,2.664822621897142,1.0,56.17446086959175,56.17,0.013324113109485709,0.005,56.161136756482264,56.165,56.18778498270123,56.175000000000004,56.175000000000004,56.165,-0.010000000000005116,-0.00017803097739015696,USRT,USRT,2025-05-01,True
21.32,56.88,0.240000000000002,0.7100000000000009,2.6679174484052535,1.0,2.6652511239107275,1.0,2.6642418863353337,1.0,56.80163701666931,56.88,0.013321209431676669,0.005,56.78831580723764,56.875,56.814958226100984,56.885000000000005,56.814958226100984,56.875,0.06004177389901599,0.0010555867422471165,SCHH,USRT,2025-05-02,False
21.28,56.76,-0.03999999999999915,-0.12000000000000455,2.6672932330827064,1.0,2.665932127393948,1.0,2.6652511239107275,1.0,56.716543916820285,56.76,0.013326255619553638,0.005,56.70321766120073,56.754999999999995,56.72987017243984,56.765,56.72987017243984,56.754999999999995,0.025129827560157025,0.00044273832910777004,SCHH,USRT,2025-05-05,False
21.15,56.41,-0.13000000000000256,-0.3500000000000014,2.6671394799054373,1.0,2.666762081317166,1.0,2.665932127393948,1.0,56.384464494381994,56.41,0.013329660636969741,0.005,56.371134833745025,56.404999999999994,56.397794155018964,56.415,56.397794155018964,56.404999999999994,0.007205844981029941,0.00012774055984807555,SCHH,USRT,2025-05-06,False
21.15,56.49,0.0,0.0800000000000054,2.6709219858156033,1.0,2.6673356357293825,1.0,2.666762081317166,1.0,56.40201801985806,56.49,0.01333381040658583,0.005,56.388684209451476,56.485,56.41535183026465,56.495000000000005,56.41535183026465,56.485,0.06964816973535193,0.001232929186322392,SCHH,USRT,2025-05-07,False
21.06,56.33,-0.08999999999999986,-0.1600000000000037,2.674738841405508,1.0,2.667224123163566,1.0,2.6673356357293825,1.0,56.17408848846079,56.33,0.013336678178646913,0.005,56.16075181028214,56.324999999999996,56.187425166639436,56.335,56.187425166639436,56.324999999999996,0.13757483336055998,0.0024423013200880524,SCHH,USRT,2025-05-08,False
21.22,56.7,0.16000000000000014,0.37000000000000455,2.672007540056551,1.0,2.667346682726312,1.0,2.667224123163566,1.0,56.59849589353087,56.7,0.01333612061581783,0.005,56.58515977291505,56.695,56.611832014146685,56.705000000000005,56.611832014146685,56.695,0.08316798585331497,0.0014668075106404757,SCHH,USRT,2025-05-09,False
21.25,57.23,0.030000000000001137,0.529999999999994,2.6931764705882353,1.0,2.668806311084698,1.0,2.667346682726312,1.0,56.681117007934134,57.23,0.013336733413631561,0.005,56.6677802745205,57.224999999999994,56.694453741347765,57.235,56.694453741347765,57.224999999999994,0.5305462586522296,0.00927042213266171,SCHH,USRT,2025-05-12,False
20.99,56.5,-0.26000000000000156,-0.7299999999999969,2.691757979990472,1.0,2.6703320799067063,1.0,2.668806311084698,1.0,56.018244469667806,56.5,0.013344031555423491,0.005,56.00490043811238,56.495,56.03158850122323,56.505,56.03158850122323,56.495,0.4634114987767646,0.00820197342967725,SCHH,USRT,2025-05-13,False
20.79,55.98,-0.1999999999999993,-0.5200000000000031,2.6926406926406927,1.0,2.671852020143461,1.0,2.6703320799067063,1.0,55.51620394126042,55.98,0.013351660399533533,0.005,55.502852280860886,55.974999999999994,55.52955560165996,55.985,55.52955560165996,55.974999999999994,0.4454443983400367,0.007957206115399013,SCHH,USRT,2025-05-14,False
21.19,56.88,0.40000000000000213,0.9000000000000057,2.6842850401132607,1.0,2.673076581427474,1.0,2.671852020143461,1.0,56.61654430683994,56.88,0.013359260100717306,0.005,56.60318504673923,56.875,56.629903566940655,56.885000000000005,56.629903566940655,56.875,0.24509643305934503,0.004309009020030679,SCHH,USRT,2025-05-15,False
21.44,57.6,0.25,0.7199999999999989,2.6865671641791042,1.0,2.6744020382824645,1.0,2.673076581427474,1.0,57.31076190580505,57.6,0.01336538290713737,0.005,57.29739652289791,57.595,57.32412728871219,57.605000000000004,57.32412728871219,57.595,0.270872711287808,0.004702651237635555,SCHH,USRT,2025-05-16,False
21.49,57.71,0.04999999999999716,0.10999999999999943,2.685435086086552,1.0,2.6758335559004016,1.0,2.6744020382824645,1.0,57.47289980269016,57.71,0.013372010191412322,0.005,57.45952779249875,57.705,57.48627181288157,57.715,57.48627181288157,57.705,0.21872818711842967,0.0037901262713295734,SCHH,USRT,2025-05-19,False
21.37,57.35,-0.11999999999999744,-0.35999999999999943,2.683668694431446,1.0,2.6769583381740825,1.0,2.6758335559004016,1.0,57.18256308959158,57.35,0.013379167779502009,0.005,57.16918392181208,57.345,57.19594225737109,57.355000000000004,57.19594225737109,57.345,0.14905774262891214,0.0025990887991091914,SCHH,USRT,2025-05-20,False
20.81,55.77,-0.5600000000000023,-1.5799999999999983,2.6799615569437774,1.0,2.67737251689421,1.0,2.6769583381740825,1.0,55.70750301740265,55.77,0.013384791690870413,0.005,55.69411822571178,55.765,55.72088780909352,55.775000000000006,55.72088780909352,55.765,0.044112190906481885,0.0007909663063740699,SCHH,USRT,2025-05-21,False
20.72,55.61,-0.08999999999999986,-0.1600000000000037,2.683880308880309,1.0,2.6776854303565925,1.0,2.67737251689421,1.0,55.47515855004803,55.61,0.01338686258447105,0.005,55.46177168746356,55.605,55.4885454126325,55.615,55.4885454126325,55.605,0.11645458736749958,0.002094130324896594,SCHH,USRT,2025-05-22,False
20.73,55.57,0.010000000000001563,-0.03999999999999915,2.680656054027979,1.0,2.6775370315076037,1.0,2.6776854303565925,1.0,55.508418971292166,55.57,0.013388427151782963,0.005,55.495030544140384,55.565,55.52180739844395,55.575,55.52180739844395,55.565,0.04319260155605065,0.0007772647391767257,SCHH,USRT,2025-05-23,False
21.1,56.65,0.370000000000001,1.0799999999999983,2.6848341232227484,1.0,2.6777249432403067,1.0,2.6775370315076037,1.0,56.49603136481044,56.65,0.013387685157538019,0.005,56.4826436796529,56.644999999999996,56.50941904996798,56.655,56.50941904996798,56.644999999999996,0.13558095003201487,0.002393308914951719,SCHH,USRT,2025-05-27,False
21.07,56.59,-0.030000000000001137,-0.05999999999999517,2.6858092074038917,1.0,2.678865571154781,1.0,2.6777249432403067,1.0,56.419664554073265,56.59,0.013388624716201534,0.005,56.406275929357065,56.585,56.433053178789464,56.595000000000006,56.433053178789464,56.585,0.1519468212105366,0.0026850472028721786,SCHH,USRT,2025-05-28,False
21.27,57.15,0.1999999999999993,0.5599999999999952,2.68688293370945,1.0,2.6802092423290786,1.0,2.678865571154781,1.0,56.97947069846219,57.15,0.013394327855773904,0.005,56.966076370606416,57.144999999999996,56.99286502631796,57.155,56.99286502631796,57.144999999999996,0.15213497368203832,0.0026620292857749486,SCHH,USRT,2025-05-29,False
21.29,57.19,0.019999999999999574,0.03999999999999915,2.6862376702677313,1.0,2.6812905755578353,1.0,2.6802092423290786,1.0,57.061654769186084,57.19,0.013401046211645394,0.005,57.04825372297444,57.184999999999995,57.07505581539773,57.195,57.07505581539773,57.184999999999995,0.10994418460226285,0.0019224372198332375,SCHH,USRT,2025-05-30,False
21.29,57.34,0.0,0.15000000000000568,2.693283231564115,1.0,2.6825588647157783,1.0,2.6812905755578353,1.0,57.084676353626314,57.34,0.013406452877789177,0.005,57.071269900748526,57.335,57.0980828065041,57.345000000000006,57.0980828065041,57.335,0.23691719349589846,0.004131796189325051,SCHH,USRT,2025-06-02,True
21.23,57.1,-0.05999999999999872,-0.240000000000002,2.6895902025435703,1.0,2.6836737131888215,1.0,2.6825588647157783,1.0,56.95072469791597,57.1,0.013412794323578892,0.005,56.937311903592395,57.095,56.96413749223955,57.105000000000004,56.96413749223955,57.095,0.1308625077604475,0.002291812745366856,SCHH,USRT,2025-06-03,False
21.23,57.14,0.0,0.03999999999999915,2.691474328780028,1.0,2.6848904556325515,1.0,2.6836737131888215,1.0,56.97439293099868,57.14,0.013418368565944108,0.005,56.96097456243274,57.135,56.987811299564626,57.145,56.987811299564626,57.135,0.1471887004353718,0.002575931054171715,SCHH,USRT,2025-06-04,False
21.23,56.98,0.0,-0.1600000000000037,2.6839378238341967,1.0,2.685541247533481,1.0,2.6848904556325515,1.0,57.00022437307907,56.98,0.013424452278162758,0.005,56.986799920800905,56.974999999999994,57.01364882535724,56.985,56.985,56.986799920800905,0.001799920800905852,3.158864164453935e-05,USRT,SCHH,2025-06-05,False
21.33,57.51,0.09999999999999787,0.5300000000000011,2.6962025316455698,1.0,2.6866144320454843,1.0,2.685541247533481,1.0,57.28259480988915,57.51,0.013427706237667406,0.005,57.26916710365148,57.504999999999995,57.29602251612681,57.515,57.29602251612681,57.504999999999995,0.20897748387318416,0.003633759065783067,SCHH,USRT,2025-06-06,False
21.36,57.56,0.030000000000001137,0.05000000000000426,2.694756554307116,1.0,2.687751882758012,1.0,2.6866144320454843,1.0,57.386084268491544,57.56,0.013433072160227422,0.005,57.37265119633132,57.555,57.39951734065177,57.565000000000005,57.39951734065177,57.555,0.15548265934823036,0.002701227577279888,SCHH,USRT,2025-06-09,False
21.52,57.97,0.16000000000000014,0.4099999999999966,2.6937732342007434,1.0,2.687781720938638,1.0,2.687751882758012,1.0,57.84042051695242,57.97,0.013438759413790061,0.005,57.82698175753863,57.964999999999996,57.85385927636621,57.975,57.85385927636621,57.964999999999996,0.11114072363378824,0.00191721103387594,SCHH,USRT,2025-06-10,False
21.38,57.56,-0.14000000000000057,-0.4099999999999966,2.6922357343311507,1.0,2.6878056086556716,1.0,2.687781720938638,1.0,57.46477319366807,57.56,0.013438908604693189,0.005,57.45133428506338,57.555,57.478212102272764,57.565000000000005,57.478212102272764,57.555,0.07678789772723604,0.0013340496477977075,SCHH,USRT,2025-06-11,False
21.49,57.7,0.10999999999999943,0.14000000000000057,2.6849697533736623,1.0,2.68742206169232,1.0,2.6878056086556716,1.0,57.76094253001038,57.7,0.013439028043278359,0.005,57.7475035019671,57.695,57.77438155805366,57.705000000000005,57.705000000000005,57.7475035019671,0.04250350196709718,0.0007366291502096565,USRT,SCHH,2025-06-12,False
21.29,57.21,-0.1999999999999993,-0.490000000000002,2.6871770784405826,1.0,2.687566663608686,1.0,2.68742206169232,1.0,57.215215693429485,57.21,0.0134371103084616,0.005,57.201778583121026,57.205,57.228652803737944,57.215,57.215,57.205,-0.010000000000005116,-0.00017479461632590658,USRT,USRT,2025-06-13,False
21.3,56.83,0.010000000000001563,-0.38000000000000256,2.6680751173708916,1.0,2.6866420612682753,1.0,2.687566663608686,1.0,57.24516993486502,56.83,0.013437833318043432,0.005,57.231732101546974,56.824999999999996,57.25860776818306,56.835,56.835,57.231732101546974,0.3967321015469736,0.006981032932376801,USRT,SCHH,2025-06-16,False
21.24,56.77,-0.060000000000002274,-0.05999999999999517,2.672787193973635,1.0,2.68600966666263,1.0,2.6866420612682753,1.0,57.064277381338165,56.77,0.013433210306341377,0.005,57.05084417103183,56.765,57.077710591644504,56.775000000000006,56.775000000000006,57.05084417103183,0.2758441710318209,0.004858977823354252,USRT,SCHH,2025-06-17,False
21.32,56.95,0.08000000000000185,0.17999999999999972,2.671200750469043,1.0,2.6853862694645096,1.0,2.68600966666263,1.0,57.26572609324727,56.95,0.01343004833331315,0.005,57.252296044913955,56.945,57.27915614158058,56.955000000000005,56.955000000000005,57.252296044913955,0.29729604491394923,0.005220299296118511,USRT,SCHH,2025-06-18,False
21.3,56.76,-0.019999999999999574,-0.19000000000000483,2.664788732394366,1.0,2.684627628237039,1.0,2.6853862694645096,1.0,57.19872753959406,56.76,0.013426931347322549,0.005,57.185300608246735,56.754999999999995,57.212154470941385,56.765,56.765,57.185300608246735,0.420300608246734,0.007404873295397005,USRT,SCHH,2025-06-20,False
21.6,57.54,0.3000000000000007,0.7800000000000011,2.6638888888888888,1.0,2.683628057237468,1.0,2.684627628237039,1.0,57.987956769920046,57.54,0.013423138141185197,0.005,57.97453363177886,57.535,58.00137990806123,57.545,57.545,57.97453363177886,0.4295336317788596,0.0074649571042554675,USRT,SCHH,2025-06-23,False
21.67,57.57,0.07000000000000028,0.030000000000001137,2.656668204891555,1.0,2.682428664780647,1.0,2.683628057237468,1.0,58.15422000033593,57.57,0.01341814028618734,0.005,58.14080186004975,57.565,58.16763814062212,57.575,57.575,58.14080186004975,0.5658018600497456,0.009828067744480556,USRT,SCHH,2025-06-24,False
21.0,56.08,-0.6700000000000017,-1.490000000000002,2.6704761904761902,1.0,2.681710768143319,1.0,2.682428664780647,1.0,56.331001960393586,56.08,0.013412143323903234,0.005,56.31758981706968,56.074999999999996,56.34441410371749,56.085,56.085,56.31758981706968,0.2325898170696803,0.004147464641042801,USRT,SCHH,2025-06-25,False
20.97,56.1,-0.030000000000001137,0.020000000000003126,2.675250357653791,1.0,2.6811828256558137,1.0,2.681710768143319,1.0,56.235474807965396,56.1,0.013408553840716595,0.005,56.22206625412468,56.095,56.248883361806115,56.105000000000004,56.105000000000004,56.22206625412468,0.11706625412467275,0.002086742497766003,USRT,SCHH,2025-06-26,False
20.99,56.25,0.019999999999999574,0.14999999999999858,2.679847546450691,1.0,2.680831056292876,1.0,2.6811828256558137,1.0,56.27802751051553,56.25,0.01340591412827907,0.005,56.26462159638725,56.245,56.291433424643806,56.255,56.255,56.26462159638725,0.009621596387248132,0.0001710506024399668,USRT,SCHH,2025-06-27,False
21.16,56.56,0.1700000000000017,0.3100000000000023,2.67296786389414,1.0,2.6801675659741964,1.0,2.680831056292876,1.0,56.72638515115726,56.56,0.01340415528146438,0.005,56.712980995875796,56.555,56.73978930643872,56.565000000000005,56.565000000000005,56.712980995875796,0.14798099587579117,0.0026163542410854164,USRT,SCHH,2025-06-30,False
21.27,56.84,0.10999999999999943,0.28000000000000114,2.672308415608839,1.0,2.6791188251764324,1.0,2.6801675659741964,1.0,57.00716412827116,56.84,0.013400837829870981,0.005,56.99376329044129,56.835,57.02056496610103,56.845000000000006,56.845000000000006,56.99376329044129,0.14876329044128056,0.0026172288958705233,USRT,SCHH,2025-07-01,True
21.35,57.05,0.08000000000000185,0.20999999999999375,2.6721311475409832,1.0,2.678245872426303,1.0,2.6791188251764324,1.0,57.19918691751683,57.05,0.013395594125882163,0.005,57.18579132339095,57.044999999999995,57.212582511642715,57.055,57.055,57.18579132339095,0.13079132339095167,0.0022925735914277245,USRT,SCHH,2025-07-02,False
21.35,57.2,0.0,0.15000000000000568,2.6791569086651053,1.0,2.677630001420557,1.0,2.678245872426303,1.0,57.18054937630158,57.2,0.013391229362131517,0.005,57.16715814693944,57.195,57.19394060566371,57.205000000000005,57.19394060566371,57.195,0.0010593943362877667,1.8520880005030884e-05,SCHH,USRT,2025-07-03,False
21.16,56.66,-0.19000000000000128,-0.5400000000000063,2.6776937618147447,1.0,2.6773177983195846,1.0,2.677630001420557,1.0,56.65865083005899,56.66,0.013388150007102787,0.005,56.645262680051886,56.654999999999994,56.67203898006609,56.665,56.665,56.654999999999994,-0.010000000000005116,-0.00017649135192384605,USRT,USRT,2025-07-07,False
21.17,56.56,0.010000000000001563,-0.09999999999999432,2.6717052432687765,1.0,2.676092933900745,1.0,2.6773177983195846,1.0,56.67881779042561,56.56,0.013386588991597923,0.005,56.66543120143401,56.555,56.69220437941721,56.565000000000005,56.565000000000005,56.66543120143401,0.10043120143400586,0.0017756577339817158,USRT,SCHH,2025-07-08,False
21.14,56.44,-0.030000000000001137,-0.12000000000000455,2.669820245979186,1.0,2.6748461184843486,1.0,2.676092933900745,1.0,56.57260462266175,56.44,0.013380464669503725,0.005,56.55922415799225,56.434999999999995,56.58598508733125,56.445,56.445,56.55922415799225,0.11422415799224694,0.0020238156979490956,USRT,SCHH,2025-07-09,False
21.27,56.8,0.129999999999999,0.35999999999999943,2.6704278326281146,1.0,2.673678848405717,1.0,2.6748461184843486,1.0,56.89397694016209,56.8,0.013374230592421743,0.005,56.88060270956967,56.794999999999995,56.90735117075451,56.805,56.805,56.88060270956967,0.0756027095696723,0.0013310336191843714,USRT,SCHH,2025-07-10,False
21.28,56.95,0.010000000000001563,0.15000000000000568,2.676221804511278,1.0,2.672878151914723,1.0,2.673678848405717,1.0,56.89588589407366,56.95,0.013368394242028585,0.005,56.88251749983163,56.945,56.90925428831569,56.955000000000005,56.90925428831569,56.945,0.03574571168431362,0.0006276683351064727,SCHH,USRT,2025-07-11,False
21.4,57.31,0.11999999999999744,0.35999999999999943,2.6780373831775703,1.0,2.6725315334049187,1.0,2.672878151914723,1.0,57.19959245097507,57.31,0.013364390759573614,0.005,57.18622806021549,57.305,57.212956841734645,57.315000000000005,57.212956841734645,57.305,0.09204315826535492,0.0016060575513061406,SCHH,USRT,2025-07-14,False
21.12,56.45,-0.2799999999999976,-0.8599999999999994,2.6728219696969697,1.0,2.671813777967738,1.0,2.6725315334049187,1.0,56.443865985511884,56.45,0.013362657667024594,0.005,56.43050332784486,56.445,56.45722864317891,56.455000000000005,56.455000000000005,56.445,-0.010000000000005116,-0.0001771479185120481,USRT,USRT,2025-07-15,False
21.33,56.91,0.2099999999999973,0.45999999999999375,2.6680731364275667,1.0,2.6718136789205715,1.0,2.671813777967738,1.0,56.98978788405185,56.91,0.01335906888983869,0.005,56.97642881516201,56.904999999999994,57.00314695294169,56.915,56.915,56.97642881516201,0.06142881516201015,0.0010794028318750688,USRT,SCHH,2025-07-16,False
21.27,56.83,-0.05999999999999872,-0.0799999999999983,2.671838269863658,1.0,2.671766232715073,1.0,2.6718136789205715,1.0,56.829476950640554,56.83,0.013359068394602857,0.005,56.816117882245955,56.824999999999996,56.842836019035154,56.835,56.835,56.824999999999996,-0.010000000000005116,-0.00017596339961297054,USRT,USRT,2025-07-17,False
21.33,56.92,0.05999999999999872,0.09000000000000341,2.6685419596812006,1.0,2.6716332931756805,1.0,2.671766232715073,1.0,56.9887737438125,56.92,0.013358831163575365,0.005,56.97541491264893,56.915,57.00213257497607,56.925000000000004,56.925000000000004,56.97541491264893,0.05041491264892528,0.0008857152608735994,USRT,SCHH,2025-07-18,False
21.38,56.97,0.05000000000000071,0.04999999999999716,2.6646398503274087,1.0,2.671625849072333,1.0,2.6716332931756805,1.0,57.11951980809605,56.97,0.013358166465878403,0.005,57.10616164163017,56.964999999999996,57.13287797456193,56.975,56.975,57.10616164163017,0.13116164163017174,0.002302293165353199,USRT,SCHH,2025-07-21,False
21.77,57.96,0.39000000000000057,0.990000000000002,2.662379421221865,1.0,2.6715503756889816,1.0,2.671625849072333,1.0,58.16129473430469,57.96,0.013358129245361665,0.005,58.14793660505933,57.955,58.17465286355005,57.965,57.965,58.14793660505933,0.18293660505932507,0.0031562561259372854,USRT,SCHH,2025-07-22,False
21.77,58.02,0.0,0.060000000000002274,2.6651355075792376,1.0,2.6719737408233657,1.0,2.6715503756889816,1.0,58.15965167874913,58.02,0.013357751878444908,0.005,58.14629392687068,58.015,58.17300943062757,58.025000000000006,58.025000000000006,58.14629392687068,0.12129392687067764,0.0020905537206252606,USRT,SCHH,2025-07-23,False
21.67,57.66,-0.09999999999999787,-0.36000000000000654,2.6608214120904474,1.0,2.6714910019040787,1.0,2.6719737408233657,1.0,57.90167096364234,57.66,0.01335986870411683,0.005,57.888311094938224,57.654999999999994,57.91503083234645,57.665,57.665,57.888311094938224,0.2233110949382251,0.0038728944664971404,USRT,SCHH,2025-07-24,False
21.66,57.6,-0.010000000000001563,-0.05999999999999517,2.6592797783933517,1.0,2.670692472941057,1.0,2.6714910019040787,1.0,57.86449510124235,57.6,0.013357455009520394,0.005,57.85113764623283,57.595,57.87785255625187,57.605000000000004,57.605000000000004,57.85113764623283,0.24613764623282464,0.004273223024875428,USRT,SCHH,2025-07-25,False
21.27,56.7,-0.39000000000000057,-0.8999999999999986,2.665726375176305,1.0,2.6699864143773375,1.0,2.670692472941057,1.0,56.80562889945628,56.7,0.013353462364705285,0.005,56.792275437091575,56.695,56.818982361820986,56.705000000000005,56.705000000000005,56.792275437091575,0.08727543709157004,0.0015392493314209882,USRT,SCHH,2025-07-28,False
21.58,57.8,0.3099999999999987,1.0999999999999943,2.67840593141798,1.0,2.6702583177535297,1.0,2.6699864143773375,1.0,57.61830682226294,57.8,0.013349932071886688,0.005,57.60495689019105,57.794999999999995,57.63165675433483,57.805,57.63165675433483,57.794999999999995,0.16334324566516756,0.002826007710470027,SCHH,USRT,2025-07-29,False
21.24,56.99,-0.33999999999999986,-0.8099999999999952,2.683145009416196,1.0,2.6708001474438974,1.0,2.6702583177535297,1.0,56.716286669084965,56.99,0.013351291588767649,0.005,56.702935377496196,56.985,56.729637960673735,56.995000000000005,56.729637960673735,56.985,0.2553620393262648,0.004480821886756707,SCHH,USRT,2025-07-30,False
20.93,56.01,-0.3099999999999987,-0.980000000000004,2.6760630673674153,1.0,2.670996743435219,1.0,2.6708001474438974,1.0,55.89984708600077,56.01,0.013354000737219486,0.005,55.88649308526355,56.004999999999995,55.913201086737985,56.015,55.913201086737985,56.004999999999995,0.09179891326201073,0.0016389736343869082,SCHH,USRT,2025-07-31,False
20.88,55.74,-0.05000000000000071,-0.269999999999996,2.6695402298850577,1.0,2.670515909496216,1.0,2.670996743435219,1.0,55.770412002927365,55.74,0.013354983717176095,0.005,55.75705701921019,55.735,55.783766986644544,55.745000000000005,55.745000000000005,55.75705701921019,0.012057019210182318,0.00021630820255081303,USRT,SCHH,2025-08-01,True
21.06,56.3,0.17999999999999972,0.5599999999999952,2.673314339981007,1.0,2.670296938404529,1.0,2.670515909496216,1.0,56.241065053990305,56.3,0.013352579547481081,0.005,56.227712474442825,56.294999999999995,56.254417633537784,56.305,56.254417633537784,56.294999999999995,0.04058236646221047,0.0007208235606076461,SCHH,USRT,2025-08-04,False
21.14,56.76,0.08000000000000185,0.46000000000000085,2.6849574266792806,1.0,2.6709595475750545,1.0,2.670296938404529,1.0,56.45007727787175,56.76,0.013351484692022646,0.005,56.436725793179725,56.754999999999995,56.46342876256377,56.765,56.46342876256377,56.754999999999995,0.29157123743622293,0.005136913978791806,SCHH,USRT,2025-08-05,False
20.99,56.26,-0.15000000000000213,-0.5,2.680323963792282,1.0,2.67148473346571,1.0,2.6709595475750545,1.0,56.06344090360039,56.26,0.013354797737875273,0.005,56.05008610586251,56.254999999999995,56.07679570133826,56.265,56.07679570133826,56.254999999999995,0.1782042986617327,0.003167513307176195,SCHH,USRT,2025-08-06,False
21.06,56.38,0.07000000000000028,0.12000000000000455,2.677113010446344,1.0,2.671818992356621,1.0,2.67148473346571,1.0,56.26146848678785,56.38,0.01335742366732855,0.005,56.24811106312052,56.375,56.27482591045518,56.385000000000005,56.27482591045518,56.375,0.10017408954482221,0.001776766398453746,SCHH,USRT,2025-08-07,False
20.86,55.96,-0.1999999999999993,-0.4200000000000017,2.6826462128475552,1.0,2.672140212773435,1.0,2.671818992356621,1.0,55.73414418055911,55.96,0.013359094961783105,0.005,55.72078508559733,55.955,55.7475032755209,55.965,55.7475032755209,55.955,0.20749672447909973,0.0037079471851161495,SCHH,USRT,2025-08-08,False
20.76,55.64,-0.09999999999999787,-0.3200000000000003,2.680154142581888,1.0,2.672246050743651,1.0,2.672140212773435,1.0,55.47363081717651,55.64,0.013360701063867176,0.005,55.460270116112646,55.635,55.48699151824038,55.645,55.48699151824038,55.635,0.1480084817596179,0.0026601093055287186,SCHH,USRT,2025-08-11,False
20.88,56.04,0.11999999999999744,0.3999999999999986,2.6839080459770117,1.0,2.6728003545576526,1.0,2.672246050743651,1.0,55.79649753952743,56.04,0.013361230253718255,0.005,55.78313630927371,56.035,55.80985876978115,56.045,55.80985876978115,56.035,0.22514123021884558,0.0040175094614355025,SCHH,USRT,2025-08-12,False
21.06,56.64,0.17999999999999972,0.6000000000000014,2.68945868945869,1.0,2.673869632209209,1.0,2.6728003545576526,1.0,56.28917546698416,56.64,0.013364001772788264,0.005,56.275811465211376,56.635,56.30253946875695,56.645,56.30253946875695,56.635,0.33246053124305064,0.005869712769121657,SCHH,USRT,2025-08-13,False
20.89,56.17,-0.16999999999999815,-0.46999999999999886,2.688846337960747,1.0,2.6747200356140635,1.0,2.673869632209209,1.0,55.857136616850376,56.17,0.013369348161046044,0.005,55.84376726868933,56.165,55.870505965011425,56.175000000000004,55.870505965011425,56.165,0.29449403498857407,0.005242906088456009,SCHH,USRT,2025-08-14,False
21.02,56.42,0.129999999999999,0.25,2.6841103710751666,1.0,2.675498456183762,1.0,2.6747200356140635,1.0,56.222615148607616,56.42,0.013373600178070318,0.005,56.209241548429546,56.415,56.23598874878569,56.425000000000004,56.23598874878569,56.415,0.1790112512143125,0.003172833236694656,SCHH,USRT,2025-08-15,False
20.83,56.0,-0.19000000000000128,-0.4200000000000017,2.688430148823812,1.0,2.6766879711085823,1.0,2.675498456183762,1.0,55.730632842307756,56.0,0.01337749228091881,0.005,55.71725535002684,55.995,55.74401033458867,56.005,55.74401033458867,55.995,0.25098966541132484,0.004481958310916515,SCHH,USRT,2025-08-18,False
21.21,57.06,0.38000000000000256,1.0600000000000023,2.69024045261669,1.0,2.678081022678323,1.0,2.6766879711085823,1.0,56.77255186721303,57.06,0.013383439855542911,0.005,56.75916842735749,57.055,56.78593530706858,57.065000000000005,56.78593530706858,57.055,0.26906469293142266,0.004715469557157775,SCHH,USRT,2025-08-19,False
21.3,57.22,0.08999999999999986,0.1599999999999966,2.6863849765258214,1.0,2.6791434961256524,1.0,2.678081022678323,1.0,57.04312578304828,57.22,0.013390405113391615,0.005,57.02973537793489,57.214999999999996,57.05651618816167,57.225,57.05651618816167,57.214999999999996,0.15848381183832316,0.0027697275749444805,SCHH,USRT,2025-08-20,False
21.23,57.03,-0.07000000000000028,-0.18999999999999773,2.6862929816297694,1.0,2.6804170746026186,1.0,2.6791434961256524,1.0,56.8782164227476,57.03,0.013395717480628263,0.005,56.86482070526697,57.025,56.891612140228226,57.035000000000004,56.891612140228226,57.025,0.1333878597717728,0.0023389068871080628,SCHH,USRT,2025-08-21,False
21.59,57.98,0.35999999999999943,0.9499999999999957,2.685502547475683,1.0,2.681728213056735,1.0,2.6804170746026186,1.0,57.870204640670536,57.98,0.013402085373013094,0.005,57.85680255529752,57.974999999999994,57.88360672604355,57.985,57.88360672604355,57.974999999999994,0.09139327395644159,0.0015762896508527352,SCHH,USRT,2025-08-22,False
21.44,57.67,-0.14999999999999858,-0.30999999999999517,2.6898320895522385,1.0,2.6829334987755318,1.0,2.681728213056735,1.0,57.4962528879364,57.67,0.013408641065283675,0.005,57.48284424687112,57.665,57.50966152900168,57.675000000000004,57.50966152900168,57.665,0.15533847099831632,0.0026935750129758337,SCHH,USRT,2025-08-25,False
21.39,57.63,-0.05000000000000071,-0.03999999999999915,2.694249649368864,1.0,2.683725684673076,1.0,2.6829334987755318,1.0,57.387947538808625,57.63,0.01341466749387766,0.005,57.37453287131475,57.625,57.4013622063025,57.635000000000005,57.4013622063025,57.625,0.22363779369749892,0.0038805794498958687,SCHH,USRT,2025-08-26,False
21.56,58.34,0.16999999999999815,0.7100000000000009,2.705936920222635,1.0,2.684865280213398,1.0,2.683725684673076,1.0,57.86112576155151,58.34,0.01341862842336538,0.005,57.84770713312815,58.335,57.87454438997488,58.345000000000006,57.87454438997488,58.335,0.4604556100251216,0.007892622729261597,SCHH,USRT,2025-08-27,False
21.5,58.17,-0.05999999999999872,-0.1700000000000017,2.7055813953488372,1.0,2.686341196612469,1.0,2.684865280213398,1.0,57.72460352458806,58.17,0.01342432640106699,0.005,57.711179198187,58.165,57.73802785098913,58.175000000000004,57.73802785098913,58.165,0.4269721490108722,0.007340074763810765,SCHH,USRT,2025-08-28,False
21.61,58.54,0.10999999999999943,0.36999999999999744,2.7089310504396114,1.0,2.6883107376401965,1.0,2.686341196612469,1.0,58.051833258795455,58.54,0.013431705983062345,0.005,58.038401552812395,58.535,58.065264964778514,58.545,58.065264964778514,58.535,0.46973503522148263,0.008024172108327343,SCHH,USRT,2025-08-29,False
21.27,57.61,-0.33999999999999986,-0.9299999999999997,2.708509637987776,1.0,2.6900705025405354,1.0,2.6883107376401965,1.0,57.18036938960698,57.61,0.013441553688200982,0.005,57.16692783591878,57.605,57.19381094329518,57.615,57.19381094329518,57.605,0.41118905670481354,0.007137459758805998,SCHH,USRT,2025-09-02,True
21.28,57.8,0.010000000000001563,0.18999999999999773,2.7161654135338344,1.0,2.6916309018832627,1.0,2.6900705025405354,1.0,57.244700294062596,57.8,0.013450352512702678,0.005,57.23124994154989,57.794999999999995,57.2581506465753,57.805,57.2581506465753,57.794999999999995,0.5368493534246923,0.009288051097313016,SCHH,USRT,2025-09-03,False
21.4,58.29,0.11999999999999744,0.490000000000002,2.7238317757009347,1.0,2.6938062924786954,1.0,2.6916309018832627,1.0,57.60090130030182,58.29,0.013458154509416315,0.005,57.587443145792406,58.285,57.614359454811236,58.295,57.614359454811236,58.285,0.6706405451887605,0.011505241811438678,SCHH,USRT,2025-09-04,False
21.64,58.84,0.240000000000002,0.5500000000000043,2.7190388170055453,1.0,2.6959025828066556,1.0,2.6938062924786954,1.0,58.29396816923897,58.84,0.013469031462393477,0.005,58.28049913777658,58.835,58.307437200701365,58.845000000000006,58.307437200701365,58.835,0.5275627992986358,0.008966057092091024,SCHH,USRT,2025-09-05,False
21.5,58.61,-0.14000000000000057,-0.23000000000000398,2.726046511627907,1.0,2.698072597745673,1.0,2.6959025828066556,1.0,57.961905530343095,58.61,0.013479512914033279,0.005,57.948426017429064,58.605,57.97538504325713,58.615,57.97538504325713,58.605,0.6296149567428699,0.010742449355790308,SCHH,USRT,2025-09-08,False
21.47,58.51,-0.030000000000001137,-0.10000000000000142,2.7251979506287842,1.0,2.7003247881480177,1.0,2.698072597745673,1.0,57.9276186735996,58.51,0.013490362988728367,0.005,57.91412831061088,58.504999999999995,57.94110903658833,58.515,57.94110903658833,58.504999999999995,0.5638909634116658,0.009637514329373882,SCHH,USRT,2025-09-09,False
21.46,58.41,-0.00999999999999801,-0.10000000000000142,2.721808014911463,1.0,2.7022197865947404,1.0,2.7003247881480177,1.0,57.94896995365646,58.41,0.013501623940740089,0.005,57.93546832971572,58.404999999999994,57.9624715775972,58.415,57.9624715775972,58.404999999999994,0.4425284224027948,0.007576244177414738,SCHH,USRT,2025-09-10,False
21.78,59.37,0.3200000000000003,0.9600000000000009,2.7258953168044076,1.0,2.7040416179620266,1.0,2.7022197865947404,1.0,58.854346952033445,59.37,0.013511098932973703,0.005,58.84083585310047,59.364999999999995,58.86785805096642,59.375,58.86785805096642,59.364999999999995,0.4971419490335762,0.00837362218348621,SCHH,USRT,2025-09-11,False
21.7,59.16,-0.08000000000000185,-0.21000000000000085,2.726267281105991,1.0,2.7059126651192886,1.0,2.7040416179620266,1.0,58.677703109775976,59.16,0.013520208089810134,0.005,58.66418290168617,59.154999999999994,58.691223317865784,59.165,58.691223317865784,59.154999999999994,0.46377668213420975,0.007839362443106995,SCHH,USRT,2025-09-12,False
21.63,59.01,-0.07000000000000028,-0.14999999999999858,2.7281553398058254,1.0,2.7081149135558213,1.0,2.7059126651192886,1.0,58.52889094653021,59.01,0.013529563325596444,0.005,58.51536138320461,59.004999999999995,58.54242050985581,59.015,58.54242050985581,59.004999999999995,0.4625794901441864,0.007839001697071453,SCHH,USRT,2025-09-15,False
21.55,58.24,-0.0799999999999983,-0.769999999999996,2.702552204176334,1.0,2.7088210163234474,1.0,2.7081149135558213,1.0,58.359876387127954,58.24,0.013540574567779106,0.005,58.34633581256018,58.235,58.37341696169573,58.245000000000005,58.245000000000005,58.34633581256018,0.10133581256017266,0.0017399693090688986,USRT,SCHH,2025-09-16,False
21.5,58.03,-0.05000000000000071,-0.21000000000000085,2.6990697674418604,1.0,2.709262482064706,1.0,2.7088210163234474,1.0,58.23965185095412,58.03,0.013544105081617238,0.005,58.226107745872504,58.025,58.25319595603573,58.035000000000004,58.035000000000004,58.226107745872504,0.19110774587250035,0.003293257726563852,USRT,SCHH,2025-09-17,False
21.52,58.26,0.019999999999999574,0.22999999999999687,2.70724907063197,1.0,2.7103056867700137,1.0,2.709262482064706,1.0,58.30332861403247,58.26,0.013546312410323532,0.005,58.28978230162215,58.254999999999995,58.3168749264428,58.265,58.265,58.28978230162215,0.024782301622146008,0.00042537421253254393,USRT,SCHH,2025-09-18,False
21.39,57.86,-0.129999999999999,-0.3999999999999986,2.7050023375409067,1.0,2.711241154565571,1.0,2.7103056867700137,1.0,57.97343864001059,57.86,0.013551528433850069,0.005,57.95988711157674,57.855,57.98699016844444,57.865,57.865,57.95988711157674,0.0948871115767389,0.0016399431658613707,USRT,SCHH,2025-09-19,False
21.44,58.04,0.05000000000000071,0.17999999999999972,2.7070895522388057,1.0,2.712320504803727,1.0,2.711241154565571,1.0,58.12901035388584,58.04,0.013556205772827854,0.005,58.11545414811301,58.035,58.14256655965867,58.045,58.045,58.11545414811301,0.07045414811300788,0.0012138895264129544,USRT,SCHH,2025-09-22,False
21.6,58.44,0.16000000000000014,0.3999999999999986,2.7055555555555553,1.0,2.7131066781038924,1.0,2.712320504803727,1.0,58.586122903760504,58.44,0.013561602524018635,0.005,58.57256130123648,58.434999999999995,58.599684506284525,58.445,58.445,58.57256130123648,0.1275613012364829,0.002182773806236874,USRT,SCHH,2025-09-23,False
21.27,57.88,-0.33000000000000185,-0.5599999999999952,2.7212035731076636,1.0,2.714454374290832,1.0,2.7131066781038924,1.0,57.70777904326979,57.88,0.013565533390519462,0.005,57.69421350987927,57.875,57.72134457666031,57.885000000000005,57.72134457666031,57.875,0.15365542333969273,0.0026547239692414084,SCHH,USRT,2025-09-24,False
21.19,57.68,-0.0799999999999983,-0.20000000000000284,2.72203869749882,1.0,2.715259463154642,1.0,2.714454374290832,1.0,57.519288191222735,57.68,0.013572271871454161,0.005,57.50571591935128,57.675,57.53286046309419,57.685,57.53286046309419,57.675,0.14213953690580894,0.002464277685606951,SCHH,USRT,2025-09-25,False
21.4,58.26,0.2099999999999973,0.5799999999999983,2.722429906542056,1.0,2.7161018887143027,1.0,2.715259463154642,1.0,58.10655251150933,58.26,0.013576297315773209,0.005,58.092976214193556,58.254999999999995,58.1201288088251,58.265,58.1201288088251,58.254999999999995,0.134871191174895,0.002314987833417353,SCHH,USRT,2025-09-26,False
21.43,58.27,0.030000000000001137,0.010000000000005116,2.7190853943070463,1.0,2.7166096059076743,1.0,2.7161018887143027,1.0,58.20606347514751,58.27,0.013580509443571514,0.005,58.19248296570394,58.265,58.21964398459108,58.275000000000006,58.21964398459108,58.265,0.045356015408920314,0.0007783767875222295,SCHH,USRT,2025-09-29,False
21.57,58.72,0.14000000000000057,0.44999999999999574,2.7222994900324524,1.0,2.717299098509908,1.0,2.7166096059076743,1.0,58.59726919942854,58.72,0.013583048029538372,0.005,58.583686151399,58.714999999999996,58.61085224745808,58.725,58.61085224745808,58.714999999999996,0.10414775254191966,0.0017736333879754711,SCHH,USRT,2025-09-30,False
21.57,58.82,0.0,0.10000000000000142,2.726935558646268,1.0,2.71783760576553,1.0,2.717299098509908,1.0,58.61214155485872,58.82,0.01358649549254954,0.005,58.59855505936617,58.815,58.62572805035126,58.825,58.62572805035126,58.815,0.1892719496487345,0.0032178162130012664,SCHH,USRT,2025-10-01,True
21.46,58.51,-0.10999999999999943,-0.3100000000000023,2.7264678471575023,1.0,2.717969409338358,1.0,2.71783760576553,1.0,58.32479501972828,58.51,0.01358918802882765,0.005,58.31120583169945,58.504999999999995,58.3383842077571,58.515,58.3383842077571,58.504999999999995,0.1666157922428937,0.0028476464235668037,SCHH,USRT,2025-10-02,False
21.55,58.78,0.08999999999999986,0.2700000000000031,2.727610208816705,1.0,2.718397978928916,1.0,2.717969409338358,1.0,58.57224077124162,58.78,0.01358984704669179,0.005,58.55865092419493,58.775,58.585830618288306,58.785000000000004,58.585830618288306,58.775,0.18916938171169306,0.00321826100224044,SCHH,USRT,2025-10-03,False
21.34,58.34,-0.21000000000000085,-0.4399999999999977,2.7338331771321465,1.0,2.718787312204128,1.0,2.718397978928916,1.0,58.01061287034307,58.34,0.013591989894644581,0.005,57.997020880448424,58.335,58.02420486023771,58.345000000000006,58.02420486023771,58.335,0.31079513976229123,0.0053273078464568255,SCHH,USRT,2025-10-06,False
21.29,58.09,-0.05000000000000071,-0.25,2.7285110380460313,1.0,2.7189529665749905,1.0,2.718787312204128,1.0,57.88298187682589,58.09,0.01359393656102064,0.005,57.869387940264865,58.085,57.89657581338691,58.095000000000006,57.89657581338691,58.085,0.18842418661309068,0.003243659607730946,SCHH,USRT,2025-10-07,False
21.19,57.82,-0.09999999999999787,-0.2700000000000031,2.7286455875412927,1.0,2.7192948452064822,1.0,2.7189529665749905,1.0,57.614613361724054,57.82,0.013594764832874954,0.005,57.60101859689118,57.815,57.62820812655693,57.825,57.62820812655693,57.815,0.18679187344307024,0.0032305754659818445,SCHH,USRT,2025-10-08,False
21.09,57.43,-0.10000000000000142,-0.39000000000000057,2.7230915125651967,1.0,2.7191546549945214,1.0,2.7192948452064822,1.0,57.34992828540471,57.43,0.013596474226032412,0.005,57.336331811178674,57.425,57.36352475963074,57.435,57.36352475963074,57.425,0.06147524036925489,0.0010704377567343703,SCHH,USRT,2025-10-09,False
20.85,56.64,-0.23999999999999844,-0.7899999999999991,2.7165467625899278,1.0,2.7186686290687185,1.0,2.7191546549945214,1.0,56.69437455663577,56.64,0.013595773274972607,0.005,56.6807787833608,56.635,56.707970329910744,56.645,56.645,56.6807787833608,0.035778783360797206,0.0006316875593361088,USRT,SCHH,2025-10-10,False
20.96,57.12,0.10999999999999943,0.4799999999999969,2.7251908396946565,1.0,2.71852040406316,1.0,2.7186686290687185,1.0,56.983294465280345,57.12,0.013593343145343592,0.005,56.969701122135,57.114999999999995,56.99688780842569,57.125,56.99688780842569,57.114999999999995,0.11811219157430486,0.00206779046873783,SCHH,USRT,2025-10-13,False
21.17,57.67,0.21000000000000085,0.5500000000000043,2.7241379310344827,1.0,2.7195996904060675,1.0,2.71852040406316,1.0,57.551076954017105,57.67,0.0135926020203158,0.005,57.53748435199679,57.665,57.56466955603742,57.675000000000004,57.56466955603742,57.665,0.10033044396257651,0.0017397337257252733,SCHH,USRT,2025-10-14,False
21.5,58.52,0.3299999999999983,0.8500000000000014,2.721860465116279,1.0,2.720739225289788,1.0,2.7195996904060675,1.0,58.471393343730455,58.52,0.013597998452030339,0.005,58.45779534527843,58.515,58.48499134218248,58.525000000000006,58.48499134218248,58.515,0.03000865781751827,0.000512793195788077,SCHH,USRT,2025-10-15,False
21.42,58.27,-0.0799999999999983,-0.25,2.720354808590103,1.0,2.721394512187695,1.0,2.720739225289788,1.0,58.278234205707264,58.27,0.013603696126448942,0.005,58.26463050958081,58.265,58.291837901833716,58.275000000000006,58.275000000000006,58.265,-0.010000000000005116,-0.0001716148961730756,USRT,USRT,2025-10-16,False
21.58,58.79,0.1599999999999966,0.519999999999996,2.7242817423540315,1.0,2.722358482428351,1.0,2.721394512187695,1.0,58.727693573010455,58.79,0.013606972560938475,0.005,58.71408660044952,58.785,58.74130054557139,58.795,58.74130054557139,58.785,0.04369945442860512,0.0007433144145025535,SCHH,USRT,2025-10-17,False
21.78,59.27,0.20000000000000284,0.480000000000004,2.7213039485766757,1.0,2.7230692022452443,1.0,2.722358482428351,1.0,59.29296774728949,59.27,0.013611792412141754,0.005,59.279355954877346,59.265,59.30657953970163,59.275000000000006,59.275000000000006,59.279355954877346,0.004355954877340196,7.349341787312629e-05,USRT,SCHH,2025-10-20,False
21.67,59.02,-0.10999999999999943,-0.25,2.7235809875403785,1.0,2.723970473844486,1.0,2.7230692022452443,1.0,59.00890961265445,59.02,0.013615346011226222,0.005,58.99529426664322,59.015,59.02252495866568,59.025000000000006,59.02252495866568,59.015,-0.0075249586656767065,-0.00012749845248520342,SCHH,USRT,2025-10-21,False
21.76,59.32,0.08999999999999986,0.29999999999999716,2.7261029411764706,1.0,2.7242154422479263,1.0,2.723970473844486,1.0,59.273597510856014,59.32,0.01361985236922243,0.005,59.25997765848679,59.315,59.28721736322524,59.325,59.28721736322524,59.315,0.02778263677475934,0.00046835193484085196,SCHH,USRT,2025-10-22,False
21.73,59.23,-0.030000000000001137,-0.09000000000000341,2.7257248044178555,1.0,2.7243997475938775,1.0,2.7242154422479263,1.0,59.19720156004744,59.23,0.013621077211239632,0.005,59.1835804828362,59.224999999999994,59.21082263725868,59.235,59.21082263725868,59.224999999999994,0.014177362741314425,0.00023936118084272204,SCHH,USRT,2025-10-23,False
21.78,59.42,0.05000000000000071,0.19000000000000483,2.7281910009182737,1.0,2.724687802312689,1.0,2.7243997475938775,1.0,59.33742650259465,59.42,0.013621998737969388,0.005,59.323804503856685,59.415,59.35104850133262,59.425000000000004,59.35104850133262,59.415,0.06395149866737881,0.0010762621788518818,SCHH,USRT,2025-10-24,False
21.86,59.67,0.0799999999999983,0.25,2.72964318389753,1.0,2.7252156917922132,1.0,2.724687802312689,1.0,59.561675358555384,59.67,0.013623439011563446,0.005,59.54805191954382,59.665,59.575298797566944,59.675000000000004,59.575298797566944,59.665,0.08970120243305502,0.0015032881252397354,SCHH,USRT,2025-10-27,False
21.42,58.42,-0.4399999999999977,-1.25,2.727357609710551,1.0,2.7254685977761177,1.0,2.7252156917922132,1.0,58.37412011818921,58.42,0.013626078458961067,0.005,58.36049403973025,58.415,58.38774619664817,58.425000000000004,58.38774619664817,58.415,0.027253803351825923,0.00046651494953484974,SCHH,USRT,2025-10-28,False
20.93,57.12,-0.490000000000002,-1.3000000000000043,2.729096989966555,1.0,2.725576669342132,1.0,2.7254685977761177,1.0,57.04405775145414,57.12,0.01362734298888059,0.005,57.03043040846526,57.114999999999995,57.05768509444302,57.125,57.05768509444302,57.114999999999995,0.057314905556971496,0.001003412212131854,SCHH,USRT,2025-10-29,False
21.02,57.47,0.08999999999999986,0.3500000000000014,2.7340627973358704,1.0,2.7259564168510506,1.0,2.725576669342132,1.0,57.29162158957162,57.47,0.01362788334671066,0.005,57.27799370622491,57.464999999999996,57.30524947291833,57.475,57.30524947291833,57.464999999999996,0.1597505270816697,0.0027797203250682044,SCHH,USRT,2025-10-30,False
21.09,57.64,0.07000000000000028,0.1700000000000017,2.7330488383119964,1.0,2.726228348325815,1.0,2.7259564168510506,1.0,57.490420831388654,57.64,0.013629782084255254,0.005,57.476791049304396,57.635,57.50405061347291,57.645,57.50405061347291,57.635,0.1309493865270852,0.0022718491763894033,SCHH,USRT,2025-10-31,False
21.05,57.69,-0.03999999999999915,0.04999999999999716,2.7406175771971495,1.0,2.7265675683290653,1.0,2.726228348325815,1.0,57.38710673225841,57.69,0.013631141741629077,0.005,57.37347559051678,57.684999999999995,57.400737874000036,57.695,57.400737874000036,57.684999999999995,0.2842621259999589,0.0049274072802905,SCHH,USRT,2025-11-03,True
21.08,57.69,0.029999999999997584,0.0,2.7367172675521823,1.0,2.7269778798043727,1.0,2.7265675683290653,1.0,57.476044340376696,57.69,0.013632837841645326,0.005,57.46241150253505,57.684999999999995,57.489677178218344,57.695,57.489677178218344,57.684999999999995,0.1953228217816516,0.0033857310067888996,SCHH,USRT,2025-11-04,False
21.12,57.73,0.0400000000000027,0.03999999999999915,2.73342803030303,1.0,2.7272170019424595,1.0,2.7269778798043727,1.0,57.593772821468356,57.73,0.013634889399021863,0.005,57.580137932069334,57.724999999999994,57.60740771086738,57.735,57.60740771086738,57.724999999999994,0.11759228913261666,0.0020369355470746,SCHH,USRT,2025-11-05,False
21.03,57.51,-0.08999999999999986,-0.21999999999999886,2.7346647646219684,1.0,2.7277956645452983,1.0,2.7272170019424595,1.0,57.35337355084993,57.51,0.013636085009712298,0.005,57.339737465840216,57.504999999999995,57.367009635859645,57.515,57.367009635859645,57.504999999999995,0.13799036414035015,0.002399415130244308,SCHH,USRT,2025-11-06,False
21.38,58.53,0.34999999999999787,1.0200000000000031,2.7376052385406924,1.0,2.7288485883428364,1.0,2.7277956645452983,1.0,58.32027130797847,58.53,0.013638978322726493,0.005,58.30663232965575,58.525,58.3339102863012,58.535000000000004,58.3339102863012,58.525,0.19108971369880123,0.003264816567551704,SCHH,USRT,2025-11-07,False
21.32,58.3,-0.05999999999999872,-0.23000000000000398,2.7345215759849903,1.0,2.7293151251573535,1.0,2.7288485883428364,1.0,58.17905190346927,58.3,0.013644242941714181,0.005,58.165407660527556,58.294999999999995,58.19269614641099,58.305,58.19269614641099,58.294999999999995,0.10230385358900662,0.0017547830804289302,SCHH,USRT,2025-11-10,False
21.55,58.83,0.23000000000000043,0.5300000000000011,2.7299303944315545,1.0,2.729604748327207,1.0,2.7293151251573535,1.0,58.81674094714097,58.83,0.013646575625786767,0.005,58.803094371515186,58.824999999999996,58.830387522766756,58.835,58.830387522766756,58.824999999999996,-0.005387522766760355,-9.157781347544374e-05,SCHH,USRT,2025-11-11,False
21.37,58.33,-0.17999999999999972,-0.5,2.7295273748245203,1.0,2.7299880938126186,1.0,2.729604748327207,1.0,58.33165347175242,58.33,0.013648023741636036,0.005,58.31800544801078,58.324999999999996,58.345301495494056,58.335,58.335,58.324999999999996,-0.010000000000005116,-0.00017143836790682525,USRT,USRT,2025-11-12,False
21.14,57.75,-0.23000000000000043,-0.5799999999999983,2.7317880794701987,1.0,2.7305597573566236,1.0,2.7299880938126186,1.0,57.71194830319876,57.75,0.013649940469063093,0.005,57.698298362729695,57.745,57.725598243667825,57.755,57.725598243667825,57.745,0.019401756332172226,0.0003359611486090429,SCHH,USRT,2025-11-13,False
21.2,57.83,0.05999999999999872,0.0799999999999983,2.727830188679245,1.0,2.7307371796728845,1.0,2.7305597573566236,1.0,57.88786685596042,57.83,0.013652798786783119,0.005,57.87421405717363,57.824999999999996,57.901519654747204,57.835,57.835,57.87421405717363,0.03921405717363058,0.0006780919449010994,USRT,SCHH,2025-11-14,False
21.05,57.47,-0.14999999999999858,-0.35999999999999943,2.730166270783848,1.0,2.731180295783243,1.0,2.7307371796728845,1.0,57.48201763211422,57.47,0.013653685898364423,0.005,57.46836394621586,57.464999999999996,57.49567131801258,57.475,57.475,57.46836394621586,-0.006636053784141893,-0.00011546987618134493,USRT,SCHH,2025-11-17,False
21.15,57.74,0.09999999999999787,0.2700000000000031,2.7300236406619387,1.0,2.7315024284393212,1.0,2.731180295783243,1.0,57.764463255815585,57.74,0.013655901478916216,0.005,57.75080735433667,57.735,57.7781191572945,57.745000000000005,57.745000000000005,57.75080735433667,0.0058073543366674585,0.00010057766429974815,USRT,SCHH,2025-11-18,False
20.99,57.18,-0.16000000000000014,-0.5600000000000023,2.7241543592186757,1.0,2.7314049993414313,1.0,2.7315024284393212,1.0,57.33423597294135,57.18,0.013657512142196607,0.005,57.320578460799155,57.175,57.347893485083546,57.185,57.185,57.320578460799155,0.13557846079915237,0.0023710818607756623,USRT,SCHH,2025-11-19,False
20.92,57.02,-0.06999999999999673,-0.1599999999999966,2.7256214149139577,1.0,2.7313998298662368,1.0,2.7314049993414313,1.0,57.14099258622275,57.02,0.013657024996707156,0.005,57.12733556122605,57.015,57.154649611219455,57.025000000000006,57.025000000000006,57.12733556122605,0.1023355612260417,0.0017947309930908752,USRT,SCHH,2025-11-20,False
21.21,57.88,0.28999999999999915,0.8599999999999994,2.728901461574729,1.0,2.731435352899059,1.0,2.7313998298662368,1.0,57.93299039146289,57.88,0.013656999149331184,0.005,57.919333392313554,57.875,57.94664739061222,57.885000000000005,57.885000000000005,57.919333392313554,0.03433339231354893,0.0005931823136411356,USRT,SCHH,2025-11-21,False
21.23,58.2,0.019999999999999574,0.3200000000000003,2.741403674046161,1.0,2.732023377406491,1.0,2.731435352899059,1.0,57.988372542047024,58.2,0.013657176764495295,0.005,57.97471536528253,58.195,58.00202971881152,58.205000000000005,58.00202971881152,58.195,0.19297028118847948,0.003315640570248788,SCHH,USRT,2025-11-24,False
21.39,58.47,0.16000000000000014,0.269999999999996,2.7335203366058907,1.0,2.732331513751258,1.0,2.732023377406491,1.0,58.43798004272484,58.47,0.013660116887032454,0.005,58.42431992583781,58.464999999999996,58.45164015961187,58.475,58.45164015961187,58.464999999999996,0.013359840388126543,0.0002284905145908422,SCHH,USRT,2025-11-25,False
21.5,58.73,0.10999999999999943,0.259999999999998,2.731627906976744,1.0,2.7324580596017674,1.0,2.732331513751258,1.0,58.745127545652046,58.73,0.01366165756875629,0.005,58.73146588808329,58.724999999999994,58.7587892032208,58.735,58.735,58.73146588808329,-0.003534111916707161,-6.017558175901858e-05,USRT,SCHH,2025-11-26,False
21.57,58.99,0.07000000000000028,0.2600000000000051,2.7348168752897544,1.0,2.732495763499461,1.0,2.7324580596017674,1.0,58.93912034561012,58.99,0.013662290298008837,0.005,58.92545805531211,58.985,58.95278263590813,58.995000000000005,58.95278263590813,58.985,0.03221736409187059,0.0005461495862327613,SCHH,USRT,2025-11-28,False
21.34,58.37,-0.23000000000000043,-0.6200000000000045,2.7352389878163073,1.0,2.732605270974677,1.0,2.732495763499461,1.0,58.3114595930785,58.37,0.013662478817497306,0.005,58.29779711426101,58.364999999999995,58.325122071896,58.375,58.325122071896,58.364999999999995,0.03987792810399782,0.0006831921895493887,SCHH,USRT,2025-12-01,True
21.28,58.24,-0.05999999999999872,-0.12999999999999545,2.736842105263158,1.0,2.732416497377977,1.0,2.732605270974677,1.0,58.14984016634113,58.24,0.013663026354873384,0.005,58.13617713998625,58.235,58.163503192696005,58.245000000000005,58.163503192696005,58.235,0.0714968073039941,0.001227623751785613,SCHH,USRT,2025-12-02,False
21.3,58.29,0.019999999999999574,0.04999999999999716,2.736619718309859,1.0,2.7324116199158612,1.0,2.732416497377977,1.0,58.20047139415092,58.29,0.013662082486889887,0.005,58.18680931166403,58.285,58.214133476637805,58.295,58.214133476637805,58.285,0.07086652336219146,0.0012157578205900061,SCHH,USRT,2025-12-03,False
21.25,58.06,-0.05000000000000071,-0.22999999999999687,2.7322352941176473,1.0,2.732351983106592,1.0,2.7324116199158612,1.0,58.06374692321205,58.06,0.013662058099579306,0.005,58.050084865112474,58.055,58.07740898131163,58.065000000000005,58.065000000000005,58.055,-0.010000000000005116,-0.0001722356183259579,USRT,USRT,2025-12-04,False
21.22,57.92,-0.030000000000001137,-0.14000000000000057,2.7295004712535347,1.0,2.7320937684381703,1.0,2.732351983106592,1.0,57.98050908152188,57.92,0.013661759915532961,0.005,57.966847321606345,57.915,57.994170841437416,57.925000000000004,57.925000000000004,57.966847321606345,0.041847321606340415,0.0007225020995569823,USRT,SCHH,2025-12-05,False
21.09,57.37,-0.129999999999999,-0.5500000000000043,2.7202465623518255,1.0,2.731225834628727,1.0,2.7320937684381703,1.0,57.619857576361014,57.37,0.013660468842190852,0.005,57.606197107518824,57.364999999999995,57.6335180452032,57.375,57.375,57.606197107518824,0.23119710751882394,0.0040299304082067975,USRT,SCHH,2025-12-08,False
20.97,57.16,-0.120000000000001,-0.21000000000000085,2.725798760133524,1.0,2.7307896938361536,1.0,2.731225834628727,1.0,57.2738057521644,57.16,0.013656129173143634,0.005,57.26014962299126,57.154999999999994,57.28746188133754,57.165,57.165,57.26014962299126,0.09514962299125784,0.0016646190166420198,USRT,SCHH,2025-12-09,False
20.85,57.36,-0.11999999999999744,0.20000000000000284,2.751079136690647,1.0,2.731847130949108,1.0,2.7307896938361536,1.0,56.936965116483805,57.36,0.013653948469180768,0.005,56.92331116801462,57.355,56.95061906495299,57.365,56.95061906495299,57.355,0.40438093504700845,0.007049876831363467,SCHH,USRT,2025-12-10,False
20.9,57.56,0.04999999999999716,0.20000000000000284,2.754066985645933,1.0,2.733074111490179,1.0,2.731847130949108,1.0,57.09560503683635,57.56,0.013659235654745541,0.005,57.08194580118161,57.555,57.109264272491096,57.565000000000005,57.109264272491096,57.555,0.4457357275089038,0.007743845161725222,SCHH,USRT,2025-12-11,False
20.89,57.57,-0.00999999999999801,0.00999999999999801,2.7558640497845857,1.0,2.7342779100058983,1.0,2.733074111490179,1.0,57.09391818902984,57.57,0.013665370557450896,0.005,57.080252818472395,57.565,57.10758355958729,57.575,57.10758355958729,57.565,0.45741644041270746,0.007945395873071174,SCHH,USRT,2025-12-12,False
21.02,57.98,0.129999999999999,0.4099999999999966,2.7583254043767838,1.0,2.735802670790775,1.0,2.7342779100058983,1.0,57.47452166832398,57.98,0.013671389550029492,0.005,57.460850278773954,57.974999999999994,57.48819305787401,57.985,57.48819305787401,57.974999999999994,0.4868069421259875,0.008396118353328519,SCHH,USRT,2025-12-15,False
