PFFD_price,PFF_price,PFFD_price_chg,PFF_price_chg,PFF/PFFD,PFF/PFF,PFF/PFFD_moving_avg,PFF/PFF_moving_avg,PFF/PFFD_prev_moving_avg,PFF/PFF_prev_moving_avg,PFFD_scaled_price,PFF_scaled_price,PFFD_scaled_comm,PFF_scaled_comm,PFFD_scaled_price_minus_comm,PFF_scaled_price_minus_comm,PFFD_scaled_price_plus_comm,PFF_scaled_price_plus_comm,min_price_plus_comm,max_price_minus_comm,tgt_max-min,tgt_pct_diff,tgt_min_price_etf,tgt_max_price_etf,date,ex_div_date,PFFD_shs_per_unit,PFF_shs_per_unit,PFFD_current_shs,PFF_current_shs,current_long_etf,current_short_etf,current_max-min,current_pct_diff,current_position,open_trade,exit_trade,flatten_for_div,tgt_position,tgt_long_etf,tgt_short_etf,PFFD_tgt_shs,PFF_tgt_shs,PFFD_tgt_inv_amt,PFF_tgt_inv_amt,gross_inv_amt,net_inv_amt,PFFD_shs_to_trade,PFF_shs_to_trade,PFFD_shs_to_buy,PFF_shs_to_buy,PFFD_shs_to_sell,PFF_shs_to_sell,PFFD_daily_comm,PFF_daily_comm,daily_comm,PFFD_daily_profit,PFF_daily_profit,daily_gross_profit,daily_net_profit,cumulative_net_profit
19.14,31.27,,,1.6337513061650992,1.0,,,,,,,,,,,,,,,,,,,2026-01-02,False,,,,,,,,,,False,False,False,,,,,,,,,,,,,,,,,,,,,,,
19.19,31.33,0.05000000000000071,0.05999999999999872,1.632621156852527,1.0,,,,,,,,,,,,,,,,,,,2026-01-05,False,,,,,,,,,,False,False,False,,,,,,,,,,,,,,,,,,,,,,,
19.26,31.45,0.07000000000000028,0.120000000000001,1.6329179646936656,1.0,,,,,,,,,,,,,,,,,,,2026-01-06,False,,,,,,,,,,False,False,False,,,,,,,,,,,,,,,,,,,,,,,
19.26,31.41,0.0,-0.03999999999999915,1.630841121495327,1.0,,,,,,,,,,,,,,,,,,,2026-01-07,False,,,,,,,,,,False,False,False,,,,,,,,,,,,,,,,,,,,,,,
19.29,31.38,0.029999999999997584,-0.030000000000001137,1.6267496111975117,1.0,,,,,,,,,,,,,,,,,,,2026-01-08,False,,,,,,,,,,False,False,False,,,,,,,,,,,,,,,,,,,,,,,
19.34,31.57,0.05000000000000071,0.19000000000000128,1.6323681489141675,1.0,,,,,,,,,,,,,,,,,,,2026-01-09,False,,,,,,,,,,False,False,False,,,,,,,,,,,,,,,,,,,,,,,
19.35,31.62,0.010000000000001563,0.05000000000000071,1.6341085271317828,1.0,,,,,,,,,,,,,,,,,,,2026-01-12,False,,,,,,,,,,False,False,False,,,,,,,,,,,,,,,,,,,,,,,
19.45,31.64,0.09999999999999787,0.019999999999999574,1.6267352185089976,1.0,,,,,,,,,,,,,,,,,,,2026-01-13,False,,,,,,,,,,False,False,False,,,,,,,,,,,,,,,,,,,,,,,
19.49,31.74,0.03999999999999915,0.09999999999999787,1.6285274499743458,1.0,,,,,,,,,,,,,,,,,,,2026-01-14,False,,,,,,,,,,False,False,False,,,,,,,,,,,,,,,,,,,,,,,
19.52,31.82,0.030000000000001137,0.08000000000000185,1.6301229508196722,1.0,,,,,,,,,,,,,,,,,,,2026-01-15,False,,,,,,,,,,False,False,False,,,,,,,,,,,,,,,,,,,,,,,
19.47,31.78,-0.05000000000000071,-0.03999999999999915,1.6322547508988188,1.0,,,,,,,,,,,,,,,,,,,2026-01-16,False,,,,,,,,,,False,False,False,,,,,,,,,,,,,,,,,,,,,,,
19.38,31.61,-0.08999999999999986,-0.1700000000000017,1.6310629514963881,1.0,,,,,,,,,,,,,,,,,,,2026-01-20,False,,,,,,,,,,False,False,False,,,,,,,,,,,,,,,,,,,,,,,
19.53,31.85,0.15000000000000213,0.240000000000002,1.6308243727598566,1.0,,,,,,,,,,,,,,,,,,,2026-01-21,False,,,,,,,,,,False,False,False,,,,,,,,,,,,,,,,,,,,,,,
19.6,31.94,0.07000000000000028,0.08999999999999986,1.6295918367346938,1.0,,,,,,,,,,,,,,,,,,,2026-01-22,False,,,,,,,,,,False,False,False,,,,,,,,,,,,,,,,,,,,,,,
19.57,31.91,-0.030000000000001137,-0.030000000000001137,1.630556974961676,1.0,,,,,,,,,,,,,,,,,,,2026-01-23,False,,,,,,,,,,False,False,False,,,,,,,,,,,,,,,,,,,,,,,
19.58,31.88,0.00999999999999801,-0.030000000000001137,1.6281920326864148,1.0,,,,,,,,,,,,,,,,,,,2026-01-26,False,,,,,,,,,,False,False,False,,,,,,,,,,,,,,,,,,,,,,,
19.56,31.84,-0.019999999999999574,-0.03999999999999915,1.6278118609406953,1.0,,,,,,,,,,,,,,,,,,,2026-01-27,False,,,,,,,,,,False,False,False,,,,,,,,,,,,,,,,,,,,,,,
19.51,31.81,-0.04999999999999716,-0.030000000000001137,1.630445925166581,1.0,,,,,,,,,,,,,,,,,,,2026-01-28,False,,,,,,,,,,False,False,False,,,,,,,,,,,,,,,,,,,,,,,
19.44,31.69,-0.07000000000000028,-0.11999999999999744,1.6301440329218106,1.0,,,,,,,,,,,,,,,,,,,2026-01-29,False,,,,,,,,,,False,False,False,,,,,,,,,,,,,,,,,,,,,,,
19.42,31.69,-0.019999999999999574,0.0,1.6318228630278062,1.0,1.6305725528673918,1.0,,,,,,,,,,,,,,,,,2026-01-30,False,,,,,,,,,,False,False,False,0.0,,,0.0,0.0,,,,,,,,,,,,,,,,,,
19.29,31.46,-0.13000000000000256,-0.23000000000000043,1.6308968377397617,1.0,1.630429829446125,1.0,1.6305725528673918,1.0,31.453744544811986,31.46,0.008152862764336959,0.005,31.44559168204765,31.455000000000002,31.461897407576323,31.465,31.461897407576323,31.455000000000002,-0.006897407576321513,-0.00021924372461288978,PFFD,PFF,2026-02-02,True,5184.0,3179.0,0.0,0.0,,,0.0,0.0,0.0,False,True,False,0.0,,,0.0,0.0,0.0,0.0,,,0.0,0.0,0.0,0.0,-0.0,-0.0,-0.0,-0.0,0.0,-0.0,-0.0,0.0,0.0,0.0
19.24,31.34,-0.05000000000000071,-0.120000000000001,1.628898128898129,1.0,1.630243678048405,1.0,1.630429829446125,1.0,31.369469918543444,31.34,0.008152149147230624,0.005,31.361317769396212,31.335,31.377622067690677,31.345,31.345,31.361317769396212,0.016317769396213322,0.000520669093689002,PFF,PFFD,2026-02-03,False,5203.0,3191.0,0.0,0.0,,,0.0,0.0,0.0,False,True,True,0.0,,,0.0,0.0,0.0,0.0,0.0,0.0,0.0,0.0,0.0,0.0,-0.0,-0.0,-0.0,-0.0,0.0,-0.0,-0.0,0.0,0.0,0.0
19.26,31.44,0.020000000000003126,0.10000000000000142,1.632398753894081,1.0,1.6302177175084256,1.0,1.630243678048405,1.0,31.398493239212286,31.44,0.008151218390242026,0.005,31.390342020822043,31.435000000000002,31.40664445760253,31.445,31.40664445760253,31.435000000000002,0.028355542397473954,0.0009018938421588408,PFFD,PFF,2026-02-04,False,5186.0,3181.0,0.0,0.0,,,0.0,0.0,0.0,False,True,False,0.0,,,0.0,0.0,0.0,0.0,0.0,0.0,0.0,0.0,0.0,0.0,-0.0,-0.0,-0.0,-0.0,0.0,0.0,0.0,0.0,0.0,0.0
19.12,31.16,-0.14000000000000057,-0.28000000000000114,1.6297071129707112,1.0,1.6301610170821952,1.0,1.6302177175084256,1.0,31.1697627587611,31.16,0.008151088587542129,0.005,31.161611670173556,31.155,31.17791384734864,31.165,31.165,31.161611670173556,-0.003388329826442771,-0.00010873972485374746,PFF,PFFD,2026-02-05,False,5231.0,3209.0,0.0,0.0,,,0.0,0.0,0.0,False,True,False,0.0,,,0.0,0.0,0.0,0.0,0.0,0.0,0.0,0.0,0.0,0.0,-0.0,-0.0,-0.0,-0.0,0.0,-0.0,-0.0,0.0,0.0,0.0
19.27,31.47,0.14999999999999858,0.3099999999999987,1.633108458744162,1.0,1.6304789594595277,1.0,1.6301610170821952,1.0,31.413202799173902,31.47,0.008150805085410976,0.005,31.405051994088492,31.465,31.421353604259313,31.474999999999998,31.421353604259313,31.465,0.04364639574068718,0.0013869207416805588,PFFD,PFF,2026-02-06,False,5181.0,3178.0,0.0,0.0,,,0.0,0.0,0.0,False,False,False,-0.0,,,0.0,0.0,0.0,0.0,0.0,0.0,0.0,0.0,0.0,0.0,-0.0,-0.0,-0.0,-0.0,0.0,0.0,0.0,0.0,0.0,0.0
19.3,31.51,0.030000000000001137,0.0400000000000027,1.632642487046632,1.0,1.630492676366151,1.0,1.6304789594595277,1.0,31.468243917568884,31.51,0.008152394797297638,0.005,31.460091522771588,31.505000000000003,31.47639631236618,31.515,31.47639631236618,31.505000000000003,0.02860368763382226,0.0009077653961860444,PFFD,PFF,2026-02-09,False,5175.0,3174.0,0.0,0.0,,,0.0,0.0,-0.0,False,True,False,0.0,,,0.0,0.0,0.0,0.0,0.0,0.0,0.0,0.0,0.0,0.0,-0.0,-0.0,-0.0,-0.0,0.0,0.0,0.0,0.0,0.0,0.0
19.31,31.52,0.00999999999999801,0.00999999999999801,1.6323148627654067,1.0,1.630402993147832,1.0,1.630492676366151,1.0,31.484813580630373,31.52,0.008152463381830755,0.005,31.476661117248543,31.515,31.492966044012203,31.525,31.492966044012203,31.515,0.022033955987797782,0.0006990468270240413,PFFD,PFF,2026-02-10,False,5174.0,3173.0,0.0,0.0,,,0.0,0.0,0.0,False,True,False,0.0,,,0.0,0.0,0.0,0.0,0.0,0.0,0.0,0.0,0.0,0.0,-0.0,-0.0,-0.0,-0.0,0.0,0.0,0.0,0.0,0.0,0.0
19.38,31.58,0.07000000000000028,0.05999999999999872,1.629514963880289,1.0,1.6305419804163968,1.0,1.630402993147832,1.0,31.597210007204986,31.58,0.008152014965739161,0.005,31.589057992239248,31.575,31.605362022170723,31.584999999999997,31.584999999999997,31.589057992239248,0.0040579922392502965,0.0001284988042827833,PFF,PFFD,2026-02-11,False,5163.0,3167.0,0.0,0.0,,,0.0,0.0,0.0,False,True,False,0.0,,,0.0,0.0,0.0,0.0,0.0,0.0,0.0,0.0,0.0,0.0,-0.0,-0.0,-0.0,-0.0,0.0,0.0,0.0,0.0,0.0,0.0
19.23,31.48,-0.14999999999999858,-0.09999999999999787,1.6370254810192408,1.0,1.6309668819686416,1.0,1.6305419804163968,1.0,31.35532228340731,31.48,0.008152709902081983,0.005,31.34716957350523,31.475,31.363474993309392,31.485,31.363474993309392,31.475,0.11152500669060927,0.00354272575256065,PFFD,PFF,2026-02-12,False,5180.0,3177.0,0.0,0.0,,,0.0,0.0,0.0,True,False,False,1.0,PFFD,PFF,5180.0,-3177.0,0.0,0.0,0.0,0.0,5180.0,-3177.0,5180.0,0.0,-0.0,3177.0,-25.900000000000002,-15.885,-41.785000000000004,-0.0,-0.0,0.0,-41.785000000000004,-41.785000000000004
19.42,31.69,0.19000000000000128,0.21000000000000085,1.6318228630278062,1.0,1.6310518775790481,1.0,1.6309668819686416,1.0,31.673376847831022,31.69,0.008154834409843208,0.005,31.66522201342118,31.685000000000002,31.681531682240866,31.695,31.681531682240866,31.685000000000002,0.0034683177591361414,0.00010944518015576337,PFFD,PFF,2026-02-13,False,5147.0,3156.0,5180.0,-3177.0,PFFD,PFF,0.0034683177591361414,0.00010944518015576337,1.0,False,True,False,0.0,,,0.0,0.0,99611.40000000001,-100011.96,199623.36000000002,-400.5599999999977,-5180.0,3177.0,0.0,3177.0,5180.0,-0.0,-25.900000000000002,-15.885,-41.785000000000004,984.2000000000066,-667.1700000000027,317.03000000000395,275.2450000000039,233.46000000000393
19.47,31.83,0.04999999999999716,0.13999999999999702,1.6348228043143298,1.0,1.6311802802498234,1.0,1.6310518775790481,1.0,31.756580056464067,31.83,0.00815525938789524,0.005,31.748424797076172,31.825,31.76473531585196,31.834999999999997,31.76473531585196,31.825,0.06026468414803787,0.0018933296936235588,PFFD,PFF,2026-02-17,False,5125.0,3142.0,0.0,0.0,,,0.0,0.0,0.0,True,False,False,1.0,PFFD,PFF,5125.0,-3142.0,0.0,0.0,0.0,0.0,5125.0,-3142.0,5125.0,0.0,-0.0,3142.0,-25.625,-15.71,-41.335,0.0,0.0,0.0,-41.335,192.12500000000392
19.48,31.78,0.010000000000001563,-0.04999999999999716,1.6314168377823408,1.0,1.631197974564121,1.0,1.6311802802498234,1.0,31.775391859266563,31.78,0.008155901401249117,0.005,31.767235957865314,31.775000000000002,31.783547760667812,31.785,31.783547760667812,31.775000000000002,-0.008547760667809712,-0.0002689666667026341,PFFD,PFF,2026-02-18,False,5133.0,3147.0,5125.0,-3142.0,PFFD,PFF,-0.008547760667809712,-0.0002689666667026341,1.0,False,True,False,0.0,,,0.0,0.0,99783.75,-100009.86,199793.61,-226.11000000000058,-5125.0,3142.0,0.0,3142.0,5125.0,-0.0,-25.625,-15.71,-41.335,51.250000000008015,157.09999999999107,208.34999999999908,167.01499999999908,359.140000000003
19.39,31.71,-0.08999999999999986,-0.07000000000000028,1.635379061371841,1.0,1.6314257089947204,1.0,1.631197974564121,1.0,31.628928726798307,31.71,0.008155989872820605,0.005,31.620772736925485,31.705000000000002,31.63708471667113,31.715,31.63708471667113,31.705000000000002,0.06791528332887253,0.0021417623250984713,PFFD,PFF,2026-02-19,False,5145.0,3154.0,0.0,0.0,,,0.0,0.0,0.0,True,False,False,1.0,PFFD,PFF,5145.0,-3154.0,0.0,0.0,0.0,0.0,5145.0,-3154.0,5145.0,0.0,-0.0,3154.0,-25.725,-15.77,-41.495000000000005,-0.0,-0.0,0.0,-41.495000000000005,317.645000000003
19.4,31.7,0.00999999999999801,-0.010000000000001563,1.6340206185567012,1.0,1.6316471480858208,1.0,1.6314257089947204,1.0,31.649658754497572,31.7,0.008157128544973602,0.005,31.6415016259526,31.695,31.657815883042545,31.705,31.657815883042545,31.695,0.03718411695745516,0.0011730005349354941,PFFD,PFF,2026-02-20,False,5147.0,3155.0,5145.0,-3154.0,PFFD,PFF,0.03718411695745516,0.0011730005349354941,1.0,False,False,False,-1.0,PFFD,PFF,5147.0,-3155.0,99761.55,-100013.34,199774.89,-251.7899999999936,2.0,-1.0,2.0,0.0,-0.0,1.0,-0.01,-0.005,-0.015,51.449999999989764,31.54000000000493,82.9899999999947,82.9749999999947,400.6199999999977
19.31,31.5,-0.08999999999999986,-0.1999999999999993,1.6312791299844642,1.0,1.63168325583696,1.0,1.6316471480858208,1.0,31.5071064295372,31.5,0.008158235740429103,0.005,31.49894819379677,31.495,31.515264665277627,31.505,31.505,31.49894819379677,-0.006051806203227983,-0.0001921208318485074,PFF,PFFD,2026-02-23,False,5180.0,3175.0,5147.0,-3155.0,PFFD,PFF,0.0,0.0,-1.0,False,True,False,0.0,,,0.0,0.0,99851.79999999999,-100013.5,199865.3,-161.70000000001164,-5147.0,3155.0,0.0,3155.0,5147.0,-0.0,-25.735,-15.775,-41.51,-463.2299999999993,630.9999999999977,167.76999999999845,126.25999999999846,526.8799999999961
19.46,31.69,0.15000000000000213,0.19000000000000128,1.6284686536485098,1.0,1.6316970868850649,1.0,1.63168325583696,1.0,31.752556158587243,31.69,0.0081584162791848,0.005,31.74439774230806,31.685000000000002,31.760714574866427,31.695,31.695,31.74439774230806,0.04939774230805938,0.001558780129632672,PFF,PFFD,2026-02-24,False,5150.0,3156.0,0.0,0.0,,,0.0,0.0,0.0,True,False,False,1.0,PFF,PFFD,-5150.0,3156.0,0.0,0.0,0.0,0.0,-5150.0,3156.0,0.0,3156.0,5150.0,-0.0,-25.75,-15.780000000000001,-41.53,0.0,0.0,0.0,-41.53,485.34999999999616
19.42,31.71,-0.03999999999999915,0.019999999999999574,1.632852729145211,1.0,1.6319491302952909,1.0,1.6316970868850649,1.0,31.68755742730796,31.71,0.008158485434425324,0.005,31.679398941873536,31.705000000000002,31.695715912742386,31.715,31.695715912742386,31.705000000000002,0.009284087257615425,0.0002927810551124385,PFFD,PFF,2026-02-25,False,5146.0,3154.0,-5150.0,3156.0,PFF,PFFD,-0.035601058126463414,-0.0011227076041142672,1.0,False,True,False,0.0,,,0.0,0.0,-100219.0,100013.64,200232.64,-205.36000000000058,5150.0,-3156.0,5150.0,0.0,-0.0,3156.0,-25.75,-15.780000000000001,-41.53,205.99999999999562,63.119999999998655,269.11999999999426,227.58999999999426,712.9399999999904
19.36,31.63,-0.060000000000002274,-0.08000000000000185,1.6337809917355373,1.0,1.6321158836237388,1.0,1.6319491302952909,1.0,31.59453516251683,31.63,0.008159745651476454,0.005,31.586375416865355,31.625,31.602694908168306,31.634999999999998,31.602694908168306,31.625,0.022305091831693602,0.0007051878543058363,PFFD,PFF,2026-02-26,False,5160.0,3162.0,0.0,0.0,,,0.0,0.0,0.0,False,True,False,0.0,,,0.0,0.0,0.0,0.0,0.0,0.0,0.0,0.0,0.0,0.0,-0.0,-0.0,-0.0,-0.0,0.0,-0.0,-0.0,0.0,0.0,712.9399999999904
19.25,31.41,-0.10999999999999943,-0.21999999999999886,1.6316883116883116,1.0,1.6321930975620635,1.0,1.6321158836237388,1.0,31.418230759756973,31.41,0.008160579418118694,0.005,31.410070180338856,31.405,31.42639133917509,31.415,31.415,31.410070180338856,-0.004929819661143142,-0.0001569506418702051,PFF,PFFD,2026-02-27,False,5197.0,3184.0,0.0,0.0,,,0.0,0.0,0.0,False,True,False,0.0,,,0.0,0.0,0.0,0.0,0.0,0.0,0.0,0.0,0.0,0.0,-0.0,-0.0,-0.0,-0.0,0.0,-0.0,-0.0,0.0,0.0,712.9399999999904
19.19,31.46,-0.05999999999999872,0.05000000000000071,1.6393955184992184,1.0,1.6325717303356342,1.0,1.6321930975620635,1.0,31.321785542216002,31.46,0.008160965487810317,0.005,31.31362457672819,31.455000000000002,31.329946507703813,31.465,31.329946507703813,31.455000000000002,0.125053492296189,0.003974999755123617,PFFD,PFF,2026-03-02,True,5189.0,3179.0,0.0,0.0,,,0.0,0.0,0.0,True,False,False,1.0,PFFD,PFF,5189.0,-3179.0,0.0,0.0,0.0,0.0,5189.0,-3179.0,5189.0,0.0,-0.0,3179.0,-25.945,-15.895,-41.84,-0.0,0.0,0.0,-41.84,671.0999999999904
19.04,31.28,-0.15000000000000213,-0.17999999999999972,1.642857142857143,1.0,1.6331697455915033,1.0,1.6325717303356342,1.0,31.084165745590475,31.28,0.008162858651678172,0.005,31.0760028869388,31.275000000000002,31.09232860424215,31.285,31.09232860424215,31.275000000000002,0.18267139575785052,0.005839878381005451,PFFD,PFF,2026-03-03,False,5219.0,3197.0,5189.0,-3179.0,PFFD,PFF,0.18267139575785052,0.005839878381005451,1.0,True,False,True,0.0,,,0.0,0.0,99576.91,-100011.34,199588.25,-434.429999999993,-5189.0,3179.0,0.0,3179.0,5189.0,-0.0,-25.945,-15.895,-41.84,-778.350000000011,572.2199999999991,-206.13000000001193,-247.97000000001194,423.1299999999784
19.12,31.42,0.08000000000000185,0.14000000000000057,1.643305439330544,1.0,1.6338901111131239,1.0,1.6331697455915033,1.0,31.226205535709546,31.42,0.008165848727957517,0.005,31.218039686981587,31.415000000000003,31.234371384437505,31.425,31.234371384437505,31.415000000000003,0.18062861556249743,0.0057488419975333365,PFFD,PFF,2026-03-04,False,5198.0,3183.0,0.0,0.0,,,0.0,0.0,0.0,True,False,False,1.0,PFFD,PFF,5198.0,-3183.0,0.0,0.0,0.0,0.0,5198.0,-3183.0,5198.0,0.0,-0.0,3183.0,-25.990000000000002,-15.915000000000001,-41.905,0.0,0.0,0.0,-41.905,381.2249999999784
19.02,31.29,-0.10000000000000142,-0.13000000000000256,1.6451104100946372,1.0,1.6345256939231518,1.0,1.6338901111131239,1.0,31.076589913371617,31.29,0.00816945055556562,0.005,31.06842046281605,31.285,31.084759363927184,31.294999999999998,31.084759363927184,31.285,0.2002406360728166,0.006399508982832106,PFFD,PFF,2026-03-05,False,5222.0,3196.0,5198.0,-3183.0,PFFD,PFF,0.2002406360728166,0.006399508982832106,1.0,True,False,False,1.0,PFFD,PFF,5222.0,-3196.0,99385.76000000001,-100009.86,199395.62,-624.0999999999913,24.0,-13.0,24.0,0.0,-0.0,13.0,-0.12,-0.065,-0.185,-519.8000000000073,413.79000000000815,-106.0099999999992,-106.1949999999992,275.0299999999792
18.9,31.12,-0.120000000000001,-0.16999999999999815,1.6465608465608468,1.0,1.6353683806026589,1.0,1.6345256939231518,1.0,30.89253561514757,31.12,0.008172628469615759,0.005,30.884362986677953,31.115000000000002,30.900708243617185,31.125,30.900708243617185,31.115000000000002,0.21429175638281706,0.006885981888908003,PFFD,PFF,2026-03-06,False,5252.0,3213.0,5222.0,-3196.0,PFFD,PFF,0.21429175638281706,0.006885981888908003,1.0,True,False,False,1.0,PFFD,PFF,5252.0,-3213.0,99322.44,-100002.84,199325.28,-680.3999999999942,30.0,-17.0,30.0,0.0,-0.0,17.0,-0.15,-0.085,-0.235,-626.6400000000052,543.3199999999941,-83.32000000001108,-83.55500000001108,191.47499999996813
18.91,31.17,0.010000000000001563,0.05000000000000071,1.6483342147012163,1.0,1.6361296684005115,1.0,1.6353683806026589,1.0,30.92481607719628,31.17,0.008176841903013295,0.005,30.916639235293268,31.165000000000003,30.93299291909929,31.175,30.93299291909929,31.165000000000003,0.23200708090071132,0.00744328138917906,PFFD,PFF,2026-03-09,False,5246.0,3208.0,5252.0,-3213.0,PFFD,PFF,0.23200708090071132,0.00744328138917906,1.0,True,False,False,1.0,PFFD,PFF,5246.0,-3208.0,99262.79999999999,-99988.56,199251.36,-725.7600000000093,-6.0,5.0,0.0,5.0,6.0,-0.0,-0.03,-0.025,-0.055,52.52000000000821,-160.65000000000228,-108.12999999999407,-108.18499999999408,83.28999999997406
18.92,31.15,0.010000000000001563,-0.020000000000003126,1.6464059196617333,1.0,1.6368178400312665,1.0,1.6361296684005115,1.0,30.95557332613768,31.15,0.008180648342002559,0.005,30.94739267779568,31.145,30.963753974479683,31.154999999999998,30.963753974479683,31.145,0.18124602552031632,0.005818491991021391,PFFD,PFF,2026-03-10,False,5252.0,3210.0,5246.0,-3208.0,PFFD,PFF,0.18124602552031632,0.005818491991021391,1.0,True,False,False,1.0,PFFD,PFF,5252.0,-3210.0,99201.86,-99993.36,199195.22,-791.5,6.0,-2.0,6.0,0.0,-0.0,2.0,-0.03,-0.01,-0.04,52.4600000000082,64.16000000001003,116.62000000001822,116.58000000001822,199.86999999999227
18.83,31.04,-0.09000000000000341,-0.10999999999999943,1.6484333510355815,1.0,1.637623764444775,1.0,1.6368178400312665,1.0,30.821279927788744,31.04,0.008184089200156333,0.005,30.813095838588588,31.035,30.8294640169889,31.044999999999998,30.8294640169889,31.035,0.20553598301109943,0.006621648937213255,PFFD,PFF,2026-03-11,False,5274.0,3222.0,5252.0,-3210.0,PFFD,PFF,0.20553598301109943,0.006621648937213255,1.0,True,False,False,1.0,PFFD,PFF,5274.0,-3222.0,99367.84000000001,-99991.5,199359.34000000003,-623.6599999999889,22.0,-12.0,22.0,0.0,-0.0,12.0,-0.11,-0.06,-0.16999999999999998,-472.6800000000179,353.0999999999982,-119.58000000001971,-119.75000000001971,80.11999999997256
18.67,30.85,-0.1599999999999966,-0.18999999999999773,1.6523835029459024,1.0,1.6387671913980557,1.0,1.637623764444775,1.0,30.574435682183953,30.85,0.008188118822223875,0.005,30.566247563361728,30.845000000000002,30.58262380100618,30.855,30.58262380100618,30.845000000000002,0.2623761989938238,0.008504901101906768,PFFD,PFF,2026-03-12,False,5308.0,3241.0,5274.0,-3222.0,PFFD,PFF,0.2623761989938238,0.008504901101906768,1.0,True,False,False,1.0,PFFD,PFF,5308.0,-3241.0,99309.42,-100010.87999999999,199320.3,-701.4599999999919,34.0,-19.0,34.0,0.0,-0.0,19.0,-0.17,-0.095,-0.265,-843.839999999982,612.1799999999927,-231.65999999998928,-231.92499999998927,-151.80500000001672
18.57,30.67,-0.10000000000000142,-0.17999999999999972,1.6515885837372106,1.0,1.6394953465339543,1.0,1.6387671913980557,1.0,30.431906744261894,30.67,0.008193835956990279,0.005,30.423712908304903,30.665000000000003,30.440100580218886,30.675,30.440100580218886,30.665000000000003,0.22489941978111716,0.007332879679853836,PFFD,PFF,2026-03-13,False,5344.0,3261.0,5308.0,-3241.0,PFFD,PFF,0.22489941978111716,0.007332879679853836,1.0,True,False,False,1.0,PFFD,PFF,5344.0,-3261.0,99100.36000000002,-99984.85,199085.21000000002,-884.4899999999907,36.0,-20.0,36.0,0.0,-0.0,20.0,-0.18,-0.1,-0.28,-530.8000000000076,583.3799999999991,52.579999999991514,52.29999999999151,-99.5050000000252
18.64,30.75,0.07000000000000028,0.0799999999999983,1.6496781115879828,1.0,1.6403881089619632,1.0,1.6394953465339543,1.0,30.56019325939291,30.75,0.008197476732669772,0.005,30.551995782660242,30.745,30.56839073612558,30.755,30.56839073612558,30.745,0.17660926387442188,0.0057433906951031505,PFFD,PFF,2026-03-16,False,5332.0,3252.0,5344.0,-3261.0,PFFD,PFF,0.17660926387442188,0.0057433906951031505,1.0,True,False,False,1.0,PFFD,PFF,5332.0,-3252.0,99238.08,-100014.87000000001,199252.95,-776.7900000000081,-12.0,9.0,0.0,9.0,12.0,-0.0,-0.06,-0.045,-0.105,374.0800000000015,-260.8799999999944,113.2000000000071,113.09500000000709,13.589999999981885
18.72,30.9,0.0799999999999983,0.14999999999999858,1.6506410256410258,1.0,1.6411790200282979,1.0,1.6403881089619632,1.0,30.70806539976795,30.9,0.008201940544809817,0.005,30.69986345922314,30.895,30.71626734031276,30.904999999999998,30.71626734031276,30.895,0.17873265968723828,0.005784228468842663,PFFD,PFF,2026-03-17,False,5308.0,3236.0,5332.0,-3252.0,PFFD,PFF,0.17873265968723828,0.005784228468842663,1.0,True,False,False,1.0,PFFD,PFF,5308.0,-3236.0,99388.48,-99999.0,199387.47999999998,-610.5200000000041,-24.0,16.0,0.0,16.0,24.0,-0.0,-0.12,-0.08,-0.2,426.5599999999909,-487.7999999999954,-61.2400000000045,-61.4400000000045,-47.85000000002262
18.6,30.67,-0.11999999999999744,-0.22999999999999687,1.6489247311827957,1.0,1.6420544146983207,1.0,1.6411790200282979,1.0,30.525929772526343,30.67,0.00820589510014149,0.005,30.517723877426203,30.665000000000003,30.534135667626483,30.675,30.534135667626483,30.665000000000003,0.1308643323735197,0.004266851397897609,PFFD,PFF,2026-03-18,False,5352.0,3261.0,5308.0,-3236.0,PFFD,PFF,0.1308643323735197,0.004266851397897609,1.0,True,False,False,1.0,PFFD,PFF,5352.0,-3261.0,99365.76,-99992.4,199358.15999999997,-626.6399999999994,44.0,-25.0,44.0,0.0,-0.0,25.0,-0.22,-0.125,-0.345,-636.9599999999864,744.2799999999899,107.32000000000346,106.97500000000346,59.124999999980844
18.59,30.71,-0.010000000000001563,0.03999999999999915,1.6519634211941905,1.0,1.6428836326894385,1.0,1.6420544146983207,1.0,30.525791569241782,30.71,0.008210272073491603,0.005,30.51758129716829,30.705000000000002,30.534001841315273,30.715,30.534001841315273,30.705000000000002,0.17099815868472845,0.005568158863065074,PFFD,PFF,2026-03-19,False,5347.0,3256.0,5352.0,-3261.0,PFFD,PFF,0.17099815868472845,0.005568158863065074,1.0,True,False,False,1.0,PFFD,PFF,5347.0,-3256.0,99547.20000000001,-100014.87000000001,199562.07,-467.66999999999825,-5.0,5.0,0.0,5.0,5.0,-0.0,-0.025,-0.025,-0.05,-53.520000000008366,-130.4399999999972,-183.96000000000558,-184.0100000000056,-124.88500000002475
18.3,30.27,-0.28999999999999915,-0.4400000000000013,1.6540983606557376,1.0,1.64388751979439,1.0,1.6428836326894385,1.0,30.064770478216726,30.27,0.008214418163447193,0.005,30.05655606005328,30.265,30.072984896380174,30.275,30.072984896380174,30.265,0.192015103619827,0.006343412739340171,PFFD,PFF,2026-03-20,False,5428.0,3304.0,5347.0,-3256.0,PFFD,PFF,0.192015103619827,0.006343412739340171,1.0,True,False,False,1.0,PFFD,PFF,5428.0,-3304.0,99400.73,-99991.76000000001,199392.49,-591.0300000000134,81.0,-48.0,81.0,0.0,-0.0,48.0,-0.405,-0.24,-0.645,-1550.6299999999953,1432.6400000000042,-117.98999999999114,-118.63499999999114,-243.5200000000159
18.46,30.45,0.16000000000000014,0.17999999999999972,1.6495124593716142,1.0,1.6447991862637472,1.0,1.64388751979439,1.0,30.346163615404443,30.45,0.00821943759897195,0.005,30.337944177805472,30.445,30.354383053003414,30.455,30.354383053003414,30.445,0.09061694699658673,0.0029759260097401226,PFFD,PFF,2026-03-23,False,5399.0,3284.0,5428.0,-3304.0,PFFD,PFF,0.09061694699658673,0.0029759260097401226,1.0,True,False,False,1.0,PFFD,PFF,5399.0,-3284.0,99332.40000000001,-100012.08,199344.48,-679.679999999993,-29.0,20.0,0.0,20.0,29.0,-0.0,-0.145,-0.1,-0.245,868.4800000000008,-594.7199999999991,273.7600000000017,273.5150000000017,29.994999999985794
18.5,30.44,0.03999999999999915,-0.00999999999999801,1.6454054054054055,1.0,1.6456460238515924,1.0,1.6447991862637472,1.0,30.428784945879322,30.44,0.008223995931318737,0.005,30.420560949948005,30.435000000000002,30.43700894181064,30.445,30.43700894181064,30.435000000000002,-0.0020089418106365997,-6.599677433103153e-05,PFFD,PFF,2026-03-24,False,5403.0,3285.0,5399.0,-3284.0,PFFD,PFF,-0.0020089418106365997,-6.599677433103153e-05,1.0,False,True,False,0.0,,,0.0,0.0,99665.54000000001,-99997.8,199663.34000000003,-332.25999999999476,-5399.0,3284.0,0.0,3284.0,5399.0,-0.0,-26.995,-16.42,-43.415000000000006,215.9599999999954,32.839999999993466,248.79999999998887,205.38499999998885,235.37999999997464
18.59,30.61,0.08999999999999986,0.16999999999999815,1.6465841850457235,1.0,1.646332596646618,1.0,1.6456460238515924,1.0,30.5925595834011,30.61,0.008228230119257962,0.005,30.584331353281843,30.605,30.60078781352036,30.615,30.60078781352036,30.605,0.004212186479641389,0.00013760818293503393,PFFD,PFF,2026-03-25,False,5376.0,3267.0,0.0,0.0,,,0.0,0.0,0.0,False,True,False,0.0,,,0.0,0.0,0.0,0.0,0.0,0.0,0.0,0.0,0.0,0.0,-0.0,-0.0,-0.0,-0.0,0.0,0.0,0.0,0.0,0.0,235.37999999997464
18.43,30.38,-0.16000000000000014,-0.23000000000000043,1.6483993488876831,1.0,1.6470635145042252,1.0,1.646332596646618,1.0,30.34190975619717,30.38,0.00823166298323309,0.005,30.333678093213933,30.375,30.350141419180403,30.384999999999998,30.350141419180403,30.375,0.02485858081959691,0.0008182547998550662,PFFD,PFF,2026-03-26,False,5420.0,3292.0,0.0,0.0,,,0.0,0.0,0.0,False,True,False,0.0,,,0.0,0.0,0.0,0.0,0.0,0.0,0.0,0.0,0.0,0.0,-0.0,-0.0,-0.0,-0.0,0.0,-0.0,-0.0,0.0,0.0,235.37999999997464
18.31,30.16,-0.120000000000001,-0.21999999999999886,1.647187329328236,1.0,1.6478384653862215,1.0,1.6470635145042252,1.0,30.15773295057236,30.16,0.008235317572521127,0.005,30.14949763299984,30.155,30.16596826814488,30.165,30.165,30.155,-0.00999999999999801,-0.00033156498673733454,PFF,PFF,2026-03-27,False,5462.0,3316.0,0.0,0.0,,,0.0,0.0,0.0,False,True,False,0.0,,,0.0,0.0,0.0,0.0,0.0,0.0,0.0,0.0,0.0,0.0,-0.0,-0.0,-0.0,-0.0,0.0,-0.0,-0.0,0.0,0.0,235.37999999997464
18.24,30.12,-0.07000000000000028,-0.03999999999999915,1.6513157894736845,1.0,1.6484344789349445,1.0,1.6478384653862215,1.0,30.056573608644676,30.12,0.008239192326931108,0.005,30.048334416317743,30.115000000000002,30.06481280097161,30.125,30.06481280097161,30.115000000000002,0.05018719902839308,0.001666241667609332,PFFD,PFF,2026-03-30,False,5471.0,3320.0,0.0,0.0,,,0.0,0.0,0.0,True,False,False,1.0,PFFD,PFF,5471.0,-3320.0,0.0,0.0,0.0,0.0,5471.0,-3320.0,5471.0,0.0,-0.0,3320.0,-27.355,-16.6,-43.955,-0.0,-0.0,0.0,-43.955,191.42499999997466
18.4,30.32,0.16000000000000014,0.1999999999999993,1.6478260869565218,1.0,1.6486829261399136,1.0,1.6484344789349445,1.0,30.331194412402976,30.32,0.008242172394674722,0.005,30.322952240008302,30.315,30.33943658479765,30.325,30.325,30.322952240008302,-0.002047759991697262,-6.75382583013609e-05,PFF,PFFD,2026-03-31,False,5437.0,3298.0,5471.0,-3320.0,PFFD,PFF,-0.02443658479764821,-0.0008059559629831203,1.0,False,True,False,0.0,,,0.0,0.0,99791.04,-99998.40000000001,199789.44,-207.36000000001513,-5471.0,3320.0,0.0,3320.0,5471.0,-0.0,-27.355,-16.6,-43.955,875.3600000000008,-663.9999999999976,211.3600000000032,167.4050000000032,358.8299999999779
18.39,30.38,-0.00999999999999801,0.05999999999999872,1.651984774333877,1.0,1.6491168928900806,1.0,1.6486829261399136,1.0,30.31927901171301,30.38,0.008243414630699568,0.005,30.311035597082313,30.375,30.32752242634371,30.384999999999998,30.32752242634371,30.375,0.04747757365629113,0.0015627904429325586,PFFD,PFF,2026-04-01,True,5427.0,3292.0,0.0,0.0,,,0.0,0.0,0.0,True,False,False,1.0,PFFD,PFF,5427.0,-3292.0,0.0,0.0,0.0,0.0,5427.0,-3292.0,5427.0,0.0,-0.0,3292.0,-27.135,-16.46,-43.595,-0.0,0.0,0.0,-43.595,315.23499999997784
18.42,30.43,0.030000000000001137,0.05000000000000071,1.6520086862106405,1.0,1.6494618066958804,1.0,1.6491168928900806,1.0,30.376733167035287,30.43,0.008245584464450404,0.005,30.368487582570836,30.425,30.384978751499737,30.435,30.384978751499737,30.425,0.04002124850026334,0.0013151905520954106,PFFD,PFF,2026-04-02,False,5419.0,3286.0,5427.0,-3292.0,PFFD,PFF,0.04002124850026334,0.0013151905520954106,1.0,False,False,True,0.0,,,0.0,0.0,99802.53,-100010.95999999999,199813.49,-208.42999999999302,-5427.0,3292.0,0.0,3292.0,5427.0,-0.0,-27.135,-16.46,-43.595,162.81000000000617,-164.60000000000235,-1.7899999999961835,-45.38499999999618,269.84999999998166
18.47,30.5,0.04999999999999716,0.07000000000000028,1.6513264753654575,1.0,1.649700088136111,1.0,1.6494618066958804,1.0,30.46555956967291,30.5,0.008247309033479403,0.005,30.45731226063943,30.495,30.473806878706387,30.505,30.473806878706387,30.495,0.021193121293613615,0.0006948564358561841,PFFD,PFF,2026-04-06,False,5409.0,3279.0,0.0,0.0,,,0.0,0.0,0.0,False,True,False,0.0,,,0.0,0.0,0.0,0.0,0.0,0.0,0.0,0.0,0.0,0.0,-0.0,-0.0,-0.0,-0.0,0.0,0.0,0.0,0.0,0.0,269.84999999998166
18.53,30.47,0.060000000000002274,-0.030000000000001137,1.6443604964921748,1.0,1.6495014022256587,1.0,1.649700088136111,1.0,30.568942633162138,30.47,0.008248500440680555,0.005,30.56069413272146,30.465,30.577191133602817,30.474999999999998,30.474999999999998,30.56069413272146,0.08569413272146065,0.0028124100007043207,PFF,PFFD,2026-04-07,False,5414.0,3282.0,0.0,0.0,,,0.0,0.0,0.0,True,False,False,1.0,PFF,PFFD,-5414.0,3282.0,0.0,0.0,0.0,0.0,-5414.0,3282.0,0.0,3282.0,5414.0,-0.0,-27.07,-16.41,-43.480000000000004,0.0,-0.0,0.0,-43.480000000000004,226.36999999998164
18.66,30.74,0.129999999999999,0.2699999999999996,1.6473740621650588,1.0,1.6495498093508254,1.0,1.6495014022256587,1.0,30.77969616553079,30.74,0.008247507011128294,0.005,30.771448658519663,30.735,30.787943672541918,30.744999999999997,30.744999999999997,30.771448658519663,0.026448658519665713,0.00086039878073083,PFF,PFFD,2026-04-08,False,5366.0,3253.0,-5414.0,3282.0,PFF,PFFD,0.026448658519665713,0.00086039878073083,1.0,False,True,False,0.0,,,0.0,0.0,-100321.42000000001,100002.54,200323.96000000002,-318.8800000000192,5414.0,-3282.0,5414.0,0.0,-0.0,3282.0,-27.07,-16.41,-43.480000000000004,-703.8199999999946,886.1399999999986,182.32000000000403,138.840000000004,365.20999999998565
18.77,30.84,0.10999999999999943,0.10000000000000142,1.6430474160895046,1.0,1.6492805126035215,1.0,1.6495498093508254,1.0,30.962049921514993,30.84,0.008247749046754127,0.005,30.95380217246824,30.835,30.970297670561745,30.845,30.845,30.95380217246824,0.10880217246824131,0.003527956305714699,PFF,PFFD,2026-04-09,False,5349.0,3243.0,0.0,0.0,,,0.0,0.0,0.0,True,False,False,1.0,PFF,PFFD,-5349.0,3243.0,0.0,0.0,0.0,0.0,-5349.0,3243.0,0.0,3243.0,5349.0,-0.0,-26.745,-16.215,-42.96,0.0,0.0,0.0,-42.96,322.2499999999857
18.73,30.79,-0.03999999999999915,-0.05000000000000071,1.6438868126001067,1.0,1.6488556780862318,1.0,1.6492805126035215,1.0,30.891024001063958,30.79,0.008246402563017608,0.005,30.88277759850094,30.785,30.899270403626975,30.794999999999998,30.794999999999998,30.88277759850094,0.08777759850094213,0.002850847629130956,PFF,PFFD,2026-04-10,False,5357.0,3248.0,-5349.0,3243.0,PFF,PFFD,0.08777759850094213,0.002850847629130956,1.0,True,False,False,1.0,PFF,PFFD,-5357.0,3248.0,-100400.73,100014.12,200414.84999999998,-386.6100000000006,-8.0,5.0,0.0,5.0,8.0,-0.0,-0.04,-0.025,-0.065,213.95999999999543,-162.1500000000023,51.809999999993124,51.74499999999313,373.9949999999788
18.83,30.99,0.09999999999999787,0.1999999999999993,1.6457780138077536,1.0,1.6485651495897589,1.0,1.6488556780862318,1.0,31.047952418363742,30.99,0.008244278390431159,0.005,31.03970813997331,30.985,31.056196696754174,30.994999999999997,30.994999999999997,31.03970813997331,0.04470813997331291,0.001442663438958145,PFF,PFFD,2026-04-13,False,5321.0,3227.0,-5357.0,3248.0,PFF,PFFD,0.04470813997331291,0.001442663438958145,1.0,False,False,False,-1.0,PFF,PFFD,-5321.0,3227.0,-100336.61,100005.92,200342.53,-330.6900000000023,36.0,-21.0,36.0,0.0,-0.0,21.0,-0.18,-0.105,-0.285,-535.6999999999886,649.5999999999976,113.90000000000907,113.61500000000908,487.60999999998785
18.93,31.25,0.10000000000000142,0.26000000000000156,1.6508188061278395,1.0,1.6486221843167517,1.0,1.6485651495897589,1.0,31.207338281734135,31.25,0.008242825747948794,0.005,31.199095455986185,31.245,31.215581107482084,31.255,31.215581107482084,31.245,0.029418892517917072,0.0009414045605733463,PFFD,PFF,2026-04-14,False,5275.0,3200.0,-5321.0,3227.0,PFF,PFFD,0.0,0.0,-1.0,False,True,False,0.0,,,0.0,0.0,-100194.43,100004.73,200199.15999999997,-189.6999999999971,5321.0,-3227.0,5321.0,0.0,-0.0,3227.0,-26.605,-16.135,-42.74,-532.1000000000075,839.0200000000051,306.9199999999976,264.17999999999756,751.7899999999854
19.0,31.36,0.07000000000000028,0.10999999999999943,1.6505263157894736,1.0,1.6486164488241737,1.0,1.6486221843167517,1.0,31.323821502018284,31.36,0.008243110921583759,0.005,31.3155783910967,31.355,31.332064612939867,31.365,31.332064612939867,31.355,0.02293538706013365,0.0007313580057440577,PFFD,PFF,2026-04-15,False,5257.0,3189.0,0.0,0.0,,,0.0,0.0,0.0,False,True,False,0.0,,,0.0,0.0,0.0,0.0,0.0,0.0,0.0,0.0,0.0,0.0,-0.0,-0.0,-0.0,-0.0,0.0,0.0,0.0,0.0,0.0,751.7899999999854
18.91,31.33,-0.08999999999999986,-0.030000000000001137,1.656795346377578,1.0,1.6490099795839128,1.0,1.6486164488241737,1.0,31.175337047265124,31.33,0.008243082244120868,0.005,31.167093965021003,31.325,31.183580129509245,31.334999999999997,31.183580129509245,31.325,0.1414198704907541,0.004513880322079608,PFFD,PFF,2026-04-16,False,5262.0,3192.0,0.0,0.0,,,0.0,0.0,0.0,True,False,False,1.0,PFFD,PFF,5262.0,-3192.0,0.0,0.0,0.0,0.0,5262.0,-3192.0,5262.0,0.0,-0.0,3192.0,-26.310000000000002,-15.96,-42.27,-0.0,-0.0,0.0,-42.27,709.5199999999854
18.96,31.46,0.05000000000000071,0.13000000000000256,1.6592827004219408,1.0,1.6493759435453004,1.0,1.6490099795839128,1.0,31.265229212910988,31.46,0.008245049897919564,0.005,31.25698416301307,31.455000000000002,31.273474262808907,31.465,31.273474262808907,31.455000000000002,0.18152573719109455,0.005770048861763972,PFFD,PFF,2026-04-17,False,5242.0,3179.0,5262.0,-3192.0,PFFD,PFF,0.18152573719109455,0.005770048861763972,1.0,True,False,False,1.0,PFFD,PFF,5242.0,-3179.0,99504.42,-100005.36,199509.78,-500.9400000000023,-20.0,13.0,0.0,13.0,20.0,-0.0,-0.1,-0.065,-0.165,263.1000000000037,-414.96000000000816,-151.86000000000445,-152.02500000000444,557.494999999981
19.01,31.44,0.05000000000000071,-0.019999999999999574,1.6538663861125722,1.0,1.6493643448181423,1.0,1.6493759435453004,1.0,31.354636686796162,31.44,0.008246879717726502,0.005,31.346389807078435,31.435000000000002,31.36288356651389,31.445,31.36288356651389,31.435000000000002,0.07211643348611219,0.0022937796910341025,PFFD,PFF,2026-04-20,False,5247.0,3181.0,5242.0,-3179.0,PFFD,PFF,0.07211643348611219,0.0022937796910341025,1.0,True,False,False,1.0,PFFD,PFF,5247.0,-3181.0,99388.32,-100011.34,199399.66,-623.0199999999895,5.0,-2.0,5.0,0.0,-0.0,2.0,-0.025,-0.01,-0.035,262.1000000000037,63.57999999999865,325.68000000000234,325.6450000000023,883.1399999999833
18.89,31.24,-0.120000000000001,-0.20000000000000284,1.6537850714663842,1.0,1.6495779754228805,1.0,1.6493643448181423,1.0,31.15649247361471,31.24,0.008246821724090712,0.005,31.14824565189062,31.235,31.164739295338798,31.244999999999997,31.164739295338798,31.235,0.0702607046612016,0.002249062249078156,PFFD,PFF,2026-04-21,False,5280.0,3201.0,5247.0,-3181.0,PFFD,PFF,0.0702607046612016,0.002249062249078156,1.0,True,False,False,1.0,PFFD,PFF,5280.0,-3201.0,99745.47,-100010.64,199756.11,-265.16999999999825,33.0,-20.0,33.0,0.0,-0.0,20.0,-0.165,-0.1,-0.265,-629.6400000000052,636.200000000009,6.560000000003811,6.295000000003811,889.4349999999871
19.04,31.51,0.14999999999999858,0.2700000000000031,1.654936974789916,1.0,1.6500545538921063,1.0,1.6495779754228805,1.0,31.407964652051643,31.51,0.008247889877114403,0.005,31.399716762174528,31.505000000000003,31.416212541928758,31.515,31.416212541928758,31.505000000000003,0.08878745807124488,0.0028177549372023127,PFFD,PFF,2026-04-22,False,5236.0,3174.0,5280.0,-3201.0,PFFD,PFF,0.08878745807124488,0.0028177549372023127,1.0,True,False,False,1.0,PFFD,PFF,5236.0,-3174.0,99739.2,-99999.23999999999,199738.44,-260.0399999999936,-44.0,27.0,0.0,27.0,44.0,-0.0,-0.22,-0.135,-0.355,791.9999999999925,-864.27000000001,-72.27000000001749,-72.6250000000175,816.8099999999696
19.07,31.49,0.030000000000001137,-0.020000000000003126,1.6512847404299946,1.0,1.6502895816613197,1.0,1.6500545538921063,1.0,31.466540342722467,31.49,0.008250272769460531,0.005,31.45829006995301,31.485,31.474790615491926,31.494999999999997,31.474790615491926,31.485,0.010209384508073072,0.0003242103686272808,PFFD,PFF,2026-04-23,False,5241.0,3176.0,5236.0,-3174.0,PFFD,PFF,0.010209384508073072,0.0003242103686272808,1.0,False,True,False,0.0,,,0.0,0.0,99693.44,-100012.74,199706.18,-319.3000000000029,-5236.0,3174.0,0.0,3174.0,5236.0,-0.0,-26.18,-15.870000000000001,-42.05,157.08000000000595,63.48000000000992,220.56000000001586,178.51000000001585,995.3199999999854
19.12,31.52,0.05000000000000071,0.030000000000001137,1.6485355648535565,1.0,1.6502963924596135,1.0,1.6502895816613197,1.0,31.553536801364434,31.52,0.008251447908306599,0.005,31.545285353456126,31.515,31.56178824927274,31.525,31.525,31.545285353456126,0.020285353456127808,0.0006435708583796894,PFF,PFFD,2026-04-24,False,5236.0,3173.0,0.0,0.0,,,0.0,0.0,0.0,False,True,False,0.0,,,0.0,0.0,0.0,0.0,0.0,0.0,0.0,0.0,0.0,0.0,-0.0,-0.0,-0.0,-0.0,0.0,0.0,0.0,0.0,0.0,995.3199999999854
19.07,31.49,-0.05000000000000071,-0.030000000000001137,1.6512847404299946,1.0,1.6505012630147013,1.0,1.6502963924596135,1.0,31.47115220420483,31.49,0.008251481962298067,0.005,31.462900722242534,31.485,31.479403686167128,31.494999999999997,31.479403686167128,31.485,0.005596313832871402,0.00017771717474980637,PFFD,PFF,2026-04-27,False,5241.0,3176.0,0.0,0.0,,,0.0,0.0,0.0,False,True,False,0.0,,,0.0,0.0,0.0,0.0,0.0,0.0,0.0,0.0,0.0,0.0,-0.0,-0.0,-0.0,-0.0,0.0,-0.0,-0.0,0.0,0.0,995.3199999999854
19.0,31.29,-0.07000000000000028,-0.1999999999999993,1.6468421052631579,1.0,1.6502775788041752,1.0,1.6505012630147013,1.0,31.359523997279325,31.29,0.008252506315073507,0.005,31.35127149096425,31.285,31.3677765035944,31.294999999999998,31.294999999999998,31.35127149096425,0.05627149096425299,0.001798385777061457,PFF,PFFD,2026-04-28,False,5275.0,3196.0,0.0,0.0,,,0.0,0.0,0.0,True,False,False,1.0,PFF,PFFD,-5275.0,3196.0,0.0,0.0,0.0,0.0,-5275.0,3196.0,0.0,3196.0,5275.0,-0.0,-26.375,-15.98,-42.355000000000004,-0.0,-0.0,0.0,-42.355000000000004,952.9649999999854
18.92,31.17,-0.0799999999999983,-0.11999999999999744,1.6474630021141647,1.0,1.6502594245620572,1.0,1.6502775788041752,1.0,31.223251790975,31.17,0.008251387894020877,0.005,31.21500040308098,31.165000000000003,31.23150317886902,31.175,31.175,31.21500040308098,0.04000040308097752,0.0012832981418343765,PFF,PFFD,2026-04-29,False,5294.0,3208.0,-5275.0,3196.0,PFF,PFFD,0.04000040308097752,0.0012832981418343765,1.0,False,False,False,-1.0,PFF,PFFD,-5294.0,3208.0,-100225.0,100002.84,200227.84,-222.1600000000035,-19.0,12.0,0.0,12.0,19.0,-0.0,-0.095,-0.06,-0.155,421.999999999991,-383.5199999999918,38.47999999999922,38.32499999999922,991.2899999999846
19.09,31.45,0.16999999999999815,0.2799999999999976,1.6474594028287062,1.0,1.6500331559867987,1.0,1.6502594245620572,1.0,31.503452414889672,31.45,0.008251297122810286,0.005,31.49520111776686,31.445,31.511703712012483,31.455,31.455,31.49520111776686,0.04020111776686264,0.0012782549369431682,PFF,PFFD,2026-04-30,False,5248.0,3180.0,-5294.0,3208.0,PFF,PFFD,0.0,0.0,-1.0,False,False,False,1.0,PFF,PFFD,-5248.0,3180.0,-100162.48000000001,99993.36,200155.84000000003,-169.1200000000099,46.0,-28.0,46.0,0.0,-0.0,28.0,-0.23,-0.14,-0.37,-899.9799999999902,898.2399999999923,-1.7399999999979627,-2.109999999997963,989.1799999999866
19.0,31.41,-0.08999999999999986,-0.03999999999999915,1.6531578947368422,1.0,1.6500906164131088,1.0,1.6500331559867987,1.0,31.350629963749174,31.41,0.008250165779933993,0.005,31.34237979796924,31.405,31.35888012952911,31.415,31.35888012952911,31.405,0.04611987047089272,0.0014683180665677402,PFFD,PFF,2026-05-01,True,5254.0,3184.0,-5248.0,3180.0,PFF,PFFD,-0.07262020203075892,-0.0023120089790117453,1.0,False,False,False,-1.0,,,0.0,0.0,-100184.31999999999,100011.0,200195.32,-173.31999999999243,5248.0,-3180.0,5248.0,0.0,-0.0,3180.0,-26.240000000000002,-15.9,-42.14,472.31999999999925,-127.19999999999729,345.12000000000194,302.98000000000195,1292.1599999999885
18.91,31.26,-0.08999999999999986,-0.14999999999999858,1.65309360126917,1.0,1.6501789727082943,1.0,1.6500906164131088,1.0,31.20321355637189,31.26,0.008250453082065545,0.005,31.194963103289822,31.255000000000003,31.211464009453955,31.265,31.211464009453955,31.255000000000003,0.04353599054604729,0.0013927060315434192,PFFD,PFF,2026-05-04,False,5279.0,3199.0,0.0,0.0,,,0.0,0.0,-1.0,False,False,True,0.0,,,0.0,0.0,0.0,0.0,0.0,0.0,0.0,0.0,0.0,0.0,-0.0,-0.0,-0.0,-0.0,0.0,-0.0,-0.0,0.0,0.0,1292.1599999999885
18.95,31.45,0.03999999999999915,0.18999999999999773,1.6596306068601583,1.0,1.6509424782266937,1.0,1.6501789727082943,1.0,31.270891532822176,31.45,0.008250894863541471,0.005,31.262640637958636,31.445,31.279142427685716,31.455,31.279142427685716,31.445,0.16585757231428389,0.00527369069361793,PFFD,PFF,2026-05-05,False,5248.0,3180.0,0.0,0.0,,,0.0,0.0,0.0,True,False,False,1.0,PFFD,PFF,5248.0,-3180.0,0.0,0.0,0.0,0.0,5248.0,-3180.0,5248.0,0.0,-0.0,3180.0,-26.240000000000002,-15.9,-42.14,0.0,0.0,0.0,-42.14,1250.0199999999884
19.08,31.61,0.129999999999999,0.16000000000000014,1.6567085953878409,1.0,1.6514092048878326,1.0,1.6509424782266937,1.0,31.49998248456531,31.61,0.008254712391133468,0.005,31.49172777217418,31.605,31.508237196956443,31.615,31.508237196956443,31.605,0.096762803043557,0.0030611453034975326,PFFD,PFF,2026-05-06,False,5224.0,3164.0,5248.0,-3180.0,PFFD,PFF,0.096762803043557,0.0030611453034975326,1.0,True,False,False,1.0,PFFD,PFF,5224.0,-3164.0,99449.59999999999,-100011.0,199460.59999999998,-561.4000000000087,-24.0,16.0,0.0,16.0,24.0,-0.0,-0.12,-0.08,-0.2,682.2399999999948,-508.80000000000047,173.4399999999943,173.23999999999432,1423.2599999999827
19.0,31.52,-0.0799999999999983,-0.08999999999999986,1.6589473684210525,1.0,1.6522042025044101,1.0,1.6514092048878326,1.0,31.37677489286882,31.52,0.008257046024439163,0.005,31.36851784684438,31.515,31.38503193889326,31.525,31.38503193889326,31.515,0.12996806110674086,0.004123352192472743,PFFD,PFF,2026-05-07,False,5240.0,3173.0,5224.0,-3164.0,PFFD,PFF,0.12996806110674086,0.004123352192472743,1.0,True,False,False,1.0,PFFD,PFF,5240.0,-3173.0,99673.92,-100014.04,199687.96,-340.11999999999534,16.0,-9.0,16.0,0.0,-0.0,9.0,-0.08,-0.045,-0.125,-417.9199999999911,284.75999999999954,-133.15999999999156,-133.28499999999156,1289.9749999999913
19.14,31.72,0.14000000000000057,0.1999999999999993,1.657262277951933,1.0,1.6528729757720015,1.0,1.6522042025044101,1.0,31.62318843593441,31.72,0.008261021012522051,0.005,31.614927414921887,31.715,31.63144945694693,31.724999999999998,31.63144945694693,31.715,0.08355054305306808,0.002634001987801642,PFFD,PFF,2026-05-08,False,5209.0,3153.0,5240.0,-3173.0,PFFD,PFF,0.08355054305306808,0.002634001987801642,1.0,True,False,False,1.0,PFFD,PFF,5209.0,-3153.0,99560.0,-100012.95999999999,199572.96,-452.95999999999185,-31.0,20.0,0.0,20.0,31.0,-0.0,-0.155,-0.1,-0.255,733.600000000003,-634.5999999999977,99.00000000000523,98.74500000000523,1388.7199999999966
19.06,31.68,-0.08000000000000185,-0.03999999999999915,1.6621196222455406,1.0,1.6536900561938908,1.0,1.6528729757720015,1.0,31.50375891821435,31.68,0.008264364878860007,0.005,31.49549455333549,31.675,31.512023283093207,31.685,31.512023283093207,31.675,0.16297671690679394,0.0051444670740780915,PFFD,PFF,2026-05-11,False,5218.0,3157.0,5209.0,-3153.0,PFFD,PFF,0.16297671690679394,0.0051444670740780915,1.0,True,False,False,1.0,PFFD,PFF,5218.0,-3157.0,99700.26000000001,-100013.16,199713.42,-312.8999999999942,9.0,-4.0,9.0,0.0,-0.0,4.0,-0.045,-0.02,-0.065,-416.72000000000963,126.1199999999973,-290.6000000000123,-290.6650000000123,1098.0549999999844
19.08,31.57,0.019999999999999574,-0.10999999999999943,1.6546121593291405,1.0,1.6538797238539558,1.0,1.6536900561938908,1.0,31.552406272179432,31.57,0.008268450280969454,0.005,31.544137821898463,31.565,31.5606747224604,31.575,31.5606747224604,31.565,0.004325277539599881,0.00013700594043712007,PFFD,PFF,2026-05-12,False,5239.0,3168.0,5218.0,-3157.0,PFFD,PFF,0.004325277539599881,0.00013700594043712007,1.0,False,True,False,0.0,,,0.0,0.0,99455.07999999999,-100013.76,199468.83999999997,-558.6800000000076,-5218.0,3157.0,0.0,3157.0,5218.0,-0.0,-26.09,-15.785,-41.875,104.35999999999777,347.2699999999982,451.629999999996,409.754999999996,1507.8099999999804
19.03,31.58,-0.04999999999999716,0.00999999999999801,1.6594850236468732,1.0,1.6543276592468257,1.0,1.6538797238539558,1.0,31.47333114494078,31.58,0.008269398619269779,0.005,31.46506174632151,31.575,31.48160054356005,31.584999999999997,31.48160054356005,31.575,0.09339945643995051,0.0029575508689028028,PFFD,PFF,2026-05-13,False,5238.0,3167.0,0.0,0.0,,,0.0,0.0,0.0,True,False,False,1.0,PFFD,PFF,5238.0,-3167.0,0.0,0.0,0.0,0.0,5238.0,-3167.0,5238.0,0.0,-0.0,3167.0,-26.19,-15.835,-42.025000000000006,-0.0,0.0,0.0,-42.025000000000006,1465.7849999999803
19.05,31.6,0.019999999999999574,0.020000000000003126,1.6587926509186353,1.0,1.6544275244738784,1.0,1.6543276592468257,1.0,31.51494190865203,31.6,0.008271638296234129,0.005,31.506670270355798,31.595000000000002,31.523213546948263,31.605,31.523213546948263,31.595000000000002,0.07178645305173958,0.00227172319783986,PFFD,PFF,2026-05-14,False,5236.0,3165.0,5238.0,-3167.0,PFFD,PFF,0.07178645305173958,0.00227172319783986,1.0,True,False,False,1.0,PFFD,PFF,5236.0,-3165.0,99679.14,-100013.86,199693.0,-334.72000000000116,-2.0,2.0,0.0,2.0,2.0,-0.0,-0.01,-0.01,-0.02,104.75999999999777,-63.3400000000099,41.41999999998787,41.39999999998787,1507.184999999968
18.84,31.23,-0.21000000000000085,-0.370000000000001,1.657643312101911,1.0,1.6543455550578774,1.0,1.6544275244738784,1.0,31.16941456108787,31.23,0.008272137622369393,0.005,31.1611424234655,31.225,31.17768669871024,31.235,31.17768669871024,31.225,0.047313301289761966,0.0015149952382248469,PFFD,PFF,2026-05-15,False,5297.0,3202.0,5236.0,-3165.0,PFFD,PFF,0.047313301289761966,0.0015149952382248469,1.0,True,False,False,1.0,PFFD,PFF,5297.0,-3202.0,99745.8,-100014.0,199759.8,-268.1999999999971,61.0,-37.0,61.0,0.0,-0.0,37.0,-0.305,-0.185,-0.49,-1099.5600000000045,1171.0500000000031,71.48999999999864,70.99999999999865,1578.1849999999667
18.82,31.16,-0.019999999999999574,-0.07000000000000028,1.6556854410201913,1.0,1.6544365078032581,1.0,1.6543455550578774,1.0,31.134783346189252,31.16,0.008271727775289388,0.005,31.126511618413964,31.155,31.14305507396454,31.165,31.14305507396454,31.155,0.011944926035461378,0.0003833416571072329,PFFD,PFF,2026-05-18,False,5309.0,3209.0,5297.0,-3202.0,PFFD,PFF,0.011944926035461378,0.0003833416571072329,1.0,False,True,False,0.0,,,0.0,0.0,99795.48,-99998.46,199793.94,-202.98000000001048,-5297.0,3202.0,0.0,3202.0,5297.0,-0.0,-26.485,-16.01,-42.495000000000005,-105.93999999999774,224.1400000000009,118.20000000000316,75.70500000000315,1653.8899999999699
18.7,30.97,-0.120000000000001,-0.19000000000000128,1.656149732620321,1.0,1.654554740860955,1.0,1.6544365078032581,1.0,30.937962695920927,30.97,0.008272182539016291,0.005,30.92969051338191,30.965,30.946234878459943,30.974999999999998,30.946234878459943,30.965,0.018765121540056384,0.0006059128685843198,PFFD,PFF,2026-05-19,False,5342.0,3229.0,0.0,0.0,,,0.0,0.0,0.0,False,True,False,0.0,,,0.0,0.0,0.0,0.0,0.0,0.0,0.0,0.0,0.0,0.0,-0.0,-0.0,-0.0,-0.0,0.0,-0.0,-0.0,0.0,0.0,1653.8899999999699
18.81,31.11,0.10999999999999943,0.14000000000000057,1.6539074960127593,1.0,1.6545032669220974,1.0,1.654554740860955,1.0,31.122174675594565,31.11,0.008272773704304775,0.005,31.11390190189026,31.105,31.13044744929887,31.115,31.115,31.11390190189026,-0.0010980981097397091,-3.5297271287036615e-05,PFF,PFFD,2026-05-20,False,5318.0,3214.0,0.0,0.0,,,0.0,0.0,0.0,False,True,False,0.0,,,0.0,0.0,0.0,0.0,0.0,0.0,0.0,0.0,0.0,0.0,-0.0,-0.0,-0.0,-0.0,0.0,0.0,0.0,0.0,0.0,1653.8899999999699
18.81,31.13,0.0,0.019999999999999574,1.654970760233918,1.0,1.6546875679122934,1.0,1.6545032669220974,1.0,31.12120645080465,31.13,0.008272516334610487,0.005,31.11293393447004,31.125,31.12947896713926,31.134999999999998,31.12947896713926,31.125,-0.004478967139259993,-0.000143879445527144,PFFD,PFF,2026-05-21,False,5314.0,3212.0,0.0,0.0,,,0.0,0.0,0.0,False,True,False,0.0,,,0.0,0.0,0.0,0.0,0.0,0.0,0.0,0.0,0.0,0.0,-0.0,-0.0,-0.0,-0.0,0.0,0.0,0.0,0.0,0.0,1653.8899999999699
18.82,31.24,0.010000000000001563,0.10999999999999943,1.6599362380446332,1.0,1.6552576015718472,1.0,1.6546875679122934,1.0,31.141220028109363,31.24,0.008273437839561467,0.005,31.1329465902698,31.235,31.149493465948925,31.244999999999997,31.149493465948925,31.235,0.08550653405107411,0.0027370849568205545,PFFD,PFF,2026-05-22,False,5297.0,3201.0,0.0,0.0,,,0.0,0.0,0.0,True,False,False,1.0,PFFD,PFF,5297.0,-3201.0,0.0,0.0,0.0,0.0,5297.0,-3201.0,5297.0,0.0,-0.0,3201.0,-26.485,-16.005,-42.489999999999995,0.0,0.0,0.0,-42.489999999999995,1611.3999999999699
18.9,31.34,0.0799999999999983,0.10000000000000142,1.6582010582010582,1.0,1.6556034174604004,1.0,1.6552576015718472,1.0,31.28436866970791,31.34,0.008276288007859236,0.005,31.27609238170005,31.335,31.29264495771577,31.345,31.29264495771577,31.335,0.042355042284231814,0.001351469122023989,PFFD,PFF,2026-05-26,False,5282.0,3191.0,5297.0,-3201.0,PFFD,PFF,0.042355042284231814,0.001351469122023989,1.0,False,False,False,-1.0,PFFD,PFF,5282.0,-3191.0,99689.54000000001,-99999.23999999999,199688.78,-309.69999999998254,-15.0,10.0,0.0,10.0,15.0,-0.0,-0.075,-0.05,-0.125,423.75999999999095,-320.10000000000457,103.65999999998638,103.53499999998638,1714.9349999999563
18.95,31.39,0.05000000000000071,0.05000000000000071,1.6564643799472296,1.0,1.656084531194604,1.0,1.6556034174604004,1.0,31.373684760874585,31.39,0.008278017087302003,0.005,31.365406743787283,31.385,31.38196277796189,31.395,31.38196277796189,31.385,0.0030372220381131854,9.67576310325959e-05,PFFD,PFF,2026-05-27,False,5275.0,3186.0,5282.0,-3191.0,PFFD,PFF,0.0,0.0,-1.0,False,True,False,0.0,,,0.0,0.0,99829.79999999999,-100005.94,199835.74,-176.14000000001397,-5282.0,3191.0,0.0,3191.0,5282.0,-0.0,-26.41,-15.955,-42.365,264.1000000000038,-159.55000000000226,104.55000000000152,62.185000000001516,1777.1199999999578
19.0,31.5,0.05000000000000071,0.10999999999999943,1.6578947368421053,1.0,1.6566061179310008,1.0,1.656084531194604,1.0,31.465606092697474,31.5,0.00828042265597302,0.005,31.457325670041502,31.495,31.473886515353446,31.505,31.473886515353446,31.495,0.02111348464655549,0.0006702693538589044,PFFD,PFF,2026-05-28,False,5258.0,3175.0,0.0,0.0,,,0.0,0.0,0.0,False,True,False,0.0,,,0.0,0.0,0.0,0.0,0.0,0.0,0.0,0.0,0.0,0.0,-0.0,-0.0,-0.0,-0.0,0.0,0.0,0.0,0.0,0.0,1777.1199999999578
19.02,31.56,0.019999999999999574,0.05999999999999872,1.6593059936908516,1.0,1.6571984474741082,1.0,1.6566061179310008,1.0,31.508648363047634,31.56,0.008283030589655004,0.005,31.500365332457978,31.555,31.51693139363729,31.564999999999998,31.51693139363729,31.555,0.038068606362710256,0.0012062296059160412,PFFD,PFF,2026-05-29,False,5250.0,3169.0,0.0,0.0,,,0.0,0.0,0.0,False,False,False,-0.0,,,0.0,0.0,0.0,0.0,0.0,0.0,0.0,0.0,0.0,0.0,-0.0,-0.0,-0.0,-0.0,0.0,0.0,0.0,0.0,0.0,1777.1199999999578
18.94,31.4,-0.0799999999999983,-0.16000000000000014,1.6578669482576556,1.0,1.6574339001501488,1.0,1.6571984474741082,1.0,31.387338595159612,31.4,0.00828599223737054,0.005,31.37905260292224,31.395,31.395624587396984,31.404999999999998,31.395624587396984,31.395,-0.0006245873969845661,-1.9891318375304656e-05,PFFD,PFF,2026-06-01,True,5278.0,3185.0,0.0,0.0,,,0.0,0.0,-0.0,False,True,False,0.0,,,0.0,0.0,0.0,0.0,0.0,0.0,0.0,0.0,0.0,0.0,-0.0,-0.0,-0.0,-0.0,0.0,-0.0,-0.0,0.0,0.0,1777.1199999999578
18.95,31.44,0.00999999999999801,0.0400000000000027,1.6591029023746704,1.0,1.657734365205424,1.0,1.6574339001501488,1.0,31.40837240784532,31.44,0.008287169500750743,0.005,31.40008523834457,31.435000000000002,31.41665957734607,31.445,31.41665957734607,31.435000000000002,0.018340422653931654,0.0005833467765245437,PFFD,PFF,2026-06-02,False,5272.0,3181.0,0.0,0.0,,,0.0,0.0,0.0,False,True,True,0.0,,,0.0,0.0,0.0,0.0,0.0,0.0,0.0,0.0,0.0,0.0,-0.0,-0.0,-0.0,-0.0,0.0,0.0,0.0,0.0,0.0,1777.1199999999578
18.84,31.23,-0.10999999999999943,-0.21000000000000085,1.657643312101911,1.0,1.6576350004675118,1.0,1.657734365205424,1.0,31.231715440470186,31.23,0.00828867182602712,0.005,31.22342676864416,31.225,31.240004112296212,31.235,31.235,31.225,-0.00999999999999801,-0.0003202049311558761,PFF,PFF,2026-06-03,False,5308.0,3202.0,0.0,0.0,,,0.0,0.0,0.0,False,True,False,0.0,,,0.0,0.0,0.0,0.0,0.0,0.0,0.0,0.0,0.0,0.0,-0.0,-0.0,-0.0,-0.0,0.0,-0.0,-0.0,0.0,0.0,1777.1199999999578
18.9,31.25,0.05999999999999872,0.019999999999999574,1.6534391534391535,1.0,1.6574715283700772,1.0,1.6576350004675118,1.0,31.32930150883597,31.25,0.008288175002337559,0.005,31.321013333833633,31.245,31.33758968383831,31.255,31.255,31.321013333833633,0.06601333383363439,0.0021124266826763006,PFF,PFFD,2026-06-04,False,5304.0,3200.0,0.0,0.0,,,0.0,0.0,0.0,True,False,False,1.0,PFF,PFFD,-5304.0,3200.0,0.0,0.0,0.0,0.0,-5304.0,3200.0,0.0,3200.0,5304.0,-0.0,-26.52,-16.0,-42.519999999999996,0.0,0.0,0.0,-42.519999999999996,1734.5999999999578
18.75,30.91,-0.14999999999999858,-0.33999999999999986,1.6485333333333334,1.0,1.6569508266156912,1.0,1.6574715283700772,1.0,31.077591156938947,30.91,0.008287357641850386,0.005,31.069303799297096,30.905,31.0858785145808,30.915,30.915,31.069303799297096,0.1543037992970966,0.004992034917408495,PFF,PFFD,2026-06-05,False,5362.0,3235.0,-5304.0,3200.0,PFF,PFFD,0.1543037992970966,0.004992034917408495,1.0,True,False,False,1.0,PFF,PFFD,-5362.0,3235.0,-100245.59999999999,100000.0,200245.59999999998,-245.59999999999127,-58.0,35.0,0.0,35.0,58.0,-0.0,-0.29,-0.17500000000000002,-0.46499999999999997,795.5999999999924,-1087.9999999999995,-292.40000000000714,-292.8650000000071,1441.7349999999508
18.69,30.97,-0.05999999999999872,0.05999999999999872,1.657035848047084,1.0,1.6569395051204487,1.0,1.6569508266156912,1.0,30.96841094944727,30.97,0.008284754133078456,0.005,30.960126195314192,30.965,30.97669570358035,30.974999999999998,30.974999999999998,30.965,-0.00999999999999801,-0.0003228931223764291,PFF,PFF,2026-06-08,False,5350.0,3229.0,-5362.0,3235.0,PFF,PFFD,-0.01487380468580568,-0.00048026492366179147,1.0,False,True,False,0.0,,,0.0,0.0,-100537.5,99993.85,200531.35,-543.6499999999942,5362.0,-3235.0,5362.0,0.0,-0.0,3235.0,-26.810000000000002,-16.175,-42.985,321.71999999999315,194.09999999999587,515.819999999989,472.834999999989,1914.5699999999397
18.66,30.89,-0.030000000000001137,-0.0799999999999983,1.6554126473740622,1.0,1.656604156376875,1.0,1.6569395051204487,1.0,30.918491165547575,30.89,0.008284697525602245,0.005,30.910206468021972,30.885,30.92677586307318,30.895,30.895,30.910206468021972,0.015206468021972341,0.0004922780194876122,PFF,PFFD,2026-06-09,False,5364.0,3237.0,0.0,0.0,,,0.0,0.0,0.0,False,True,False,0.0,,,0.0,0.0,0.0,0.0,0.0,0.0,0.0,0.0,0.0,0.0,-0.0,-0.0,-0.0,-0.0,0.0,-0.0,-0.0,0.0,0.0,1914.5699999999397
18.61,30.77,-0.05000000000000071,-0.120000000000001,1.6534121440085976,1.0,1.6565441556108478,1.0,1.656604156376875,1.0,30.829403350173642,30.77,0.008283020781884375,0.005,30.821120329391757,30.765,30.837686370955527,30.775,30.775,30.821120329391757,0.046120329391758474,0.0014988732334013154,PFF,PFFD,2026-06-10,False,5384.0,3250.0,0.0,0.0,,,0.0,0.0,0.0,False,False,False,-0.0,,,0.0,0.0,0.0,0.0,0.0,0.0,0.0,0.0,0.0,0.0,-0.0,-0.0,-0.0,-0.0,0.0,-0.0,-0.0,0.0,0.0,1914.5699999999397
18.77,31.02,0.16000000000000014,0.25,1.6526371870005327,1.0,1.6562017637785307,1.0,1.6565441556108478,1.0,31.09333380081561,31.02,0.00828272077805424,0.005,31.085051080037555,31.015,31.101616521593666,31.025,31.025,31.085051080037555,0.06005108003755666,0.0019358826575614654,PFF,PFFD,2026-06-11,False,5341.0,3224.0,0.0,0.0,,,0.0,0.0,-0.0,True,False,False,1.0,PFF,PFFD,-5341.0,3224.0,0.0,0.0,0.0,0.0,-5341.0,3224.0,0.0,3224.0,5341.0,-0.0,-26.705000000000002,-16.12,-42.825,0.0,0.0,0.0,-42.825,1871.7449999999396
18.82,31.07,0.05000000000000071,0.05000000000000071,1.650903294367694,1.0,1.6558072959509835,1.0,1.6562017637785307,1.0,31.169717194311946,31.07,0.008281008818892653,0.005,31.161436185493052,31.065,31.17799820313084,31.075,31.075,31.161436185493052,0.08643618549305288,0.00278198215297885,PFF,PFFD,2026-06-12,False,5331.0,3219.0,-5341.0,3224.0,PFF,PFFD,0.08643618549305288,0.00278198215297885,1.0,True,False,False,1.0,PFF,PFFD,-5331.0,3219.0,-100250.56999999999,100008.48,200259.05,-242.0899999999965,10.0,-5.0,10.0,0.0,-0.0,5.0,-0.05,-0.025,-0.07500000000000001,-267.0500000000038,161.2000000000023,-105.85000000000153,-105.92500000000153,1765.819999999938
18.93,31.3,0.10999999999999943,0.23000000000000043,1.653460116217644,1.0,1.6555981361567702,1.0,1.6558072959509835,1.0,31.344432112352116,31.3,0.008279036479754918,0.005,31.33615307587236,31.295,31.352711148831872,31.305,31.305,31.33615307587236,0.031153075872360603,0.0009953059384140768,PFF,PFFD,2026-06-15,False,5290.0,3195.0,-5331.0,3219.0,PFF,PFFD,0.031153075872360603,0.0009953059384140768,1.0,False,True,False,0.0,,,0.0,0.0,-100329.42,100014.33,200343.75,-315.0899999999965,5331.0,-3219.0,5331.0,0.0,-0.0,3219.0,-26.655,-16.095,-42.75,-586.409999999997,740.3700000000014,153.96000000000436,111.21000000000436,1877.0299999999424
18.94,31.19,0.010000000000001563,-0.10999999999999943,1.646779303062302,1.0,1.6551528292588755,1.0,1.6555981361567702,1.0,31.35702869880923,31.19,0.008277990680783852,0.005,31.348750708128446,31.185000000000002,31.365306689490016,31.195,31.195,31.348750708128446,0.15375070812844527,0.004929487275679553,PFF,PFFD,2026-06-16,False,5308.0,3206.0,0.0,0.0,,,0.0,0.0,0.0,True,False,False,1.0,PFF,PFFD,-5308.0,3206.0,0.0,0.0,0.0,0.0,-5308.0,3206.0,0.0,3206.0,5308.0,-0.0,-26.54,-16.03,-42.57,0.0,-0.0,0.0,-42.57,1834.4599999999425
18.84,31.09,-0.10000000000000142,-0.10000000000000142,1.650212314225053,1.0,1.6548559583391125,1.0,1.6551528292588755,1.0,31.183079303237214,31.09,0.008275764146294377,0.005,31.17480353909092,31.085,31.19135506738351,31.095,31.095,31.17480353909092,0.0798035390909213,0.002566855551332303,PFF,PFFD,2026-06-17,False,5323.0,3216.0,-5308.0,3206.0,PFF,PFFD,0.0798035390909213,0.002566855551332303,1.0,True,False,False,1.0,PFF,PFFD,-5323.0,3216.0,-100533.52,99995.14,200528.66,-538.3800000000047,-15.0,10.0,0.0,10.0,15.0,-0.0,-0.075,-0.05,-0.125,530.8000000000076,-320.60000000000457,210.200000000003,210.075000000003,2044.5349999999455
18.89,31.23,0.05000000000000071,0.14000000000000057,1.653255690841715,1.0,1.6548233680805602,1.0,1.6548559583391125,1.0,31.260229053025835,31.23,0.008274279791695562,0.005,31.25195477323414,31.225,31.26850333281753,31.235,31.235,31.25195477323414,0.016954773234139964,0.0005429001996202357,PFF,PFFD,2026-06-18,False,5299.0,3202.0,-5323.0,3216.0,PFF,PFFD,0.016954773234139964,0.0005429001996202357,1.0,False,True,False,0.0,,,0.0,0.0,-100285.31999999999,99985.44,200270.76,-299.8799999999901,5323.0,-3216.0,5323.0,0.0,-0.0,3216.0,-26.615000000000002,-16.080000000000002,-42.69500000000001,-266.1500000000038,450.2400000000018,184.08999999999804,141.39499999999805,2185.9299999999434
18.74,30.84,-0.15000000000000213,-0.39000000000000057,1.6456776947705445,1.0,1.6543587148073915,1.0,1.6548233680805602,1.0,31.011389917829696,30.84,0.008274116840402801,0.005,31.003115800989292,30.835,31.0196640346701,30.845,30.845,31.003115800989292,0.15811580098929312,0.0051269714977073,PFF,PFFD,2026-06-22,False,5367.0,3243.0,0.0,0.0,,,0.0,0.0,0.0,True,False,False,1.0,PFF,PFFD,-5367.0,3243.0,0.0,0.0,0.0,0.0,-5367.0,3243.0,0.0,3243.0,5367.0,-0.0,-26.835,-16.215,-43.05,-0.0,-0.0,0.0,-43.05,2142.8799999999433
18.74,30.78,0.0,-0.05999999999999872,1.6424759871931698,1.0,1.6534857022648182,1.0,1.6543587148073915,1.0,31.002682315490514,30.78,0.008271793574036958,0.005,30.99441052191648,30.775000000000002,31.01095410906455,30.785,30.785,30.99441052191648,0.20941052191647813,0.0068034607510226814,PFF,PFFD,2026-06-23,False,5375.0,3249.0,-5367.0,3243.0,PFF,PFFD,0.20941052191647813,0.0068034607510226814,1.0,True,False,False,1.0,PFF,PFFD,-5375.0,3249.0,-100577.57999999999,100014.12,200591.69999999998,-563.4599999999919,-8.0,6.0,0.0,6.0,8.0,-0.0,-0.04,-0.03,-0.07,-0.0,-194.57999999999586,-194.57999999999586,-194.64999999999586,1948.2299999999475
18.68,30.68,-0.05999999999999872,-0.10000000000000142,1.6423982869379015,1.0,1.6526955637016605,1.0,1.6534857022648182,1.0,30.8871129183068,30.68,0.008267428511324091,0.005,30.878845489795477,30.675,30.895380346818126,30.685,30.685,30.878845489795477,0.19384548979547844,0.006318301492681827,PFF,PFFD,2026-06-24,False,5389.0,3259.0,-5375.0,3249.0,PFF,PFFD,0.19384548979547844,0.006318301492681827,1.0,True,False,False,1.0,PFF,PFFD,-5389.0,3259.0,-100727.49999999999,100004.22,200731.71999999997,-723.2799999999843,-14.0,10.0,0.0,10.0,14.0,-0.0,-0.07,-0.05,-0.12000000000000001,322.4999999999931,-324.90000000000464,-2.4000000000115165,-2.5200000000115166,1945.709999999936
18.65,30.44,-0.030000000000001137,-0.23999999999999844,1.632171581769437,1.0,1.6514809237927708,1.0,1.6526955637016605,1.0,30.822772263035965,30.44,0.008263477818508303,0.005,30.814508785217456,30.435000000000002,30.831035740854475,30.445,30.445,30.814508785217456,0.3695087852174552,0.012138921984804705,PFF,PFFD,2026-06-25,False,5429.0,3285.0,-5389.0,3259.0,PFF,PFFD,0.3695087852174552,0.012138921984804705,1.0,True,False,False,1.0,PFF,PFFD,-5429.0,3285.0,-100666.52,99986.12,200652.64,-680.4000000000087,-40.0,26.0,0.0,26.0,40.0,-0.0,-0.2,-0.13,-0.33,161.67000000000613,-782.1599999999949,-620.4899999999888,-620.8199999999888,1324.8899999999471
18.64,30.36,-0.00999999999999801,-0.08000000000000185,1.628755364806867,1.0,1.6500239551910088,1.0,1.6514809237927708,1.0,30.783604419497248,30.36,0.008257404618963854,0.005,30.775347014878285,30.355,30.79186182411621,30.365,30.365,30.775347014878285,0.41034701487828684,0.013516041333276906,PFF,PFFD,2026-06-26,False,5440.0,3294.0,-5429.0,3285.0,PFF,PFFD,0.41034701487828684,0.013516041333276906,1.0,True,False,False,1.0,PFF,PFFD,-5440.0,3294.0,-101250.84999999999,99995.40000000001,201246.25,-1255.4499999999825,-11.0,9.0,0.0,9.0,11.0,-0.0,-0.055,-0.045,-0.1,54.2899999999892,-262.8000000000061,-208.5100000000169,-208.6100000000169,1116.2799999999302
18.68,30.61,0.03999999999999915,0.25,1.6386509635974305,1.0,1.6489912036863381,1.0,1.6500239551910088,1.0,30.822447482968045,30.61,0.008250119775955043,0.005,30.81419736319209,30.605,30.830697602744,30.615,30.615,30.81419736319209,0.19919736319209136,0.00650759108762141,PFF,PFFD,2026-06-29,False,5391.0,3267.0,-5440.0,3294.0,PFF,PFFD,0.19919736319209136,0.00650759108762141,1.0,True,False,False,1.0,PFF,PFFD,-5391.0,3267.0,-101401.6,100005.84,201407.44,-1395.7600000000093,49.0,-27.0,49.0,0.0,-0.0,27.0,-0.245,-0.135,-0.38,-217.59999999999536,823.5,605.9000000000046,605.5200000000046,1721.7999999999347
18.69,30.49,0.010000000000001563,-0.120000000000001,1.6313536650615301,1.0,1.6476655395265318,1.0,1.6489912036863381,1.0,30.81964559689766,30.49,0.008244956018431691,0.005,30.81140064087923,30.485,30.82789055291609,30.494999999999997,30.494999999999997,30.81140064087923,0.3164006408792339,0.010377193862880746,PFF,PFFD,2026-06-30,False,5409.0,3280.0,-5391.0,3267.0,PFF,PFFD,0.3164006408792339,0.010377193862880746,1.0,True,False,False,1.0,PFF,PFFD,-5409.0,3280.0,-100703.88,100002.87,200706.75,-701.0100000000093,-18.0,13.0,0.0,13.0,18.0,-0.0,-0.09,-0.065,-0.155,-53.910000000008424,-392.04000000000326,-445.9500000000117,-446.10500000001167,1275.694999999923
18.61,30.47,-0.08000000000000185,-0.019999999999999574,1.6372917786136485,1.0,1.6465749833384806,1.0,1.6476655395265318,1.0,30.663055690588756,30.47,0.00823832769763266,0.005,30.654817362891123,30.465,30.67129401828639,30.474999999999998,30.474999999999998,30.654817362891123,0.17981736289112504,0.005901455953105515,PFF,PFFD,2026-07-01,True,5408.0,3282.0,-5409.0,3280.0,PFF,PFFD,0.17981736289112504,0.005901455953105515,1.0,True,False,False,1.0,PFF,PFFD,-5408.0,3282.0,-101094.21,100007.2,201101.41,-1087.0100000000093,1.0,2.0,1.0,2.0,-0.0,-0.0,-0.005,-0.01,-0.015,432.72000000001,-65.5999999999986,367.1200000000114,367.1050000000114,1642.7999999999345
18.58,30.48,-0.030000000000001137,0.010000000000001563,1.6404736275565126,1.0,1.6457164991112108,1.0,1.6465749833384806,1.0,30.593363190428967,30.48,0.008232874916692404,0.005,30.585130315512274,30.475,30.60159606534566,30.485,30.485,30.585130315512274,0.10013031551227414,0.003285115338329204,PFF,PFFD,2026-07-02,False,5402.0,3281.0,-5408.0,3282.0,PFF,PFFD,0.10013031551227414,0.003285115338329204,1.0,True,False,True,0.0,,,0.0,0.0,-100642.87999999999,100002.54,200645.41999999998,-640.3399999999965,5408.0,-3282.0,5408.0,0.0,-0.0,3282.0,-27.04,-16.41,-43.45,162.24000000000615,32.82000000000513,195.06000000001129,151.61000000001127,1794.4099999999457
18.79,30.74,0.21000000000000085,0.259999999999998,1.6359765832889834,1.0,1.6448433706037022,1.0,1.6457164991112108,1.0,30.92301301829965,30.74,0.008228582495556054,0.005,30.914784435804094,30.735,30.931241600795204,30.744999999999997,30.744999999999997,30.914784435804094,0.16978443580409674,0.005523241242813818,PFF,PFFD,2026-07-06,False,5354.0,3253.0,0.0,0.0,,,0.0,0.0,0.0,True,False,False,1.0,PFF,PFFD,-5354.0,3253.0,0.0,0.0,0.0,0.0,-5354.0,3253.0,0.0,3253.0,5354.0,-0.0,-26.77,-16.265,-43.035,0.0,0.0,0.0,-43.035,1751.3749999999457
18.65,30.51,-0.14000000000000057,-0.22999999999999687,1.6359249329758716,1.0,1.644212950585829,1.0,1.6448433706037022,1.0,30.676328861759043,30.51,0.008224216853018511,0.005,30.668104644906023,30.505000000000003,30.684553078612062,30.515,30.515,30.668104644906023,0.1531046449060227,0.005018179118519262,PFF,PFFD,2026-07-07,False,5392.0,3278.0,-5354.0,3253.0,PFF,PFFD,0.1531046449060227,0.005018179118519262,1.0,True,False,False,1.0,PFF,PFFD,-5392.0,3278.0,-100601.65999999999,99997.22,200598.88,-604.4399999999878,-38.0,25.0,0.0,25.0,38.0,-0.0,-0.19,-0.125,-0.315,749.560000000003,-748.1899999999898,1.3700000000131922,1.0550000000131923,1752.429999999959
18.56,30.45,-0.08999999999999986,-0.060000000000002274,1.640625,1.0,1.643392408183475,1.0,1.644212950585829,1.0,30.516592362872984,30.45,0.008221064752929145,0.005,30.508371298120053,30.445,30.524813427625915,30.455,30.455,30.508371298120053,0.053371298120055144,0.0017527519908064088,PFF,PFFD,2026-07-08,False,5400.0,3284.0,-5392.0,3278.0,PFF,PFFD,0.053371298120055144,0.0017527519908064088,1.0,True,False,False,1.0,PFF,PFFD,-5400.0,3284.0,-100560.79999999999,100011.78,200572.58,-549.0199999999895,-8.0,6.0,0.0,6.0,8.0,-0.0,-0.04,-0.03,-0.07,485.27999999999923,-196.68000000000745,288.5999999999918,288.5299999999918,2040.9599999999507
18.68,30.56,0.120000000000001,0.10999999999999943,1.6359743040685224,1.0,1.642420491018198,1.0,1.643392408183475,1.0,30.69857018486731,30.56,0.008216962040917375,0.005,30.690353222826392,30.555,30.70678714690823,30.564999999999998,30.564999999999998,30.690353222826392,0.12535322282639427,0.0041018724746856765,PFF,PFFD,2026-07-09,False,5377.0,3272.0,-5400.0,3284.0,PFF,PFFD,0.12535322282639427,0.0041018724746856765,1.0,True,False,False,1.0,PFF,PFFD,-5377.0,3272.0,-100224.0,99997.8,200221.8,-226.1999999999971,23.0,-12.0,23.0,0.0,-0.0,12.0,-0.115,-0.06,-0.175,-648.0000000000053,361.23999999999813,-286.7600000000072,-286.9350000000072,1754.0249999999435
18.65,30.54,-0.030000000000001137,-0.019999999999999574,1.6375335120643433,1.0,1.6416265594209851,1.0,1.642420491018198,1.0,30.631142157489393,30.54,0.00821210245509099,0.005,30.622930055034303,30.535,30.639354259944483,30.544999999999998,30.544999999999998,30.622930055034303,0.0779300550343045,0.00255173723098574,PFF,PFFD,2026-07-10,False,5377.0,3274.0,-5377.0,3272.0,PFF,PFFD,0.0779300550343045,0.00255173723098574,1.0,True,False,False,1.0,PFF,PFFD,-5377.0,3274.0,-100442.36,99992.31999999999,200434.68,-450.04000000000815,0.0,2.0,0.0,2.0,-0.0,-0.0,-0.0,-0.01,-0.01,161.3100000000061,-65.4399999999986,95.87000000000751,95.8600000000075,1849.8849999999509
18.55,30.35,-0.09999999999999787,-0.18999999999999773,1.6361185983827493,1.0,1.6408006299900961,1.0,1.6416265594209851,1.0,30.452172677259274,30.35,0.008208132797104925,0.005,30.44396454446217,30.345000000000002,30.460380810056378,30.355,30.355,30.44396454446217,0.0889645444621685,0.0029312864732180723,PFF,PFFD,2026-07-13,False,5409.0,3295.0,-5377.0,3274.0,PFF,PFFD,0.0889645444621685,0.0029312864732180723,1.0,True,False,False,1.0,PFF,PFFD,-5409.0,3295.0,-100281.04999999999,99987.95999999999,200269.00999999998,-293.0899999999965,-32.0,21.0,0.0,21.0,32.0,-0.0,-0.16,-0.105,-0.265,537.6999999999886,-622.0599999999926,-84.36000000000399,-84.625000000004,1765.2599999999468
18.57,30.51,0.019999999999999574,0.16000000000000014,1.64297253634895,1.0,1.640404092089159,1.0,1.6408006299900961,1.0,30.469667698916087,30.51,0.00820400314995048,0.005,30.461463695766138,30.505000000000003,30.477871702066036,30.515,30.477871702066036,30.505000000000003,0.02712829793396665,0.0008891608631257505,PFFD,PFF,2026-07-14,False,5379.0,3278.0,-5409.0,3295.0,PFF,PFFD,-0.05353630423386235,-0.001754713347553666,1.0,False,True,False,0.0,,,0.0,0.0,-100336.95,100003.25,200340.2,-333.6999999999971,5409.0,-3295.0,5409.0,0.0,-0.0,3295.0,-27.045,-16.475,-43.52,-108.17999999999769,527.2000000000005,419.0200000000028,375.50000000000284,2140.7599999999497
18.65,30.62,0.0799999999999983,0.10999999999999943,1.6418230563002683,1.0,1.6398222390932902,1.0,1.640404092089159,1.0,30.59353631746281,30.62,0.008202020460445795,0.005,30.585334297002365,30.615000000000002,30.601738337923255,30.625,30.601738337923255,30.615000000000002,0.013261662076747172,0.0004331045746814883,PFFD,PFF,2026-07-15,False,5358.0,3266.0,0.0,0.0,,,0.0,0.0,0.0,False,True,False,0.0,,,0.0,0.0,0.0,0.0,0.0,0.0,0.0,0.0,0.0,0.0,-0.0,-0.0,-0.0,-0.0,0.0,0.0,0.0,0.0,0.0,2140.7599999999497
18.57,30.37,-0.0799999999999983,-0.25,1.635433494884222,1.0,1.639254948684386,1.0,1.6398222390932902,1.0,30.4514989799624,30.37,0.00819911119546645,0.005,30.443299868766932,30.365000000000002,30.459698091157865,30.375,30.375,30.443299868766932,0.06829986876693184,0.002248925543856827,PFF,PFFD,2026-07-16,False,5400.0,3293.0,0.0,0.0,,,0.0,0.0,0.0,True,False,False,1.0,PFF,PFFD,-5400.0,3293.0,0.0,0.0,0.0,0.0,-5400.0,3293.0,0.0,3293.0,5400.0,-0.0,-27.0,-16.465,-43.465,-0.0,-0.0,0.0,-43.465,2097.2949999999496
18.59,30.35,0.019999999999999574,-0.019999999999999574,1.6325981710597095,1.0,1.6383742415261189,1.0,1.639254948684386,1.0,30.473749496042736,30.35,0.00819627474342193,0.005,30.465553221299313,30.345000000000002,30.481945770786158,30.355,30.355,30.465553221299313,0.11055322129931255,0.003642610256978997,PFF,PFFD,2026-07-17,False,5401.0,3295.0,-5400.0,3293.0,PFF,PFFD,0.11055322129931255,0.003642610256978997,1.0,True,False,False,1.0,PFF,PFFD,-5401.0,3295.0,-100278.0,100008.41,200286.41,-269.5899999999965,-1.0,2.0,0.0,2.0,1.0,-0.0,-0.005,-0.01,-0.015,-107.9999999999977,-65.85999999999859,-173.8599999999963,-173.87499999999628,1923.4199999999532
18.5,30.32,-0.08999999999999986,-0.030000000000001137,1.6389189189189188,1.0,1.6376574029299789,1.0,1.6383742415261189,1.0,30.3099234682332,30.32,0.008191871207630595,0.005,30.30173159702557,30.315,30.318115339440833,30.325,30.318115339440833,30.315,-0.003115339440832088,-0.00010274866229657282,PFFD,PFF,2026-07-20,False,5403.0,3298.0,-5401.0,3295.0,PFF,PFFD,-0.023268402974430558,-0.0007674275387345171,1.0,False,True,False,0.0,,,0.0,0.0,-100404.59,100003.25,200407.84,-401.3399999999965,5401.0,-3295.0,5401.0,0.0,-0.0,3295.0,-27.005,-16.475,-43.480000000000004,486.08999999999924,-98.85000000000375,387.23999999999546,343.75999999999544,2267.1799999999484
18.52,30.32,0.019999999999999574,0.0,1.6371490280777539,1.0,1.6372309695953393,1.0,1.6376574029299789,1.0,30.32941510226321,30.32,0.008188287014649895,0.005,30.321226815248558,30.315,30.33760338927786,30.325,30.325,30.321226815248558,-0.003773184751441505,-0.00012444540736944278,PFF,PFFD,2026-07-21,False,5401.0,3298.0,0.0,0.0,,,0.0,0.0,0.0,False,True,False,0.0,,,0.0,0.0,0.0,0.0,0.0,0.0,0.0,0.0,0.0,0.0,-0.0,-0.0,-0.0,-0.0,0.0,0.0,0.0,0.0,0.0,2267.1799999999484
18.55,30.45,0.030000000000001137,0.129999999999999,1.641509433962264,1.0,1.6371826419337943,1.0,1.6372309695953393,1.0,30.370634485993545,30.45,0.008186154847976697,0.005,30.36244833114557,30.445,30.37882064084152,30.455,30.37882064084152,30.445,0.06617935915847895,0.0021733779690797685,PFFD,PFF,2026-07-22,False,5377.0,3284.0,0.0,0.0,,,0.0,0.0,0.0,True,False,False,1.0,PFFD,PFF,5377.0,-3284.0,0.0,0.0,0.0,0.0,5377.0,-3284.0,5377.0,0.0,-0.0,3284.0,-26.885,-16.42,-43.30500000000001,0.0,0.0,0.0,-43.30500000000001,2223.8749999999486
18.39,30.14,-0.16000000000000014,-0.3099999999999987,1.6389342033713974,1.0,1.637009437755469,1.0,1.6371826419337943,1.0,30.107788785162477,30.14,0.008185913209668971,0.005,30.099602871952808,30.135,30.115974698372145,30.145,30.115974698372145,30.135,0.019025301627856095,0.0006312309763721332,PFFD,PFF,2026-07-23,False,5432.0,3318.0,5377.0,-3284.0,PFFD,PFF,0.019025301627856095,0.0006312309763721332,1.0,False,True,False,0.0,,,0.0,0.0,99743.35,-99997.8,199741.15000000002,-254.4499999999971,-5377.0,3284.0,0.0,3284.0,5377.0,-0.0,-26.885,-16.42,-43.30500000000001,-860.3200000000007,1018.0399999999958,157.71999999999503,114.41499999999502,2338.2899999999436
18.36,30.16,-0.030000000000001137,0.019999999999999574,1.6427015250544663,1.0,1.6375359349197205,1.0,1.637009437755469,1.0,30.055493277190408,30.16,0.008185047188777345,0.005,30.04730823000163,30.155,30.063678324379186,30.165,30.063678324379186,30.155,0.09132167562081506,0.003027907016605274,PFFD,PFF,2026-07-24,False,5428.0,3316.0,0.0,0.0,,,0.0,0.0,0.0,True,False,False,1.0,PFFD,PFF,5428.0,-3316.0,0.0,0.0,0.0,0.0,5428.0,-3316.0,5428.0,0.0,-0.0,3316.0,-27.14,-16.580000000000002,-43.72,-0.0,0.0,0.0,-43.72,2294.569999999944
18.45,30.28,0.08999999999999986,0.120000000000001,1.6411924119241195,1.0,1.638157787275583,1.0,1.6375359349197205,1.0,30.212537999268843,30.28,0.008187679674598602,0.005,30.204350319594244,30.275000000000002,30.22072567894344,30.285,30.22072567894344,30.275000000000002,0.05427432105656038,0.001792414830137397,PFFD,PFF,2026-07-27,False,5409.0,3303.0,5428.0,-3316.0,PFFD,PFF,0.05427432105656038,0.001792414830137397,1.0,True,False,False,1.0,PFFD,PFF,5409.0,-3303.0,99658.08,-100010.56,199668.64,-352.4799999999959,-19.0,13.0,0.0,13.0,19.0,-0.0,-0.095,-0.065,-0.16,488.51999999999924,-397.9200000000033,90.59999999999593,90.43999999999593,2385.0099999999397
18.49,30.36,0.03999999999999915,0.0799999999999983,1.641968631692807,1.0,1.638323670680352,1.0,1.638157787275583,1.0,30.28953748672553,30.36,0.008190788936377915,0.005,30.28134669778915,30.355,30.297728275661907,30.365,30.297728275661907,30.355,0.05727172433809358,0.0018864204327435302,PFFD,PFF,2026-07-28,False,5396.0,3294.0,5409.0,-3303.0,PFFD,PFF,0.05727172433809358,0.0018864204327435302,1.0,True,False,False,1.0,PFFD,PFF,5396.0,-3294.0,99796.05,-100014.84,199810.89,-218.7899999999936,-13.0,9.0,0.0,9.0,13.0,-0.0,-0.065,-0.045,-0.11,216.35999999999538,-264.2399999999944,-47.879999999999,-47.989999999999,2337.019999999941
18.34,30.1,-0.14999999999999858,-0.259999999999998,1.6412213740458017,1.0,1.6388170561295656,1.0,1.638323670680352,1.0,30.046856120277653,30.1,0.00819161835340176,0.005,30.038664501924252,30.095000000000002,30.055047738631053,30.105,30.055047738631053,30.095000000000002,0.03995226136894914,0.0013273176534534597,PFFD,PFF,2026-07-29,False,5443.0,3322.0,5396.0,-3294.0,PFFD,PFF,0.03995226136894914,0.0013273176534534597,1.0,False,False,False,-1.0,PFFD,PFF,5443.0,-3322.0,99772.04,-100005.84,199777.88,-233.8000000000029,47.0,-28.0,47.0,0.0,-0.0,28.0,-0.23500000000000001,-0.14,-0.375,-809.3999999999924,856.4399999999935,47.0400000000011,46.6650000000011,2383.684999999942
18.52,30.44,0.17999999999999972,0.33999999999999986,1.6436285097192225,1.0,1.639133892684844,1.0,1.6388170561295656,1.0,30.350891879519555,30.44,0.008194085280647828,0.005,30.34269779423891,30.435000000000002,30.3590859648002,30.445,30.3590859648002,30.435000000000002,0.07591403519980133,0.002493890775289137,PFFD,PFF,2026-07-30,False,5384.0,3285.0,5443.0,-3322.0,PFFD,PFF,0.0,0.0,-1.0,True,False,False,1.0,PFFD,PFF,5384.0,-3285.0,99824.62,-99992.20000000001,199816.82,-167.5800000000163,-59.0,37.0,0.0,37.0,59.0,-0.0,-0.295,-0.185,-0.48,979.7399999999984,-1129.4799999999996,-149.74000000000115,-150.22000000000114,2233.464999999941
18.52,30.47,0.0,0.029999999999997584,1.6452483801295896,1.0,1.639372630313498,1.0,1.639133892684844,1.0,30.356759692523312,30.47,0.00819566946342422,0.005,30.348564023059886,30.465,30.364955361986738,30.474999999999998,30.364955361986738,30.465,0.10004463801326224,0.003283381621702076,PFFD,PFF,2026-07-31,False,5380.0,3282.0,5384.0,-3285.0,PFFD,PFF,0.10004463801326224,0.003283381621702076,1.0,True,False,False,1.0,PFFD,PFF,5380.0,-3282.0,99711.68,-99995.40000000001,199707.08000000002,-283.7200000000157,-4.0,3.0,0.0,3.0,4.0,-0.0,-0.02,-0.015,-0.035,0.0,-98.54999999999207,-98.54999999999207,-98.58499999999206,2134.879999999949
