TFI_price,VTEB_price,MUB_price,TFI_price_chg,VTEB_price_chg,MUB_price_chg,MUB/TFI,MUB/VTEB,MUB/MUB,MUB/TFI_moving_avg,MUB/VTEB_moving_avg,MUB/MUB_moving_avg,MUB/TFI_prev_moving_avg,MUB/VTEB_prev_moving_avg,MUB/MUB_prev_moving_avg,TFI_scaled_price,VTEB_scaled_price,MUB_scaled_price,TFI_scaled_comm,VTEB_scaled_comm,MUB_scaled_comm,TFI_scaled_price_minus_comm,VTEB_scaled_price_minus_comm,MUB_scaled_price_minus_comm,TFI_scaled_price_plus_comm,VTEB_scaled_price_plus_comm,MUB_scaled_price_plus_comm,min_price_plus_comm,max_price_minus_comm,tgt_max-min,tgt_pct_diff,tgt_min_price_etf,tgt_max_price_etf,date,ex_div_date,TFI_shs_per_unit,VTEB_shs_per_unit,MUB_shs_per_unit,TFI_current_shs,VTEB_current_shs,MUB_current_shs,current_long_etf,current_short_etf,current_max-min,current_pct_diff,current_position,open_trade,exit_trade,flatten_for_div,tgt_position,tgt_long_etf,tgt_short_etf,TFI_tgt_shs,VTEB_tgt_shs,MUB_tgt_shs,TFI_tgt_inv_amt,VTEB_tgt_inv_amt,MUB_tgt_inv_amt,gross_inv_amt,net_inv_amt,TFI_shs_to_trade,VTEB_shs_to_trade,MUB_shs_to_trade,TFI_shs_to_buy,VTEB_shs_to_buy,MUB_shs_to_buy,TFI_shs_to_sell,VTEB_shs_to_sell,MUB_shs_to_sell,TFI_daily_comm,VTEB_daily_comm,MUB_daily_comm,daily_comm,TFI_daily_profit,VTEB_daily_profit,MUB_daily_profit,daily_gross_profit,daily_net_profit,cumulative_net_profit
45.75,50.37,107.24,,,,2.3440437158469942,2.129045066507842,1.0,,,,,,,,,,,,,,,,,,,,,,,,,2026-01-02,False,,,,,,,,,,,,False,False,False,,,,,,,,,,,,,,,,,,,,,,,,,,,,,,
45.79,50.4,107.34,0.03999999999999915,0.030000000000001137,0.10000000000000853,2.344179951954575,2.1297619047619047,1.0,,,,,,,,,,,,,,,,,,,,,,,,,2026-01-05,False,,,,,,,,,,,,False,False,False,,,,,,,,,,,,,,,,,,,,,,,,,,,,,,
45.8,50.46,107.42,0.00999999999999801,0.060000000000002274,0.0799999999999983,2.3454148471615723,2.1288149028933807,1.0,,,,,,,,,,,,,,,,,,,,,,,,,2026-01-06,False,,,,,,,,,,,,False,False,False,,,,,,,,,,,,,,,,,,,,,,,,,,,,,,
45.93,50.55,107.65,0.13000000000000256,0.0899999999999963,0.23000000000000398,2.3437840191595907,2.129574678536103,1.0,,,,,,,,,,,,,,,,,,,,,,,,,2026-01-07,False,,,,,,,,,,,,False,False,False,,,,,,,,,,,,,,,,,,,,,,,,,,,,,,
45.9,50.51,107.53,-0.030000000000001137,-0.03999999999999915,-0.12000000000000455,2.3427015250544665,2.128885369233815,1.0,,,,,,,,,,,,,,,,,,,,,,,,,2026-01-08,False,,,,,,,,,,,,False,False,False,,,,,,,,,,,,,,,,,,,,,,,,,,,,,,
45.95,50.58,107.66,0.05000000000000426,0.07000000000000028,0.12999999999999545,2.3429815016322086,2.1285092922103597,1.0,,,,,,,,,,,,,,,,,,,,,,,,,2026-01-09,False,,,,,,,,,,,,False,False,False,,,,,,,,,,,,,,,,,,,,,,,,,,,,,,
45.93,50.56,107.55,-0.020000000000003126,-0.01999999999999602,-0.10999999999999943,2.341606792945787,2.1271756329113924,1.0,,,,,,,,,,,,,,,,,,,,,,,,,2026-01-12,False,,,,,,,,,,,,False,False,False,,,,,,,,,,,,,,,,,,,,,,,,,,,,,,
45.9,50.58,107.59,-0.030000000000001137,0.01999999999999602,0.04000000000000625,2.34400871459695,2.1271253459865562,1.0,,,,,,,,,,,,,,,,,,,,,,,,,2026-01-13,False,,,,,,,,,,,,False,False,False,,,,,,,,,,,,,,,,,,,,,,,,,,,,,,
45.99,50.62,107.77,0.09000000000000341,0.03999999999999915,0.1799999999999926,2.343335507719069,2.129000395100751,1.0,,,,,,,,,,,,,,,,,,,,,,,,,2026-01-14,False,,,,,,,,,,,,False,False,False,,,,,,,,,,,,,,,,,,,,,,,,,,,,,,
45.98,50.61,107.73,-0.010000000000005116,-0.00999999999999801,-0.03999999999999204,2.3429752066115705,2.128630705394191,1.0,,,,,,,,,,,,,,,,,,,,,,,,,2026-01-15,False,,,,,,,,,,,,False,False,False,,,,,,,,,,,,,,,,,,,,,,,,,,,,,,
45.93,50.6,107.61,-0.04999999999999716,-0.00999999999999801,-0.12000000000000455,2.3429131286740694,2.126679841897233,1.0,,,,,,,,,,,,,,,,,,,,,,,,,2026-01-16,False,,,,,,,,,,,,False,False,False,,,,,,,,,,,,,,,,,,,,,,,,,,,,,,
45.79,50.43,107.23,-0.14000000000000057,-0.1700000000000017,-0.37999999999999545,2.3417776807163135,2.126313702161412,1.0,,,,,,,,,,,,,,,,,,,,,,,,,2026-01-20,False,,,,,,,,,,,,False,False,False,,,,,,,,,,,,,,,,,,,,,,,,,,,,,,
45.9,50.51,107.5,0.10999999999999943,0.0799999999999983,0.269999999999996,2.3420479302832247,2.128291427440111,1.0,,,,,,,,,,,,,,,,,,,,,,,,,2026-01-21,False,,,,,,,,,,,,False,False,False,,,,,,,,,,,,,,,,,,,,,,,,,,,,,,
45.86,50.48,107.49,-0.03999999999999915,-0.030000000000001137,-0.010000000000005116,2.343872655909289,2.1293581616481774,1.0,,,,,,,,,,,,,,,,,,,,,,,,,2026-01-22,False,,,,,,,,,,,,False,False,False,,,,,,,,,,,,,,,,,,,,,,,,,,,,,,
45.9,50.52,107.61,0.03999999999999915,0.04000000000000625,0.12000000000000455,2.3444444444444446,2.130047505938242,1.0,,,,,,,,,,,,,,,,,,,,,,,,,2026-01-23,False,,,,,,,,,,,,False,False,False,,,,,,,,,,,,,,,,,,,,,,,,,,,,,,
45.9,50.54,107.66,0.0,0.01999999999999602,0.04999999999999716,2.345533769063181,2.1301939058171744,1.0,,,,,,,,,,,,,,,,,,,,,,,,,2026-01-26,False,,,,,,,,,,,,False,False,False,,,,,,,,,,,,,,,,,,,,,,,,,,,,,,
45.95,50.56,107.73,0.05000000000000426,0.020000000000003126,0.07000000000000739,2.344504896626768,2.1307357594936707,1.0,,,,,,,,,,,,,,,,,,,,,,,,,2026-01-27,False,,,,,,,,,,,,False,False,False,,,,,,,,,,,,,,,,,,,,,,,,,,,,,,
45.96,50.57,107.81,0.00999999999999801,0.00999999999999801,0.0799999999999983,2.3457354221061792,2.131896381253708,1.0,,,,,,,,,,,,,,,,,,,,,,,,,2026-01-28,False,,,,,,,,,,,,False,False,False,,,,,,,,,,,,,,,,,,,,,,,,,,,,,,
45.95,50.52,107.7,-0.00999999999999801,-0.04999999999999716,-0.10999999999999943,2.3438520130576714,2.1318289786223277,1.0,,,,,,,,,,,,,,,,,,,,,,,,,2026-01-29,False,,,,,,,,,,,,False,False,False,,,,,,,,,,,,,,,,,,,,,,,,,,,,,,
46.02,50.56,107.85,0.07000000000000028,0.03999999999999915,0.14999999999999147,2.3435462842242503,2.1331091772151898,1.0,2.343663000389409,2.129248906751177,1.0,,,,,,,,,,,,,,,,,,,,,,2026-01-30,False,,,,,,,,,,,,False,False,False,0.0,,,0.0,0.0,0.0,,,,,,,,,,,,,,,,,,,,,,,,
45.87,50.48,107.66,-0.15000000000000568,-0.0800000000000054,-0.18999999999999773,2.3470678003052106,2.1327258320126785,1.0,2.3438142046123196,2.129432945026419,1.0,2.343663000389409,2.129248906751177,1.0,107.50382182786217,107.4844848127994,107.66,0.011718315001947045,0.010646244533755884,0.005,107.49210351286023,107.47383856826563,107.655,107.51554014286411,107.49513105733315,107.66499999999999,107.49513105733315,107.655,0.15986894266684715,0.0014849428076058626,VTEB,MUB,2026-02-02,True,2177.0,1978.0,929.0,0.0,0.0,0.0,,,0.0,0.0,0.0,False,True,False,0.0,,,0.0,0.0,0.0,0.0,0.0,0.0,,,0.0,0.0,0.0,0.0,0.0,0.0,-0.0,-0.0,-0.0,-0.0,-0.0,-0.0,0.0,-0.0,-0.0,-0.0,0.0,0.0,0.0
45.92,50.5,107.63,0.05000000000000426,0.020000000000003126,-0.030000000000001137,2.3438588850174216,2.1312871287128714,1.0,2.343798151265462,2.1295092062239673,1.0,2.3438142046123196,2.129432945026419,1.0,107.62794827579772,107.53636372383416,107.63,0.011719071023061599,0.010647164725132094,0.005,107.61622920477465,107.52571655910903,107.625,107.63966734682079,107.54701088855929,107.63499999999999,107.54701088855929,107.625,0.07798911144071496,0.0007246038413148282,VTEB,MUB,2026-02-03,False,2177.0,1978.0,929.0,0.0,0.0,0.0,,,0.0,0.0,0.0,False,True,True,0.0,,,0.0,0.0,0.0,0.0,0.0,0.0,0.0,0.0,0.0,0.0,0.0,0.0,0.0,0.0,-0.0,-0.0,-0.0,-0.0,-0.0,-0.0,0.0,0.0,0.0,-0.0,0.0,0.0,0.0
46.01,50.54,107.62,0.0899999999999963,0.03999999999999915,-0.009999999999990905,2.339056726798522,2.1294024535021765,1.0,2.343480245247309,2.1295385837544067,1.0,2.343798151265462,2.1295092062239673,1.0,107.8381529397239,107.62539528255931,107.62,0.01171899075632731,0.010647546031119837,0.005,107.82643394896758,107.61474773652819,107.61500000000001,107.84987193048022,107.63604282859043,107.625,107.625,107.82643394896758,0.20143394896757627,0.001871714820364024,MUB,TFI,2026-02-04,False,2177.0,1978.0,929.0,0.0,0.0,0.0,,,0.0,0.0,0.0,False,False,False,-0.0,,,0.0,0.0,0.0,0.0,0.0,0.0,0.0,0.0,0.0,0.0,0.0,0.0,0.0,0.0,-0.0,-0.0,-0.0,-0.0,-0.0,-0.0,0.0,0.0,0.0,-0.0,0.0,0.0,0.0
46.05,50.62,107.81,0.03999999999999915,0.0799999999999983,0.18999999999999773,2.341150922909881,2.1297905966021338,1.0,2.3433485904348244,2.1295493796577083,1.0,2.343480245247309,2.1295385837544067,1.0,107.91726529363858,107.79724310964806,107.81,0.011717401226236546,0.010647692918772034,0.005,107.90554789241234,107.7865954167293,107.805,107.92898269486481,107.80789080256683,107.815,107.80789080256683,107.90554789241234,0.09765708984551225,0.0009058258959791508,VTEB,TFI,2026-02-05,False,2175.0,1976.0,928.0,0.0,0.0,0.0,,,0.0,0.0,-0.0,False,True,False,0.0,,,0.0,0.0,0.0,0.0,0.0,0.0,0.0,0.0,0.0,0.0,0.0,0.0,0.0,0.0,-0.0,-0.0,-0.0,-0.0,-0.0,-0.0,0.0,0.0,0.0,0.0,0.0,0.0,0.0
46.07,50.65,107.69,0.020000000000003126,0.030000000000001137,-0.12000000000000455,2.337529845886694,2.1261599210266535,1.0,2.343090006476435,2.1294131072473506,1.0,2.3433485904348244,2.1295493796577083,1.0,107.95806956133237,107.86167607966293,107.69,0.011716742952174121,0.010647746898288542,0.005,107.94635281838019,107.85102833276464,107.685,107.96978630428454,107.87232382656121,107.695,107.695,107.94635281838019,0.2513528183801981,0.0023340404715405153,MUB,TFI,2026-02-06,False,2177.0,1978.0,929.0,0.0,0.0,0.0,,,0.0,0.0,0.0,True,False,False,1.0,MUB,TFI,-2177.0,0.0,929.0,0.0,0.0,0.0,0.0,0.0,-2177.0,0.0,929.0,0.0,0.0,929.0,2177.0,-0.0,-0.0,-10.885,-0.0,-4.6450000000000005,-15.530000000000001,0.0,0.0,-0.0,0.0,-15.530000000000001,-15.530000000000001
46.1,50.67,107.79,0.030000000000001137,0.020000000000003126,0.10000000000000853,2.338177874186551,2.1272942569567794,1.0,2.3428498251041523,2.1293523554846714,1.0,2.343090006476435,2.1294131072473506,1.0,108.01644929856366,107.89736214422325,107.79,0.011715450032382176,0.010647065536236754,0.005,108.00473384853127,107.88671507868702,107.78500000000001,108.02816474859604,107.90800920975948,107.795,107.795,108.00473384853127,0.20973384853127186,0.0019457635080366625,MUB,TFI,2026-02-09,False,2174.0,1976.0,928.0,-2177.0,0.0,929.0,MUB,TFI,0.20973384853127186,0.0019457635080366625,1.0,False,False,False,-1.0,MUB,TFI,-2174.0,0.0,928.0,-100294.39,0.0,100044.01,200338.4,-250.38000000000466,3.0,0.0,-1.0,3.0,0.0,0.0,-0.0,-0.0,1.0,-0.015,-0.0,-0.005,-0.02,-65.31000000000247,0.0,92.90000000000792,27.590000000005446,27.570000000005447,12.040000000005445
46.15,50.74,107.96,0.04999999999999716,0.07000000000000028,0.1699999999999875,2.3393282773564463,2.1277098935750884,1.0,2.3427358993246856,2.1293790685178564,1.0,2.3428498251041523,2.1293523554846714,1.0,108.12251942855663,108.04333851729223,107.96,0.011714249125520762,0.010646761777423358,0.005,108.11080517943111,108.0326917555148,107.955,108.13423367768215,108.05398527906965,107.96499999999999,107.96499999999999,108.11080517943111,0.1458051794311217,0.0013505481607180595,MUB,TFI,2026-02-10,False,2169.0,1972.0,926.0,-2174.0,0.0,928.0,MUB,TFI,0.0,0.0,-1.0,False,True,False,0.0,,,0.0,0.0,0.0,-100221.40000000001,0.0,100029.12000000001,200250.52000000002,-192.27999999999884,2174.0,0.0,-928.0,2174.0,0.0,0.0,-0.0,-0.0,928.0,-10.870000000000001,-0.0,-4.64,-15.510000000000002,-108.69999999999382,0.0,157.7599999999884,49.059999999994574,33.54999999999457,45.59000000000002
46.09,50.65,107.83,-0.05999999999999517,-0.09000000000000341,-0.12999999999999545,2.339553048383597,2.128923988153998,1.0,2.3425131160140173,2.1294690006262287,1.0,2.3427358993246856,2.1293790685178564,1.0,107.97669759987477,107.85304982042942,107.83,0.011713679496623428,0.010646895342589282,0.005,107.96498392037815,107.84240292508683,107.825,107.98841127937139,107.86369671577201,107.835,107.835,107.96498392037815,0.12998392037815165,0.0012054522895126741,MUB,TFI,2026-02-11,False,2172.0,1974.0,927.0,0.0,0.0,0.0,,,0.0,0.0,0.0,False,True,False,0.0,,,0.0,0.0,0.0,0.0,0.0,0.0,0.0,0.0,0.0,0.0,0.0,0.0,0.0,0.0,-0.0,-0.0,-0.0,-0.0,-0.0,-0.0,0.0,-0.0,-0.0,-0.0,0.0,0.0,45.59000000000002
46.19,50.77,108.09,0.09999999999999432,0.12000000000000455,0.2600000000000051,2.3401169084217366,2.129013196769746,1.0,2.342352186049151,2.129469640709678,1.0,2.3425131160140173,2.1294690006262287,1.0,108.20068082868745,108.11314116179364,108.09,0.011712565580070087,0.010647345003131144,0.005,108.18896826310738,108.1024938167905,108.08500000000001,108.21239339426752,108.12378850679677,108.095,108.095,108.18896826310738,0.09396826310738504,0.000869352050211722,MUB,TFI,2026-02-12,False,2167.0,1970.0,925.0,0.0,0.0,0.0,,,0.0,0.0,0.0,False,True,False,0.0,,,0.0,0.0,0.0,0.0,0.0,0.0,0.0,0.0,0.0,0.0,0.0,0.0,0.0,0.0,-0.0,-0.0,-0.0,-0.0,-0.0,-0.0,0.0,0.0,0.0,0.0,0.0,0.0,45.59000000000002
46.29,50.84,108.26,0.10000000000000142,0.07000000000000028,0.1700000000000017,2.3387340678332253,2.1294256490952006,1.0,2.3421401291102337,2.1295093878947284,1.0,2.342352186049151,2.129469640709678,1.0,108.42748269221521,108.26223653368004,108.26,0.011711760930245757,0.010647348203548391,0.005,108.41577093128497,108.25158918547649,108.25500000000001,108.43919445314545,108.27288388188359,108.265,108.265,108.41577093128497,0.150770931284967,0.0013926744068443284,MUB,TFI,2026-02-13,False,2164.0,1968.0,924.0,0.0,0.0,0.0,,,0.0,0.0,0.0,False,True,False,0.0,,,0.0,0.0,0.0,0.0,0.0,0.0,0.0,0.0,0.0,0.0,0.0,0.0,0.0,0.0,-0.0,-0.0,-0.0,-0.0,-0.0,-0.0,0.0,0.0,0.0,0.0,0.0,0.0,45.59000000000002
46.26,50.87,108.33,-0.030000000000001137,0.02999999999999403,0.06999999999999318,2.3417639429312582,2.129545901317083,1.0,2.3420826698230934,2.129652690865721,1.0,2.3421401291102337,2.1295093878947284,1.0,108.34740237263941,108.32814256220483,108.33,0.011710700645551169,0.010647546939473642,0.005,108.33569167199386,108.31749501526537,108.325,108.35911307328496,108.3387901091443,108.335,108.335,108.33569167199386,0.0006916719938629967,6.384861015997385e-06,MUB,TFI,2026-02-17,False,2162.0,1966.0,923.0,0.0,0.0,0.0,,,0.0,0.0,0.0,False,True,False,0.0,,,0.0,0.0,0.0,0.0,0.0,0.0,0.0,0.0,0.0,0.0,0.0,0.0,0.0,0.0,-0.0,-0.0,-0.0,-0.0,-0.0,-0.0,0.0,-0.0,0.0,0.0,0.0,0.0,45.59000000000002
46.24,50.86,108.31,-0.01999999999999602,-0.00999999999999801,-0.01999999999999602,2.342344290657439,2.1295713723948095,1.0,2.3421110003201493,2.129815574377391,1.0,2.3420826698230934,2.129652690865721,1.0,108.29790265261984,108.31413585743057,108.31,0.011710413349115467,0.010648263454328606,0.005,108.28619223927072,108.30348759397624,108.305,108.30961306596896,108.3247841208849,108.315,108.30961306596896,108.305,-0.004613065968953833,-4.259132092100299e-05,TFI,MUB,2026-02-18,False,2162.0,1966.0,923.0,0.0,0.0,0.0,,,0.0,0.0,0.0,False,True,False,0.0,,,0.0,0.0,0.0,0.0,0.0,0.0,0.0,0.0,0.0,0.0,0.0,0.0,0.0,0.0,-0.0,-0.0,-0.0,-0.0,-0.0,-0.0,0.0,-0.0,-0.0,-0.0,0.0,0.0,45.59000000000002
46.24,50.86,108.46,0.0,0.0,0.14999999999999147,2.3455882352941173,2.1325206449075895,1.0,2.342288015570694,2.130027035250765,1.0,2.3421110003201493,2.129815574377391,1.0,108.29921265480371,108.32242011283411,108.46,0.011710555001600747,0.010649077871886957,0.005,108.28750209980211,108.31177103496222,108.455,108.31092320980531,108.333069190706,108.46499999999999,108.31092320980531,108.455,0.14407679019468844,0.0013283864115313337,TFI,MUB,2026-02-19,False,2159.0,1964.0,922.0,0.0,0.0,0.0,,,0.0,0.0,0.0,False,True,False,0.0,,,0.0,0.0,0.0,0.0,0.0,0.0,0.0,0.0,0.0,0.0,0.0,0.0,0.0,0.0,-0.0,-0.0,-0.0,-0.0,-0.0,-0.0,0.0,0.0,0.0,0.0,0.0,0.0,45.59000000000002
46.28,50.93,108.54,0.03999999999999915,0.07000000000000028,0.0800000000000125,2.3452895419187554,2.1311604162576088,1.0,2.3423588598711675,2.130117147981237,1.0,2.342288015570694,2.130027035250765,1.0,108.40108936061172,108.48227690532147,108.54,0.01171144007785347,0.010650135176253826,0.005,108.38937792053386,108.47162677014522,108.53500000000001,108.41280080068958,108.49292704049772,108.545,108.41280080068958,108.53500000000001,0.12219919931042966,0.0011258448434718045,TFI,MUB,2026-02-20,False,2157.0,1962.0,921.0,0.0,0.0,0.0,,,0.0,0.0,0.0,False,True,False,0.0,,,0.0,0.0,0.0,0.0,0.0,0.0,0.0,0.0,0.0,0.0,0.0,0.0,0.0,0.0,-0.0,-0.0,-0.0,-0.0,-0.0,-0.0,0.0,0.0,0.0,0.0,0.0,0.0,45.59000000000002
46.34,50.96,108.51,0.060000000000002274,0.030000000000001137,-0.030000000000001137,2.3416055243849807,2.1293171114599687,1.0,2.3422169138681945,2.1300806282573226,1.0,2.3423588598711675,2.130117147981237,1.0,108.54490956642991,108.55076986112383,108.51,0.011711794299355838,0.010650585739906184,0.005,108.53319777213055,108.54011927538392,108.50500000000001,108.55662136072927,108.56142044686374,108.515,108.515,108.54011927538392,0.025119275383914896,0.0002314927231030771,MUB,VTEB,2026-02-23,False,2160.0,1964.0,922.0,0.0,0.0,0.0,,,0.0,0.0,0.0,False,True,False,0.0,,,0.0,0.0,0.0,0.0,0.0,0.0,0.0,0.0,0.0,0.0,0.0,0.0,0.0,0.0,-0.0,-0.0,-0.0,-0.0,-0.0,-0.0,0.0,0.0,0.0,-0.0,0.0,0.0,45.59000000000002
46.4,51.03,108.71,0.05999999999999517,0.07000000000000028,0.19999999999998863,2.3428879310344826,2.130315500685871,1.0,2.3420846219667597,2.130086708000758,1.0,2.3422169138681945,2.1300806282573226,1.0,108.67886480348422,108.69801445997118,108.71,0.011711084569340974,0.010650403141286614,0.005,108.66715371891488,108.68736405682989,108.705,108.69057588805356,108.70866486311246,108.71499999999999,108.69057588805356,108.705,0.014424111946439666,0.00013268431557758868,TFI,MUB,2026-02-24,False,2155.0,1960.0,920.0,0.0,0.0,0.0,,,0.0,0.0,0.0,False,True,False,0.0,,,0.0,0.0,0.0,0.0,0.0,0.0,0.0,0.0,0.0,0.0,0.0,0.0,0.0,0.0,-0.0,-0.0,-0.0,-0.0,-0.0,-0.0,0.0,0.0,0.0,0.0,0.0,0.0,45.59000000000002
46.41,51.06,108.75,0.00999999999999801,0.030000000000001137,0.04000000000000625,2.343244990303814,2.1298472385428906,1.0,2.3420216266506118,2.1300422819532185,1.0,2.3420846219667597,2.130086708000758,1.0,108.69614730547731,108.76222731051871,108.75,0.0117104231098338,0.01065043354000379,0.005,108.68443688236748,108.7515768769787,108.745,108.70785772858714,108.77287774405872,108.755,108.70785772858714,108.7515768769787,0.04371914839155977,0.0004020151576235381,TFI,VTEB,2026-02-25,False,2155.0,1960.0,920.0,0.0,0.0,0.0,,,0.0,0.0,0.0,False,True,False,0.0,,,0.0,0.0,0.0,0.0,0.0,0.0,0.0,0.0,0.0,0.0,0.0,0.0,0.0,0.0,-0.0,-0.0,-0.0,-0.0,-0.0,-0.0,0.0,0.0,0.0,0.0,0.0,0.0,45.59000000000002
46.45,51.13,108.92,0.04000000000000625,0.07000000000000028,0.1700000000000017,2.3448869752421957,2.130256209661647,1.0,2.3419792043074126,2.129960273373616,1.0,2.3420216266506118,2.1300422819532185,1.0,108.78690455792092,108.90906187626807,108.92,0.011710108133253058,0.010650211409766092,0.005,108.77519444978766,108.8984116648583,108.915,108.79861466605418,108.91971208767784,108.925,108.79861466605418,108.915,0.1163853339458285,0.0010685396065536954,TFI,MUB,2026-02-26,False,2150.0,1955.0,918.0,0.0,0.0,0.0,,,0.0,0.0,0.0,False,True,False,0.0,,,0.0,0.0,0.0,0.0,0.0,0.0,0.0,0.0,0.0,0.0,0.0,0.0,0.0,0.0,-0.0,-0.0,-0.0,-0.0,-0.0,-0.0,0.0,0.0,0.0,0.0,0.0,0.0,45.59000000000002
46.5,51.15,108.92,0.04999999999999716,0.01999999999999602,0.0,2.3423655913978494,2.129423264907136,1.0,2.3419048832244216,2.129839987687856,1.0,2.3419792043074126,2.129960273373616,1.0,108.90203300029468,108.94746798306045,108.92,0.011709896021537063,0.01064980136686808,0.005,108.89032310427314,108.93681818169358,108.915,108.91374289631622,108.95811778442732,108.925,108.91374289631622,108.93681818169358,0.023075285377359478,0.00021185535601688833,TFI,VTEB,2026-02-27,False,2150.0,1955.0,918.0,0.0,0.0,0.0,,,0.0,0.0,0.0,False,True,False,0.0,,,0.0,0.0,0.0,0.0,0.0,0.0,0.0,0.0,0.0,0.0,0.0,0.0,0.0,0.0,-0.0,-0.0,-0.0,-0.0,-0.0,-0.0,0.0,0.0,0.0,0.0,0.0,0.0,45.59000000000002
46.18,50.87,108.27,-0.3200000000000003,-0.28000000000000114,-0.6500000000000057,2.344521437851884,2.1283664242185965,1.0,2.341953640905803,2.1296028500380264,1.0,2.3419048832244216,2.129839987687856,1.0,108.14916750730379,108.34496017368123,108.27,0.011709524416122108,0.010649199938439281,0.005,108.13745798288767,108.33431097374279,108.265,108.1608770317199,108.35560937361967,108.27499999999999,108.1608770317199,108.33431097374279,0.1734339420228821,0.001601865170618658,TFI,VTEB,2026-03-02,True,2164.0,1968.0,924.0,0.0,0.0,0.0,,,0.0,0.0,0.0,False,False,False,-0.0,,,0.0,0.0,0.0,0.0,0.0,0.0,0.0,0.0,0.0,0.0,0.0,0.0,0.0,0.0,-0.0,-0.0,-0.0,-0.0,-0.0,-0.0,0.0,-0.0,-0.0,-0.0,0.0,0.0,45.59000000000002
45.97,50.6,107.76,-0.21000000000000085,-0.269999999999996,-0.5099999999999909,2.3441374809658475,2.1296442687747037,1.0,2.3418071249388346,2.1294487718761275,1.0,2.341953640905803,2.1296028500380264,1.0,107.65960887243975,107.75790421192414,107.76,0.011709768204529014,0.010648014250190132,0.005,107.64789910423522,107.74725619767395,107.75500000000001,107.67131864064427,107.76855222617434,107.765,107.67131864064427,107.75500000000001,0.08368135935573662,0.0007765530749418765,TFI,MUB,2026-03-03,False,2173.0,1976.0,928.0,0.0,0.0,0.0,,,0.0,0.0,-0.0,False,True,True,0.0,,,0.0,0.0,0.0,0.0,0.0,0.0,0.0,0.0,0.0,0.0,0.0,0.0,0.0,0.0,-0.0,-0.0,-0.0,-0.0,-0.0,-0.0,0.0,-0.0,-0.0,-0.0,0.0,0.0,45.59000000000002
45.99,50.57,107.75,0.020000000000003126,-0.030000000000001137,-0.010000000000005116,2.3429006305718634,2.1307099070595212,1.0,2.3417592122165574,2.1294199107934597,1.0,2.3418071249388346,2.1294487718761275,1.0,107.699709675937,107.68622439377576,107.75,0.011709035624694173,0.010647243859380637,0.005,107.68800064031231,107.67557714991638,107.745,107.71141871156169,107.69687163763514,107.755,107.69687163763514,107.745,0.04812836236486362,0.0004466669361008225,VTEB,MUB,2026-03-04,False,2173.0,1976.0,928.0,0.0,0.0,0.0,,,0.0,0.0,0.0,False,True,False,0.0,,,0.0,0.0,0.0,0.0,0.0,0.0,0.0,0.0,0.0,0.0,0.0,0.0,0.0,0.0,-0.0,-0.0,-0.0,-0.0,-0.0,-0.0,0.0,0.0,-0.0,-0.0,0.0,0.0,45.59000000000002
45.95,50.58,107.62,-0.03999999999999915,0.00999999999999801,-0.12999999999999545,2.3421109902067463,2.127718465796758,1.0,2.341911925386968,2.1293357114081894,1.0,2.3417592122165574,2.1294199107934597,1.0,107.60383580135081,107.70605908793318,107.62,0.011708796061082787,0.0106470995539673,0.005,107.59212700528973,107.69541198837922,107.61500000000001,107.6155445974119,107.71670618748715,107.625,107.6155445974119,107.69541198837922,0.07986739096732265,0.000742124056563117,TFI,VTEB,2026-03-05,False,2175.0,1978.0,929.0,0.0,0.0,0.0,,,0.0,0.0,0.0,False,True,False,0.0,,,0.0,0.0,0.0,0.0,0.0,0.0,0.0,0.0,0.0,0.0,0.0,0.0,0.0,0.0,-0.0,-0.0,-0.0,-0.0,-0.0,-0.0,0.0,-0.0,0.0,-0.0,0.0,0.0,45.59000000000002
45.91,50.56,107.55,-0.04000000000000625,-0.01999999999999602,-0.07000000000000739,2.34262687867567,2.1271756329113924,1.0,2.3419857231752577,2.129204963223652,1.0,2.341911925386968,2.1293357114081894,1.0,107.5171764945157,107.65921356879807,107.55,0.01170955962693484,0.010646678557040948,0.005,107.50546693488876,107.64856689024103,107.545,107.52888605414263,107.6698602473551,107.55499999999999,107.52888605414263,107.64856689024103,0.11968083609839653,0.0011127925253221435,TFI,VTEB,2026-03-06,False,2178.0,1980.0,930.0,0.0,0.0,0.0,,,0.0,0.0,0.0,False,True,False,0.0,,,0.0,0.0,0.0,0.0,0.0,0.0,0.0,0.0,0.0,0.0,0.0,0.0,0.0,0.0,-0.0,-0.0,-0.0,-0.0,-0.0,-0.0,0.0,-0.0,-0.0,-0.0,0.0,0.0,45.59000000000002
45.91,50.51,107.68,0.0,-0.05000000000000426,0.13000000000000966,2.345458505772163,2.1318550782023364,1.0,2.3423821561695313,2.1294897210824364,1.0,2.3419857231752577,2.129204963223652,1.0,107.52056455097608,107.54614269242666,107.68,0.011709928615876289,0.01064602481611826,0.005,107.5088546223602,107.53549666761054,107.67500000000001,107.53227447959195,107.55678871724277,107.685,107.53227447959195,107.67500000000001,0.14272552040806374,0.0013254598849188682,TFI,MUB,2026-03-09,False,2176.0,1978.0,929.0,0.0,0.0,0.0,,,0.0,0.0,0.0,False,True,False,0.0,,,0.0,0.0,0.0,0.0,0.0,0.0,0.0,0.0,0.0,0.0,0.0,0.0,0.0,0.0,-0.0,-0.0,-0.0,-0.0,-0.0,-0.0,0.0,0.0,-0.0,0.0,0.0,0.0,45.59000000000002
45.84,50.42,107.47,-0.06999999999999318,-0.0899999999999963,-0.21000000000000796,2.344458987783595,2.1314954383181277,1.0,2.3426962118493835,2.1296997801505038,1.0,2.3423821561695313,2.1294897210824364,1.0,107.37479803881132,107.36887173697644,107.47,0.011711910780847656,0.010647448605412183,0.005,107.36308612803047,107.35822428837103,107.465,107.38650994959217,107.37951918558186,107.475,107.37951918558186,107.465,0.08548081441814759,0.0007953923366348524,VTEB,MUB,2026-03-10,False,2178.0,1980.0,930.0,0.0,0.0,0.0,,,0.0,0.0,0.0,False,True,False,0.0,,,0.0,0.0,0.0,0.0,0.0,0.0,0.0,0.0,0.0,0.0,0.0,0.0,0.0,0.0,-0.0,-0.0,-0.0,-0.0,-0.0,-0.0,0.0,-0.0,-0.0,-0.0,0.0,0.0,45.59000000000002
45.77,50.33,107.24,-0.07000000000000028,-0.09000000000000341,-0.23000000000000398,2.3430194450513433,2.1307371349095967,1.0,2.342880770234128,2.129851142217229,1.0,2.3426962118493835,2.1296997801505038,1.0,107.22520561634629,107.18778993497484,107.24,0.011713481059246918,0.010648498900752519,0.005,107.21349213528704,107.1771414360741,107.235,107.23691909740553,107.1984384338756,107.24499999999999,107.1984384338756,107.235,0.036561566124404976,0.00034093217199184054,VTEB,MUB,2026-03-11,False,2183.0,1985.0,932.0,0.0,0.0,0.0,,,0.0,0.0,0.0,False,True,False,0.0,,,0.0,0.0,0.0,0.0,0.0,0.0,0.0,0.0,0.0,0.0,0.0,0.0,0.0,0.0,-0.0,-0.0,-0.0,-0.0,-0.0,-0.0,0.0,-0.0,-0.0,-0.0,0.0,0.0,45.59000000000002
45.61,50.2,106.98,-0.1600000000000037,-0.12999999999999545,-0.2599999999999909,2.3455382591536944,2.1310756972111555,1.0,2.343180030772633,2.129958727670087,1.0,2.342880770234128,2.129851142217229,1.0,106.85879193037859,106.9185273393049,106.98,0.011714403851170641,0.010649255711086145,0.005,106.84707752652741,106.90787808359381,106.97500000000001,106.87050633422976,106.92917659501599,106.985,106.87050633422976,106.97500000000001,0.10449366577024932,0.0009767588873644544,TFI,MUB,2026-03-12,False,2191.0,1991.0,935.0,0.0,0.0,0.0,,,0.0,0.0,0.0,False,True,False,0.0,,,0.0,0.0,0.0,0.0,0.0,0.0,0.0,0.0,0.0,0.0,0.0,0.0,0.0,0.0,-0.0,-0.0,-0.0,-0.0,-0.0,-0.0,0.0,-0.0,-0.0,-0.0,0.0,0.0,45.59000000000002
45.73,50.36,107.25,0.11999999999999744,0.1599999999999966,0.269999999999996,2.345287557402143,2.1296664019062748,1.0,2.3434385632216532,2.1299913879269132,1.0,2.343180030772633,2.129958727670087,1.0,107.15362280723251,107.26472152546559,107.25,0.011715900153863167,0.010649793638350436,0.005,107.14190690707865,107.25407173182724,107.245,107.16533870738637,107.27537131910394,107.255,107.16533870738637,107.25407173182724,0.08873302444087017,0.0008273475472342207,TFI,VTEB,2026-03-13,False,2184.0,1985.0,932.0,0.0,0.0,0.0,,,0.0,0.0,0.0,False,True,False,0.0,,,0.0,0.0,0.0,0.0,0.0,0.0,0.0,0.0,0.0,0.0,0.0,0.0,0.0,0.0,-0.0,-0.0,-0.0,-0.0,-0.0,-0.0,0.0,0.0,0.0,0.0,0.0,0.0,45.59000000000002
45.74,50.38,107.38,0.010000000000005116,0.020000000000003126,0.12999999999999545,2.3476169654569303,2.131401349741961,1.0,2.3438827081028384,2.1300901729592514,1.0,2.3434385632216532,2.1299913879269132,1.0,107.18887988175842,107.3089661237579,107.38,0.011717192816108266,0.010649956939634567,0.005,107.17716268894232,107.29831616681827,107.375,107.20059707457453,107.31961608069753,107.38499999999999,107.20059707457453,107.375,0.17440292542546842,0.0016241658169628276,TFI,MUB,2026-03-16,False,2182.0,1983.0,931.0,0.0,0.0,0.0,,,0.0,0.0,0.0,False,False,False,-0.0,,,0.0,0.0,0.0,0.0,0.0,0.0,0.0,0.0,0.0,0.0,0.0,0.0,0.0,0.0,-0.0,-0.0,-0.0,-0.0,-0.0,-0.0,0.0,0.0,0.0,0.0,0.0,0.0,45.59000000000002
45.74,50.34,107.22,0.0,-0.03999999999999915,-0.1599999999999966,2.344118933100131,2.129916567342074,1.0,2.3440004576112825,2.130108706260501,1.0,2.3438827081028384,2.1300901729592514,1.0,107.20919506862383,107.22873930676872,107.22,0.011719413540514192,0.010650450864796258,0.005,107.19747565508331,107.21808885590391,107.215,107.22091448216435,107.23938975763352,107.225,107.22091448216435,107.21808885590391,-0.0028256262604315907,-2.6353537217231773e-05,TFI,VTEB,2026-03-17,False,2187.0,1987.0,933.0,0.0,0.0,0.0,,,0.0,0.0,-0.0,False,True,False,0.0,,,0.0,0.0,0.0,0.0,0.0,0.0,0.0,0.0,0.0,0.0,0.0,0.0,0.0,0.0,-0.0,-0.0,-0.0,-0.0,-0.0,-0.0,0.0,0.0,-0.0,-0.0,0.0,0.0,45.59000000000002
45.64,50.27,106.97,-0.10000000000000142,-0.07000000000000028,-0.25,2.3437773882559156,2.1279092898348915,1.0,2.3440721124912063,2.130025602132505,1.0,2.3440004576112825,2.130108706260501,1.0,106.98018088537893,107.08056466371539,106.97,0.011720002288056412,0.010650543531302506,0.005,106.96846088309087,107.0699141201841,106.965,106.99190088766699,107.09121520724669,106.975,106.975,107.0699141201841,0.09491412018410017,0.0008872966269430697,MUB,VTEB,2026-03-18,False,2192.0,1992.0,935.0,0.0,0.0,0.0,,,0.0,0.0,0.0,False,True,False,0.0,,,0.0,0.0,0.0,0.0,0.0,0.0,0.0,0.0,0.0,0.0,0.0,0.0,0.0,0.0,-0.0,-0.0,-0.0,-0.0,-0.0,-0.0,0.0,-0.0,-0.0,-0.0,0.0,0.0,45.59000000000002
45.63,50.23,106.85,-0.00999999999999801,-0.04000000000000625,-0.12000000000000455,2.3416611878150335,2.1272148118654193,1.0,2.343875760117252,2.1297603104803966,1.0,2.3440721124912063,2.130025602132505,1.0,106.96001049297375,106.99118599511571,106.85,0.011720360562456032,0.010650128010662525,0.005,106.9482901324113,106.98053586710505,106.845,106.9717308535362,107.00183612312638,106.85499999999999,106.85499999999999,106.98053586710505,0.12553586710505726,0.0011748794300894456,MUB,VTEB,2026-03-19,False,2194.0,1994.0,936.0,0.0,0.0,0.0,,,0.0,0.0,0.0,False,True,False,0.0,,,0.0,0.0,0.0,0.0,0.0,0.0,0.0,0.0,0.0,0.0,0.0,0.0,0.0,0.0,-0.0,-0.0,-0.0,-0.0,-0.0,-0.0,0.0,-0.0,-0.0,-0.0,0.0,0.0,45.59000000000002
45.18,49.8,105.91,-0.45000000000000284,-0.4299999999999997,-0.9399999999999977,2.3441788401947763,2.126706827309237,1.0,2.343820225031053,2.1295376310329783,1.0,2.343875760117252,2.1297603104803966,1.0,105.89630684209745,106.06206346192374,105.91,0.01171937880058626,0.010648801552401983,0.005,105.88458746329685,106.05141466037134,105.905,105.90802622089804,106.07271226347615,105.91499999999999,105.90802622089804,106.05141466037134,0.1433884394732985,0.0013538706399140639,TFI,VTEB,2026-03-20,False,2213.0,2010.0,944.0,0.0,0.0,0.0,,,0.0,0.0,0.0,False,True,False,0.0,,,0.0,0.0,0.0,0.0,0.0,0.0,0.0,0.0,0.0,0.0,0.0,0.0,0.0,0.0,-0.0,-0.0,-0.0,-0.0,-0.0,-0.0,0.0,-0.0,-0.0,-0.0,0.0,0.0,45.59000000000002
45.35,49.94,106.41,0.1700000000000017,0.14000000000000057,0.5,2.3464167585446525,2.130756908289948,1.0,2.3440607867390364,2.1296096208744766,1.0,2.343820225031053,2.1295376310329783,1.0,106.29224720515825,106.34910929378694,106.41,0.011719101125155265,0.010647688155164892,0.005,106.2805281040331,106.33846160563178,106.405,106.3039663062834,106.3597569819421,106.41499999999999,106.3039663062834,106.405,0.10103369371660165,0.0009494755541453026,TFI,MUB,2026-03-23,False,2203.0,2002.0,940.0,0.0,0.0,0.0,,,0.0,0.0,0.0,False,True,False,0.0,,,0.0,0.0,0.0,0.0,0.0,0.0,0.0,0.0,0.0,0.0,0.0,0.0,0.0,0.0,-0.0,-0.0,-0.0,-0.0,-0.0,-0.0,0.0,0.0,0.0,0.0,0.0,0.0,45.59000000000002
45.1,49.62,105.67,-0.25,-0.3200000000000003,-0.7399999999999949,2.3430155210643013,2.129584844820637,1.0,2.344067166240527,2.129573088081215,1.0,2.3440607867390364,2.1296096208744766,1.0,105.71714148193054,105.67122938779153,105.67,0.011720303933695182,0.010648048104372382,0.005,105.70542117799684,105.66058133968716,105.665,105.72886178586424,105.6818774358959,105.675,105.675,105.70542117799684,0.03042117799684263,0.0002878885019101224,MUB,TFI,2026-03-24,False,2217.0,2015.0,946.0,0.0,0.0,0.0,,,0.0,0.0,0.0,False,True,False,0.0,,,0.0,0.0,0.0,0.0,0.0,0.0,0.0,0.0,0.0,0.0,0.0,0.0,0.0,0.0,-0.0,-0.0,-0.0,-0.0,-0.0,-0.0,0.0,-0.0,-0.0,-0.0,0.0,0.0,45.59000000000002
45.2,49.73,106.0,0.10000000000000142,0.10999999999999943,0.3299999999999983,2.3451327433628317,2.131510154836115,1.0,2.3441615538934784,2.129656233895876,1.0,2.344067166240527,2.129573088081215,1.0,105.95183591407182,105.90366967027882,106.0,0.011720335831202635,0.010647865440406076,0.005,105.94011557824062,105.89302180483841,105.995,105.96355624990302,105.91431753571922,106.005,105.91431753571922,105.995,0.08068246428078396,0.0007611553234036223,VTEB,MUB,2026-03-25,False,2210.0,2008.0,943.0,0.0,0.0,0.0,,,0.0,0.0,0.0,False,True,False,0.0,,,0.0,0.0,0.0,0.0,0.0,0.0,0.0,0.0,0.0,0.0,0.0,0.0,0.0,0.0,-0.0,-0.0,-0.0,-0.0,-0.0,-0.0,0.0,0.0,0.0,0.0,0.0,0.0,45.59000000000002
45.07,49.63,105.6,-0.13000000000000256,-0.09999999999999432,-0.4000000000000057,2.3430219658309297,2.1277453153334673,1.0,2.3440683034229153,2.129530689179467,1.0,2.3441615538934784,2.129656233895876,1.0,105.65136123397907,105.69483888825235,105.6,0.011720807769467392,0.010648281169479381,0.005,105.63964042620961,105.68419060708287,105.595,105.66308204174854,105.70548716942183,105.60499999999999,105.60499999999999,105.68419060708287,0.07919060708287873,0.0007499110519212001,MUB,VTEB,2026-03-26,False,2220.0,2017.0,947.0,0.0,0.0,0.0,,,0.0,0.0,0.0,False,True,False,0.0,,,0.0,0.0,0.0,0.0,0.0,0.0,0.0,0.0,0.0,0.0,0.0,0.0,0.0,0.0,-0.0,-0.0,-0.0,-0.0,-0.0,-0.0,0.0,-0.0,-0.0,-0.0,0.0,0.0,45.59000000000002
45.1,49.64,105.64,0.030000000000001137,0.00999999999999801,0.04000000000000625,2.342350332594235,2.12812248186946,1.0,2.344067540482734,2.129465650027584,1.0,2.3440683034229153,2.129530689179467,1.0,105.71748048437348,105.70990341086875,105.64,0.011720341517114577,0.010647653445897336,0.005,105.70576014285636,105.69925575742285,105.635,105.7292008258906,105.72055106431465,105.645,105.645,105.70576014285636,0.06076014285636688,0.0005751622761867368,MUB,TFI,2026-03-27,False,2220.0,2017.0,947.0,0.0,0.0,0.0,,,0.0,0.0,0.0,False,True,False,0.0,,,0.0,0.0,0.0,0.0,0.0,0.0,0.0,0.0,0.0,0.0,0.0,0.0,0.0,0.0,-0.0,-0.0,-0.0,-0.0,-0.0,-0.0,0.0,0.0,0.0,0.0,0.0,0.0,45.59000000000002
45.19,49.77,105.95,0.0899999999999963,0.13000000000000256,0.3100000000000023,2.3445452533746405,2.1287924452481413,1.0,2.344068731258872,2.129486951079061,1.0,2.344067540482734,2.129465650027584,1.0,105.92841215441474,105.98350540187286,105.95,0.01172033770241367,0.01064732825013792,0.005,105.91669181671233,105.97285807362272,105.94500000000001,105.94013249211716,105.994152730123,105.955,105.94013249211716,105.97285807362272,0.032725581505559376,0.0003088775979760205,TFI,VTEB,2026-03-30,False,2213.0,2010.0,944.0,0.0,0.0,0.0,,,0.0,0.0,0.0,False,True,False,0.0,,,0.0,0.0,0.0,0.0,0.0,0.0,0.0,0.0,0.0,0.0,0.0,0.0,0.0,0.0,-0.0,-0.0,-0.0,-0.0,-0.0,-0.0,0.0,0.0,0.0,0.0,0.0,0.0,45.59000000000002
45.34,49.89,106.15,0.15000000000000568,0.11999999999999744,0.20000000000000284,2.3411998235553595,2.127680897975546,1.0,2.343921848388348,2.1293887825391034,1.0,2.344068731258872,2.129486951079061,1.0,106.28007627527727,106.24010398933434,106.15,0.01172034365629436,0.010647434755395304,0.005,106.26835593162097,106.22945655457895,106.14500000000001,106.29179661893356,106.25075142408974,106.155,106.155,106.26835593162097,0.11335593162097268,0.001067884424125979,MUB,TFI,2026-03-31,False,2208.0,2006.0,942.0,0.0,0.0,0.0,,,0.0,0.0,0.0,False,True,False,0.0,,,0.0,0.0,0.0,0.0,0.0,0.0,0.0,0.0,0.0,0.0,0.0,0.0,0.0,0.0,-0.0,-0.0,-0.0,-0.0,-0.0,-0.0,0.0,0.0,0.0,0.0,0.0,0.0,45.59000000000002
45.3,49.91,106.31,-0.04000000000000625,0.01999999999999602,0.1599999999999966,2.3467991169977926,2.1300340613103588,1.0,2.3441167727096444,2.129354990251645,1.0,2.343921848388348,2.1293887825391034,1.0,106.17965973199216,106.27779413652664,106.31,0.01171960924194174,0.010646943912695517,0.005,106.16794012275022,106.26714719261395,106.305,106.1913793412341,106.28844108043933,106.315,106.1913793412341,106.305,0.11362065876591032,0.001068767366813191,TFI,MUB,2026-04-01,True,2206.0,2004.0,941.0,0.0,0.0,0.0,,,0.0,0.0,0.0,False,True,False,0.0,,,0.0,0.0,0.0,0.0,0.0,0.0,0.0,0.0,0.0,0.0,0.0,0.0,0.0,0.0,-0.0,-0.0,-0.0,-0.0,-0.0,-0.0,0.0,-0.0,0.0,0.0,0.0,0.0,45.59000000000002
45.36,50.0,106.49,0.060000000000002274,0.09000000000000341,0.1799999999999926,2.3476631393298057,2.1298,1.0,2.3443943801657974,2.129459066961807,1.0,2.3441167727096444,2.129354990251645,1.0,106.32913681010946,106.46774951258224,106.49,0.011720583863548222,0.010646774951258224,0.005,106.31741622624591,106.45710273763099,106.485,106.34085739397301,106.4783962875335,106.49499999999999,106.34085739397301,106.485,0.14414260602698903,0.001353578796384534,TFI,MUB,2026-04-02,False,2201.0,1999.0,939.0,0.0,0.0,0.0,,,0.0,0.0,0.0,False,True,True,0.0,,,0.0,0.0,0.0,0.0,0.0,0.0,0.0,0.0,0.0,0.0,0.0,0.0,0.0,0.0,-0.0,-0.0,-0.0,-0.0,-0.0,-0.0,0.0,0.0,0.0,0.0,0.0,0.0,45.59000000000002
45.33,49.96,106.45,-0.030000000000001137,-0.03999999999999915,-0.03999999999999204,2.3483344363556147,2.1307045636509208,1.0,2.3446797580497942,2.129635513498783,1.0,2.3443943801657974,2.129459066961807,1.0,106.27139725291559,106.38777498541188,106.45,0.011721971900828987,0.010647295334809036,0.005,106.25967528101476,106.37712769007707,106.44500000000001,106.28311922481642,106.39842228074669,106.455,106.28311922481642,106.44500000000001,0.16188077518359023,0.001520721232349368,TFI,MUB,2026-04-06,False,2201.0,2000.0,939.0,0.0,0.0,0.0,,,0.0,0.0,0.0,False,False,False,-0.0,,,0.0,0.0,0.0,0.0,0.0,0.0,0.0,0.0,0.0,0.0,0.0,0.0,0.0,0.0,-0.0,-0.0,-0.0,-0.0,-0.0,-0.0,0.0,-0.0,-0.0,-0.0,0.0,0.0,45.59000000000002
45.37,50.01,106.57,0.03999999999999915,0.04999999999999716,0.11999999999999034,2.348908970685475,2.130973805238952,1.0,2.34485228129546,2.129591449850614,1.0,2.3446797580497942,2.129635513498783,1.0,106.37812062271915,106.50307203007414,106.57,0.011723398790248972,0.010648177567493915,0.005,106.3663972239289,106.49242385250665,106.565,106.3898440215094,106.51372020764163,106.57499999999999,106.3898440215094,106.565,0.1751559784905936,0.0016435767898150852,TFI,MUB,2026-04-07,False,2199.0,1998.0,938.0,0.0,0.0,0.0,,,0.0,0.0,-0.0,False,False,False,0.0,,,0.0,0.0,0.0,0.0,0.0,0.0,0.0,0.0,0.0,0.0,0.0,0.0,0.0,0.0,-0.0,-0.0,-0.0,-0.0,-0.0,-0.0,0.0,0.0,0.0,0.0,0.0,0.0,45.59000000000002
45.48,50.13,106.76,0.10999999999999943,0.12000000000000455,0.19000000000001194,2.3474054529463504,2.1296628765210452,1.0,2.344999604553598,2.12949982176076,1.0,2.34485228129546,2.129591449850614,1.0,106.64388175331752,106.75641938101128,106.76,0.011724261406477301,0.010647957249253071,0.005,106.63215749191104,106.74577142376204,106.75500000000001,106.65560601472399,106.76706733826053,106.765,106.65560601472399,106.75500000000001,0.0993939852760235,0.0009310039834771778,TFI,MUB,2026-04-08,False,2197.0,1995.0,937.0,0.0,0.0,0.0,,,0.0,0.0,0.0,False,True,False,0.0,,,0.0,0.0,0.0,0.0,0.0,0.0,0.0,0.0,0.0,0.0,0.0,0.0,0.0,0.0,-0.0,-0.0,-0.0,-0.0,-0.0,-0.0,0.0,0.0,0.0,0.0,0.0,0.0,45.59000000000002
45.55,50.26,107.0,0.07000000000000028,0.12999999999999545,0.23999999999999488,2.349066959385291,2.1289295662554717,1.0,2.3453019802702952,2.1294094433280537,1.0,2.344999604553598,2.12949982176076,1.0,106.81473198741638,107.02866104169578,107.0,0.01172499802276799,0.0106474991088038,0.005,106.80300698939361,107.01801354258698,106.995,106.82645698543915,107.03930854080458,107.005,106.82645698543915,107.01801354258698,0.19155655714783393,0.0017902481976433077,TFI,VTEB,2026-04-09,False,2193.0,1991.0,935.0,0.0,0.0,0.0,,,0.0,0.0,0.0,False,False,False,-0.0,,,0.0,0.0,0.0,0.0,0.0,0.0,0.0,0.0,0.0,0.0,0.0,0.0,0.0,0.0,-0.0,-0.0,-0.0,-0.0,-0.0,-0.0,0.0,0.0,0.0,0.0,0.0,0.0,45.59000000000002
45.57,50.24,106.84,0.020000000000003126,-0.01999999999999602,-0.1599999999999966,2.3445249067368885,2.126592356687898,1.0,2.345251312649455,2.129185276301891,1.0,2.3453019802702952,2.1294094433280537,1.0,106.87541124091736,106.98153043280142,106.84,0.011726509901351476,0.010647047216640268,0.005,106.86368473101601,106.97088338558478,106.83500000000001,106.88713775081871,106.99217748001806,106.845,106.845,106.97088338558478,0.1258833855847854,0.0011782420964506308,MUB,VTEB,2026-04-10,False,2195.0,1993.0,936.0,0.0,0.0,0.0,,,0.0,0.0,-0.0,False,True,False,0.0,,,0.0,0.0,0.0,0.0,0.0,0.0,0.0,0.0,0.0,0.0,0.0,0.0,0.0,0.0,-0.0,-0.0,-0.0,-0.0,-0.0,-0.0,0.0,0.0,-0.0,-0.0,0.0,0.0,45.59000000000002
45.6,50.3,107.0,0.030000000000001137,0.05999999999999517,0.1599999999999966,2.3464912280701755,2.127236580516899,1.0,2.3453114961828563,2.1290637852324226,1.0,2.345251312649455,2.129185276301891,1.0,106.94345985681515,107.0980193979851,107.0,0.011726256563247274,0.010645926381509454,0.005,106.9317336002519,107.08737347160358,106.995,106.9551861133784,107.10866532436661,107.005,106.9551861133784,107.08737347160358,0.13218735822518113,0.001235395871263375,TFI,VTEB,2026-04-13,False,2193.0,1991.0,935.0,0.0,0.0,0.0,,,0.0,0.0,0.0,False,True,False,0.0,,,0.0,0.0,0.0,0.0,0.0,0.0,0.0,0.0,0.0,0.0,0.0,0.0,0.0,0.0,-0.0,-0.0,-0.0,-0.0,-0.0,-0.0,0.0,0.0,0.0,0.0,0.0,0.0,45.59000000000002
45.61,50.34,107.08,0.00999999999999801,0.04000000000000625,0.0799999999999983,2.3477307607980706,2.127135478744537,1.0,2.345317185949914,2.128850491682551,1.0,2.3453114961828563,2.1290637852324226,1.0,106.96965734090007,107.17707094860016,107.08,0.011726557480914281,0.010645318926162113,0.005,106.95793078341916,107.166425629674,107.075,106.98138389838098,107.18771626752633,107.085,106.98138389838098,107.166425629674,0.18504173129301194,0.0017280699597778477,TFI,VTEB,2026-04-14,False,2191.0,1989.0,934.0,0.0,0.0,0.0,,,0.0,0.0,0.0,False,False,False,-0.0,,,0.0,0.0,0.0,0.0,0.0,0.0,0.0,0.0,0.0,0.0,0.0,0.0,0.0,0.0,-0.0,-0.0,-0.0,-0.0,-0.0,-0.0,0.0,0.0,0.0,0.0,0.0,0.0,45.59000000000002
45.57,50.26,106.88,-0.03999999999999915,-0.0800000000000054,-0.20000000000000284,2.345402677199912,2.126541981695185,1.0,2.3453813731549027,2.1286817624002063,1.0,2.345317185949914,2.128850491682551,1.0,106.87610416373757,106.996025711965,106.88,0.011726585929749568,0.010644252458412756,0.005,106.86437757780782,106.98538145950658,106.875,106.88783074966732,107.00666996442342,106.88499999999999,106.88499999999999,106.98538145950658,0.10038145950659327,0.0009391977872997125,MUB,VTEB,2026-04-15,False,2195.0,1993.0,936.0,0.0,0.0,0.0,,,0.0,0.0,-0.0,False,True,False,0.0,,,0.0,0.0,0.0,0.0,0.0,0.0,0.0,0.0,0.0,0.0,0.0,0.0,0.0,0.0,-0.0,-0.0,-0.0,-0.0,-0.0,-0.0,0.0,-0.0,-0.0,-0.0,0.0,0.0,45.59000000000002
45.6,50.29,106.98,0.030000000000001137,0.030000000000001137,0.10000000000000853,2.346052631578947,2.12726188108968,1.0,2.345495135321054,2.128649391962946,1.0,2.3453813731549027,2.1286817624002063,1.0,106.94939061586356,107.05140583110638,106.98,0.011726906865774513,0.010643408812001032,0.005,106.93766370899779,107.04076242229438,106.97500000000001,106.96111752272934,107.06204923991838,106.985,106.96111752272934,107.04076242229438,0.0796448995650394,0.0007444840116380575,TFI,VTEB,2026-04-16,False,2193.0,1990.0,935.0,0.0,0.0,0.0,,,0.0,0.0,0.0,False,True,False,0.0,,,0.0,0.0,0.0,0.0,0.0,0.0,0.0,0.0,0.0,0.0,0.0,0.0,0.0,0.0,-0.0,-0.0,-0.0,-0.0,-0.0,-0.0,0.0,0.0,0.0,0.0,0.0,0.0,45.59000000000002
45.76,50.45,107.37,0.1599999999999966,0.1600000000000037,0.39000000000000057,2.346372377622378,2.1282457879088206,1.0,2.3457306948114214,2.1287009407651163,1.0,2.345495135321054,2.128649391962946,1.0,107.32985739229143,107.39036182453063,107.37,0.011727475676605271,0.01064324695981473,0.005,107.31812991661482,107.37971857757081,107.36500000000001,107.34158486796804,107.40100507149045,107.375,107.34158486796804,107.37971857757081,0.03813370960277496,0.0003551616801972148,TFI,VTEB,2026-04-17,False,2184.0,1982.0,931.0,0.0,0.0,0.0,,,0.0,0.0,0.0,False,True,False,0.0,,,0.0,0.0,0.0,0.0,0.0,0.0,0.0,0.0,0.0,0.0,0.0,0.0,0.0,0.0,-0.0,-0.0,-0.0,-0.0,-0.0,-0.0,0.0,0.0,0.0,0.0,0.0,0.0,45.59000000000002
45.74,50.47,107.42,-0.01999999999999602,0.01999999999999602,0.04999999999999716,2.3484914735461304,2.1283931048147413,1.0,2.3459463264789893,2.128785254640391,1.0,2.3457306948114214,2.1287009407651163,1.0,107.29372198067442,107.43553648041542,107.42,0.011728653474057106,0.010643504703825581,0.005,107.28199332720037,107.4248929757116,107.415,107.30545063414847,107.44617998511924,107.425,107.30545063414847,107.4248929757116,0.11944234156312916,0.0011119190240470038,TFI,VTEB,2026-04-20,False,2184.0,1982.0,931.0,0.0,0.0,0.0,,,0.0,0.0,0.0,False,True,False,0.0,,,0.0,0.0,0.0,0.0,0.0,0.0,0.0,0.0,0.0,0.0,0.0,0.0,0.0,0.0,-0.0,-0.0,-0.0,-0.0,-0.0,-0.0,0.0,-0.0,0.0,0.0,0.0,0.0,45.59000000000002
45.66,50.38,107.24,-0.0800000000000054,-0.0899999999999963,-0.18000000000000682,2.348664038545773,2.128622469233823,1.0,2.346058690479045,2.128678532687585,1.0,2.3459463264789893,2.128785254640391,1.0,107.11590926703064,107.24820112878291,107.24,0.011729731632394947,0.010643926273201956,0.005,107.10417953539825,107.2375572025097,107.235,107.12763899866304,107.25884505505611,107.24499999999999,107.12763899866304,107.2375572025097,0.10991820384666084,0.0010249739262090717,TFI,VTEB,2026-04-21,False,2186.0,1984.0,932.0,0.0,0.0,0.0,,,0.0,0.0,0.0,False,True,False,0.0,,,0.0,0.0,0.0,0.0,0.0,0.0,0.0,0.0,0.0,0.0,0.0,0.0,0.0,0.0,-0.0,-0.0,-0.0,-0.0,-0.0,-0.0,0.0,-0.0,-0.0,-0.0,0.0,0.0,45.59000000000002
45.7,50.43,107.31,0.04000000000000625,0.04999999999999716,0.07000000000000739,2.348140043763676,2.1279000594884,1.0,2.346314916614014,2.1285942934209734,1.0,2.346058690479045,2.128678532687585,1.0,107.21488215489235,107.34925840343492,107.31,0.011730293452395225,0.010643392663437926,0.005,107.20315186143995,107.33861501077148,107.305,107.22661244834475,107.35990179609836,107.315,107.22661244834475,107.33861501077148,0.11200256242672424,0.0010437290320261321,TFI,VTEB,2026-04-22,False,2187.0,1984.0,932.0,0.0,0.0,0.0,,,0.0,0.0,0.0,False,True,False,0.0,,,0.0,0.0,0.0,0.0,0.0,0.0,0.0,0.0,0.0,0.0,0.0,0.0,0.0,0.0,-0.0,-0.0,-0.0,-0.0,-0.0,-0.0,0.0,0.0,0.0,0.0,0.0,0.0,45.59000000000002
45.7,50.45,107.33,0.0,0.020000000000003126,0.01999999999999602,2.348577680525164,2.1274529236868185,1.0,2.3464871634721307,2.128391431863508,1.0,2.346314916614014,2.1285942934209734,1.0,107.22659168926045,107.3875821030881,107.33,0.011731574583070071,0.010642971467104868,0.005,107.21486011467738,107.376939131621,107.325,107.23832326384351,107.39822507455521,107.335,107.23832326384351,107.376939131621,0.1386158677774887,0.0012914922927186126,TFI,VTEB,2026-04-23,False,2187.0,1984.0,932.0,0.0,0.0,0.0,,,0.0,0.0,0.0,False,True,False,0.0,,,0.0,0.0,0.0,0.0,0.0,0.0,0.0,0.0,0.0,0.0,0.0,0.0,0.0,0.0,-0.0,-0.0,-0.0,-0.0,-0.0,-0.0,0.0,0.0,0.0,0.0,0.0,0.0,45.59000000000002
45.75,50.47,107.37,0.04999999999999716,0.01999999999999602,0.04000000000000625,2.3468852459016394,2.1274024172775907,1.0,2.346680327475666,2.1283742869607147,1.0,2.3464871634721307,2.128391431863508,1.0,107.35178772884998,107.41991556615126,107.37,0.011732435817360654,0.01064195715931754,0.005,107.34005529303262,107.40927360899194,107.36500000000001,107.36352016466735,107.43055752331058,107.375,107.36352016466735,107.40927360899194,0.045753444324589054,0.0004261287540708676,TFI,VTEB,2026-04-24,False,2185.0,1982.0,931.0,0.0,0.0,0.0,,,0.0,0.0,0.0,False,True,False,0.0,,,0.0,0.0,0.0,0.0,0.0,0.0,0.0,0.0,0.0,0.0,0.0,0.0,0.0,0.0,-0.0,-0.0,-0.0,-0.0,-0.0,-0.0,0.0,0.0,0.0,0.0,0.0,0.0,45.59000000000002
45.74,50.47,107.41,-0.00999999999999801,0.0,0.03999999999999204,2.3482728465238303,2.1281949673073113,1.0,2.3469764531721458,2.128377911232607,1.0,2.346680327475666,2.1283742869607147,1.0,107.33715817873696,107.41905026290728,107.41,0.01173340163737833,0.010641871434803574,0.005,107.32542477709958,107.40840839147248,107.405,107.34889158037433,107.42969213434208,107.41499999999999,107.34889158037433,107.40840839147248,0.05951681109814899,0.0005541086593254725,TFI,VTEB,2026-04-27,False,2185.0,1982.0,931.0,0.0,0.0,0.0,,,0.0,0.0,0.0,False,True,False,0.0,,,0.0,0.0,0.0,0.0,0.0,0.0,0.0,0.0,0.0,0.0,0.0,0.0,0.0,0.0,-0.0,-0.0,-0.0,-0.0,-0.0,-0.0,0.0,-0.0,0.0,0.0,0.0,0.0,45.59000000000002
45.66,50.39,107.3,-0.0800000000000054,-0.0799999999999983,-0.10999999999999943,2.349978098992554,2.12939075213336,1.0,2.3472480954530415,2.128407826576868,1.0,2.3469764531721458,2.128377911232607,1.0,107.16294485184017,107.24896294701108,107.3,0.01173488226586073,0.010641889556163036,0.005,107.15120996957431,107.23832105745491,107.295,107.17467973410602,107.25960483656725,107.30499999999999,107.17467973410602,107.295,0.12032026589398015,0.0011213445097295448,TFI,MUB,2026-04-28,False,2187.0,1984.0,932.0,0.0,0.0,0.0,,,0.0,0.0,0.0,False,True,False,0.0,,,0.0,0.0,0.0,0.0,0.0,0.0,0.0,0.0,0.0,0.0,0.0,0.0,0.0,0.0,-0.0,-0.0,-0.0,-0.0,-0.0,-0.0,0.0,-0.0,-0.0,-0.0,0.0,0.0,45.59000000000002
45.52,50.29,107.04,-0.13999999999999346,-0.10000000000000142,-0.2599999999999909,2.351493848857645,2.1284549612248957,1.0,2.3477627967181554,2.1284465297393353,1.0,2.3472480954530415,2.128407826576868,1.0,106.84673330502245,107.0376295985507,107.04,0.011736240477265208,0.01064203913288434,0.005,106.83499706454519,107.0269875594178,107.03500000000001,106.85846954549972,107.04827163768358,107.045,106.85846954549972,107.03500000000001,0.1765304545002948,0.001649200808111872,TFI,MUB,2026-04-29,False,2192.0,1988.0,934.0,0.0,0.0,0.0,,,0.0,0.0,0.0,False,False,False,-0.0,,,0.0,0.0,0.0,0.0,0.0,0.0,0.0,0.0,0.0,0.0,0.0,0.0,0.0,0.0,-0.0,-0.0,-0.0,-0.0,-0.0,-0.0,0.0,-0.0,-0.0,-0.0,0.0,0.0,45.59000000000002
45.58,50.31,107.13,0.05999999999999517,0.020000000000003126,0.0899999999999892,2.350372970601141,2.1293977340488968,1.0,2.347941489398323,2.1284147133762623,1.0,2.3477627967181554,2.1284465297393353,1.0,107.01102827441352,107.08214491118596,107.13,0.011738813983590777,0.010642232648696678,0.005,106.99928946042994,107.07150267853727,107.125,107.0227670883971,107.09278714383466,107.13499999999999,107.0227670883971,107.125,0.10223291160289705,0.0009542883562297867,TFI,MUB,2026-04-30,False,2190.0,1986.0,933.0,0.0,0.0,0.0,,,0.0,0.0,-0.0,False,True,False,0.0,,,0.0,0.0,0.0,0.0,0.0,0.0,0.0,0.0,0.0,0.0,0.0,0.0,0.0,0.0,-0.0,-0.0,-0.0,-0.0,-0.0,-0.0,0.0,0.0,0.0,0.0,0.0,0.0,45.59000000000002
45.43,50.17,106.81,-0.14999999999999858,-0.14000000000000057,-0.3199999999999932,2.351089588377724,2.128961530795296,1.0,2.348112811850719,2.128372789916027,1.0,2.347941489398323,2.1284147133762623,1.0,106.6669818633658,106.78256617008708,106.81,0.011739707446991614,0.010642073566881311,0.005,106.65524215591881,106.7719240965202,106.805,106.6787215708128,106.79320824365396,106.815,106.6787215708128,106.805,0.12627842918720944,0.0011822715961727313,TFI,MUB,2026-05-01,True,2198.0,1992.0,936.0,0.0,0.0,0.0,,,0.0,0.0,0.0,False,True,False,0.0,,,0.0,0.0,0.0,0.0,0.0,0.0,0.0,0.0,0.0,0.0,0.0,0.0,0.0,0.0,-0.0,-0.0,-0.0,-0.0,-0.0,-0.0,0.0,-0.0,-0.0,-0.0,0.0,0.0,45.59000000000002
45.43,50.12,106.69,0.0,-0.05000000000000426,-0.12000000000000455,2.348448162007484,2.128691141260974,1.0,2.3481184981333127,2.12827211879653,1.0,2.348112811850719,2.128372789916027,1.0,106.67476504237817,106.67404423059126,106.69,0.011740564059253595,0.010641863949580135,0.005,106.66302447831892,106.66340236664168,106.685,106.68650560643742,106.68468609454085,106.695,106.68468609454085,106.685,0.0003139054591514423,2.942220068904699e-06,VTEB,MUB,2026-05-04,False,2200.0,1994.0,937.0,0.0,0.0,0.0,,,0.0,0.0,0.0,False,True,True,0.0,,,0.0,0.0,0.0,0.0,0.0,0.0,0.0,0.0,0.0,0.0,0.0,0.0,0.0,0.0,-0.0,-0.0,-0.0,-0.0,-0.0,-0.0,0.0,0.0,-0.0,-0.0,0.0,0.0,45.59000000000002
45.41,50.14,106.77,-0.020000000000003126,0.020000000000003126,0.0799999999999983,2.3512442193349483,2.129437574790586,1.0,2.3482352605657857,2.1281953072741118,1.0,2.3481184981333127,2.12827211879653,1.0,106.62806100023373,106.71156403645801,106.77,0.011740592490666564,0.01064136059398265,0.005,106.61632040774306,106.70092267586404,106.765,106.6398015927244,106.722205397052,106.77499999999999,106.6398015927244,106.765,0.1251984072756045,0.0011725991128182496,TFI,MUB,2026-05-05,False,2200.0,1994.0,937.0,0.0,0.0,0.0,,,0.0,0.0,0.0,False,True,False,0.0,,,0.0,0.0,0.0,0.0,0.0,0.0,0.0,0.0,0.0,0.0,0.0,0.0,0.0,0.0,-0.0,-0.0,-0.0,-0.0,-0.0,-0.0,0.0,-0.0,0.0,0.0,0.0,0.0,45.59000000000002
45.52,50.23,106.99,0.11000000000000654,0.0899999999999963,0.21999999999999886,2.3503954305799644,2.130001990842126,1.0,2.348384759447467,2.1282122629901656,1.0,2.3482352605657857,2.1281953072741118,1.0,106.89166906095457,106.89925028437862,106.99,0.01174117630282893,0.010640976536370559,0.005,106.87992788465174,106.88860930784226,106.985,106.9034102372574,106.90989126091499,106.99499999999999,106.9034102372574,106.985,0.08158976274259544,0.0007625924174464477,TFI,MUB,2026-05-06,False,2196.0,1990.0,935.0,0.0,0.0,0.0,,,0.0,0.0,0.0,False,True,False,0.0,,,0.0,0.0,0.0,0.0,0.0,0.0,0.0,0.0,0.0,0.0,0.0,0.0,0.0,0.0,-0.0,-0.0,-0.0,-0.0,-0.0,-0.0,0.0,0.0,0.0,0.0,0.0,0.0,45.59000000000002
45.48,50.2,106.99,-0.04000000000000625,-0.02999999999999403,0.0,2.352462620932278,2.131274900398406,1.0,2.348554542524816,2.128329529697312,1.0,2.348384759447467,2.1282122629901656,1.0,106.80453885967079,106.83625560210632,106.99,0.011741923797237335,0.010641061314950828,0.005,106.79279693587355,106.82561454079136,106.985,106.81628078346802,106.84689666342128,106.99499999999999,106.81628078346802,106.985,0.16871921653198285,0.0015769624874472647,TFI,MUB,2026-05-07,False,2196.0,1990.0,935.0,0.0,0.0,0.0,,,0.0,0.0,0.0,False,False,False,-0.0,,,0.0,0.0,0.0,0.0,0.0,0.0,0.0,0.0,0.0,0.0,0.0,0.0,0.0,0.0,-0.0,-0.0,-0.0,-0.0,-0.0,-0.0,0.0,-0.0,-0.0,0.0,0.0,0.0,45.59000000000002
45.51,50.25,107.0,0.030000000000001137,0.04999999999999716,0.010000000000005116,2.3511316194243026,2.129353233830846,1.0,2.348884878159187,2.1284675735544596,1.0,2.348554542524816,2.128329529697312,1.0,106.88271723030438,106.94855886728993,107.0,0.011742772712624082,0.01064164764848656,0.005,106.87097445759176,106.93791721964145,106.995,106.894460003017,106.95920051493842,107.005,106.894460003017,106.995,0.10053999698300231,0.000939626140028059,TFI,MUB,2026-05-08,False,2196.0,1990.0,935.0,0.0,0.0,0.0,,,0.0,0.0,-0.0,False,True,False,0.0,,,0.0,0.0,0.0,0.0,0.0,0.0,0.0,0.0,0.0,0.0,0.0,0.0,0.0,0.0,-0.0,-0.0,-0.0,-0.0,-0.0,-0.0,0.0,0.0,0.0,0.0,0.0,0.0,45.59000000000002
45.5,50.22,106.94,-0.00999999999999801,-0.030000000000001137,-0.060000000000002274,2.3503296703296703,2.1294305057745917,1.0,2.3490768002721616,2.1285772698173444,1.0,2.348884878159187,2.1284675735544596,1.0,106.87426195624302,106.89164154390495,106.94,0.011744424390795935,0.010642337867772298,0.005,106.86251753185222,106.88099920603717,106.935,106.88600638063382,106.90228388177273,106.945,106.88600638063382,106.935,0.04899361936618618,0.00045814119474645764,TFI,MUB,2026-05-11,False,2196.0,1990.0,935.0,0.0,0.0,0.0,,,0.0,0.0,0.0,False,True,False,0.0,,,0.0,0.0,0.0,0.0,0.0,0.0,0.0,0.0,0.0,0.0,0.0,0.0,0.0,0.0,-0.0,-0.0,-0.0,-0.0,-0.0,-0.0,0.0,-0.0,-0.0,-0.0,0.0,0.0,45.59000000000002
45.43,50.12,106.72,-0.07000000000000028,-0.10000000000000142,-0.21999999999999886,2.349108518600044,2.1292897047086994,1.0,2.3491456881622605,2.128684981115552,1.0,2.3490768002721616,2.1285772698173444,1.0,106.7185590363643,106.6842927632453,106.72,0.011745384001360808,0.010642886349086722,0.005,106.70681365236294,106.6736498768962,106.715,106.73030442036566,106.69493564959438,106.725,106.69493564959438,106.715,0.020064350405618825,0.00018800928041247026,VTEB,MUB,2026-05-12,False,2201.0,1994.0,937.0,0.0,0.0,0.0,,,0.0,0.0,0.0,False,True,False,0.0,,,0.0,0.0,0.0,0.0,0.0,0.0,0.0,0.0,0.0,0.0,0.0,0.0,0.0,0.0,-0.0,-0.0,-0.0,-0.0,-0.0,-0.0,0.0,-0.0,-0.0,-0.0,0.0,0.0,45.59000000000002
45.38,50.1,106.64,-0.04999999999999716,-0.01999999999999602,-0.0799999999999983,2.349933891582195,2.1285429141716565,1.0,2.349372248881374,2.1287850277393763,1.0,2.3491456881622605,2.128684981115552,1.0,106.6042313288034,106.64711755388916,106.64,0.011745728440811303,0.01064342490557776,0.005,106.59248560036258,106.63647412898358,106.635,106.61597705724421,106.65776097879474,106.645,106.61597705724421,106.63647412898358,0.020497071739370654,0.00019220809958149526,TFI,VTEB,2026-05-13,False,2203.0,1997.0,938.0,0.0,0.0,0.0,,,0.0,0.0,0.0,False,True,False,0.0,,,0.0,0.0,0.0,0.0,0.0,0.0,0.0,0.0,0.0,0.0,0.0,0.0,0.0,0.0,-0.0,-0.0,-0.0,-0.0,-0.0,-0.0,0.0,-0.0,-0.0,-0.0,0.0,0.0,45.59000000000002
45.38,50.05,106.66,0.0,-0.05000000000000426,0.01999999999999602,2.3503746143675626,2.1310689310689312,1.0,2.3495883480208053,2.1289753802383387,1.0,2.349372248881374,2.1287850277393763,1.0,106.61451265423676,106.54569063835578,106.66,0.01174686124440687,0.010643925138696882,0.005,106.60276579299236,106.53504671321708,106.655,106.62625951548117,106.55633456349447,106.66499999999999,106.55633456349447,106.655,0.09866543650552728,0.0009250462826319828,VTEB,MUB,2026-05-14,False,2204.0,1997.0,938.0,0.0,0.0,0.0,,,0.0,0.0,0.0,False,True,False,0.0,,,0.0,0.0,0.0,0.0,0.0,0.0,0.0,0.0,0.0,0.0,0.0,0.0,0.0,0.0,-0.0,-0.0,-0.0,-0.0,-0.0,-0.0,0.0,0.0,-0.0,0.0,0.0,0.0,45.59000000000002
45.16,49.83,106.12,-0.22000000000000597,-0.21999999999999886,-0.539999999999992,2.349867139061116,2.1296407786474014,1.0,2.349763086092742,2.1290451297752675,1.0,2.3495883480208053,2.1289753802383387,1.0,106.10740979661956,106.08684319727641,106.12,0.011747941740104026,0.010644876901191693,0.005,106.09566185487947,106.07619832037521,106.11500000000001,106.11915773835966,106.0974880741776,106.125,106.0974880741776,106.11500000000001,0.01751192582240435,0.00016502003225032368,VTEB,MUB,2026-05-15,False,2213.0,2005.0,942.0,0.0,0.0,0.0,,,0.0,0.0,0.0,False,True,False,0.0,,,0.0,0.0,0.0,0.0,0.0,0.0,0.0,0.0,0.0,0.0,0.0,0.0,0.0,0.0,-0.0,-0.0,-0.0,-0.0,-0.0,-0.0,0.0,-0.0,-0.0,-0.0,0.0,0.0,45.59000000000002
45.18,49.84,106.08,0.020000000000003126,0.010000000000005116,-0.04000000000000625,2.347941567065073,2.128410914927769,1.0,2.349735590768689,2.129046020280919,1.0,2.349763086092742,2.1290451297752675,1.0,106.16229622967009,106.11160926799934,106.08,0.01174881543046371,0.010645225648876338,0.005,106.15054741423963,106.10096404235047,106.075,106.17404504510056,106.12225449364821,106.085,106.085,106.15054741423963,0.06554741423963151,0.0006179054886843091,MUB,TFI,2026-05-18,False,2216.0,2008.0,943.0,0.0,0.0,0.0,,,0.0,0.0,0.0,False,True,False,0.0,,,0.0,0.0,0.0,0.0,0.0,0.0,0.0,0.0,0.0,0.0,0.0,0.0,0.0,0.0,-0.0,-0.0,-0.0,-0.0,-0.0,-0.0,0.0,0.0,0.0,-0.0,0.0,0.0,45.59000000000002
45.07,49.68,105.67,-0.10999999999999943,-0.1600000000000037,-0.4099999999999966,2.344575105391613,2.1270128824476653,1.0,2.349531144110981,2.128965540941611,1.0,2.349735590768689,2.129046020280919,1.0,105.90258307594482,105.77100628755605,105.67,0.011748677953843446,0.010645230101404595,0.005,105.89083439799097,105.76036105745465,105.665,105.91433175389867,105.78165151765745,105.675,105.675,105.89083439799097,0.21583439799097448,0.0020425323932144837,MUB,TFI,2026-05-19,False,2223.0,2014.0,946.0,0.0,0.0,0.0,,,0.0,0.0,0.0,True,False,False,1.0,MUB,TFI,-2223.0,0.0,946.0,0.0,0.0,0.0,0.0,0.0,-2223.0,0.0,946.0,0.0,0.0,946.0,2223.0,-0.0,-0.0,-11.115,-0.0,-4.73,-15.845,-0.0,-0.0,-0.0,0.0,-15.845,29.74500000000002
45.15,49.8,105.93,0.0799999999999983,0.11999999999999744,0.2600000000000051,2.3461794019933557,2.12710843373494,1.0,2.349433112022465,2.1289259596539383,1.0,2.349531144110981,2.128965540941611,1.0,106.0813311566108,106.02248393889222,105.93,0.011747655720554907,0.010644827704708055,0.005,106.06958350089025,106.01183911118751,105.92500000000001,106.09307881233136,106.03312876659693,105.935,105.935,106.06958350089025,0.13458350089024407,0.0012704946746931376,MUB,TFI,2026-05-20,False,2218.0,2010.0,944.0,-2223.0,0.0,946.0,MUB,TFI,0.13458350089024407,0.0012704946746931376,1.0,False,True,False,0.0,,,0.0,0.0,0.0,-100190.61,0.0,99963.82,200154.43,-226.7899999999936,2223.0,0.0,-946.0,2223.0,0.0,0.0,-0.0,-0.0,946.0,-11.115,-0.0,-4.73,-15.845,-177.83999999999622,0.0,245.96000000000484,68.12000000000862,52.27500000000862,82.02000000000864
45.19,49.85,106.08,0.03999999999999915,0.05000000000000426,0.14999999999999147,2.347421996016818,2.1279839518555668,1.0,2.349375327797048,2.1289525110623755,1.0,2.349433112022465,2.1289259596539383,1.0,106.1708823322952,106.12695908874882,106.08,0.011747165560112325,0.010644629798269691,0.005,106.15913516673508,106.11631445895055,106.075,106.1826294978553,106.13760371854708,106.085,106.085,106.15913516673508,0.0741351667350898,0.0006988609232191723,MUB,TFI,2026-05-21,False,2216.0,2008.0,943.0,0.0,0.0,0.0,,,0.0,0.0,0.0,False,True,False,0.0,,,0.0,0.0,0.0,0.0,0.0,0.0,0.0,0.0,0.0,0.0,0.0,0.0,0.0,0.0,-0.0,-0.0,-0.0,-0.0,-0.0,-0.0,0.0,0.0,0.0,0.0,0.0,0.0,82.02000000000864
45.19,49.88,106.17,0.0,0.030000000000001137,0.09000000000000341,2.349413587076787,2.1285084202085005,1.0,2.3495017448558055,2.129007811208921,1.0,2.349375327797048,2.1289525110623755,1.0,106.1682710631486,106.1921512517913,106.17,0.01174687663898524,0.010644762555311878,0.005,106.15652418650961,106.18150648923599,106.165,106.18001793978758,106.20279601434662,106.175,106.175,106.18150648923599,0.006506489235988511,6.128368876319592e-05,MUB,VTEB,2026-05-22,False,2213.0,2005.0,942.0,0.0,0.0,0.0,,,0.0,0.0,0.0,False,True,False,0.0,,,0.0,0.0,0.0,0.0,0.0,0.0,0.0,0.0,0.0,0.0,0.0,0.0,0.0,0.0,-0.0,-0.0,-0.0,-0.0,-0.0,-0.0,0.0,0.0,0.0,0.0,0.0,0.0,82.02000000000864
45.4,50.09,106.65,0.21000000000000085,0.21000000000000085,0.480000000000004,2.3491189427312777,2.129167498502695,1.0,2.3495440496661777,2.12905643776869,1.0,2.3495017448558055,2.129007811208921,1.0,106.66737921645357,106.64200126345486,106.65,0.011747508724279028,0.010645039056044605,0.005,106.65563170772928,106.63135622439881,106.64500000000001,106.67912672517785,106.6526463025109,106.655,106.6526463025109,106.65563170772928,0.0029854052183821977,2.799254775792028e-05,VTEB,TFI,2026-05-26,False,2204.0,1997.0,938.0,0.0,0.0,0.0,,,0.0,0.0,0.0,False,True,False,0.0,,,0.0,0.0,0.0,0.0,0.0,0.0,0.0,0.0,0.0,0.0,0.0,0.0,0.0,0.0,-0.0,-0.0,-0.0,-0.0,-0.0,-0.0,0.0,0.0,0.0,0.0,0.0,0.0,82.02000000000864
45.46,50.21,106.89,0.060000000000002274,0.11999999999999744,0.23999999999999488,2.351297844258689,2.1288587930691096,1.0,2.3496100369294846,2.1290298398154777,1.0,2.3495440496661777,2.12905643776869,1.0,106.81027249782444,106.89992374036594,106.89,0.011747720248330889,0.01064528218884345,0.005,106.7985247775761,106.88927845817709,106.885,106.82202021807278,106.91056902255478,106.895,106.82202021807278,106.88927845817709,0.0672582401043087,0.000629228553693598,TFI,VTEB,2026-05-27,False,2199.0,1993.0,936.0,0.0,0.0,0.0,,,0.0,0.0,0.0,False,True,False,0.0,,,0.0,0.0,0.0,0.0,0.0,0.0,0.0,0.0,0.0,0.0,0.0,0.0,0.0,0.0,-0.0,-0.0,-0.0,-0.0,-0.0,-0.0,0.0,0.0,0.0,0.0,0.0,0.0,82.02000000000864
45.53,50.28,107.03,0.07000000000000028,0.07000000000000028,0.14000000000000057,2.3507577421480343,2.128679395385839,1.0,2.349573231594004,2.1290410615235245,1.0,2.3496100369294846,2.1290298398154777,1.0,106.97774498139944,107.04762034592223,107.03,0.011748050184647424,0.010645149199077388,0.005,106.96599693121479,107.03697519672315,107.025,106.98949303158409,107.0582654951213,107.035,106.98949303158409,107.03697519672315,0.04748216513905845,0.0004436341692895305,TFI,VTEB,2026-05-28,False,2195.0,1989.0,934.0,0.0,0.0,0.0,,,0.0,0.0,0.0,False,True,False,0.0,,,0.0,0.0,0.0,0.0,0.0,0.0,0.0,0.0,0.0,0.0,0.0,0.0,0.0,0.0,-0.0,-0.0,-0.0,-0.0,-0.0,-0.0,0.0,0.0,0.0,0.0,0.0,0.0,82.02000000000864
45.59,50.36,107.17,0.060000000000002274,0.0799999999999983,0.14000000000000057,2.350734810265409,2.1280778395552025,1.0,2.3495913235772177,2.12897506679884,1.0,2.349573231594004,2.1290410615235245,1.0,107.11704362837065,107.21850785832468,107.17,0.01174786615797002,0.010645205307617622,0.005,107.10529576221268,107.20786265301707,107.165,107.12879149452863,107.2291530636323,107.175,107.12879149452863,107.20786265301707,0.07907115848844626,0.0007378105672151373,TFI,VTEB,2026-05-29,False,2192.0,1986.0,933.0,0.0,0.0,0.0,,,0.0,0.0,0.0,False,True,False,0.0,,,0.0,0.0,0.0,0.0,0.0,0.0,0.0,0.0,0.0,0.0,0.0,0.0,0.0,0.0,-0.0,-0.0,-0.0,-0.0,-0.0,-0.0,0.0,0.0,0.0,0.0,0.0,0.0,82.02000000000864
45.49,50.29,106.94,-0.10000000000000142,-0.07000000000000028,-0.23000000000000398,2.350846339854913,2.1264664943328695,1.0,2.349579161151077,2.128850314975719,1.0,2.3495913235772177,2.12897506679884,1.0,106.88290930952763,107.06615610931365,106.94,0.011747956617886088,0.0106448753339942,0.005,106.87116135290975,107.05551123397966,106.935,106.89465726614551,107.07680098464765,106.945,106.89465726614551,107.05551123397966,0.16085396783414296,0.0015041515600724047,TFI,VTEB,2026-06-01,True,2197.0,1991.0,935.0,0.0,0.0,0.0,,,0.0,0.0,0.0,False,False,False,-0.0,,,0.0,0.0,0.0,0.0,0.0,0.0,0.0,0.0,0.0,0.0,0.0,0.0,0.0,0.0,-0.0,-0.0,-0.0,-0.0,-0.0,-0.0,0.0,-0.0,-0.0,-0.0,0.0,0.0,82.02000000000864
45.59,50.34,107.1,0.10000000000000142,0.05000000000000426,0.1599999999999966,2.3491993858302256,2.1275327771156136,1.0,2.3496167223422137,2.128792396768451,1.0,2.349579161151077,2.128850314975719,1.0,107.1173139568776,107.16632485587772,107.1,0.011747895805755384,0.010644251574878597,0.005,107.10556606107184,107.15568060430284,107.095,107.12906185268335,107.17696910745259,107.10499999999999,107.10499999999999,107.15568060430284,0.050680604302854704,0.000473208256796029,MUB,VTEB,2026-06-02,False,2195.0,1988.0,934.0,0.0,0.0,0.0,,,0.0,0.0,-0.0,False,True,True,0.0,,,0.0,0.0,0.0,0.0,0.0,0.0,0.0,0.0,0.0,0.0,0.0,0.0,0.0,0.0,-0.0,-0.0,-0.0,-0.0,-0.0,-0.0,0.0,0.0,0.0,0.0,0.0,0.0,82.02000000000864
45.58,50.31,107.01,-0.010000000000005116,-0.030000000000001137,-0.0899999999999892,2.347740236946029,2.1270125223613596,1.0,2.349441523222768,2.128671144146989,1.0,2.3496167223422137,2.128792396768451,1.0,107.0955302043581,107.09954548142076,107.01,0.011748083611711068,0.010643961983842255,0.005,107.08378212074639,107.08890151943692,107.00500000000001,107.1072782879698,107.11018944340461,107.015,107.015,107.08890151943692,0.07390151943691592,0.0006906038635353324,MUB,VTEB,2026-06-03,False,2195.0,1988.0,934.0,0.0,0.0,0.0,,,0.0,0.0,0.0,False,True,False,0.0,,,0.0,0.0,0.0,0.0,0.0,0.0,0.0,0.0,0.0,0.0,0.0,0.0,0.0,0.0,-0.0,-0.0,-0.0,-0.0,-0.0,-0.0,0.0,-0.0,-0.0,-0.0,0.0,0.0,82.02000000000864
45.63,50.38,107.19,0.05000000000000426,0.07000000000000028,0.1799999999999926,2.3491124260355027,2.1276300119094875,1.0,2.349377372995545,2.1285525452003577,1.0,2.349441523222768,2.128671144146989,1.0,107.20501670465491,107.24245224212532,107.19,0.01174720761611384,0.010643355720734946,0.005,107.1932694970388,107.2318088864046,107.185,107.21676391227102,107.25309559784606,107.195,107.195,107.2318088864046,0.036808886404600116,0.00034339851109805127,MUB,VTEB,2026-06-04,False,2192.0,1986.0,933.0,0.0,0.0,0.0,,,0.0,0.0,0.0,False,True,False,0.0,,,0.0,0.0,0.0,0.0,0.0,0.0,0.0,0.0,0.0,0.0,0.0,0.0,0.0,0.0,-0.0,-0.0,-0.0,-0.0,-0.0,-0.0,0.0,0.0,0.0,0.0,0.0,0.0,82.02000000000864
45.56,50.3,106.97,-0.07000000000000028,-0.0800000000000054,-0.21999999999999886,2.347892888498683,2.1266401590457256,1.0,2.349148886373865,2.1283208081327234,1.0,2.349377372995545,2.1285525452003577,1.0,107.03763311367705,107.066193023578,106.97,0.011746886864977726,0.010642762726001788,0.005,107.02588622681206,107.05555026085199,106.965,107.04938000054203,107.076835786304,106.975,106.975,107.05555026085199,0.08055026085199302,0.0007530173025333553,MUB,VTEB,2026-06-05,False,2197.0,1990.0,935.0,0.0,0.0,0.0,,,0.0,0.0,0.0,False,True,False,0.0,,,0.0,0.0,0.0,0.0,0.0,0.0,0.0,0.0,0.0,0.0,0.0,0.0,0.0,0.0,-0.0,-0.0,-0.0,-0.0,-0.0,-0.0,0.0,-0.0,-0.0,-0.0,0.0,0.0,82.02000000000864
45.56,50.29,106.94,0.0,-0.00999999999999801,-0.030000000000001137,2.3472344161545213,2.1264664943328695,1.0,2.348954026210376,2.1281764711578246,1.0,2.349148886373865,2.1283208081327234,1.0,107.02722326319329,107.03325344099466,106.94,0.011745744431869326,0.010641604040663617,0.005,107.01547751876143,107.022611836954,106.935,107.03896900762516,107.04389504503531,106.945,106.945,107.022611836954,0.07761183695400575,0.0007257512339069174,MUB,VTEB,2026-06-08,False,2196.0,1990.0,935.0,0.0,0.0,0.0,,,0.0,0.0,0.0,False,True,False,0.0,,,0.0,0.0,0.0,0.0,0.0,0.0,0.0,0.0,0.0,0.0,0.0,0.0,0.0,0.0,-0.0,-0.0,-0.0,-0.0,-0.0,-0.0,0.0,0.0,-0.0,-0.0,0.0,0.0,82.02000000000864
45.59,50.37,107.04,0.030000000000001137,0.0799999999999983,0.10000000000000853,2.347883307742926,2.125074449076832,1.0,2.348831708081039,2.1279586683229366,1.0,2.348954026210376,2.1281764711578246,1.0,107.08881405493105,107.19624885221963,107.04,0.011744770131051881,0.010640882355789123,0.005,107.0770692848,107.18560796986384,107.03500000000001,107.1005588250621,107.20688973457541,107.045,107.045,107.18560796986384,0.1406079698638365,0.0013136021100881585,MUB,VTEB,2026-06-09,False,2194.0,1988.0,934.0,0.0,0.0,0.0,,,0.0,0.0,0.0,False,True,False,0.0,,,0.0,0.0,0.0,0.0,0.0,0.0,0.0,0.0,0.0,0.0,0.0,0.0,0.0,0.0,-0.0,-0.0,-0.0,-0.0,-0.0,-0.0,0.0,0.0,0.0,0.0,0.0,0.0,82.02000000000864
45.5,50.26,106.82,-0.09000000000000341,-0.10999999999999943,-0.22000000000001307,2.3476923076923075,2.1253481894150417,1.0,2.348760897535652,2.1277615925582536,1.0,2.348831708081039,2.1279586683229366,1.0,106.87184271768727,106.95120266991078,106.82,0.011744158540405194,0.010639793341614683,0.005,106.86009855914686,106.94056287656917,106.815,106.88358687622768,106.9618424632524,106.82499999999999,106.82499999999999,106.94056287656917,0.11556287656918585,0.001081846813042369,MUB,VTEB,2026-06-10,False,2199.0,1992.0,936.0,0.0,0.0,0.0,,,0.0,0.0,0.0,False,True,False,0.0,,,0.0,0.0,0.0,0.0,0.0,0.0,0.0,0.0,0.0,0.0,0.0,0.0,0.0,0.0,-0.0,-0.0,-0.0,-0.0,-0.0,-0.0,0.0,-0.0,-0.0,-0.0,0.0,0.0,82.02000000000864
45.61,50.34,107.06,0.10999999999999943,0.0800000000000054,0.2400000000000091,2.3472922604691955,2.12673818037346,1.0,2.3486288159800024,2.127671355868344,1.0,2.348760897535652,2.1277615925582536,1.0,107.12698453660109,107.1115185693825,107.06,0.01174380448767826,0.010638807962791269,0.005,107.1152407321134,107.1008797614197,107.055,107.13872834108876,107.12215737734529,107.065,107.065,107.1152407321134,0.050240732113408626,0.0004692764068130826,MUB,TFI,2026-06-11,False,2194.0,1987.0,934.0,0.0,0.0,0.0,,,0.0,0.0,0.0,False,True,False,0.0,,,0.0,0.0,0.0,0.0,0.0,0.0,0.0,0.0,0.0,0.0,0.0,0.0,0.0,0.0,-0.0,-0.0,-0.0,-0.0,-0.0,-0.0,0.0,0.0,0.0,0.0,0.0,0.0,82.02000000000864
45.55,50.3,107.05,-0.060000000000002274,-0.04000000000000625,-0.010000000000005116,2.350164654226125,2.128230616302187,1.0,2.3486183179729303,2.1275294401300067,1.0,2.3486288159800024,2.127671355868344,1.0,106.9800425678891,107.02186920017769,107.05,0.011743144079900012,0.01063835677934172,0.005,106.9682994238092,107.01123084339835,107.045,106.991785711969,107.03250755695703,107.05499999999999,106.991785711969,107.045,0.05321428803100048,0.000497097506127982,TFI,MUB,2026-06-12,False,2194.0,1987.0,934.0,0.0,0.0,0.0,,,0.0,0.0,0.0,False,True,False,0.0,,,0.0,0.0,0.0,0.0,0.0,0.0,0.0,0.0,0.0,0.0,0.0,0.0,0.0,0.0,-0.0,-0.0,-0.0,-0.0,-0.0,-0.0,0.0,-0.0,-0.0,-0.0,0.0,0.0,82.02000000000864
45.59,50.35,107.17,0.04000000000000625,0.05000000000000426,0.12000000000000455,2.350734810265409,2.1285004965243295,1.0,2.348661701533145,2.127472426023853,1.0,2.3486183179729303,2.1275294401300067,1.0,107.0735091163859,107.12110731054584,107.17,0.011743091589864653,0.010637647200650033,0.005,107.06176602479604,107.11046966334519,107.165,107.08525220797577,107.13174495774649,107.175,107.08525220797577,107.165,0.07974779202423576,0.0007441242140919639,TFI,MUB,2026-06-15,False,2191.0,1985.0,933.0,0.0,0.0,0.0,,,0.0,0.0,0.0,False,True,False,0.0,,,0.0,0.0,0.0,0.0,0.0,0.0,0.0,0.0,0.0,0.0,0.0,0.0,0.0,0.0,-0.0,-0.0,-0.0,-0.0,-0.0,-0.0,0.0,0.0,0.0,0.0,0.0,0.0,82.02000000000864
45.59,50.35,107.17,0.0,0.0,0.0,2.350734810265409,2.1285004965243295,1.0,2.3488013636931617,2.1274769051036815,1.0,2.348661701533145,2.127472426023853,1.0,107.07548697289607,107.11823665030101,107.17,0.011743308507665725,0.010637362130119265,0.005,107.06374366438841,107.10759928817089,107.165,107.08723028140373,107.12887401243114,107.175,107.08723028140373,107.165,0.07776971859627224,0.0007256668712911471,TFI,MUB,2026-06-16,False,2191.0,1985.0,933.0,0.0,0.0,0.0,,,0.0,0.0,0.0,False,True,False,0.0,,,0.0,0.0,0.0,0.0,0.0,0.0,0.0,0.0,0.0,0.0,0.0,0.0,0.0,0.0,-0.0,-0.0,-0.0,-0.0,-0.0,-0.0,0.0,0.0,0.0,0.0,0.0,0.0,82.02000000000864
45.54,50.29,106.98,-0.05000000000000426,-0.060000000000002274,-0.18999999999999773,2.3491436100131753,2.12726188108968,1.0,2.3490297889242395,2.127489355035782,1.0,2.3488013636931617,2.1274769051036815,1.0,106.96441410258659,106.99081355766414,106.98,0.011744006818465809,0.010637384525518408,0.005,106.95267009576813,106.98017617313862,106.97500000000001,106.97615810940505,107.00145094218966,106.985,106.97615810940505,106.98017617313862,0.004018063733568056,3.7559017887157e-05,TFI,VTEB,2026-06-17,False,2196.0,1989.0,935.0,0.0,0.0,0.0,,,0.0,0.0,0.0,False,True,False,0.0,,,0.0,0.0,0.0,0.0,0.0,0.0,0.0,0.0,0.0,0.0,0.0,0.0,0.0,0.0,-0.0,-0.0,-0.0,-0.0,-0.0,-0.0,0.0,-0.0,-0.0,-0.0,0.0,0.0,82.02000000000864
45.67,50.45,107.33,0.13000000000000256,0.1600000000000037,0.3499999999999943,2.350120429165754,2.1274529236868185,1.0,2.3492268402828596,2.127506579533376,1.0,2.3490297889242395,2.127489355035782,1.0,107.28019046017002,107.3318379615552,107.33,0.011745148944621198,0.010637446775178909,0.005,107.26844531122539,107.32120051478002,107.325,107.29193560911465,107.34247540833037,107.335,107.29193560911465,107.325,0.0330643908853574,0.00030806289840079566,TFI,MUB,2026-06-18,False,2189.0,1983.0,932.0,0.0,0.0,0.0,,,0.0,0.0,0.0,False,True,False,0.0,,,0.0,0.0,0.0,0.0,0.0,0.0,0.0,0.0,0.0,0.0,0.0,0.0,0.0,0.0,-0.0,-0.0,-0.0,-0.0,-0.0,-0.0,0.0,0.0,0.0,0.0,0.0,0.0,82.02000000000864
45.67,50.44,107.32,0.0,-0.010000000000005116,-0.010000000000005116,2.349901467046201,2.127676447264076,1.0,2.3493508138343286,2.127491204303801,1.0,2.3492268402828596,2.127506579533376,1.0,107.2891897957182,107.31143187166347,107.32,0.011746134201414299,0.01063753289766688,0.005,107.27744366151678,107.30079433876581,107.315,107.30093592991962,107.32206940456113,107.32499999999999,107.30093592991962,107.315,0.01406407008038002,0.00013104798807659355,TFI,MUB,2026-06-22,False,2189.0,1983.0,932.0,0.0,0.0,0.0,,,0.0,0.0,0.0,False,True,False,0.0,,,0.0,0.0,0.0,0.0,0.0,0.0,0.0,0.0,0.0,0.0,0.0,0.0,0.0,0.0,-0.0,-0.0,-0.0,-0.0,-0.0,-0.0,0.0,0.0,-0.0,-0.0,0.0,0.0,82.02000000000864
45.61,50.43,107.26,-0.060000000000002274,-0.00999999999999801,-0.05999999999998806,2.351677263757948,2.126908586159032,1.0,2.3494639976683867,2.127411212601328,1.0,2.3493508138343286,2.127491204303801,1.0,107.15389061898372,107.28938143304069,107.26,0.011746754069171644,0.010637456021519005,0.005,107.14214386491456,107.27874397701918,107.25500000000001,107.16563737305289,107.3000188890622,107.265,107.16563737305289,107.27874397701918,0.11310660396628691,0.0010545087074984795,TFI,VTEB,2026-06-23,False,2190.0,1983.0,932.0,0.0,0.0,0.0,,,0.0,0.0,0.0,False,True,False,0.0,,,0.0,0.0,0.0,0.0,0.0,0.0,0.0,0.0,0.0,0.0,0.0,0.0,0.0,0.0,-0.0,-0.0,-0.0,-0.0,-0.0,-0.0,0.0,-0.0,-0.0,-0.0,0.0,0.0,82.02000000000864
45.71,50.49,107.46,0.10000000000000142,0.060000000000002274,0.19999999999998863,2.3509078976154014,2.1283422459893044,1.0,2.3495534454125933,2.127369949975658,1.0,2.3494639976683867,2.127411212601328,1.0,107.39399933342196,107.41299212424106,107.46,0.011747319988341933,0.01063705606300664,0.005,107.38225201343361,107.40235506817805,107.455,107.4057466534103,107.42362918030406,107.46499999999999,107.4057466534103,107.455,0.04925334658969405,0.00045834121151771867,TFI,MUB,2026-06-24,False,2187.0,1981.0,931.0,0.0,0.0,0.0,,,0.0,0.0,0.0,False,True,False,0.0,,,0.0,0.0,0.0,0.0,0.0,0.0,0.0,0.0,0.0,0.0,0.0,0.0,0.0,0.0,-0.0,-0.0,-0.0,-0.0,-0.0,-0.0,0.0,0.0,0.0,0.0,0.0,0.0,82.02000000000864
45.73,50.53,107.58,0.01999999999999602,0.03999999999999915,0.12000000000000455,2.352503826809534,2.129032258064516,1.0,2.349613744540135,2.127378623225429,1.0,2.3495534454125933,2.127369949975658,1.0,107.44507905871788,107.49600357227,107.58,0.011747767227062967,0.01063684974987829,0.005,107.43333129149082,107.48536672252013,107.575,107.45682682594494,107.50664042201987,107.585,107.45682682594494,107.575,0.1181731740550589,0.0010984678755815104,TFI,MUB,2026-06-25,False,2185.0,1978.0,930.0,0.0,0.0,0.0,,,0.0,0.0,0.0,False,True,False,0.0,,,0.0,0.0,0.0,0.0,0.0,0.0,0.0,0.0,0.0,0.0,0.0,0.0,0.0,0.0,-0.0,-0.0,-0.0,-0.0,-0.0,-0.0,0.0,0.0,0.0,0.0,0.0,0.0,82.02000000000864
45.76,50.56,107.6,0.030000000000001137,0.030000000000001137,0.01999999999999602,2.3513986013986012,2.128164556962025,1.0,2.3496457875026637,2.1273528813042377,1.0,2.349613744540135,2.127378623225429,1.0,107.51832495015657,107.56026319027768,107.6,0.011748068722700676,0.010636893116127144,0.005,107.50657688143387,107.54962629716155,107.595,107.53007301887926,107.57090008339381,107.60499999999999,107.53007301887926,107.595,0.0649269811207347,0.000603410605211289,TFI,MUB,2026-06-26,False,2183.0,1976.0,929.0,0.0,0.0,0.0,,,0.0,0.0,0.0,False,True,False,0.0,,,0.0,0.0,0.0,0.0,0.0,0.0,0.0,0.0,0.0,0.0,0.0,0.0,0.0,0.0,-0.0,-0.0,-0.0,-0.0,-0.0,-0.0,0.0,0.0,0.0,0.0,0.0,0.0,82.02000000000864
45.81,50.64,107.71,0.05000000000000426,0.0799999999999983,0.10999999999999943,2.351233355162628,2.1269747235387046,1.0,2.3496707147475244,2.1272977255034133,1.0,2.3496457875026637,2.1273528813042377,1.0,107.63727352549704,107.7291499092466,107.71,0.011748228937513318,0.010636764406521188,0.005,107.62552529655952,107.71851314484007,107.705,107.64902175443456,107.73978667365313,107.71499999999999,107.64902175443456,107.71851314484007,0.069491390405517,0.0006451712042105375,TFI,VTEB,2026-06-29,False,2180.0,1974.0,928.0,0.0,0.0,0.0,,,0.0,0.0,0.0,False,True,False,0.0,,,0.0,0.0,0.0,0.0,0.0,0.0,0.0,0.0,0.0,0.0,0.0,0.0,0.0,0.0,-0.0,-0.0,-0.0,-0.0,-0.0,-0.0,0.0,0.0,0.0,0.0,0.0,0.0,82.02000000000864
45.8,50.58,107.62,-0.010000000000005116,-0.060000000000002274,-0.0899999999999892,2.3497816593886465,2.127718465796758,1.0,2.3496174807242114,2.1273603240766077,1.0,2.3496707147475244,2.1272977255034133,1.0,107.61491873543662,107.59871895596264,107.62,0.011748353573737623,0.010636488627517067,0.005,107.60317038186288,107.58808246733513,107.61500000000001,107.62666708901035,107.60935544459015,107.625,107.60935544459015,107.61500000000001,0.005644555409858754,5.2448944525727125e-05,VTEB,MUB,2026-06-30,False,2183.0,1976.0,929.0,0.0,0.0,0.0,,,0.0,0.0,0.0,False,True,False,0.0,,,0.0,0.0,0.0,0.0,0.0,0.0,0.0,0.0,0.0,0.0,0.0,0.0,0.0,0.0,-0.0,-0.0,-0.0,-0.0,-0.0,-0.0,0.0,-0.0,-0.0,-0.0,0.0,0.0,82.02000000000864
45.64,50.47,107.34,-0.1599999999999966,-0.10999999999999943,-0.28000000000000114,2.3518843120070114,2.1268080047553,1.0,2.3497517270330506,2.127324085458592,1.0,2.3496174807242114,2.1273603240766077,1.0,107.23654182025301,107.36787555614639,107.34,0.011748087403621058,0.010636801620383038,0.005,107.22479373284939,107.35723875452601,107.33500000000001,107.24828990765663,107.37851235776677,107.345,107.24828990765663,107.35723875452601,0.10894884686938155,0.0010149883255951328,TFI,VTEB,2026-07-01,True,2190.0,1983.0,932.0,0.0,0.0,0.0,,,0.0,0.0,0.0,False,True,False,0.0,,,0.0,0.0,0.0,0.0,0.0,0.0,0.0,0.0,0.0,0.0,0.0,0.0,0.0,0.0,-0.0,-0.0,-0.0,-0.0,-0.0,-0.0,0.0,-0.0,-0.0,-0.0,0.0,0.0,82.02000000000864
45.73,50.53,107.5,0.0899999999999963,0.060000000000002274,0.1599999999999966,2.3507544281653185,2.1274490401741537,1.0,2.349902436594015,2.1273459113492317,1.0,2.3497517270330506,2.127324085458592,1.0,107.4541464772214,107.49368603822265,107.5,0.011748758635165253,0.01063662042729296,0.005,107.44239771858624,107.48304941779536,107.495,107.46589523585656,107.50432265864994,107.505,107.46589523585656,107.495,0.02910476414344032,0.000270741992032003,TFI,MUB,2026-07-02,False,2185.0,1978.0,930.0,0.0,0.0,0.0,,,0.0,0.0,0.0,False,True,True,0.0,,,0.0,0.0,0.0,0.0,0.0,0.0,0.0,0.0,0.0,0.0,0.0,0.0,0.0,0.0,-0.0,-0.0,-0.0,-0.0,-0.0,-0.0,0.0,0.0,0.0,0.0,0.0,0.0,82.02000000000864
45.72,50.54,107.57,-0.00999999999999801,0.00999999999999801,0.06999999999999318,2.3527996500437443,2.128413138108429,1.0,2.3500867977944266,2.1273850676591786,1.0,2.349902436594015,2.1273459113492317,1.0,107.43753940107835,107.51606235959017,107.57,0.011749512182970075,0.010636729556746159,0.005,107.42578988889538,107.50542563003341,107.565,107.44928891326133,107.52669908914692,107.57499999999999,107.44928891326133,107.565,0.11571108673867059,0.0010756817582845645,TFI,MUB,2026-07-06,False,2185.0,1978.0,930.0,0.0,0.0,0.0,,,0.0,0.0,0.0,False,True,False,0.0,,,0.0,0.0,0.0,0.0,0.0,0.0,0.0,0.0,0.0,0.0,0.0,0.0,0.0,0.0,-0.0,-0.0,-0.0,-0.0,-0.0,-0.0,0.0,-0.0,0.0,0.0,0.0,0.0,82.02000000000864
45.6,50.42,107.24,-0.11999999999999744,-0.11999999999999744,-0.3299999999999983,2.351754385964912,2.1269337564458546,1.0,2.3502798726677385,2.127399747529185,1.0,2.3500867977944266,2.1273850676591786,1.0,107.16395797942586,107.26275511137578,107.24,0.011750433988972133,0.010636925338295893,0.005,107.15220754543688,107.25211818603749,107.235,107.17570841341484,107.27339203671407,107.24499999999999,107.17570841341484,107.25211818603749,0.0764097726226538,0.0007125118670519751,TFI,VTEB,2026-07-07,False,2190.0,1983.0,932.0,0.0,0.0,0.0,,,0.0,0.0,0.0,False,True,False,0.0,,,0.0,0.0,0.0,0.0,0.0,0.0,0.0,0.0,0.0,0.0,0.0,0.0,0.0,0.0,-0.0,-0.0,-0.0,-0.0,-0.0,-0.0,0.0,-0.0,-0.0,-0.0,0.0,0.0,82.02000000000864
45.55,50.26,106.91,-0.05000000000000426,-0.1600000000000037,-0.3299999999999983,2.347091108671789,2.127138877835257,1.0,2.350272707293602,2.127433366704304,1.0,2.3502798726677385,2.127399747529185,1.0,107.05524820001548,106.92311131081682,106.91,0.011751399363338693,0.010636998737645923,0.005,107.04349680065215,106.91247431207917,106.905,107.06699959937882,106.93374830955447,106.91499999999999,106.91499999999999,107.04349680065215,0.12849680065215807,0.001201915636069199,MUB,TFI,2026-07-08,False,2198.0,1989.0,935.0,0.0,0.0,0.0,,,0.0,0.0,0.0,False,True,False,0.0,,,0.0,0.0,0.0,0.0,0.0,0.0,0.0,0.0,0.0,0.0,0.0,0.0,0.0,0.0,-0.0,-0.0,-0.0,-0.0,-0.0,-0.0,0.0,-0.0,-0.0,-0.0,0.0,0.0,82.02000000000864
45.55,50.29,106.94,0.0,0.030000000000001137,0.030000000000001137,2.34774972557629,2.1264664943328695,1.0,2.3502660281852696,2.1275029689671063,1.0,2.350272707293602,2.127433366704304,1.0,107.05492181722356,106.98862401155945,106.94,0.01175136353646801,0.010637166833521521,0.005,107.0431704536871,106.97798684472593,106.935,107.06667318076002,106.99926117839297,106.945,106.945,107.0431704536871,0.09817045368710353,0.0009179956394904015,MUB,TFI,2026-07-09,False,2198.0,1989.0,935.0,0.0,0.0,0.0,,,0.0,0.0,0.0,False,True,False,0.0,,,0.0,0.0,0.0,0.0,0.0,0.0,0.0,0.0,0.0,0.0,0.0,0.0,0.0,0.0,-0.0,-0.0,-0.0,-0.0,-0.0,-0.0,0.0,0.0,0.0,0.0,0.0,0.0,82.02000000000864
45.54,50.34,107.01,-0.00999999999999801,0.05000000000000426,0.07000000000000739,2.349802371541502,2.125744934445769,1.0,2.35037153137773,2.127522806218643,1.0,2.3502660281852696,2.1275029689671063,1.0,107.03111492355718,107.09849945780414,107.01,0.011751330140926348,0.010637514844835532,0.005,107.01936359341626,107.08786194295931,107.00500000000001,107.04286625369811,107.10913697264897,107.015,107.015,107.08786194295931,0.0728619429593067,0.0006808891034417971,MUB,VTEB,2026-07-10,False,2195.0,1987.0,934.0,0.0,0.0,0.0,,,0.0,0.0,0.0,False,True,False,0.0,,,0.0,0.0,0.0,0.0,0.0,0.0,0.0,0.0,0.0,0.0,0.0,0.0,0.0,0.0,-0.0,-0.0,-0.0,-0.0,-0.0,-0.0,0.0,-0.0,0.0,0.0,0.0,0.0,82.02000000000864
45.54,50.27,106.9,0.0,-0.07000000000000028,-0.10999999999999943,2.347386912604304,2.126516809230157,1.0,2.350376263984485,2.1275117376614774,1.0,2.35037153137773,2.127522806218643,1.0,107.03591953894181,106.95057146861119,106.9,0.011751857656888649,0.010637614031093215,0.005,107.02416768128492,106.93993385458009,106.89500000000001,107.0476713965987,106.96120908264228,106.905,106.905,107.02416768128492,0.11916768128492095,0.0011147584778757806,MUB,TFI,2026-07-13,False,2198.0,1989.0,935.0,0.0,0.0,0.0,,,0.0,0.0,0.0,False,True,False,0.0,,,0.0,0.0,0.0,0.0,0.0,0.0,0.0,0.0,0.0,0.0,0.0,0.0,0.0,0.0,-0.0,-0.0,-0.0,-0.0,-0.0,-0.0,0.0,0.0,-0.0,-0.0,0.0,0.0,82.02000000000864
45.57,50.29,106.95,0.030000000000001137,0.01999999999999602,0.04999999999999716,2.3469387755102042,2.126665341022072,1.0,2.350214970048689,2.127433473897472,1.0,2.350376263984485,2.1275117376614774,1.0,107.10664634977299,106.9925652869957,106.95,0.011751881319922426,0.010637558688307387,0.005,107.09489446845306,106.9819277283074,106.94500000000001,107.11839823109291,107.003202845684,106.955,106.955,107.09489446845306,0.13989446845306475,0.001308036170669142,MUB,TFI,2026-07-14,False,2198.0,1989.0,935.0,0.0,0.0,0.0,,,0.0,0.0,0.0,False,True,False,0.0,,,0.0,0.0,0.0,0.0,0.0,0.0,0.0,0.0,0.0,0.0,0.0,0.0,0.0,0.0,-0.0,-0.0,-0.0,-0.0,-0.0,-0.0,0.0,0.0,0.0,0.0,0.0,0.0,82.02000000000864
45.49,50.21,106.76,-0.0799999999999983,-0.0799999999999983,-0.18999999999999773,2.346889426247527,2.126269667396933,1.0,2.350022700847795,2.127321932441102,1.0,2.350214970048689,2.127433473897472,1.0,106.91127898751488,106.81843472439206,106.76,0.011751074850243445,0.010637167369487359,0.005,106.89952791266464,106.80779755702258,106.75500000000001,106.92303006236511,106.82907189176154,106.765,106.765,106.89952791266464,0.13452791266463748,0.0012600965967088562,MUB,TFI,2026-07-15,False,2202.0,1993.0,937.0,0.0,0.0,0.0,,,0.0,0.0,0.0,False,True,False,0.0,,,0.0,0.0,0.0,0.0,0.0,0.0,0.0,0.0,0.0,0.0,0.0,0.0,0.0,0.0,-0.0,-0.0,-0.0,-0.0,-0.0,-0.0,0.0,-0.0,-0.0,-0.0,0.0,0.0,82.02000000000864
45.42,50.16,106.62,-0.07000000000000028,-0.05000000000000426,-0.14000000000000057,2.347424042272127,2.125598086124402,1.0,2.3498571624481306,2.1271768119211054,1.0,2.350022700847795,2.127321932441102,1.0,106.73803107250686,106.70646813124567,106.62,0.011750113504238975,0.01063660966220551,0.005,106.72628095900262,106.69583152158347,106.61500000000001,106.74978118601109,106.71710474090787,106.625,106.625,106.72628095900262,0.10128095900262224,0.0009499245826544948,MUB,TFI,2026-07-16,False,2204.0,1995.0,938.0,0.0,0.0,0.0,,,0.0,0.0,0.0,False,True,False,0.0,,,0.0,0.0,0.0,0.0,0.0,0.0,0.0,0.0,0.0,0.0,0.0,0.0,0.0,0.0,-0.0,-0.0,-0.0,-0.0,-0.0,-0.0,0.0,-0.0,-0.0,-0.0,0.0,0.0,82.02000000000864
45.39,50.13,106.58,-0.030000000000001137,-0.02999999999999403,-0.04000000000000625,2.348094293897334,2.126072212248155,1.0,2.349804696642339,2.127117328479029,1.0,2.3498571624481306,2.1271768119211054,1.0,106.66001660352065,106.63537358160502,106.58,0.011749285812240653,0.010635884059605527,0.005,106.6482673177084,106.62473769754541,106.575,106.67176588933289,106.64600946566463,106.585,106.585,106.6482673177084,0.06326731770840865,0.0005936134144155438,MUB,TFI,2026-07-17,False,2204.0,1995.0,938.0,0.0,0.0,0.0,,,0.0,0.0,0.0,False,True,False,0.0,,,0.0,0.0,0.0,0.0,0.0,0.0,0.0,0.0,0.0,0.0,0.0,0.0,0.0,0.0,-0.0,-0.0,-0.0,-0.0,-0.0,-0.0,0.0,-0.0,-0.0,-0.0,0.0,0.0,82.02000000000864
45.32,50.05,106.4,-0.07000000000000028,-0.0800000000000054,-0.1799999999999926,2.3477493380406003,2.1258741258741263,1.0,2.3496861420860813,2.1270383885883946,1.0,2.349804696642339,2.127117328479029,1.0,106.49314885183081,106.4622222903754,106.4,0.011749023483211695,0.010635586642395145,0.005,106.4813998283476,106.451586703733,106.39500000000001,106.50489787531401,106.47285787701779,106.405,106.405,106.4813998283476,0.07639982834760417,0.000718043499507558,MUB,TFI,2026-07-20,False,2209.0,1999.0,940.0,0.0,0.0,0.0,,,0.0,0.0,0.0,False,True,False,0.0,,,0.0,0.0,0.0,0.0,0.0,0.0,0.0,0.0,0.0,0.0,0.0,0.0,0.0,0.0,-0.0,-0.0,-0.0,-0.0,-0.0,-0.0,0.0,-0.0,-0.0,-0.0,0.0,0.0,82.02000000000864
45.23,49.95,106.17,-0.09000000000000341,-0.09999999999999432,-0.23000000000000398,2.3473358390448817,2.1255255255255254,1.0,2.3495578606860152,2.126930842501467,1.0,2.3496861420860813,2.1270383885883946,1.0,106.27630420655345,106.24556750999031,106.17,0.011748430710430406,0.010635191942941973,0.005,106.26455577584302,106.23493231804737,106.165,106.28805263726387,106.25620270193325,106.175,106.175,106.26455577584302,0.08955577584302432,0.0008435130059623653,MUB,TFI,2026-07-21,False,2213.0,2004.0,942.0,0.0,0.0,0.0,,,0.0,0.0,0.0,False,True,False,0.0,,,0.0,0.0,0.0,0.0,0.0,0.0,0.0,0.0,0.0,0.0,0.0,0.0,0.0,0.0,-0.0,-0.0,-0.0,-0.0,-0.0,-0.0,0.0,-0.0,-0.0,-0.0,0.0,0.0,82.02000000000864
45.1,49.81,105.88,-0.12999999999999545,-0.14000000000000057,-0.29000000000000625,2.347671840354767,2.12567757478418,1.0,2.349357589515856,2.126869291932725,1.0,2.3495578606860152,2.126930842501467,1.0,105.96505951693929,105.94242526499808,105.88,0.011747789303430076,0.010634654212507335,0.005,105.95331172763586,105.93179061078557,105.875,105.97680730624272,105.95305991921059,105.88499999999999,105.88499999999999,105.95331172763586,0.0683117276358729,0.0006451806539088865,MUB,TFI,2026-07-22,False,2218.0,2008.0,944.0,0.0,0.0,0.0,,,0.0,0.0,0.0,False,True,False,0.0,,,0.0,0.0,0.0,0.0,0.0,0.0,0.0,0.0,0.0,0.0,0.0,0.0,0.0,0.0,-0.0,-0.0,-0.0,-0.0,-0.0,-0.0,0.0,-0.0,-0.0,-0.0,0.0,0.0,82.02000000000864
44.84,49.51,105.26,-0.259999999999998,-0.30000000000000426,-0.6199999999999903,2.347457627118644,2.12603514441527,1.0,2.3491850759910182,2.1267539368540227,1.0,2.349357589515856,2.126869291932725,1.0,105.345194313891,105.3012986435892,105.26,0.01174678794757928,0.010634346459663624,0.005,105.33344752594343,105.29066429712954,105.25500000000001,105.35694110183857,105.31193299004887,105.265,105.265,105.33344752594343,0.06844752594342651,0.0006502710045926896,MUB,TFI,2026-07-23,False,2232.0,2021.0,950.0,0.0,0.0,0.0,,,0.0,0.0,0.0,False,True,False,0.0,,,0.0,0.0,0.0,0.0,0.0,0.0,0.0,0.0,0.0,0.0,0.0,0.0,0.0,0.0,-0.0,-0.0,-0.0,-0.0,-0.0,-0.0,0.0,-0.0,-0.0,-0.0,0.0,0.0,82.02000000000864
44.89,49.61,105.55,0.04999999999999716,0.10000000000000142,0.28999999999999204,2.3513031855647135,2.1275952428945777,1.0,2.3491250439287774,2.126682086095526,1.0,2.3491850759910182,2.1267539368540227,1.0,105.45491806123681,105.50826280732807,105.55,0.01174592537995509,0.010633769684270114,0.005,105.44317213585686,105.49762903764379,105.545,105.46666398661677,105.51889657701234,105.55499999999999,105.46666398661677,105.545,0.07833601338323604,0.0007421697146682713,TFI,MUB,2026-07-24,False,2225.0,2014.0,947.0,0.0,0.0,0.0,,,0.0,0.0,0.0,False,True,False,0.0,,,0.0,0.0,0.0,0.0,0.0,0.0,0.0,0.0,0.0,0.0,0.0,0.0,0.0,0.0,-0.0,-0.0,-0.0,-0.0,-0.0,-0.0,0.0,0.0,0.0,0.0,0.0,0.0,82.02000000000864
45.02,49.69,105.8,0.13000000000000256,0.0799999999999983,0.25,2.3500666370501997,2.129201046488227,1.0,2.3490584457113575,2.126733910571836,1.0,2.3491250439287774,2.126682086095526,1.0,105.75760947767357,105.67483285808669,105.8,0.011745625219643887,0.01063341043047763,0.005,105.74586385245392,105.66419944765622,105.795,105.76935510289321,105.68546626851716,105.80499999999999,105.68546626851716,105.795,0.10953373148284129,0.0010352904677017136,VTEB,MUB,2026-07-27,False,2220.0,2010.0,945.0,0.0,0.0,0.0,,,0.0,0.0,0.0,False,True,False,0.0,,,0.0,0.0,0.0,0.0,0.0,0.0,0.0,0.0,0.0,0.0,0.0,0.0,0.0,0.0,-0.0,-0.0,-0.0,-0.0,-0.0,-0.0,0.0,0.0,0.0,0.0,0.0,0.0,82.02000000000864
45.09,49.77,106.0,0.07000000000000028,0.0800000000000054,0.20000000000000284,2.3508538478598355,2.129797066505927,1.0,2.3490394703462174,2.126875027720197,1.0,2.3490584457113575,2.126733910571836,1.0,105.91904531712511,105.84754672916029,106.0,0.011745292228556787,0.01063366955285918,0.005,105.90730002489656,105.83691305960743,105.995,105.93079060935366,105.85818039871315,106.005,105.85818039871315,105.995,0.13681960128685944,0.0012907509555364098,VTEB,MUB,2026-07-28,False,2215.0,2006.0,943.0,0.0,0.0,0.0,,,0.0,0.0,0.0,False,True,False,0.0,,,0.0,0.0,0.0,0.0,0.0,0.0,0.0,0.0,0.0,0.0,0.0,0.0,0.0,0.0,-0.0,-0.0,-0.0,-0.0,-0.0,-0.0,0.0,0.0,0.0,0.0,0.0,0.0,82.02000000000864
45.0,49.7,105.77,-0.09000000000000341,-0.07000000000000028,-0.23000000000000398,2.3504444444444443,2.1281690140845066,1.0,2.3490726095990073,2.1268975551345846,1.0,2.3490394703462174,2.126875027720197,1.0,105.70677616557978,105.70568887769379,105.77,0.011745197351731088,0.010634375138600985,0.005,105.69503096822805,105.69505450255518,105.765,105.71852136293151,105.7163232528324,105.77499999999999,105.7163232528324,105.765,0.04867674716760462,0.0004602131716706497,VTEB,MUB,2026-07-29,False,2220.0,2010.0,945.0,0.0,0.0,0.0,,,0.0,0.0,0.0,False,True,False,0.0,,,0.0,0.0,0.0,0.0,0.0,0.0,0.0,0.0,0.0,0.0,0.0,0.0,0.0,0.0,-0.0,-0.0,-0.0,-0.0,-0.0,-0.0,0.0,-0.0,-0.0,-0.0,0.0,0.0,82.02000000000864
45.0,49.65,105.76,0.0,-0.05000000000000426,-0.009999999999990905,2.3502222222222224,2.130110775427996,1.0,2.348989505109768,2.1270626936682193,1.0,2.3490726095990073,2.1268975551345846,1.0,105.70826743195533,105.60046361243212,105.76,0.011745363047995037,0.010634487775672923,0.005,105.69652206890734,105.58982912465645,105.75500000000001,105.72001279500333,105.6110981002078,105.765,105.6110981002078,105.75500000000001,0.1439018997922119,0.0013606457998507177,VTEB,MUB,2026-07-30,False,2222.0,2012.0,946.0,0.0,0.0,0.0,,,0.0,0.0,0.0,False,True,False,0.0,,,0.0,0.0,0.0,0.0,0.0,0.0,0.0,0.0,0.0,0.0,0.0,0.0,0.0,0.0,-0.0,-0.0,-0.0,-0.0,-0.0,-0.0,0.0,0.0,-0.0,-0.0,0.0,0.0,82.02000000000864
44.9,49.6,105.64,-0.10000000000000142,-0.04999999999999716,-0.12000000000000455,2.352783964365256,2.1298387096774194,1.0,2.349090981919765,2.1271821771433825,1.0,2.348989505109768,2.1270626936682193,1.0,105.46962877942858,105.50230960594368,105.64,0.01174494752554884,0.010635313468341097,0.005,105.45788383190303,105.49167429247534,105.635,105.48137372695412,105.51294491941202,105.645,105.48137372695412,105.635,0.15362627304588727,0.001454243402554783,TFI,MUB,2026-07-31,False,2224.0,2014.0,947.0,0.0,0.0,0.0,,,0.0,0.0,0.0,False,True,False,0.0,,,0.0,0.0,0.0,0.0,0.0,0.0,0.0,0.0,0.0,0.0,0.0,0.0,0.0,0.0,-0.0,-0.0,-0.0,-0.0,-0.0,-0.0,0.0,-0.0,-0.0,-0.0,0.0,0.0,82.02000000000864
