BNDX_price,IAGG_price,BNDX_price_chg,IAGG_price_chg,IAGG/BNDX,IAGG/IAGG,IAGG/BNDX_moving_avg,IAGG/IAGG_moving_avg,IAGG/BNDX_prev_moving_avg,IAGG/IAGG_prev_moving_avg,BNDX_scaled_price,IAGG_scaled_price,BNDX_scaled_comm,IAGG_scaled_comm,BNDX_scaled_price_minus_comm,IAGG_scaled_price_minus_comm,BNDX_scaled_price_plus_comm,IAGG_scaled_price_plus_comm,min_price_plus_comm,max_price_minus_comm,tgt_max-min,tgt_pct_diff,tgt_min_price_etf,tgt_max_price_etf,date,ex_div_date,BNDX_shs_per_unit,IAGG_shs_per_unit,BNDX_current_shs,IAGG_current_shs,current_long_etf,current_short_etf,current_max-min,current_pct_diff,current_position,open_trade,exit_trade,flatten_for_div,tgt_position,tgt_long_etf,tgt_short_etf,BNDX_tgt_shs,IAGG_tgt_shs,BNDX_tgt_inv_amt,IAGG_tgt_inv_amt,gross_inv_amt,net_inv_amt,BNDX_shs_to_trade,IAGG_shs_to_trade,BNDX_shs_to_buy,IAGG_shs_to_buy,BNDX_shs_to_sell,IAGG_shs_to_sell,BNDX_daily_comm,IAGG_daily_comm,daily_comm,BNDX_daily_profit,IAGG_daily_profit,daily_gross_profit,daily_net_profit,cumulative_net_profit
48.31,50.05,,,1.036017387704409,1.0,,,,,,,,,,,,,,,,,,,2026-01-02,False,,,,,,,,,,False,False,False,,,,,,,,,,,,,,,,,,,,,,,
48.38,50.09,0.07000000000000028,0.04000000000000625,1.0353451839603143,1.0,,,,,,,,,,,,,,,,,,,2026-01-05,False,,,,,,,,,,False,False,False,,,,,,,,,,,,,,,,,,,,,,,
48.44,50.16,0.05999999999999517,0.06999999999999318,1.0355078447563997,1.0,,,,,,,,,,,,,,,,,,,2026-01-06,False,,,,,,,,,,False,False,False,,,,,,,,,,,,,,,,,,,,,,,
48.53,50.22,0.09000000000000341,0.060000000000002274,1.0348238203173294,1.0,,,,,,,,,,,,,,,,,,,2026-01-07,False,,,,,,,,,,False,False,False,,,,,,,,,,,,,,,,,,,,,,,
48.53,50.21,0.0,-0.00999999999999801,1.034617762208943,1.0,,,,,,,,,,,,,,,,,,,2026-01-08,False,,,,,,,,,,False,False,False,,,,,,,,,,,,,,,,,,,,,,,
48.54,50.25,0.00999999999999801,0.03999999999999915,1.0352286773794808,1.0,,,,,,,,,,,,,,,,,,,2026-01-09,False,,,,,,,,,,False,False,False,,,,,,,,,,,,,,,,,,,,,,,
48.58,50.28,0.03999999999999915,0.030000000000001137,1.034993824619185,1.0,,,,,,,,,,,,,,,,,,,2026-01-12,False,,,,,,,,,,False,False,False,,,,,,,,,,,,,,,,,,,,,,,
48.54,50.23,-0.03999999999999915,-0.05000000000000426,1.034816646065101,1.0,,,,,,,,,,,,,,,,,,,2026-01-13,False,,,,,,,,,,False,False,False,,,,,,,,,,,,,,,,,,,,,,,
48.61,50.27,0.07000000000000028,0.04000000000000625,1.0341493519851883,1.0,,,,,,,,,,,,,,,,,,,2026-01-14,False,,,,,,,,,,False,False,False,,,,,,,,,,,,,,,,,,,,,,,
48.59,50.25,-0.01999999999999602,-0.020000000000003126,1.0341634081086644,1.0,,,,,,,,,,,,,,,,,,,2026-01-15,False,,,,,,,,,,False,False,False,,,,,,,,,,,,,,,,,,,,,,,
48.54,50.23,-0.05000000000000426,-0.020000000000003126,1.034816646065101,1.0,,,,,,,,,,,,,,,,,,,2026-01-16,False,,,,,,,,,,False,False,False,,,,,,,,,,,,,,,,,,,,,,,
48.39,50.12,-0.14999999999999858,-0.10999999999999943,1.0357511882620376,1.0,,,,,,,,,,,,,,,,,,,2026-01-20,False,,,,,,,,,,False,False,False,,,,,,,,,,,,,,,,,,,,,,,
48.43,50.17,0.03999999999999915,0.05000000000000426,1.035928143712575,1.0,,,,,,,,,,,,,,,,,,,2026-01-21,False,,,,,,,,,,False,False,False,,,,,,,,,,,,,,,,,,,,,,,
48.47,50.19,0.03999999999999915,0.01999999999999602,1.0354858675469363,1.0,,,,,,,,,,,,,,,,,,,2026-01-22,False,,,,,,,,,,False,False,False,,,,,,,,,,,,,,,,,,,,,,,
48.45,50.16,-0.01999999999999602,-0.030000000000001137,1.0352941176470587,1.0,,,,,,,,,,,,,,,,,,,2026-01-23,False,,,,,,,,,,False,False,False,,,,,,,,,,,,,,,,,,,,,,,
48.53,50.23,0.0799999999999983,0.07000000000000028,1.035029878425716,1.0,,,,,,,,,,,,,,,,,,,2026-01-26,False,,,,,,,,,,False,False,False,,,,,,,,,,,,,,,,,,,,,,,
48.52,50.22,-0.00999999999999801,-0.00999999999999801,1.0350370981038746,1.0,,,,,,,,,,,,,,,,,,,2026-01-27,False,,,,,,,,,,False,False,False,,,,,,,,,,,,,,,,,,,,,,,
48.51,50.27,-0.010000000000005116,0.05000000000000426,1.0362811791383222,1.0,,,,,,,,,,,,,,,,,,,2026-01-28,False,,,,,,,,,,False,False,False,,,,,,,,,,,,,,,,,,,,,,,
48.67,50.32,0.1600000000000037,0.04999999999999716,1.033901787548798,1.0,,,,,,,,,,,,,,,,,,,2026-01-29,False,,,,,,,,,,False,False,False,,,,,,,,,,,,,,,,,,,,,,,
48.57,50.3,-0.10000000000000142,-0.020000000000003126,1.0356186946674901,1.0,1.035140425411146,1.0,,,,,,,,,,,,,,,,,2026-01-30,False,,,,,,,,,,False,False,False,0.0,,,0.0,0.0,,,,,,,,,,,,,,,,,,
48.43,50.18,-0.14000000000000057,-0.11999999999999744,1.03613462729713,1.0,1.0351462873907822,1.0,1.035140425411146,1.0,50.1318508026618,50.18,0.00517570212705573,0.005,50.12667510053475,50.175,50.13702650478886,50.185,50.13702650478886,50.175,0.03797349521114057,0.0007567456199908444,BNDX,IAGG,2026-02-02,True,2063.0,1993.0,0.0,0.0,,,0.0,0.0,0.0,False,False,False,-0.0,,,0.0,0.0,0.0,0.0,,,0.0,0.0,0.0,0.0,-0.0,-0.0,-0.0,-0.0,0.0,-0.0,-0.0,0.0,0.0,0.0
48.41,50.16,-0.020000000000003126,-0.020000000000003126,1.036149555876885,1.0,1.0351865059866108,1.0,1.0351462873907822,1.0,50.111431772587764,50.16,0.005175731436953911,0.005,50.10625604115081,50.154999999999994,50.11660750402472,50.165,50.11660750402472,50.154999999999994,0.03839249597527328,0.0007654006374655757,BNDX,IAGG,2026-02-03,False,2064.0,1994.0,0.0,0.0,,,0.0,0.0,-0.0,False,False,True,0.0,,,0.0,0.0,0.0,0.0,0.0,0.0,0.0,0.0,0.0,0.0,-0.0,-0.0,-0.0,-0.0,0.0,-0.0,-0.0,0.0,0.0,0.0
48.48,50.14,0.07000000000000028,-0.01999999999999602,1.0342409240924093,1.0,1.0351231599534112,1.0,1.0351865059866108,1.0,50.18584181023089,50.14,0.005175932529933054,0.005,50.18066587770096,50.135,50.19101774276082,50.145,50.145,50.18066587770096,0.03566587770095708,0.0007113258416624867,IAGG,BNDX,2026-02-04,False,2064.0,1994.0,0.0,0.0,,,0.0,0.0,0.0,False,False,False,-0.0,,,0.0,0.0,0.0,0.0,0.0,0.0,0.0,0.0,0.0,0.0,-0.0,-0.0,-0.0,-0.0,0.0,0.0,-0.0,0.0,0.0,0.0
48.54,50.22,0.060000000000002274,0.0799999999999983,1.034610630407911,1.0,1.0351125004579402,1.0,1.0351231599534112,1.0,50.24487818413858,50.22,0.005175615799767056,0.005,50.239702568338814,50.214999999999996,50.25005379993834,50.225,50.225,50.239702568338814,0.014702568338812227,0.0002927632086581487,IAGG,BNDX,2026-02-05,False,2061.0,1991.0,0.0,0.0,,,0.0,0.0,-0.0,False,True,False,0.0,,,0.0,0.0,0.0,0.0,0.0,0.0,0.0,0.0,0.0,0.0,-0.0,-0.0,-0.0,-0.0,0.0,0.0,0.0,0.0,0.0,0.0
48.55,50.23,0.00999999999999801,0.00999999999999801,1.0346035015447992,1.0,1.0351117874247333,1.0,1.0351125004579402,1.0,50.254711897232994,50.23,0.005175562502289701,0.005,50.249536334730706,50.224999999999994,50.25988745973528,50.235,50.235,50.249536334730706,0.014536334730706812,0.0002893954754271713,IAGG,BNDX,2026-02-06,False,2061.0,1991.0,0.0,0.0,,,0.0,0.0,0.0,False,True,False,0.0,,,0.0,0.0,0.0,0.0,0.0,0.0,0.0,0.0,0.0,0.0,-0.0,-0.0,-0.0,-0.0,0.0,0.0,0.0,0.0,0.0,0.0
48.57,50.25,0.020000000000003126,0.020000000000003126,1.0345892526250773,1.0,1.035079816187013,1.0,1.0351117874247333,1.0,50.2753795152193,50.25,0.005175558937123666,0.005,50.270203956282174,50.245,50.280555074156425,50.255,50.255,50.270203956282174,0.015203956282171305,0.0003025662941725633,IAGG,BNDX,2026-02-09,False,2060.0,1990.0,0.0,0.0,,,0.0,0.0,0.0,False,True,False,0.0,,,0.0,0.0,0.0,0.0,0.0,0.0,0.0,0.0,0.0,0.0,-0.0,-0.0,-0.0,-0.0,0.0,0.0,0.0,0.0,0.0,0.0
48.68,50.31,0.10999999999999943,0.060000000000002274,1.0334839769926047,1.0,1.0350043238056839,1.0,1.035079816187013,1.0,50.38768545198379,50.31,0.005175399080935065,0.005,50.38251005290286,50.305,50.392860851064725,50.315000000000005,50.315000000000005,50.38251005290286,0.06751005290285406,0.0013418813934178901,IAGG,BNDX,2026-02-10,False,2058.0,1988.0,0.0,0.0,,,0.0,0.0,0.0,True,False,False,1.0,IAGG,BNDX,-2058.0,1988.0,0.0,0.0,0.0,0.0,-2058.0,1988.0,0.0,1988.0,2058.0,-0.0,-10.290000000000001,-9.94,-20.23,0.0,0.0,0.0,-20.23,-20.23
48.69,50.38,0.00999999999999801,0.07000000000000028,1.0347093859108647,1.0,1.0349989607979722,1.0,1.0350043238056839,1.0,50.394360526098744,50.38,0.00517502161902842,0.005,50.38918550447971,50.375,50.399535547717775,50.385000000000005,50.385000000000005,50.38918550447971,0.004185504479707447,8.307869153845666e-05,IAGG,BNDX,2026-02-11,False,2054.0,1985.0,-2058.0,1988.0,IAGG,BNDX,0.004185504479707447,8.307869153845666e-05,1.0,False,True,False,0.0,,,0.0,0.0,-100183.44,100016.28,200199.72,-167.1600000000035,2058.0,-1988.0,2058.0,0.0,-0.0,1988.0,-10.290000000000001,-9.94,-20.23,-20.579999999995906,139.16000000000057,118.58000000000466,98.35000000000466,78.12000000000465
48.8,50.47,0.10999999999999943,0.0899999999999963,1.03422131147541,1.0,1.0350025587724834,1.0,1.0349989607979722,1.0,50.50794928694104,50.47,0.005174994803989861,0.005,50.502774292137055,50.464999999999996,50.51312428174503,50.475,50.475,50.502774292137055,0.02777429213705318,0.0005503129014672712,IAGG,BNDX,2026-02-12,False,2050.0,1981.0,0.0,0.0,,,0.0,0.0,0.0,False,False,False,-0.0,,,0.0,0.0,0.0,0.0,0.0,0.0,0.0,0.0,0.0,0.0,-0.0,-0.0,-0.0,-0.0,0.0,0.0,0.0,0.0,0.0,78.12000000000465
48.81,50.52,0.010000000000005116,0.05000000000000426,1.0350338045482483,1.0,1.0350460785944624,1.0,1.0350025587724834,1.0,50.51847489368492,50.52,0.005175012793862417,0.005,50.513299880891054,50.515,50.52364990647878,50.525000000000006,50.52364990647878,50.515,-0.008649906478780167,-0.00017121746790934613,BNDX,IAGG,2026-02-13,False,2048.0,1979.0,0.0,0.0,,,0.0,0.0,-0.0,False,True,False,0.0,,,0.0,0.0,0.0,0.0,0.0,0.0,0.0,0.0,0.0,0.0,-0.0,-0.0,-0.0,-0.0,0.0,0.0,0.0,0.0,0.0,78.12000000000465
48.9,50.58,0.0899999999999963,0.05999999999999517,1.034355828220859,1.0,1.0350230377022505,1.0,1.0350460785944624,1.0,50.61375324326921,50.58,0.005175230392972312,0.005,50.60857801287624,50.574999999999996,50.61892847366218,50.585,50.585,50.60857801287624,0.023578012876235732,0.00046615288406950836,IAGG,BNDX,2026-02-17,False,2046.0,1977.0,0.0,0.0,,,0.0,0.0,0.0,False,False,False,-0.0,,,0.0,0.0,0.0,0.0,0.0,0.0,0.0,0.0,0.0,0.0,-0.0,-0.0,-0.0,-0.0,0.0,0.0,0.0,0.0,0.0,78.12000000000465
48.9,50.56,0.0,-0.01999999999999602,1.0339468302658488,1.0,1.034932819802441,1.0,1.0350230377022505,1.0,50.61262654364005,50.56,0.005175115188511253,0.005,50.60745142845153,50.555,50.61780165882856,50.565000000000005,50.565000000000005,50.60745142845153,0.04245142845152827,0.0008396247715887711,IAGG,BNDX,2026-02-18,False,2047.0,1978.0,0.0,0.0,,,0.0,0.0,-0.0,False,False,False,0.0,,,0.0,0.0,0.0,0.0,0.0,0.0,0.0,0.0,0.0,0.0,-0.0,-0.0,-0.0,-0.0,0.0,0.0,-0.0,0.0,0.0,78.12000000000465
48.93,50.6,0.030000000000001137,0.03999999999999915,1.0341303903535664,1.0,1.0348429321344903,1.0,1.034932819802441,1.0,50.639262872933436,50.6,0.005174664099012205,0.005,50.63408820883443,50.595,50.644437537032445,50.605000000000004,50.605000000000004,50.63408820883443,0.029088208834423313,0.0005748657872415674,IAGG,BNDX,2026-02-19,False,2045.0,1976.0,0.0,0.0,,,0.0,0.0,0.0,False,False,False,-0.0,,,0.0,0.0,0.0,0.0,0.0,0.0,0.0,0.0,0.0,0.0,-0.0,-0.0,-0.0,-0.0,0.0,0.0,0.0,0.0,0.0,78.12000000000465
48.98,50.66,0.04999999999999716,0.05999999999999517,1.0342997141690486,1.0,1.0347836244655961,1.0,1.0348429321344903,1.0,50.68660681594733,50.66,0.0051742146606724515,0.005,50.68143260128666,50.654999999999994,50.691781030608,50.665,50.665,50.68143260128666,0.016432601286659576,0.00032437033728108125,IAGG,BNDX,2026-02-20,False,2043.0,1974.0,0.0,0.0,,,0.0,0.0,-0.0,False,True,False,0.0,,,0.0,0.0,0.0,0.0,0.0,0.0,0.0,0.0,0.0,0.0,-0.0,-0.0,-0.0,-0.0,0.0,0.0,0.0,0.0,0.0,78.12000000000465
49.07,50.72,0.09000000000000341,0.060000000000002274,1.0336254330548196,1.0,1.034700190235984,1.0,1.0347836244655961,1.0,50.776832452526804,50.72,0.005173918122327981,0.005,50.77165853440447,50.714999999999996,50.782006370649135,50.725,50.725,50.77165853440447,0.04665853440447165,0.0009199237855771225,IAGG,BNDX,2026-02-23,False,2041.0,1972.0,0.0,0.0,,,0.0,0.0,0.0,False,False,False,-0.0,,,0.0,0.0,0.0,0.0,0.0,0.0,0.0,0.0,0.0,0.0,-0.0,-0.0,-0.0,-0.0,0.0,0.0,0.0,0.0,0.0,78.12000000000465
49.09,50.72,0.020000000000003126,0.0,1.0332043185984925,1.0,1.034608912244623,1.0,1.034700190235984,1.0,50.79343233868446,50.72,0.0051735009511799206,0.005,50.78825883773328,50.714999999999996,50.79860583963564,50.725,50.725,50.78825883773328,0.06325883773327945,0.0012472168322807463,IAGG,BNDX,2026-02-24,False,2040.0,1972.0,0.0,0.0,,,0.0,0.0,-0.0,True,False,False,1.0,IAGG,BNDX,-2040.0,1972.0,0.0,0.0,0.0,0.0,-2040.0,1972.0,0.0,1972.0,2040.0,-0.0,-10.200000000000001,-9.86,-20.060000000000002,0.0,0.0,0.0,-20.060000000000002,58.06000000000465
49.03,50.69,-0.060000000000002274,-0.030000000000001137,1.033856822353661,1.0,1.0345498984571122,1.0,1.034608912244623,1.0,50.726874967353865,50.69,0.005173044561223115,0.005,50.72170192279264,50.684999999999995,50.73204801191509,50.695,50.695,50.72170192279264,0.02670192279263972,0.000526769043058586,IAGG,BNDX,2026-02-25,False,2041.0,1973.0,-2040.0,1972.0,IAGG,BNDX,0.02670192279263972,0.000526769043058586,1.0,False,False,False,-1.0,IAGG,BNDX,-2041.0,1973.0,-100143.6,100019.84,200163.44,-123.76000000000931,-1.0,1.0,0.0,1.0,1.0,-0.0,-0.005,-0.005,-0.01,122.40000000000464,-59.16000000000224,63.2400000000024,63.2300000000024,121.29000000000704
49.11,50.74,0.0799999999999983,0.05000000000000426,1.0331907961718592,1.0,1.0343953793087892,1.0,1.0345498984571122,1.0,50.80674551322878,50.74,0.005172749492285561,0.005,50.801572763736495,50.735,50.81191826272107,50.745000000000005,50.745000000000005,50.801572763736495,0.05657276373649012,0.0011149539561783625,IAGG,BNDX,2026-02-26,False,2039.0,1971.0,-2041.0,1973.0,IAGG,BNDX,0.0,0.0,-1.0,True,False,False,1.0,IAGG,BNDX,-2039.0,1971.0,-100070.23,100011.37,200081.59999999998,-58.86000000000058,2.0,-2.0,2.0,0.0,-0.0,2.0,-0.01,-0.01,-0.02,-163.2799999999965,98.65000000000842,-64.62999999998809,-64.64999999998808,56.64000000001896
49.2,50.86,0.09000000000000341,0.11999999999999744,1.033739837398374,1.0,1.0343872818012678,1.0,1.0343953793087892,1.0,50.89225266199243,50.86,0.005171976896543946,0.005,50.88708068509589,50.855,50.89742463888897,50.865,50.865,50.88708068509589,0.022080685095886565,0.00043414638411102174,IAGG,BNDX,2026-02-27,False,2034.0,1966.0,-2039.0,1971.0,IAGG,BNDX,0.022080685095886565,0.00043414638411102174,1.0,False,False,False,-1.0,IAGG,BNDX,-2034.0,1966.0,-100135.29,100008.54000000001,200143.83000000002,-126.74999999998545,5.0,-5.0,5.0,0.0,-0.0,5.0,-0.025,-0.025,-0.05,-183.51000000000695,236.51999999999495,53.009999999988,52.959999999988,109.60000000000696
48.93,50.66,-0.2700000000000031,-0.20000000000000284,1.0353566319231555,1.0,1.0343741786640512,1.0,1.0343872818012678,1.0,50.612569698536035,50.66,0.0051719364090063395,0.005,50.60739776212703,50.654999999999994,50.61774163494504,50.665,50.61774163494504,50.654999999999994,0.03725836505495295,0.0007354592391423796,BNDX,IAGG,2026-03-02,True,2042.0,1974.0,-2034.0,1966.0,IAGG,BNDX,0.0,0.0,-1.0,False,False,False,1.0,BNDX,IAGG,2042.0,-1974.0,-100072.8,99990.76,200063.56,-82.04000000000815,4076.0,-3940.0,4076.0,0.0,-0.0,3940.0,-20.38,-19.7,-40.08,549.1800000000063,-393.2000000000056,155.9800000000007,115.9000000000007,225.50000000000767
48.83,50.6,-0.10000000000000142,-0.05999999999999517,1.0362482080688102,1.0,1.034379857702635,1.0,1.0343741786640512,1.0,50.50849114416562,50.6,0.005171870893320257,0.005,50.5033192732723,50.595,50.51366301505894,50.605000000000004,50.51366301505894,50.595,0.08133698494106056,0.0016074502952778767,BNDX,IAGG,2026-03-03,False,2044.0,1976.0,2042.0,-1974.0,BNDX,IAGG,0.08133698494106056,0.0016074502952778767,1.0,True,False,True,0.0,,,0.0,0.0,99915.06,-100002.84,199917.9,-87.77999999999884,-2042.0,1974.0,0.0,1974.0,2042.0,-0.0,-10.21,-9.870000000000001,-20.080000000000002,-204.2000000000029,118.43999999999046,-85.76000000001243,-105.84000000001242,119.65999999999525
48.77,50.6,-0.05999999999999517,0.0,1.0375230674595037,1.0,1.0344485332817661,1.0,1.034379857702635,1.0,50.44670566015751,50.6,0.005171899288513176,0.005,50.441533760869,50.595,50.451877559446025,50.605000000000004,50.451877559446025,50.595,0.14312244055397372,0.002828506730315686,BNDX,IAGG,2026-03-04,False,2044.0,1976.0,0.0,0.0,,,0.0,0.0,0.0,True,False,False,1.0,BNDX,IAGG,2044.0,-1976.0,0.0,0.0,0.0,0.0,2044.0,-1976.0,2044.0,0.0,-0.0,1976.0,-10.22,-9.88,-20.1,-0.0,0.0,0.0,-20.1,99.55999999999526
48.58,50.41,-0.19000000000000483,-0.19000000000000483,1.0376698229724166,1.0,1.0346199782257666,1.0,1.0344485332817661,1.0,50.25350974682819,50.41,0.0051722426664088305,0.005,50.24833750416178,50.404999999999994,50.258681989494605,50.415,50.258681989494605,50.404999999999994,0.1463180105053894,0.0029025592244671574,BNDX,IAGG,2026-03-05,False,2052.0,1984.0,2044.0,-1976.0,BNDX,IAGG,0.1463180105053894,0.0029025592244671574,1.0,True,False,False,1.0,BNDX,IAGG,2052.0,-1984.0,99685.88,-99985.6,199671.48,-299.72000000000116,8.0,-8.0,8.0,0.0,-0.0,8.0,-0.04,-0.04,-0.08,-388.3600000000099,375.44000000000955,-12.920000000000357,-13.000000000000357,86.5599999999949
48.44,50.34,-0.14000000000000057,-0.06999999999999318,1.0392237819983485,1.0,1.0348506358052885,1.0,1.0346199782257666,1.0,50.11699174525613,50.34,0.005173099891128833,0.005,50.111818645365,50.335,50.12216484514726,50.345000000000006,50.12216484514726,50.335,0.21283515485274052,0.004227953016542323,BNDX,IAGG,2026-03-06,False,2055.0,1986.0,2052.0,-1984.0,BNDX,IAGG,0.21283515485274052,0.004227953016542323,1.0,True,False,False,1.0,BNDX,IAGG,2055.0,-1986.0,99686.16,-100013.43999999999,199699.59999999998,-327.2799999999843,3.0,-2.0,3.0,0.0,-0.0,2.0,-0.015,-0.01,-0.025,-287.28000000000117,138.87999999998647,-148.4000000000147,-148.4250000000147,-61.865000000019805
48.51,50.37,0.07000000000000028,0.02999999999999403,1.0383426097711812,1.0,1.0350375912166074,1.0,1.0348506358052885,1.0,50.20060434291454,50.37,0.005174253179026442,0.005,50.19543008973551,50.364999999999995,50.205778596093566,50.375,50.205778596093566,50.364999999999995,0.1592214039064288,0.0031610364087041654,BNDX,IAGG,2026-03-09,False,2054.0,1985.0,2055.0,-1986.0,BNDX,IAGG,0.1592214039064288,0.0031610364087041654,1.0,True,False,False,1.0,BNDX,IAGG,2054.0,-1985.0,99544.2,-99975.24,199519.44,-431.04000000000815,-1.0,1.0,0.0,1.0,1.0,-0.0,-0.005,-0.005,-0.01,143.8500000000006,-59.579999999988146,84.27000000001244,84.26000000001244,22.394999999992635
48.47,50.31,-0.03999999999999915,-0.05999999999999517,1.0379616257478854,1.0,1.035206209872748,1.0,1.0350375912166074,1.0,50.16827204626896,50.31,0.005175187956083037,0.005,50.163096858312876,50.305,50.173447234225044,50.315000000000005,50.173447234225044,50.305,0.13155276577495556,0.0026148432871189735,BNDX,IAGG,2026-03-10,False,2058.0,1988.0,2054.0,-1985.0,BNDX,IAGG,0.13155276577495556,0.0026148432871189735,1.0,True,False,False,1.0,BNDX,IAGG,2058.0,-1988.0,99639.54,-99984.45,199623.99,-344.9100000000035,4.0,-3.0,4.0,0.0,-0.0,3.0,-0.02,-0.015,-0.035,-82.15999999999825,119.09999999999042,36.93999999999217,36.90499999999217,59.299999999984806
48.25,50.15,-0.21999999999999886,-0.1600000000000037,1.039378238341969,1.0,1.0355009229402161,1.0,1.035206209872748,1.0,49.94869962636009,50.15,0.00517603104936374,0.005,49.94352359531072,50.144999999999996,49.953875657409455,50.155,49.953875657409455,50.144999999999996,0.19112434259054112,0.0038110536907386065,BNDX,IAGG,2026-03-11,False,2064.0,1994.0,2058.0,-1988.0,BNDX,IAGG,0.19112434259054112,0.0038110536907386065,1.0,True,False,False,1.0,BNDX,IAGG,2064.0,-1994.0,99751.26,-100016.28,199767.53999999998,-265.0200000000041,6.0,-6.0,6.0,0.0,-0.0,6.0,-0.03,-0.03,-0.06,-452.75999999999766,318.0800000000073,-134.67999999999034,-134.73999999999035,-75.44000000000554
48.08,50.02,-0.1700000000000017,-0.12999999999999545,1.0403494176372714,1.0,1.0357829245265364,1.0,1.0355009229402161,1.0,49.78688437496559,50.02,0.00517750461470108,0.005,49.78170687035089,50.015,49.79206187958029,50.025000000000006,49.79206187958029,50.015,0.2229381204197125,0.0044569796165476305,BNDX,IAGG,2026-03-12,False,2070.0,1999.0,2064.0,-1994.0,BNDX,IAGG,0.2229381204197125,0.0044569796165476305,1.0,True,False,False,1.0,BNDX,IAGG,2070.0,-1999.0,99588.0,-99999.09999999999,199587.09999999998,-411.09999999999127,6.0,-5.0,6.0,0.0,-0.0,5.0,-0.03,-0.025,-0.055,-350.8800000000035,259.21999999999093,-91.66000000001259,-91.7150000000126,-167.15500000001813
48.0,49.96,-0.0799999999999983,-0.060000000000002274,1.0408333333333333,1.0,1.0361135256194325,1.0,1.0357829245265364,1.0,49.71758037727375,49.96,0.005178914622632682,0.005,49.712401462651115,49.955,49.72275929189638,49.965,49.72275929189638,49.955,0.23224070810361752,0.004648532988463121,BNDX,IAGG,2026-03-13,False,2074.0,2002.0,2070.0,-1999.0,BNDX,IAGG,0.23224070810361752,0.004648532988463121,1.0,True,False,False,1.0,BNDX,IAGG,2074.0,-2002.0,99525.59999999999,-99989.98000000001,199515.58000000002,-464.3800000000192,4.0,-3.0,4.0,0.0,-0.0,3.0,-0.02,-0.015,-0.035,-165.59999999999647,119.94000000000455,-45.659999999991925,-45.69499999999192,-212.85000000001006
48.22,50.13,0.21999999999999886,0.1700000000000017,1.0396101202820407,1.0,1.0363423414061221,1.0,1.0361135256194325,1.0,49.96139420536903,50.13,0.0051805676280971625,0.005,49.95621363774094,50.125,49.96657477299713,50.135000000000005,49.96657477299713,50.125,0.15842522700287276,0.0031602877917987784,BNDX,IAGG,2026-03-16,False,2067.0,1995.0,2074.0,-2002.0,BNDX,IAGG,0.15842522700287276,0.0031602877917987784,1.0,True,False,False,1.0,BNDX,IAGG,2067.0,-1995.0,99552.0,-100019.92,199571.91999999998,-467.91999999999825,-7.0,7.0,0.0,7.0,7.0,-0.0,-0.035,-0.035,-0.07,456.27999999999764,-340.34000000000344,115.9399999999942,115.8699999999942,-96.98000000001585
48.3,50.14,0.0799999999999983,0.00999999999999801,1.0380952380952382,1.0,1.0365293118998413,1.0,1.0363423414061221,1.0,50.055335089915694,50.14,0.005181711707030611,0.005,50.05015337820866,50.135,50.060516801622725,50.145,50.060516801622725,50.135,0.07448319837727269,0.001485504554792036,BNDX,IAGG,2026-03-17,False,2066.0,1994.0,2067.0,-1995.0,BNDX,IAGG,0.07448319837727269,0.001485504554792036,1.0,True,False,False,1.0,BNDX,IAGG,2066.0,-1994.0,99670.73999999999,-100009.35,199680.09,-338.61000000001513,-1.0,1.0,0.0,1.0,1.0,-0.0,-0.005,-0.005,-0.01,165.3599999999965,-19.94999999999603,145.41000000000045,145.40000000000046,48.41999999998461
48.11,50.04,-0.18999999999999773,-0.10000000000000142,1.0401163999168572,1.0,1.0368377903823915,1.0,1.0365293118998413,1.0,49.86742519550137,50.04,0.0051826465594992065,0.005,49.86224254894187,50.035,49.872607842060866,50.045,49.872607842060866,50.035,0.16239215793913075,0.003245246961213644,BNDX,IAGG,2026-03-18,False,2071.0,1998.0,2066.0,-1994.0,BNDX,IAGG,0.16239215793913075,0.003245246961213644,1.0,True,False,False,1.0,BNDX,IAGG,2071.0,-1998.0,99787.79999999999,-99979.16,199766.96,-191.36000000001513,5.0,-4.0,5.0,0.0,-0.0,4.0,-0.025,-0.02,-0.045,-392.5399999999953,199.40000000000282,-193.13999999999248,-193.18499999999247,-144.76500000000786
48.13,50.08,0.020000000000003126,0.03999999999999915,1.0405152711406607,1.0,1.0371570344217464,1.0,1.0368377903823915,1.0,49.90300285110451,50.08,0.005184188951911957,0.005,49.897818662152595,50.074999999999996,49.908187040056426,50.085,49.908187040056426,50.074999999999996,0.16681295994357015,0.00333092971133327,BNDX,IAGG,2026-03-19,False,2071.0,1997.0,2071.0,-1998.0,BNDX,IAGG,0.16681295994357015,0.00333092971133327,1.0,True,False,False,1.0,BNDX,IAGG,2071.0,-1997.0,99635.81,-99979.92,199615.72999999998,-344.1100000000006,0.0,1.0,0.0,1.0,-0.0,-0.0,-0.0,-0.005,-0.005,41.420000000006475,-79.9199999999983,-38.49999999999182,-38.504999999991824,-183.2699999999997
47.81,49.74,-0.3200000000000003,-0.3399999999999963,1.0403681238234679,1.0,1.0374604549044675,1.0,1.0371570344217464,1.0,49.5864778157037,49.74,0.005185785172108733,0.005,49.58129203053159,49.735,49.59166360087581,49.745000000000005,49.59166360087581,49.735,0.1433363991241876,0.0028817128895092,BNDX,IAGG,2026-03-20,False,2085.0,2010.0,2071.0,-1997.0,BNDX,IAGG,0.1433363991241876,0.0028817128895092,1.0,True,False,False,1.0,BNDX,IAGG,2085.0,-2010.0,99677.23000000001,-100009.76,199686.99,-332.5299999999843,14.0,-13.0,14.0,0.0,-0.0,13.0,-0.07,-0.065,-0.135,-662.7200000000006,678.9799999999926,16.259999999992033,16.12499999999203,-167.14500000000766
48.01,49.95,0.19999999999999574,0.21000000000000085,1.0404082482816082,1.0,1.0377995956658068,1.0,1.0374604549044675,1.0,49.808476439963485,49.95,0.0051873022745223376,0.005,49.803289137688964,49.945,49.813663742238006,49.955000000000005,49.813663742238006,49.945,0.1313362577619941,0.0026293545097496314,BNDX,IAGG,2026-03-23,False,2077.0,2002.0,2085.0,-2010.0,BNDX,IAGG,0.1313362577619941,0.0026293545097496314,1.0,True,False,False,1.0,BNDX,IAGG,2077.0,-2002.0,99683.85,-99977.40000000001,199661.25,-293.5500000000029,-8.0,8.0,0.0,8.0,8.0,-0.0,-0.04,-0.04,-0.08,416.99999999999113,-422.1000000000017,-5.100000000010596,-5.180000000010596,-172.32500000001826
47.83,49.76,-0.17999999999999972,-0.19000000000000483,1.0403512439891283,1.0,1.0381569419353387,1.0,1.0377995956658068,1.0,49.63795466069554,49.76,0.005188997978329034,0.005,49.63276566271721,49.754999999999995,49.64314365867387,49.765,49.64314365867387,49.754999999999995,0.11185634132612421,0.0022479168272934932,BNDX,IAGG,2026-03-24,False,2086.0,2010.0,2077.0,-2002.0,BNDX,IAGG,0.11185634132612421,0.0022479168272934932,1.0,True,False,False,1.0,BNDX,IAGG,2086.0,-2010.0,99716.76999999999,-99999.90000000001,199716.66999999998,-283.1300000000192,9.0,-8.0,9.0,0.0,-0.0,8.0,-0.045,-0.04,-0.08499999999999999,-373.8599999999994,380.38000000000966,6.5200000000102705,6.4350000000102705,-165.890000000008
48.08,50.01,0.25,0.25,1.0401414309484194,1.0,1.0384711723650764,1.0,1.0381569419353387,1.0,49.91458576825108,50.01,0.005190784709676694,0.005,49.909394983541404,50.004999999999995,49.919776552960755,50.015,49.919776552960755,50.004999999999995,0.08522344703924034,0.0017041281151617745,BNDX,IAGG,2026-03-25,False,2076.0,2000.0,2086.0,-2010.0,BNDX,IAGG,0.08522344703924034,0.0017041281151617745,1.0,True,False,False,1.0,BNDX,IAGG,2076.0,-2000.0,99773.37999999999,-100017.59999999999,199790.97999999998,-244.22000000000116,-10.0,10.0,0.0,10.0,10.0,-0.0,-0.05,-0.05,-0.1,521.5,-502.5,19.0,18.9,-146.990000000008
47.74,49.76,-0.3399999999999963,-0.25,1.0423125261834938,1.0,1.0389272588656582,1.0,1.0384711723650764,1.0,49.57661376870875,49.76,0.005192355861825382,0.005,49.571421412846924,49.754999999999995,49.58180612457057,49.765,49.58180612457057,49.754999999999995,0.17319387542942621,0.0034805843132923275,BNDX,IAGG,2026-03-26,False,2087.0,2010.0,2076.0,-2000.0,BNDX,IAGG,0.17319387542942621,0.0034805843132923275,1.0,True,False,False,1.0,BNDX,IAGG,2087.0,-2010.0,99814.08,-100020.0,199834.08000000002,-205.91999999999825,11.0,-10.0,11.0,0.0,-0.0,10.0,-0.055,-0.05,-0.10500000000000001,-705.8399999999923,500.0,-205.8399999999923,-205.9449999999923,-352.9350000000003
47.66,49.68,-0.0800000000000054,-0.0799999999999983,1.0423835501468737,1.0,1.039359444503083,1.0,1.0389272588656582,1.0,49.515273157537266,49.68,0.005194636294328291,0.005,49.51007852124294,49.675,49.52046779383159,49.685,49.52046779383159,49.675,0.15453220616840468,0.0031105516539533954,BNDX,IAGG,2026-03-27,False,2091.0,2013.0,2087.0,-2010.0,BNDX,IAGG,0.15453220616840468,0.0031105516539533954,1.0,True,False,False,1.0,BNDX,IAGG,2091.0,-2013.0,99633.38,-100017.59999999999,199650.97999999998,-384.2199999999866,4.0,-3.0,4.0,0.0,-0.0,3.0,-0.02,-0.015,-0.035,-166.96000000001126,160.79999999999657,-6.160000000014691,-6.195000000014691,-359.130000000015
47.79,49.81,0.13000000000000256,0.13000000000000256,1.0422682569575226,1.0,1.0397050257548015,1.0,1.039359444503083,1.0,49.670987852802334,49.81,0.0051967972225154145,0.005,49.66579105557982,49.805,49.67618465002485,49.815000000000005,49.67618465002485,49.805,0.12881534997514876,0.0025861343098805213,BNDX,IAGG,2026-03-30,False,2087.0,2008.0,2091.0,-2013.0,BNDX,IAGG,0.12881534997514876,0.0025861343098805213,1.0,True,False,False,1.0,BNDX,IAGG,2087.0,-2008.0,99657.06,-100005.84,199662.9,-348.77999999999884,-4.0,5.0,0.0,5.0,4.0,-0.0,-0.02,-0.025,-0.045,271.8300000000053,-261.69000000000517,10.140000000000157,10.095000000000157,-349.03500000001486
48.05,50.04,0.259999999999998,0.22999999999999687,1.0414151925078043,1.0,1.0399633749767514,1.0,1.0397050257548015,1.0,49.95782648751821,50.04,0.005198525128774008,0.005,49.952627962389435,50.035,49.96302501264699,50.045,49.96302501264699,50.035,0.07197498735300911,0.0014383490678059375,BNDX,IAGG,2026-03-31,False,2077.0,1998.0,2087.0,-2008.0,BNDX,IAGG,0.07197498735300911,0.0014383490678059375,1.0,True,False,False,1.0,BNDX,IAGG,2077.0,-1998.0,99737.73,-100018.48000000001,199756.21000000002,-280.75000000001455,-10.0,10.0,0.0,10.0,10.0,-0.0,-0.05,-0.05,-0.1,542.6199999999958,-461.8399999999937,80.78000000000208,80.68000000000208,-268.35500000001275
48.01,49.86,-0.03999999999999915,-0.17999999999999972,1.0385336388252449,1.0,1.0400139035450382,1.0,1.0399633749767514,1.0,49.928641632633834,49.86,0.005199816874883757,0.005,49.92344181575895,49.855,49.93384144950872,49.865,49.865,49.92344181575895,0.0584418157589468,0.0011721182462684878,IAGG,BNDX,2026-04-01,True,2086.0,2006.0,2077.0,-1998.0,BNDX,IAGG,-0.0788414495087224,-0.0015812565083979625,1.0,True,False,False,1.0,IAGG,BNDX,-2086.0,2006.0,99799.84999999999,-99979.92,199779.77,-180.07000000000698,-4163.0,4004.0,0.0,4004.0,4163.0,-0.0,-20.815,-20.02,-40.835,-83.07999999999822,359.6399999999994,276.5600000000012,235.7250000000012,-32.63000000001156
47.96,49.83,-0.04999999999999716,-0.030000000000001137,1.0389908256880733,1.0,1.0400799536808212,1.0,1.0400139035450382,1.0,49.879066814020035,49.83,0.005200069517725191,0.005,49.87386674450231,49.824999999999996,49.88426688353776,49.835,49.835,49.87386674450231,0.038866744502307427,0.0007799868453202374,IAGG,BNDX,2026-04-02,False,2087.0,2007.0,-2086.0,2006.0,IAGG,BNDX,0.038866744502307427,0.0007799868453202374,1.0,False,False,True,0.0,,,0.0,0.0,-100148.86,100019.16,200168.02000000002,-129.6999999999971,2086.0,-2006.0,2086.0,0.0,-0.0,2006.0,-10.43,-10.03,-20.46,104.29999999999407,-60.18000000000228,44.11999999999179,23.65999999999179,-8.970000000019773
47.88,49.79,-0.0799999999999983,-0.03999999999999915,1.039891395154553,1.0,1.0401133343386313,1.0,1.0400799536808212,1.0,49.79902818223772,49.79,0.005200399768404106,0.005,49.793827782469315,49.785,49.804228582006125,49.795,49.795,49.793827782469315,-0.0011722175306871918,-2.3543232188937373e-05,IAGG,BNDX,2026-04-06,False,2088.0,2008.0,0.0,0.0,,,0.0,0.0,0.0,False,True,False,0.0,,,0.0,0.0,0.0,0.0,0.0,0.0,0.0,0.0,0.0,0.0,-0.0,-0.0,-0.0,-0.0,0.0,-0.0,-0.0,0.0,0.0,-8.970000000019773
47.91,49.81,0.02999999999999403,0.020000000000003126,1.0396576915049052,1.0,1.0401790884253175,1.0,1.0401133343386313,1.0,49.83182984816382,49.81,0.005200566671693156,0.005,49.826629281492124,49.805,49.83703041483552,49.815000000000005,49.815000000000005,49.826629281492124,0.011629281492119503,0.000233472826583407,IAGG,BNDX,2026-04-07,False,2089.0,2008.0,0.0,0.0,,,0.0,0.0,0.0,False,True,False,0.0,,,0.0,0.0,0.0,0.0,0.0,0.0,0.0,0.0,0.0,0.0,-0.0,-0.0,-0.0,-0.0,0.0,0.0,0.0,0.0,0.0,-8.970000000019773
48.28,50.13,0.37000000000000455,0.3200000000000003,1.038318144159072,1.0,1.0401969143458767,1.0,1.0401790884253175,1.0,50.21984638917433,50.13,0.005200895442126588,0.005,50.2146454937322,50.125,50.22504728461646,50.135000000000005,50.135000000000005,50.2146454937322,0.07964549373219398,0.0015887790491161775,IAGG,BNDX,2026-04-08,False,2075.0,1995.0,0.0,0.0,,,0.0,0.0,0.0,True,False,False,1.0,IAGG,BNDX,-2075.0,1995.0,0.0,0.0,0.0,0.0,-2075.0,1995.0,0.0,1995.0,2075.0,-0.0,-10.375,-9.975,-20.35,0.0,0.0,0.0,-20.35,-29.320000000019775
48.13,50.03,-0.14999999999999858,-0.10000000000000142,1.03947641803449,1.0,1.0402018233305028,1.0,1.0401969143458767,1.0,50.064677487467044,50.03,0.005200984571729384,0.005,50.059476502895315,50.025,50.06987847203877,50.035000000000004,50.035000000000004,50.059476502895315,0.024476502895311114,0.0004892365159966243,IAGG,BNDX,2026-04-09,False,2079.0,1999.0,-2075.0,1995.0,IAGG,BNDX,0.024476502895311114,0.0004892365159966243,1.0,False,False,False,-1.0,IAGG,BNDX,-2079.0,1999.0,-100181.0,100009.35,200190.35,-171.64999999999418,-4.0,4.0,0.0,4.0,4.0,-0.0,-0.02,-0.02,-0.04,311.24999999999704,-199.50000000000284,111.7499999999942,111.7099999999942,82.38999999997442
48.0,49.92,-0.13000000000000256,-0.10999999999999943,1.04,1.0,1.0401843524486394,1.0,1.0402018233305028,1.0,49.92968751986413,49.92,0.005201009116652514,0.005,49.92448651074748,49.915,49.934888528980785,49.925000000000004,49.925000000000004,49.92448651074748,-0.0005134892525262558,-1.0286243039388136e-05,IAGG,BNDX,2026-04-10,False,2084.0,2003.0,-2079.0,1999.0,IAGG,BNDX,0.0,0.0,-1.0,False,True,False,0.0,,,0.0,0.0,-100062.27,100009.97,200072.24,-52.30000000000291,2079.0,-1999.0,2079.0,0.0,-0.0,1999.0,-10.395,-9.995000000000001,-20.39,270.2700000000053,-219.88999999999885,50.380000000006476,29.990000000006475,112.3799999999809
48.04,49.91,0.03999999999999915,-0.010000000000005116,1.0389258950874272,1.0,1.040088980536344,1.0,1.0401843524486394,1.0,49.97045629163264,49.91,0.005200921762243197,0.005,49.96525536987039,49.904999999999994,49.97565721339488,49.915,49.915,49.96525536987039,0.05025536987039203,0.001006919853143499,IAGG,BNDX,2026-04-13,False,2085.0,2004.0,0.0,0.0,,,0.0,0.0,0.0,True,False,False,1.0,IAGG,BNDX,-2085.0,2004.0,0.0,0.0,0.0,0.0,-2085.0,2004.0,0.0,2004.0,2085.0,-0.0,-10.425,-10.02,-20.445,0.0,-0.0,0.0,-20.445,91.9349999999809
48.22,50.05,0.17999999999999972,0.14000000000000057,1.0379510576524262,1.0,1.0400060274048633,1.0,1.040088980536344,1.0,50.153090641462505,50.05,0.00520044490268172,0.005,50.14789019655982,50.044999999999995,50.15829108636519,50.055,50.055,50.14789019655982,0.09289019655982145,0.0018559479832132159,IAGG,BNDX,2026-04-14,False,2078.0,1998.0,-2085.0,2004.0,IAGG,BNDX,0.09289019655982145,0.0018559479832132159,1.0,True,False,False,1.0,IAGG,BNDX,-2078.0,1998.0,-100163.4,100019.64,200183.03999999998,-143.75999999999476,7.0,-6.0,7.0,0.0,-0.0,6.0,-0.035,-0.03,-0.065,-375.2999999999994,280.56000000000114,-94.73999999999825,-94.80499999999824,-2.870000000017342
48.12,49.96,-0.10000000000000142,-0.0899999999999963,1.0382377389858688,1.0,1.040013152449395,1.0,1.0400060274048633,1.0,50.045090038722016,49.96,0.005200030137024316,0.005,50.03989000858499,49.955,50.05029006885904,49.965,49.965,50.03989000858499,0.07489000858498684,0.0014989993711966943,IAGG,BNDX,2026-04-15,False,2082.0,2002.0,-2078.0,1998.0,IAGG,BNDX,0.07489000858498684,0.0014989993711966943,1.0,True,False,False,1.0,IAGG,BNDX,-2082.0,2002.0,-100201.16,99999.9,200201.06,-201.2600000000093,-4.0,4.0,0.0,4.0,4.0,-0.0,-0.02,-0.02,-0.04,207.80000000000297,-179.8199999999926,27.980000000010364,27.940000000010365,25.069999999993023
48.09,49.97,-0.02999999999999403,0.00999999999999801,1.0390933666042836,1.0,1.0399620007837662,1.0,1.040013152449395,1.0,50.01423250129141,49.97,0.005200065762246975,0.005,50.009032435529164,49.964999999999996,50.019432567053656,49.975,49.975,50.009032435529164,0.0340324355291628,0.0006810573449902501,IAGG,BNDX,2026-04-16,False,2081.0,2001.0,-2082.0,2002.0,IAGG,BNDX,0.0340324355291628,0.0006810573449902501,1.0,False,False,False,-1.0,IAGG,BNDX,-2081.0,2001.0,-100185.84,100019.92,200205.76,-165.91999999999825,1.0,-1.0,1.0,0.0,-0.0,1.0,-0.005,-0.005,-0.01,62.45999999998757,20.019999999996017,82.47999999998359,82.46999999998359,107.5399999999766
48.33,50.21,0.23999999999999488,0.240000000000002,1.0388992344299608,1.0,1.039881198948231,1.0,1.0399620007837662,1.0,50.26136349787942,50.21,0.005199810003918831,0.005,50.25616368787551,50.205,50.26656330788334,50.215,50.215,50.25616368787551,0.041163687875503285,0.000819830469538006,IAGG,BNDX,2026-04-17,False,2072.0,1992.0,-2081.0,2001.0,IAGG,BNDX,0.0,0.0,-1.0,False,False,False,1.0,IAGG,BNDX,-2072.0,1992.0,-100075.29000000001,99989.97,200065.26,-85.32000000000698,9.0,-9.0,9.0,0.0,-0.0,9.0,-0.045,-0.045,-0.09,-499.43999999998937,480.240000000004,-19.19999999998538,-19.28999999998538,88.24999999999122
48.27,50.15,-0.05999999999999517,-0.060000000000002274,1.0389475864926454,1.0,1.03981017208169,1.0,1.039881198948231,1.0,50.19506547323112,50.15,0.005199405994741156,0.005,50.18986606723637,50.144999999999996,50.20026487922586,50.155,50.155,50.18986606723637,0.03486606723637209,0.0006952356378139999,IAGG,BNDX,2026-04-20,False,2074.0,1994.0,-2072.0,1992.0,IAGG,BNDX,0.03486606723637209,0.0006952356378139999,1.0,False,False,False,-1.0,IAGG,BNDX,-2074.0,1994.0,-100139.76,100018.32,200158.08000000002,-121.43999999998778,-2.0,2.0,0.0,2.0,2.0,-0.0,-0.01,-0.01,-0.02,124.31999999998999,-119.52000000000453,4.7999999999854595,4.77999999998546,93.02999999997668
48.1,49.97,-0.1700000000000017,-0.17999999999999972,1.038877338877339,1.0,1.0397336266114765,1.0,1.03981017208169,1.0,50.014869277129286,49.97,0.0051990508604084495,0.005,50.00967022626888,49.964999999999996,50.02006832798969,49.975,49.975,50.00967022626888,0.03467022626887939,0.0006938208178683088,IAGG,BNDX,2026-04-21,False,2081.0,2001.0,-2074.0,1994.0,IAGG,BNDX,0.0,0.0,-1.0,False,False,False,1.0,IAGG,BNDX,-2081.0,2001.0,-100111.98000000001,99999.09999999999,200111.08000000002,-112.88000000001921,-7.0,7.0,0.0,7.0,7.0,-0.0,-0.035,-0.035,-0.07,352.58000000000357,-358.91999999999945,-6.339999999995882,-6.4099999999958825,86.61999999998079
48.18,50.07,0.0799999999999983,0.10000000000000142,1.0392278953922789,1.0,1.0396774591816342,1.0,1.0397336266114765,1.0,50.09436613014094,50.07,0.005198668133057383,0.005,50.089167462007886,50.065,50.099564798273995,50.075,50.075,50.089167462007886,0.014167462007883103,0.0002829531058095287,IAGG,BNDX,2026-04-22,False,2076.0,1997.0,-2081.0,2001.0,IAGG,BNDX,0.014167462007883103,0.0002829531058095287,1.0,False,True,False,0.0,,,0.0,0.0,-100096.1,99989.97,200086.07,-106.13000000000466,2081.0,-2001.0,2081.0,0.0,-0.0,2001.0,-10.405,-10.005,-20.41,-166.47999999999644,200.10000000000284,33.6200000000064,13.2100000000064,99.8299999999872
48.09,49.96,-0.0899999999999963,-0.10999999999999943,1.0388854231648992,1.0,1.0396146587924582,1.0,1.0396774591816342,1.0,49.998089012044794,49.96,0.005198387295908171,0.005,49.99289062474889,49.955,50.0032873993407,49.965,49.965,49.99289062474889,0.027890624748884818,0.000558259102259504,IAGG,BNDX,2026-04-23,False,2081.0,2002.0,0.0,0.0,,,0.0,0.0,0.0,False,False,False,-0.0,,,0.0,0.0,0.0,0.0,0.0,0.0,0.0,0.0,0.0,0.0,-0.0,-0.0,-0.0,-0.0,0.0,-0.0,-0.0,0.0,0.0,99.8299999999872
48.17,50.09,0.0799999999999983,0.13000000000000256,1.0398588332987337,1.0,1.0394919741482203,1.0,1.0396146587924582,1.0,50.078238114032715,50.09,0.005198073293962291,0.005,50.07304004073875,50.085,50.083436187326676,50.095000000000006,50.083436187326676,50.085,0.0015638126733250601,3.1220057363247354e-05,BNDX,IAGG,2026-04-24,False,2075.0,1996.0,0.0,0.0,,,0.0,0.0,-0.0,False,True,False,0.0,,,0.0,0.0,0.0,0.0,0.0,0.0,0.0,0.0,0.0,0.0,-0.0,-0.0,-0.0,-0.0,0.0,0.0,0.0,0.0,0.0,99.8299999999872
48.05,49.93,-0.12000000000000455,-0.1600000000000037,1.0391259105098856,1.0,1.0393290921663707,1.0,1.0394919741482203,1.0,49.94758935782198,49.93,0.005197459870741101,0.005,49.94239189795124,49.925,49.952786817692726,49.935,49.935,49.94239189795124,0.00739189795123707,0.00014804522233601182,IAGG,BNDX,2026-04-27,False,2082.0,2003.0,0.0,0.0,,,0.0,0.0,0.0,False,True,False,0.0,,,0.0,0.0,0.0,0.0,0.0,0.0,0.0,0.0,0.0,0.0,-0.0,-0.0,-0.0,-0.0,0.0,-0.0,-0.0,0.0,0.0,99.8299999999872
48.0,49.87,-0.04999999999999716,-0.060000000000002274,1.0389583333333332,1.0,1.0391635959851613,1.0,1.0393290921663707,1.0,49.88779642398579,49.87,0.005196645460831853,0.005,49.882599778524956,49.864999999999995,49.892993069446625,49.875,49.875,49.882599778524956,0.007599778524955525,0.00015239178915090287,IAGG,BNDX,2026-04-28,False,2084.0,2005.0,0.0,0.0,,,0.0,0.0,0.0,False,True,False,0.0,,,0.0,0.0,0.0,0.0,0.0,0.0,0.0,0.0,0.0,0.0,-0.0,-0.0,-0.0,-0.0,0.0,-0.0,-0.0,0.0,0.0,99.8299999999872
47.86,49.79,-0.14000000000000057,-0.0799999999999983,1.040325950689511,1.0,1.0391091338942464,1.0,1.0391635959851613,1.0,49.734369703849815,49.79,0.0051958179799258064,0.005,49.72917388586989,49.785,49.73956552182974,49.795,49.73956552182974,49.785,0.045434478170257364,0.0009125221564622889,BNDX,IAGG,2026-04-29,False,2087.0,2008.0,0.0,0.0,,,0.0,0.0,0.0,False,False,False,-0.0,,,0.0,0.0,0.0,0.0,0.0,0.0,0.0,0.0,0.0,0.0,-0.0,-0.0,-0.0,-0.0,0.0,-0.0,-0.0,0.0,0.0,99.8299999999872
48.05,49.91,0.18999999999999773,0.11999999999999744,1.038709677419355,1.0,1.0391179358239522,1.0,1.0391091338942464,1.0,49.92919388361854,49.91,0.005195545669471232,0.005,49.923998337949065,49.904999999999994,49.93438942928801,49.915,49.915,49.923998337949065,0.008998337949066126,0.00018029128329124678,IAGG,BNDX,2026-04-30,False,2082.0,2004.0,0.0,0.0,,,0.0,0.0,-0.0,False,True,False,0.0,,,0.0,0.0,0.0,0.0,0.0,0.0,0.0,0.0,0.0,0.0,-0.0,-0.0,-0.0,-0.0,0.0,0.0,0.0,0.0,0.0,99.8299999999872
47.97,49.94,-0.0799999999999983,0.030000000000001137,1.0410673337502605,1.0,1.0392217612270613,1.0,1.0391179358239522,1.0,49.84648738147499,49.94,0.005195589679119761,0.005,49.84129179179587,49.934999999999995,49.851682971154105,49.945,49.851682971154105,49.934999999999995,0.0833170288458902,0.0016683425880234324,BNDX,IAGG,2026-05-01,True,2080.0,2002.0,0.0,0.0,,,0.0,0.0,0.0,True,False,False,1.0,BNDX,IAGG,2080.0,-2002.0,0.0,0.0,0.0,0.0,2080.0,-2002.0,2080.0,0.0,-0.0,2002.0,-10.4,-10.01,-20.41,-0.0,0.0,0.0,-20.41,79.4199999999872
47.84,49.84,-0.12999999999999545,-0.09999999999999432,1.0418060200668897,1.0,1.0393174924726782,1.0,1.0392217612270613,1.0,49.71636905710262,49.84,0.005196108806135307,0.005,49.711172948296486,49.835,49.72156516590875,49.845000000000006,49.72156516590875,49.835,0.11343483409125099,0.0022759798172401883,BNDX,IAGG,2026-05-04,False,2085.0,2006.0,2080.0,-2002.0,BNDX,IAGG,0.11343483409125099,0.0022759798172401883,1.0,True,False,True,0.0,,,0.0,0.0,99777.59999999999,-99979.87999999999,199757.47999999998,-202.27999999999884,-2080.0,2002.0,0.0,2002.0,2080.0,-0.0,-10.4,-10.01,-20.41,-270.39999999999054,200.19999999998862,-70.20000000000192,-90.61000000000192,-11.19000000001472
47.89,49.87,0.04999999999999716,0.02999999999999403,1.041344748381708,1.0,1.0394018453165184,1.0,1.0393174924726782,1.0,49.77291471451656,49.87,0.005196587462363391,0.005,49.767718127054195,49.864999999999995,49.778111301978925,49.875,49.778111301978925,49.864999999999995,0.08688869802107035,0.0017423039506932094,BNDX,IAGG,2026-05-05,False,2084.0,2005.0,0.0,0.0,,,0.0,0.0,0.0,True,False,False,1.0,BNDX,IAGG,2084.0,-2005.0,0.0,0.0,0.0,0.0,2084.0,-2005.0,2084.0,0.0,-0.0,2005.0,-10.42,-10.025,-20.445,0.0,0.0,0.0,-20.445,-31.63500000001472
48.16,50.12,0.269999999999996,0.25,1.0406976744186047,1.0,1.0395208218294951,1.0,1.0394018453165184,1.0,50.05759287044352,50.12,0.005197009226582592,0.005,50.05239586121694,50.114999999999995,50.062789879670106,50.125,50.062789879670106,50.114999999999995,0.05221012032988881,0.0010417023210273107,BNDX,IAGG,2026-05-06,False,2074.0,1995.0,2084.0,-2005.0,BNDX,IAGG,0.05221012032988881,0.0010417023210273107,1.0,True,False,False,1.0,BNDX,IAGG,2074.0,-1995.0,99802.76,-99989.34999999999,199792.11,-186.5899999999965,-10.0,10.0,0.0,10.0,10.0,-0.0,-0.05,-0.05,-0.1,562.6799999999917,-501.25,61.42999999999165,61.32999999999165,29.69499999997693
48.08,50.04,-0.0799999999999983,-0.0799999999999983,1.040765391014975,1.0,1.0395852704785193,1.0,1.0395208218294951,1.0,49.980161113562126,50.04,0.0051976041091474755,0.005,49.97496350945298,50.035,49.985358717671275,50.045,49.985358717671275,50.035,0.04964128232872156,0.000992032020957665,BNDX,IAGG,2026-05-07,False,2077.0,1998.0,2074.0,-1995.0,BNDX,IAGG,0.04964128232872156,0.000992032020957665,1.0,False,False,False,-1.0,BNDX,IAGG,2077.0,-1998.0,99883.84,-99989.4,199873.24,-105.55999999999767,3.0,-3.0,3.0,0.0,-0.0,3.0,-0.015,-0.015,-0.03,-165.91999999999646,159.5999999999966,-6.319999999999851,-6.349999999999851,23.344999999977077
48.14,50.16,0.060000000000002274,0.11999999999999744,1.0419609472372247,1.0,1.0396833178403804,1.0,1.0395852704785193,1.0,50.04563492083592,50.16,0.005197926352392597,0.005,50.04043699448353,50.154999999999994,50.05083284718832,50.165,50.05083284718832,50.154999999999994,0.10416715281167654,0.002076697623837252,BNDX,IAGG,2026-05-08,False,2073.0,1994.0,2077.0,-1998.0,BNDX,IAGG,0.0,0.0,-1.0,True,False,False,1.0,BNDX,IAGG,2073.0,-1994.0,99862.16,-99979.92,199842.08000000002,-117.75999999999476,-4.0,4.0,0.0,4.0,4.0,-0.0,-0.02,-0.02,-0.04,124.62000000000472,-239.75999999999487,-115.13999999999015,-115.17999999999016,-91.83500000001308
47.98,50.0,-0.1600000000000037,-0.1599999999999966,1.0421008753647354,1.0,1.0398420668542459,1.0,1.0396833178403804,1.0,49.88400558998145,50.0,0.005198416589201902,0.005,49.87880717339225,49.995,49.88920400657065,50.005,49.88920400657065,49.995,0.10579599342934642,0.0021159198685869285,BNDX,IAGG,2026-05-11,False,2079.0,2000.0,2073.0,-1994.0,BNDX,IAGG,0.10579599342934642,0.0021159198685869285,1.0,True,False,False,1.0,BNDX,IAGG,2079.0,-2000.0,99794.22,-100019.04,199813.26,-224.81999999999243,6.0,-6.0,6.0,0.0,-0.0,6.0,-0.03,-0.03,-0.06,-331.6800000000077,319.0399999999932,-12.640000000014481,-12.700000000014482,-104.53500000002757
47.81,49.88,-0.1699999999999946,-0.11999999999999744,1.0432963815101444,1.0,1.0401093330471318,1.0,1.0398420668542459,1.0,49.714849216301495,49.88,0.00519921033427123,0.005,49.70965000596723,49.875,49.72004842663576,49.885000000000005,49.72004842663576,49.875,0.1549515733642366,0.0031064870361715434,BNDX,IAGG,2026-05-12,False,2085.0,2005.0,2079.0,-2000.0,BNDX,IAGG,0.1549515733642366,0.0031064870361715434,1.0,True,False,False,1.0,BNDX,IAGG,2085.0,-2005.0,99750.42,-100000.0,199750.41999999998,-249.58000000000175,6.0,-5.0,6.0,0.0,-0.0,5.0,-0.03,-0.025,-0.055,-353.42999999998875,239.99999999999488,-113.42999999999387,-113.48499999999387,-218.02000000002144
47.9,49.93,0.0899999999999963,0.04999999999999716,1.0423799582463467,1.0,1.0403164440101558,1.0,1.0401093330471318,1.0,49.82123705295761,49.93,0.005200546665235659,0.005,49.81603650629238,49.925,49.82643759962285,49.935,49.82643759962285,49.925,0.0985624003771477,0.0019740116238162967,BNDX,IAGG,2026-05-13,False,2083.0,2003.0,2085.0,-2005.0,BNDX,IAGG,0.0985624003771477,0.0019740116238162967,1.0,True,False,False,1.0,BNDX,IAGG,2083.0,-2003.0,99683.85,-100009.40000000001,199693.25,-325.5500000000029,-2.0,2.0,0.0,2.0,2.0,-0.0,-0.01,-0.01,-0.02,187.6499999999923,-100.2499999999943,87.399999999998,87.379999999998,-130.64000000002343
47.97,49.92,0.07000000000000028,-0.00999999999999801,1.0406504065040652,1.0,1.0403942960051447,1.0,1.0403164440101558,1.0,49.90397981916717,49.92,0.0052015822200507785,0.005,49.898778236947116,49.915,49.90918140138722,49.925000000000004,49.90918140138722,49.915,0.005818598612776782,0.00011655846580081694,BNDX,IAGG,2026-05-14,False,2084.0,2003.0,2083.0,-2003.0,BNDX,IAGG,0.005818598612776782,0.00011655846580081694,1.0,False,True,False,0.0,,,0.0,0.0,99775.7,-100009.79,199785.49,-234.0899999999965,-2083.0,2003.0,0.0,2003.0,2083.0,-0.0,-10.415000000000001,-10.015,-20.43,145.8100000000006,20.029999999996015,165.83999999999662,145.40999999999661,14.76999999997318
47.57,49.68,-0.3999999999999986,-0.240000000000002,1.0443556863569476,1.0,1.0406671186014942,1.0,1.0403942960051447,1.0,49.49155666096473,49.68,0.005201971480025724,0.005,49.486354689484706,49.675,49.49675863244476,49.685,49.49675863244476,49.675,0.17824136755523767,0.0035877892019975377,BNDX,IAGG,2026-05-15,False,2094.0,2013.0,0.0,0.0,,,0.0,0.0,0.0,True,False,False,1.0,BNDX,IAGG,2094.0,-2013.0,0.0,0.0,0.0,0.0,2094.0,-2013.0,2094.0,0.0,-0.0,2013.0,-10.47,-10.065,-20.535,-0.0,-0.0,0.0,-20.535,-5.76500000002682
47.7,49.79,0.13000000000000256,0.10999999999999943,1.0438155136268343,1.0,1.0409105149582036,1.0,1.0406671186014942,1.0,49.63982155729128,49.79,0.005203335593007471,0.005,49.63461822169827,49.785,49.64502489288429,49.795,49.64502489288429,49.785,0.13997510711570982,0.0028113096428140152,BNDX,IAGG,2026-05-18,False,2090.0,2008.0,2094.0,-2013.0,BNDX,IAGG,0.13997510711570982,0.0028113096428140152,1.0,True,False,False,1.0,BNDX,IAGG,2090.0,-2008.0,99611.58,-100005.84,199617.41999999998,-394.25999999999476,-4.0,5.0,0.0,5.0,4.0,-0.0,-0.02,-0.025,-0.045,272.22000000000537,-221.42999999999887,50.7900000000065,50.7450000000065,44.97999999997968
47.59,49.68,-0.10999999999999943,-0.10999999999999943,1.0439167892414372,1.0,1.0411624874764085,1.0,1.0409105149582036,1.0,49.536931406860916,49.68,0.005204552574791018,0.005,49.53172685428613,49.675,49.542135959435704,49.685,49.542135959435704,49.675,0.1328640405642929,0.0026743969517772324,BNDX,IAGG,2026-05-19,False,2095.0,2013.0,2090.0,-2008.0,BNDX,IAGG,0.1328640405642929,0.0026743969517772324,1.0,True,False,False,1.0,BNDX,IAGG,2095.0,-2013.0,99693.0,-99978.31999999999,199671.32,-285.31999999999243,5.0,-5.0,5.0,0.0,-0.0,5.0,-0.025,-0.025,-0.05,-229.8999999999988,220.87999999999886,-9.019999999999953,-9.069999999999954,35.90999999997973
47.92,49.97,0.3299999999999983,0.28999999999999915,1.042779632721202,1.0,1.0413400743428547,1.0,1.0411624874764085,1.0,49.8925063998695,49.97,0.005205812437382043,0.005,49.887300587432115,49.964999999999996,49.89771221230688,49.975,49.89771221230688,49.964999999999996,0.06728778769311816,0.00134656369207761,BNDX,IAGG,2026-05-20,False,2083.0,2001.0,2095.0,-2013.0,BNDX,IAGG,0.06728778769311816,0.00134656369207761,1.0,True,False,False,1.0,BNDX,IAGG,2083.0,-2001.0,99701.05,-100005.84,199706.89,-304.7899999999936,-12.0,12.0,0.0,12.0,12.0,-0.0,-0.06,-0.06,-0.12,691.3499999999964,-583.7699999999983,107.57999999999811,107.4599999999981,143.36999999997784
47.98,50.01,0.05999999999999517,0.03999999999999915,1.0423092955398083,1.0,1.0415112679616,1.0,1.0413400743428547,1.0,49.96349676697017,50.01,0.005206700371714274,0.005,49.95829006659845,50.004999999999995,49.96870346734188,50.015,49.96870346734188,50.004999999999995,0.03629653265811328,0.000725785496063053,BNDX,IAGG,2026-05-21,False,2083.0,2000.0,2083.0,-2001.0,BNDX,IAGG,0.03629653265811328,0.000725785496063053,1.0,False,False,False,-1.0,BNDX,IAGG,2083.0,-2000.0,99817.36,-99989.97,199807.33000000002,-172.61000000000058,0.0,1.0,0.0,1.0,-0.0,-0.0,-0.0,-0.005,-0.005,124.97999999998993,-80.03999999999829,44.93999999999164,44.93499999999164,188.30499999996948
48.06,50.04,0.0800000000000054,0.030000000000001137,1.041198501872659,1.0,1.0415782513902963,1.0,1.0415112679616,1.0,50.0550315382345,50.04,0.005207556339808001,0.005,50.0498239818947,50.035,50.06023909457431,50.045,50.045,50.0498239818947,0.0048239818946953505,9.640251588120204e-05,IAGG,BNDX,2026-05-22,False,2081.0,1998.0,2083.0,-2000.0,BNDX,IAGG,0.0,0.0,-1.0,False,True,False,0.0,,,0.0,0.0,99942.34,-100020.0,199962.34,-77.66000000000349,-2083.0,2000.0,0.0,2000.0,2083.0,-0.0,-10.415000000000001,-10.0,-20.415,166.64000000001124,-60.000000000002274,106.64000000000897,86.22500000000898,274.5299999999785
48.23,50.19,0.1699999999999946,0.14999999999999858,1.0406386066763424,1.0,1.041653886198619,1.0,1.0415782513902963,1.0,50.235319064553984,50.19,0.005207891256951481,0.005,50.23011117329703,50.184999999999995,50.240526955810935,50.195,50.195,50.23011117329703,0.035111173297032394,0.0006995651184903845,IAGG,BNDX,2026-05-26,False,2075.0,1992.0,0.0,0.0,,,0.0,0.0,0.0,False,False,False,-0.0,,,0.0,0.0,0.0,0.0,0.0,0.0,0.0,0.0,0.0,0.0,-0.0,-0.0,-0.0,-0.0,0.0,0.0,0.0,0.0,0.0,274.5299999999785
48.22,50.2,-0.00999999999999801,0.010000000000005116,1.0410618000829532,1.0,1.0417590595361002,1.0,1.041653886198619,1.0,50.22855039249741,50.2,0.005208269430993096,0.005,50.223342123066416,50.195,50.233758661928405,50.205000000000005,50.205000000000005,50.223342123066416,0.01834212306641092,0.00036538093757790675,IAGG,BNDX,2026-05-27,False,2075.0,1992.0,0.0,0.0,,,0.0,0.0,-0.0,False,True,False,0.0,,,0.0,0.0,0.0,0.0,0.0,0.0,0.0,0.0,0.0,0.0,-0.0,-0.0,-0.0,-0.0,0.0,-0.0,0.0,0.0,0.0,274.5299999999785
48.26,50.23,0.03999999999999915,0.02999999999999403,1.0408205553253211,1.0,1.0417837897678908,1.0,1.0417590595361002,1.0,50.27529221321219,50.23,0.0052087952976805005,0.005,50.270083417914506,50.224999999999994,50.28050100850987,50.235,50.235,50.270083417914506,0.035083417914506754,0.0006984554631596009,IAGG,BNDX,2026-05-28,False,2074.0,1991.0,0.0,0.0,,,0.0,0.0,0.0,False,False,False,-0.0,,,0.0,0.0,0.0,0.0,0.0,0.0,0.0,0.0,0.0,0.0,-0.0,-0.0,-0.0,-0.0,0.0,0.0,0.0,0.0,0.0,274.5299999999785
48.33,50.27,0.07000000000000028,0.04000000000000625,1.0401406993585764,1.0,1.0418553408648519,1.0,1.0417837897678908,1.0,50.34941055948216,50.27,0.005208918948839454,0.005,50.34420164053332,50.265,50.354619478431,50.275000000000006,50.275000000000006,50.34420164053332,0.0692016405333149,0.0013765991751206463,IAGG,BNDX,2026-05-29,False,2072.0,1989.0,0.0,0.0,,,0.0,0.0,-0.0,True,False,False,1.0,IAGG,BNDX,-2072.0,1989.0,0.0,0.0,0.0,0.0,-2072.0,1989.0,0.0,1989.0,2072.0,-0.0,-10.36,-9.945,-20.305,0.0,0.0,0.0,-20.305,254.22499999997848
48.11,50.23,-0.21999999999999886,-0.04000000000000625,1.0440656828102266,1.0,1.04200525831785,1.0,1.0418553408648519,1.0,50.12366044900802,50.23,0.005209276704324259,0.005,50.11845117230369,50.224999999999994,50.12886972571235,50.235,50.12886972571235,50.224999999999994,0.09613027428764553,0.0019138019965686949,BNDX,IAGG,2026-06-01,True,2074.0,1991.0,-2072.0,1989.0,IAGG,BNDX,-0.11654882769630603,-0.0023203031593929135,1.0,True,False,False,1.0,BNDX,IAGG,2074.0,-1991.0,-100139.76,99987.03000000001,200126.79,-152.72999999998137,4146.0,-3980.0,4146.0,0.0,-0.0,3980.0,-20.73,-19.900000000000002,-40.63,455.83999999999764,-79.56000000001244,376.2799999999852,335.6499999999852,589.8749999999636
48.2,50.27,0.09000000000000341,0.04000000000000625,1.0429460580912864,1.0,1.0420622602190701,1.0,1.04200525831785,1.0,50.22465345092038,50.27,0.0052100262915892506,0.005,50.21944342462879,50.265,50.229863477211964,50.275000000000006,50.229863477211964,50.265,0.03513652278803647,0.0006989560928592893,BNDX,IAGG,2026-06-02,False,2073.0,1989.0,2074.0,-1991.0,BNDX,IAGG,0.03513652278803647,0.0006989560928592893,1.0,False,False,True,0.0,,,0.0,0.0,99780.14,-100007.93,199788.07,-227.7899999999936,-2074.0,1991.0,0.0,1991.0,2074.0,-0.0,-10.370000000000001,-9.955,-20.325000000000003,186.66000000000707,-79.64000000001245,107.01999999999462,86.69499999999462,676.5699999999582
48.03,50.17,-0.1700000000000017,-0.10000000000000142,1.0445554861544868,1.0,1.042222797107709,1.0,1.0420622602190701,1.0,50.05025035832194,50.17,0.0052103113010953505,0.005,50.04504004702084,50.165,50.05546066962304,50.175000000000004,50.05546066962304,50.165,0.10953933037696117,0.002183363172751867,BNDX,IAGG,2026-06-03,False,2077.0,1993.0,0.0,0.0,,,0.0,0.0,0.0,True,False,False,1.0,BNDX,IAGG,2077.0,-1993.0,0.0,0.0,0.0,0.0,2077.0,-1993.0,2077.0,0.0,-0.0,1993.0,-10.385,-9.965,-20.35,-0.0,-0.0,0.0,-20.35,656.2199999999582
48.08,50.22,0.04999999999999716,0.04999999999999716,1.0445091514143094,1.0,1.0424133709574943,1.0,1.042222797107709,1.0,50.11007208493864,50.22,0.005211113985538545,0.005,50.104860970953105,50.214999999999996,50.11528319892418,50.225,50.11528319892418,50.214999999999996,0.09971680107581449,0.0019855993842256966,BNDX,IAGG,2026-06-04,False,2075.0,1991.0,2077.0,-1993.0,BNDX,IAGG,0.09971680107581449,0.0019855993842256966,1.0,True,False,False,1.0,BNDX,IAGG,2075.0,-1991.0,99758.31,-99988.81,199747.12,-230.5,-2.0,2.0,0.0,2.0,2.0,-0.0,-0.01,-0.01,-0.02,103.8499999999941,-99.64999999999434,4.199999999999761,4.179999999999762,660.3999999999579
48.01,50.14,-0.07000000000000028,-0.0799999999999983,1.0443657571339304,1.0,1.0425933892634418,1.0,1.0424133709574943,1.0,50.0462659396693,50.14,0.005212066854787471,0.005,50.04105387281451,50.135,50.051478006524086,50.145,50.051478006524086,50.135,0.08352199347591238,0.0016657756975650654,BNDX,IAGG,2026-06-05,False,2079.0,1994.0,2075.0,-1991.0,BNDX,IAGG,0.08352199347591238,0.0016657756975650654,1.0,True,False,False,1.0,BNDX,IAGG,2079.0,-1994.0,99766.0,-99988.02,199754.02000000002,-222.02000000000407,4.0,-3.0,4.0,0.0,-0.0,3.0,-0.02,-0.015,-0.035,-145.2500000000006,159.27999999999662,14.029999999996022,13.994999999996022,674.3949999999539
47.95,50.07,-0.05999999999999517,-0.07000000000000028,1.0442127215849843,1.0,1.0427059779808299,1.0,1.0425933892634418,1.0,49.99235301518204,50.07,0.005212966946317209,0.005,49.98714004823572,50.065,49.99756598212836,50.075,49.99756598212836,50.065,0.0674340178716406,0.0013467948446503016,BNDX,IAGG,2026-06-08,False,2082.0,1997.0,2079.0,-1994.0,BNDX,IAGG,0.0674340178716406,0.0013467948446503016,1.0,True,False,False,1.0,BNDX,IAGG,2082.0,-1997.0,99812.79,-99979.16,199791.95,-166.3700000000099,3.0,-3.0,3.0,0.0,-0.0,3.0,-0.015,-0.015,-0.03,-124.73999999998995,139.58000000000055,14.840000000010605,14.810000000010605,689.2049999999646
47.99,50.14,0.03999999999999915,0.07000000000000028,1.0448010002083767,1.0,1.042840984223012,1.0,1.0427059779808299,1.0,50.039459883300026,50.14,0.005213529889904149,0.005,50.03424635341012,50.135,50.04467341318993,50.145,50.04467341318993,50.135,0.09032658681006467,0.0018014875710024864,BNDX,IAGG,2026-06-09,False,2079.0,1994.0,2082.0,-1997.0,BNDX,IAGG,0.09032658681006467,0.0018014875710024864,1.0,True,False,False,1.0,BNDX,IAGG,2079.0,-1994.0,99831.90000000001,-99989.79,199821.69,-157.88999999998487,-3.0,3.0,0.0,3.0,3.0,-0.0,-0.015,-0.015,-0.03,83.27999999999822,-139.79000000000056,-56.510000000002336,-56.54000000000234,632.6649999999622
47.9,50.08,-0.09000000000000341,-0.060000000000002274,1.0455114822546974,1.0,1.0429517392602397,1.0,1.042840984223012,1.0,49.95208314428227,50.08,0.00521420492111506,0.005,49.94686893936115,50.074999999999996,49.95729734920339,50.085,49.95729734920339,50.074999999999996,0.11770265079660902,0.0023502925478556115,BNDX,IAGG,2026-06-10,False,2083.0,1997.0,2079.0,-1994.0,BNDX,IAGG,0.11770265079660902,0.0023502925478556115,1.0,True,False,False,1.0,BNDX,IAGG,2083.0,-1997.0,99771.21,-99979.16,199750.37,-207.9499999999971,4.0,-3.0,4.0,0.0,-0.0,3.0,-0.02,-0.015,-0.035,-187.1100000000071,119.64000000000453,-67.47000000000256,-67.50500000000255,565.1599999999596
48.18,50.31,0.28000000000000114,0.23000000000000398,1.044209215442092,1.0,1.0430432021200269,1.0,1.0429517392602397,1.0,50.249414797558345,50.31,0.005214758696301198,0.005,50.24420003886204,50.305,50.25462955625465,50.315000000000005,50.25462955625465,50.305,0.05037044374535071,0.0010012014260654086,BNDX,IAGG,2026-06-11,False,2073.0,1988.0,2083.0,-1997.0,BNDX,IAGG,0.05037044374535071,0.0010012014260654086,1.0,True,False,False,1.0,BNDX,IAGG,2073.0,-1988.0,99775.7,-100009.76,199785.46,-234.05999999999767,-10.0,9.0,0.0,9.0,10.0,-0.0,-0.05,-0.045,-0.095,583.2400000000024,-459.31000000000796,123.92999999999444,123.83499999999444,688.9949999999541
48.26,50.32,0.0799999999999983,0.00999999999999801,1.0426854537919603,1.0,1.0431449544844216,1.0,1.0430432021200269,1.0,50.33726493431249,50.32,0.0052152160106001344,0.005,50.332049718301896,50.315,50.34248015032309,50.325,50.325,50.332049718301896,0.007049718301892938,0.0001400977404986673,IAGG,BNDX,2026-06-12,False,2073.0,1987.0,2073.0,-1988.0,BNDX,IAGG,-0.027480150323093255,-0.0005461079158007404,1.0,False,True,False,0.0,,,0.0,0.0,99877.14,-100016.28,199893.41999999998,-139.13999999999942,-2073.0,1988.0,0.0,1988.0,2073.0,-0.0,-10.365,-9.94,-20.305,165.83999999999645,-19.879999999996045,145.9600000000004,125.6550000000004,814.6499999999545
48.27,50.39,0.010000000000005116,0.07000000000000028,1.0439196188108555,1.0,1.043123151107117,1.0,1.0431449544844216,1.0,50.35260695296303,50.39,0.005215724772422108,0.005,50.34739122819061,50.385,50.35782267773545,50.395,50.35782267773545,50.385,0.027177322264549275,0.0005393395964387632,BNDX,IAGG,2026-06-15,False,2071.0,1985.0,0.0,0.0,,,0.0,0.0,0.0,False,False,False,-0.0,,,0.0,0.0,0.0,0.0,0.0,0.0,0.0,0.0,0.0,0.0,-0.0,-0.0,-0.0,-0.0,0.0,0.0,0.0,0.0,0.0,814.6499999999545
48.33,50.46,0.05999999999999517,0.07000000000000028,1.0440720049658598,1.0,1.0431359756740683,1.0,1.043123151107117,1.0,50.41414189300696,50.46,0.005215615755535585,0.005,50.408926277251425,50.455,50.4193575087625,50.465,50.4193575087625,50.455,0.03564249123749619,0.0007063513919440386,BNDX,IAGG,2026-06-16,False,2067.0,1982.0,0.0,0.0,,,0.0,0.0,-0.0,False,False,False,0.0,,,0.0,0.0,0.0,0.0,0.0,0.0,0.0,0.0,0.0,0.0,-0.0,-0.0,-0.0,-0.0,0.0,0.0,0.0,0.0,0.0,814.6499999999545
48.31,50.43,-0.01999999999999602,-0.030000000000001137,1.0438832539846823,1.0,1.0431342989112307,1.0,1.0431359756740683,1.0,50.39389898481424,50.43,0.005215679878370342,0.005,50.388683304935874,50.425,50.39911466469261,50.435,50.39911466469261,50.425,0.025885335307386015,0.0005132923915801312,BNDX,IAGG,2026-06-17,False,2069.0,1983.0,0.0,0.0,,,0.0,0.0,0.0,False,False,False,-0.0,,,0.0,0.0,0.0,0.0,0.0,0.0,0.0,0.0,0.0,0.0,-0.0,-0.0,-0.0,-0.0,0.0,-0.0,-0.0,0.0,0.0,814.6499999999545
48.35,50.53,0.03999999999999915,0.10000000000000142,1.0450879007238882,1.0,1.0432497123113649,1.0,1.0431342989112307,1.0,50.435543352358,50.53,0.005215671494556154,0.005,50.43032768086345,50.525,50.44075902385256,50.535000000000004,50.44075902385256,50.525,0.08424097614744142,0.0016671477567275165,BNDX,IAGG,2026-06-18,False,2064.0,1979.0,0.0,0.0,,,0.0,0.0,-0.0,True,False,False,1.0,BNDX,IAGG,2064.0,-1979.0,0.0,0.0,0.0,0.0,2064.0,-1979.0,2064.0,0.0,-0.0,1979.0,-10.32,-9.895,-20.215,0.0,0.0,0.0,-20.215,794.4349999999545
48.27,50.45,-0.0799999999999983,-0.0799999999999983,1.0451626268904082,1.0,1.0433923788788948,1.0,1.0432497123113649,1.0,50.35766361326959,50.45,0.005216248561556824,0.005,50.35244736470803,50.445,50.362879861831146,50.455000000000005,50.362879861831146,50.445,0.08212013816885388,0.0016277529864985904,BNDX,IAGG,2026-06-22,False,2068.0,1982.0,2064.0,-1979.0,BNDX,IAGG,0.08212013816885388,0.0016277529864985904,1.0,True,False,False,1.0,BNDX,IAGG,2068.0,-1982.0,99794.40000000001,-99998.87,199793.27000000002,-204.4699999999866,4.0,-3.0,4.0,0.0,-0.0,3.0,-0.02,-0.015,-0.035,-165.11999999999648,158.31999999999664,-6.799999999999841,-6.834999999999841,787.5999999999547
48.38,50.46,0.10999999999999943,0.00999999999999801,1.0429929723026043,1.0,1.0434821024003922,1.0,1.0433923788788948,1.0,50.479323290160934,50.46,0.005216961894394474,0.005,50.47410632826654,50.455,50.48454025205533,50.465,50.465,50.47410632826654,0.009106328266533126,0.00018046627559518678,IAGG,BNDX,2026-06-23,False,2068.0,1982.0,2068.0,-1982.0,BNDX,IAGG,-0.029540252055333838,-0.0005854191846082806,1.0,False,True,False,0.0,,,0.0,0.0,99822.36,-99991.90000000001,199814.26,-169.54000000000815,-2068.0,1982.0,0.0,1982.0,2068.0,-0.0,-10.34,-9.91,-20.25,227.47999999999882,-19.819999999996057,207.66000000000275,187.41000000000275,975.0099999999575
48.5,50.58,0.11999999999999744,0.11999999999999744,1.0428865979381443,1.0,1.0435945019634822,1.0,1.0434821024003922,1.0,50.60888196641902,50.58,0.005217410512001961,0.005,50.60366455590702,50.574999999999996,50.61409937693102,50.585,50.585,50.60366455590702,0.018664555907015767,0.0003690105952355826,IAGG,BNDX,2026-06-24,False,2063.0,1977.0,0.0,0.0,,,0.0,0.0,0.0,False,True,False,0.0,,,0.0,0.0,0.0,0.0,0.0,0.0,0.0,0.0,0.0,0.0,-0.0,-0.0,-0.0,-0.0,0.0,0.0,0.0,0.0,0.0,975.0099999999575
48.49,50.6,-0.00999999999999801,0.020000000000003126,1.0435141266240462,1.0,1.043717118290537,1.0,1.0435945019634822,1.0,50.603897400209256,50.6,0.005217972509817411,0.005,50.59867942769944,50.595,50.609115372719074,50.605000000000004,50.605000000000004,50.59867942769944,-0.006320572300566596,-0.00012491249605862836,IAGG,BNDX,2026-06-25,False,2062.0,1976.0,0.0,0.0,,,0.0,0.0,0.0,False,True,False,0.0,,,0.0,0.0,0.0,0.0,0.0,0.0,0.0,0.0,0.0,0.0,-0.0,-0.0,-0.0,-0.0,0.0,-0.0,0.0,0.0,0.0,975.0099999999575
48.51,50.6,0.01999999999999602,0.0,1.0430839002267573,1.0,1.0438302855356087,1.0,1.043717118290537,1.0,50.630717408273945,50.6,0.005218585591452685,0.005,50.625498822682495,50.595,50.635935993865395,50.605000000000004,50.605000000000004,50.625498822682495,0.020498822682490925,0.0004051150727765005,IAGG,BNDX,2026-06-26,False,2062.0,1976.0,0.0,0.0,,,0.0,0.0,0.0,False,False,False,-0.0,,,0.0,0.0,0.0,0.0,0.0,0.0,0.0,0.0,0.0,0.0,-0.0,-0.0,-0.0,-0.0,0.0,0.0,0.0,0.0,0.0,975.0099999999575
48.52,50.61,0.010000000000005116,0.00999999999999801,1.0430750206100576,1.0,1.0439770015981826,1.0,1.0438302855356087,1.0,50.64664545418774,50.61,0.005219151427678044,0.005,50.64142630276006,50.605,50.65186460561542,50.615,50.615,50.64142630276006,0.02642630276005775,0.0005221557549902737,IAGG,BNDX,2026-06-29,False,2063.0,1976.0,0.0,0.0,,,0.0,0.0,-0.0,False,False,False,0.0,,,0.0,0.0,0.0,0.0,0.0,0.0,0.0,0.0,0.0,0.0,-0.0,-0.0,-0.0,-0.0,0.0,0.0,0.0,0.0,0.0,975.0099999999575
48.43,50.6,-0.09000000000000341,-0.00999999999999801,1.044806937848441,1.0,1.0440140643500935,1.0,1.0439770015981826,1.0,50.559806187399985,50.6,0.005219885007990913,0.005,50.554586302391996,50.595,50.565026072407974,50.605000000000004,50.565026072407974,50.595,0.029973927592024552,0.0005923701105143192,BNDX,IAGG,2026-06-30,False,2063.0,1976.0,0.0,0.0,,,0.0,0.0,0.0,False,False,False,-0.0,,,0.0,0.0,0.0,0.0,0.0,0.0,0.0,0.0,0.0,0.0,-0.0,-0.0,-0.0,-0.0,0.0,-0.0,-0.0,0.0,0.0,975.0099999999575
48.27,50.16,-0.1599999999999966,-0.44000000000000483,1.039154754505904,1.0,1.043824499170824,1.0,1.0440140643500935,1.0,50.39455888617901,50.16,0.005220070321750468,0.005,50.389338815857265,50.154999999999994,50.39977895650076,50.165,50.165,50.389338815857265,0.22433881585726567,0.004472464430966222,IAGG,BNDX,2026-07-01,True,2082.0,1994.0,0.0,0.0,,,0.0,0.0,-0.0,True,False,False,1.0,IAGG,BNDX,-2082.0,1994.0,0.0,0.0,0.0,0.0,-2082.0,1994.0,0.0,1994.0,2082.0,-0.0,-10.41,-9.97,-20.380000000000003,-0.0,-0.0,0.0,-20.380000000000003,954.6299999999575
48.24,50.13,-0.030000000000001137,-0.02999999999999403,1.039179104477612,1.0,1.0435556800869805,1.0,1.043824499170824,1.0,50.35409384000056,50.13,0.0052191224958541204,0.005,50.34887471750471,50.125,50.35931296249641,50.135000000000005,50.135000000000005,50.34887471750471,0.21387471750470155,0.004266401705659317,IAGG,BNDX,2026-07-02,False,2082.0,1995.0,-2082.0,1994.0,IAGG,BNDX,0.21387471750470155,0.004266401705659317,1.0,True,False,True,0.0,,,0.0,0.0,-100498.14,100019.04,200517.18,-479.1000000000058,2082.0,-1994.0,2082.0,0.0,-0.0,1994.0,-10.41,-9.97,-20.380000000000003,62.46000000000237,-59.8199999999881,2.6400000000142683,-17.739999999985734,936.8899999999718
48.22,50.11,-0.020000000000003126,-0.020000000000003126,1.039195354624637,1.0,1.0432899902474968,1.0,1.0435556800869805,1.0,50.3202548937942,50.11,0.005217778400434902,0.005,50.315037115393764,50.105,50.325472672194635,50.115,50.115,50.315037115393764,0.20003711539376212,0.003991959995884297,IAGG,BNDX,2026-07-06,False,2083.0,1996.0,0.0,0.0,,,0.0,0.0,0.0,True,False,False,1.0,IAGG,BNDX,-2083.0,1996.0,0.0,0.0,0.0,0.0,-2083.0,1996.0,0.0,1996.0,2083.0,-0.0,-10.415000000000001,-9.98,-20.395000000000003,-0.0,-0.0,0.0,-20.395000000000003,916.4949999999718
48.02,49.94,-0.19999999999999574,-0.1700000000000017,1.0399833402748853,1.0,1.0430708694045447,1.0,1.0432899902474968,1.0,50.0987853316848,49.94,0.005216449951237484,0.005,50.09356888173357,49.934999999999995,50.104001781636036,49.945,49.945,50.09356888173357,0.14856888173356708,0.0029749475717574508,IAGG,BNDX,2026-07-07,False,2089.0,2002.0,-2083.0,1996.0,IAGG,BNDX,0.14856888173356708,0.0029749475717574508,1.0,True,False,False,1.0,IAGG,BNDX,-2089.0,2002.0,-100442.26,100019.56,200461.82,-422.6999999999971,-6.0,6.0,0.0,6.0,6.0,-0.0,-0.03,-0.03,-0.06,416.5999999999911,-339.3200000000034,77.2799999999877,77.21999999998769,993.7149999999594
47.83,49.81,-0.19000000000000483,-0.12999999999999545,1.0413966130043906,1.0,1.0429300639755152,1.0,1.0430708694045447,1.0,49.890079683619376,49.81,0.005215354347022724,0.005,49.884864329272354,49.805,49.8952950379664,49.815000000000005,49.815000000000005,49.884864329272354,0.06986432927234887,0.0014026165282543439,IAGG,BNDX,2026-07-08,False,2094.0,2008.0,-2089.0,2002.0,IAGG,BNDX,0.06986432927234887,0.0014026165282543439,1.0,True,False,False,1.0,IAGG,BNDX,-2094.0,2008.0,-100313.78000000001,99979.87999999999,200293.66,-333.9000000000233,-5.0,6.0,0.0,6.0,5.0,-0.0,-0.025,-0.03,-0.055,396.9100000000101,-260.2599999999909,136.6500000000192,136.59500000001918,1130.3099999999786
48.02,49.9,0.19000000000000483,0.0899999999999963,1.0391503540191587,1.0,1.0426475316660542,1.0,1.0429300639755152,1.0,50.081501672104245,49.9,0.005214650319877576,0.005,50.07628702178437,49.894999999999996,50.086716322424124,49.905,49.905,50.07628702178437,0.17128702178436583,0.0034326056469812793,IAGG,BNDX,2026-07-09,False,2090.0,2004.0,-2094.0,2008.0,IAGG,BNDX,0.17128702178436583,0.0034326056469812793,1.0,True,False,False,1.0,IAGG,BNDX,-2090.0,2004.0,-100156.01999999999,100018.48000000001,200174.5,-137.53999999997905,4.0,-4.0,4.0,0.0,-0.0,4.0,-0.02,-0.02,-0.04,-397.86000000001013,180.71999999999258,-217.14000000001755,-217.18000000001754,913.129999999961
48.08,49.99,0.05999999999999517,0.09000000000000341,1.0397254575707155,1.0,1.042358230431855,1.0,1.0426475316660542,1.0,50.13049332250388,49.99,0.005213237658330271,0.005,50.12528008484555,49.985,50.13570656016221,49.995000000000005,49.995000000000005,50.12528008484555,0.13028008484554476,0.002606122921495194,IAGG,BNDX,2026-07-10,False,2085.0,2000.0,-2090.0,2004.0,IAGG,BNDX,0.13028008484554476,0.002606122921495194,1.0,True,False,False,1.0,IAGG,BNDX,-2085.0,2000.0,-100361.8,99999.59999999999,200361.4,-362.20000000001164,5.0,-4.0,5.0,0.0,-0.0,4.0,-0.025,-0.02,-0.045,-125.3999999999899,180.36000000000683,54.96000000001693,54.91500000001693,968.0449999999779
47.89,49.82,-0.18999999999999773,-0.1700000000000017,1.0403006890791398,1.0,1.0421628041137074,1.0,1.042358230431855,1.0,49.91853565538154,49.82,0.005211791152159275,0.005,49.91332386422938,49.815,49.923747446533696,49.825,49.825,49.91332386422938,0.08832386422938043,0.0017728595790722688,IAGG,BNDX,2026-07-13,False,2092.0,2007.0,-2085.0,2000.0,IAGG,BNDX,0.08832386422938043,0.0017728595790722688,1.0,True,False,False,1.0,IAGG,BNDX,-2092.0,2007.0,-100246.8,99980.0,200226.8,-266.8000000000029,-7.0,7.0,0.0,7.0,7.0,-0.0,-0.035,-0.035,-0.07,396.14999999999526,-340.0000000000034,56.14999999999185,56.07999999999185,1024.1249999999698
47.96,49.91,0.07000000000000028,0.0899999999999963,1.0406588824020016,1.0,1.0420614755442095,1.0,1.0421628041137074,1.0,49.98212808529341,49.91,0.005210814020568538,0.005,49.97691727127284,49.904999999999994,49.98733889931398,49.915,49.915,49.97691727127284,0.06191727127283997,0.001240578466696854,IAGG,BNDX,2026-07-14,False,2088.0,2004.0,-2092.0,2007.0,IAGG,BNDX,0.06191727127283997,0.001240578466696854,1.0,True,False,False,1.0,IAGG,BNDX,-2088.0,2004.0,-100185.88,99988.74,200174.62,-197.13999999999942,4.0,-3.0,4.0,0.0,-0.0,3.0,-0.02,-0.015,-0.035,-146.4400000000006,180.62999999999258,34.18999999999198,34.154999999991986,1058.2799999999618
48.03,49.96,0.07000000000000028,0.05000000000000426,1.0401832188215698,1.0,1.0418746555447451,1.0,1.0420614755442095,1.0,50.05021267038838,49.96,0.005210307377721047,0.005,50.04500236301066,49.955,50.055422977766106,49.965,49.965,50.04500236301066,0.08000236301065655,0.0016013283228714281,IAGG,BNDX,2026-07-15,False,2086.0,2002.0,-2088.0,2004.0,IAGG,BNDX,0.08000236301065655,0.0016013283228714281,1.0,True,False,False,1.0,IAGG,BNDX,-2086.0,2002.0,-100140.48,100019.64,200160.12,-120.83999999999651,2.0,-2.0,2.0,0.0,-0.0,2.0,-0.01,-0.01,-0.02,-146.1600000000006,100.20000000000854,-45.95999999999205,-45.97999999999205,1012.2999999999697
47.96,49.89,-0.07000000000000028,-0.07000000000000028,1.0402418682235195,1.0,1.0416831487076281,1.0,1.0418746555447451,1.0,49.96830847992598,49.89,0.005209373277723726,0.005,49.96309910664826,49.885,49.9735178532037,49.895,49.895,49.96309910664826,0.0680991066482548,0.0013649851001855042,IAGG,BNDX,2026-07-16,False,2088.0,2004.0,-2086.0,2002.0,IAGG,BNDX,0.0680991066482548,0.0013649851001855042,1.0,True,False,False,1.0,IAGG,BNDX,-2088.0,2004.0,-100190.58,100019.92,200210.5,-170.6600000000035,-2.0,2.0,0.0,2.0,2.0,-0.0,-0.01,-0.01,-0.02,146.0200000000006,-140.14000000000055,5.880000000000052,5.860000000000053,1018.1599999999697
47.93,49.85,-0.030000000000001137,-0.03999999999999915,1.0400584185270185,1.0,1.041491906934745,1.0,1.0416831487076281,1.0,49.92787331755662,49.85,0.005208415743538141,0.005,49.92266490181308,49.845,49.933081733300156,49.855000000000004,49.855000000000004,49.92266490181308,0.06766490181307461,0.001357370146701597,IAGG,BNDX,2026-07-17,False,2090.0,2006.0,-2088.0,2004.0,IAGG,BNDX,0.06766490181307461,0.001357370146701597,1.0,True,False,False,1.0,IAGG,BNDX,-2090.0,2006.0,-100140.48,99979.56,200120.03999999998,-160.91999999999825,-2.0,2.0,0.0,2.0,2.0,-0.0,-0.01,-0.01,-0.02,62.640000000002374,-80.15999999999829,-17.519999999995918,-17.539999999995917,1000.6199999999739
47.82,49.8,-0.10999999999999943,-0.05000000000000426,1.0414052697616059,1.0,1.0413077753866307,1.0,1.041491906934745,1.0,49.80414298961951,49.8,0.005207459534673726,0.005,49.79893553008483,49.794999999999995,49.80935044915418,49.805,49.805,49.79893553008483,-0.006064469915166626,-0.00012177650432061498,IAGG,BNDX,2026-07-20,False,2091.0,2008.0,-2090.0,2006.0,IAGG,BNDX,-0.006064469915166626,-0.00012177650432061498,1.0,False,True,False,0.0,,,0.0,0.0,-100173.7,99999.1,200172.8,-174.59999999999127,2090.0,-2006.0,2090.0,0.0,-0.0,2006.0,-10.450000000000001,-10.03,-20.48,229.8999999999988,-100.30000000000855,129.59999999999025,109.11999999999024,1109.739999999964
47.83,49.78,0.00999999999999801,-0.01999999999999602,1.0407693915952332,1.0,1.0410881136218721,1.0,1.0413077753866307,1.0,49.805750896742545,49.78,0.005206538876933154,0.005,49.80054435786561,49.775,49.81095743561948,49.785000000000004,49.785000000000004,49.80054435786561,0.015544357865607594,0.00031226110617934097,IAGG,BNDX,2026-07-21,False,2092.0,2009.0,0.0,0.0,,,0.0,0.0,0.0,False,True,False,0.0,,,0.0,0.0,0.0,0.0,0.0,0.0,0.0,0.0,0.0,0.0,-0.0,-0.0,-0.0,-0.0,0.0,0.0,-0.0,0.0,0.0,1109.739999999964
47.8,49.75,-0.030000000000001137,-0.030000000000001137,1.040794979079498,1.0,1.0409782139607167,1.0,1.0410881136218721,1.0,49.76401183112549,49.75,0.005205440568109361,0.005,49.758806390557375,49.745,49.7692172716936,49.755,49.755,49.758806390557375,0.0038063905573721968,7.65103629622552e-05,IAGG,BNDX,2026-07-22,False,2093.0,2010.0,0.0,0.0,,,0.0,0.0,0.0,False,True,False,0.0,,,0.0,0.0,0.0,0.0,0.0,0.0,0.0,0.0,0.0,0.0,-0.0,-0.0,-0.0,-0.0,0.0,-0.0,-0.0,0.0,0.0,1109.739999999964
47.71,49.72,-0.0899999999999963,-0.030000000000001137,1.0421295325927478,1.0,1.040940360693447,1.0,1.0409782139607167,1.0,49.665070588065795,49.72,0.005204891069803584,0.005,49.65986569699599,49.714999999999996,49.6702754791356,49.725,49.6702754791356,49.714999999999996,0.04472452086439915,0.0008995277728157513,BNDX,IAGG,2026-07-23,False,2093.0,2011.0,0.0,0.0,,,0.0,0.0,0.0,False,False,False,-0.0,,,0.0,0.0,0.0,0.0,0.0,0.0,0.0,0.0,0.0,0.0,-0.0,-0.0,-0.0,-0.0,0.0,-0.0,-0.0,0.0,0.0,1109.739999999964
47.8,49.75,0.0899999999999963,0.030000000000001137,1.040794979079498,1.0,1.0408044033162196,1.0,1.040940360693447,1.0,49.75694924114677,49.75,0.005204701803467235,0.005,49.751744539343306,49.745,49.762153942950235,49.755,49.755,49.751744539343306,-0.0032554606566961297,-6.543639510946995e-05,IAGG,BNDX,2026-07-24,False,2092.0,2010.0,0.0,0.0,,,0.0,0.0,-0.0,False,True,False,0.0,,,0.0,0.0,0.0,0.0,0.0,0.0,0.0,0.0,0.0,0.0,-0.0,-0.0,-0.0,-0.0,0.0,0.0,0.0,0.0,0.0,1109.739999999964
47.92,49.83,0.12000000000000455,0.0799999999999983,1.0398580968280466,1.0,1.040643113146284,1.0,1.0408044033162196,1.0,49.875347006913245,49.83,0.0052040220165810985,0.005,49.87014298489667,49.824999999999996,49.88055102892982,49.835,49.835,49.87014298489667,0.03514298489666601,0.0007052575736838453,IAGG,BNDX,2026-07-27,False,2089.0,2007.0,0.0,0.0,,,0.0,0.0,0.0,False,False,False,-0.0,,,0.0,0.0,0.0,0.0,0.0,0.0,0.0,0.0,0.0,0.0,-0.0,-0.0,-0.0,-0.0,0.0,0.0,0.0,0.0,0.0,1109.739999999964
47.99,49.93,0.07000000000000028,0.10000000000000142,1.0404250885601167,1.0,1.040510616543787,1.0,1.040643113146284,1.0,49.94046299989018,49.93,0.005203215565731421,0.005,49.93525978432445,49.925,49.94566621545591,49.935,49.935,49.93525978432445,0.0002597843244487308,5.20297064788165e-06,IAGG,BNDX,2026-07-28,False,2084.0,2003.0,0.0,0.0,,,0.0,0.0,-0.0,False,True,False,0.0,,,0.0,0.0,0.0,0.0,0.0,0.0,0.0,0.0,0.0,0.0,-0.0,-0.0,-0.0,-0.0,0.0,0.0,0.0,0.0,0.0,1109.739999999964
47.81,49.77,-0.17999999999999972,-0.1599999999999966,1.04099560761347,1.0,1.0403200500320384,1.0,1.040510616543787,1.0,49.746812576958455,49.77,0.0052025530827189345,0.005,49.74161002387574,49.765,49.75201513004117,49.775000000000006,49.75201513004117,49.765,0.012984869958827971,0.0002608975278044599,BNDX,IAGG,2026-07-29,False,2090.0,2009.0,0.0,0.0,,,0.0,0.0,0.0,False,True,False,0.0,,,0.0,0.0,0.0,0.0,0.0,0.0,0.0,0.0,0.0,0.0,-0.0,-0.0,-0.0,-0.0,0.0,-0.0,-0.0,0.0,0.0,1109.739999999964
47.88,49.83,0.07000000000000028,0.05999999999999517,1.0407268170426065,1.0,1.0403986531588736,1.0,1.0403200500320384,1.0,49.810523995534005,49.83,0.005201600250160192,0.005,49.805322395283845,49.824999999999996,49.815725595784166,49.835,49.815725595784166,49.824999999999996,0.009274404215830145,0.00018612089536082974,BNDX,IAGG,2026-07-30,False,2088.0,2007.0,0.0,0.0,,,0.0,0.0,0.0,False,True,False,0.0,,,0.0,0.0,0.0,0.0,0.0,0.0,0.0,0.0,0.0,0.0,-0.0,-0.0,-0.0,-0.0,0.0,0.0,0.0,0.0,0.0,1109.739999999964
47.77,49.75,-0.10999999999999943,-0.0799999999999983,1.041448607912916,1.0,1.0405121283306387,1.0,1.0403986531588736,1.0,49.69984366139939,49.75,0.005201993265794368,0.005,49.6946416681336,49.745,49.705045654665184,49.755,49.705045654665184,49.745,0.03995434533481301,0.0008031024187902114,BNDX,IAGG,2026-07-31,False,2091.0,2010.0,0.0,0.0,,,0.0,0.0,0.0,False,False,False,-0.0,,,0.0,0.0,0.0,0.0,0.0,0.0,0.0,0.0,0.0,0.0,-0.0,-0.0,-0.0,-0.0,0.0,-0.0,-0.0,0.0,0.0,1109.739999999964
