SPTL_price,SCHQ_price,VGLT_price,SPTL_price_chg,SCHQ_price_chg,VGLT_price_chg,VGLT/SPTL,VGLT/SCHQ,VGLT/VGLT,VGLT/SPTL_moving_avg,VGLT/SCHQ_moving_avg,VGLT/VGLT_moving_avg,VGLT/SPTL_prev_moving_avg,VGLT/SCHQ_prev_moving_avg,VGLT/VGLT_prev_moving_avg,SPTL_scaled_price,SCHQ_scaled_price,VGLT_scaled_price,SPTL_scaled_comm,SCHQ_scaled_comm,VGLT_scaled_comm,SPTL_scaled_price_minus_comm,SCHQ_scaled_price_minus_comm,VGLT_scaled_price_minus_comm,SPTL_scaled_price_plus_comm,SCHQ_scaled_price_plus_comm,VGLT_scaled_price_plus_comm,min_price_plus_comm,max_price_minus_comm,tgt_max-min,tgt_pct_diff,tgt_min_price_etf,tgt_max_price_etf,date,ex_div_date,SPTL_shs_per_unit,SCHQ_shs_per_unit,VGLT_shs_per_unit,SPTL_current_shs,SCHQ_current_shs,VGLT_current_shs,current_long_etf,current_short_etf,current_max-min,current_pct_diff,current_position,open_trade,exit_trade,flatten_for_div,tgt_position,tgt_long_etf,tgt_short_etf,SPTL_tgt_shs,SCHQ_tgt_shs,VGLT_tgt_shs,SPTL_tgt_inv_amt,SCHQ_tgt_inv_amt,VGLT_tgt_inv_amt,gross_inv_amt,net_inv_amt,SPTL_shs_to_trade,SCHQ_shs_to_trade,VGLT_shs_to_trade,SPTL_shs_to_buy,SCHQ_shs_to_buy,VGLT_shs_to_buy,SPTL_shs_to_sell,SCHQ_shs_to_sell,VGLT_shs_to_sell,SPTL_daily_comm,SCHQ_daily_comm,VGLT_daily_comm,daily_comm,SPTL_daily_profit,SCHQ_daily_profit,VGLT_daily_profit,daily_gross_profit,daily_net_profit,cumulative_net_profit
26.42,31.65,55.69,,,,2.1078728236184707,1.75955766192733,1.0,,,,,,,,,,,,,,,,,,,,,,,,,2026-01-02,False,,,,,,,,,,,,False,False,False,,,,,,,,,,,,,,,,,,,,,,,,,,,,,,
26.53,31.78,55.93,0.10999999999999943,0.13000000000000256,0.240000000000002,2.108179419525066,1.7599118942731278,1.0,,,,,,,,,,,,,,,,,,,,,,,,,2026-01-05,False,,,,,,,,,,,,False,False,False,,,,,,,,,,,,,,,,,,,,,,,,,,,,,,
26.5,31.74,55.84,-0.030000000000001137,-0.0400000000000027,-0.0899999999999963,2.107169811320755,1.7592942659105233,1.0,,,,,,,,,,,,,,,,,,,,,,,,,2026-01-06,False,,,,,,,,,,,,False,False,False,,,,,,,,,,,,,,,,,,,,,,,,,,,,,,
26.62,31.9,56.14,0.120000000000001,0.16000000000000014,0.29999999999999716,2.1089406461307285,1.7598746081504704,1.0,,,,,,,,,,,,,,,,,,,,,,,,,2026-01-07,False,,,,,,,,,,,,False,False,False,,,,,,,,,,,,,,,,,,,,,,,,,,,,,,
26.51,31.75,55.86,-0.10999999999999943,-0.14999999999999858,-0.28000000000000114,2.1071293851376836,1.7593700787401574,1.0,,,,,,,,,,,,,,,,,,,,,,,,,2026-01-08,False,,,,,,,,,,,,False,False,False,,,,,,,,,,,,,,,,,,,,,,,,,,,,,,
26.64,31.93,56.17,0.129999999999999,0.17999999999999972,0.3100000000000023,2.1084834834834836,1.759160663952396,1.0,,,,,,,,,,,,,,,,,,,,,,,,,2026-01-09,False,,,,,,,,,,,,False,False,False,,,,,,,,,,,,,,,,,,,,,,,,,,,,,,
26.58,31.84,56.03,-0.060000000000002274,-0.08999999999999986,-0.14000000000000057,2.1079759217456737,1.7597361809045227,1.0,,,,,,,,,,,,,,,,,,,,,,,,,2026-01-12,False,,,,,,,,,,,,False,False,False,,,,,,,,,,,,,,,,,,,,,,,,,,,,,,
26.62,31.88,56.11,0.0400000000000027,0.03999999999999915,0.0799999999999983,2.1078136739293765,1.7600376411543288,1.0,,,,,,,,,,,,,,,,,,,,,,,,,2026-01-13,False,,,,,,,,,,,,False,False,False,,,,,,,,,,,,,,,,,,,,,,,,,,,,,,
26.77,32.07,56.43,0.14999999999999858,0.19000000000000128,0.3200000000000003,2.1079566679118416,1.7595884003741815,1.0,,,,,,,,,,,,,,,,,,,,,,,,,2026-01-14,False,,,,,,,,,,,,False,False,False,,,,,,,,,,,,,,,,,,,,,,,,,,,,,,
26.77,32.05,56.4,0.0,-0.020000000000003126,-0.030000000000001137,2.1068360104594697,1.7597503900156006,1.0,,,,,,,,,,,,,,,,,,,,,,,,,2026-01-15,False,,,,,,,,,,,,False,False,False,,,,,,,,,,,,,,,,,,,,,,,,,,,,,,
26.6,31.86,56.07,-0.16999999999999815,-0.18999999999999773,-0.3299999999999983,2.107894736842105,1.7598870056497176,1.0,,,,,,,,,,,,,,,,,,,,,,,,,2026-01-16,False,,,,,,,,,,,,False,False,False,,,,,,,,,,,,,,,,,,,,,,,,,,,,,,
26.3,31.49,55.42,-0.3000000000000007,-0.370000000000001,-0.6499999999999986,2.1072243346007604,1.759923785328676,1.0,,,,,,,,,,,,,,,,,,,,,,,,,2026-01-20,False,,,,,,,,,,,,False,False,False,,,,,,,,,,,,,,,,,,,,,,,,,,,,,,
26.48,31.7,55.8,0.17999999999999972,0.21000000000000085,0.37999999999999545,2.107250755287009,1.7602523659305993,1.0,,,,,,,,,,,,,,,,,,,,,,,,,2026-01-21,False,,,,,,,,,,,,False,False,False,,,,,,,,,,,,,,,,,,,,,,,,,,,,,,
26.56,31.82,56.0,0.0799999999999983,0.120000000000001,0.20000000000000284,2.108433734939759,1.759899434318039,1.0,,,,,,,,,,,,,,,,,,,,,,,,,2026-01-22,False,,,,,,,,,,,,False,False,False,,,,,,,,,,,,,,,,,,,,,,,,,,,,,,
26.62,31.89,56.11,0.060000000000002274,0.07000000000000028,0.10999999999999943,2.1078136739293765,1.7594857322044528,1.0,,,,,,,,,,,,,,,,,,,,,,,,,2026-01-23,False,,,,,,,,,,,,False,False,False,,,,,,,,,,,,,,,,,,,,,,,,,,,,,,
26.74,32.02,56.36,0.11999999999999744,0.13000000000000256,0.25,2.1077038145100975,1.760149906308557,1.0,,,,,,,,,,,,,,,,,,,,,,,,,2026-01-26,False,,,,,,,,,,,,False,False,False,,,,,,,,,,,,,,,,,,,,,,,,,,,,,,
26.59,31.85,56.07,-0.14999999999999858,-0.1700000000000017,-0.28999999999999915,2.108687476494923,1.7604395604395604,1.0,,,,,,,,,,,,,,,,,,,,,,,,,2026-01-27,False,,,,,,,,,,,,False,False,False,,,,,,,,,,,,,,,,,,,,,,,,,,,,,,
26.54,31.8,55.95,-0.05000000000000071,-0.05000000000000071,-0.11999999999999744,2.1081386586284854,1.759433962264151,1.0,,,,,,,,,,,,,,,,,,,,,,,,,2026-01-28,False,,,,,,,,,,,,False,False,False,,,,,,,,,,,,,,,,,,,,,,,,,,,,,,
26.55,31.8,55.97,0.010000000000001563,0.0,0.01999999999999602,2.1080979284369112,1.760062893081761,1.0,,,,,,,,,,,,,,,,,,,,,,,,,2026-01-29,False,,,,,,,,,,,,False,False,False,,,,,,,,,,,,,,,,,,,,,,,,,,,,,,
26.44,31.67,55.73,-0.10999999999999943,-0.129999999999999,-0.240000000000002,2.1077912254160363,1.759709504262709,1.0,2.107869709117401,1.759776296759543,1.0,,,,,,,,,,,,,,,,,,,,,,2026-01-30,False,,,,,,,,,,,,False,False,False,0.0,,,0.0,0.0,0.0,,,,,,,,,,,,,,,,,,,,,,,,
26.27,31.44,55.38,-0.1700000000000017,-0.23000000000000043,-0.3499999999999943,2.1081081081081083,1.7614503816793894,1.0,2.1078814733418825,1.759870932747146,1.0,2.107869709117401,1.759776296759543,1.0,55.37373725851412,55.32736677012003,55.38,0.010539348545587005,0.008798881483797715,0.005,55.363197909968534,55.31856788863623,55.375,55.384276607059704,55.33616565160383,55.385000000000005,55.33616565160383,55.375,0.03883434839617195,0.0007012341711118083,SCHQ,VGLT,2026-02-02,True,3807.0,3178.0,1806.0,0.0,0.0,0.0,,,0.0,0.0,0.0,True,False,False,1.0,SCHQ,VGLT,0.0,3178.0,-1806.0,0.0,0.0,0.0,,,0.0,3178.0,-1806.0,0.0,3178.0,0.0,-0.0,-0.0,1806.0,-0.0,-15.89,-9.03,-24.92,-0.0,-0.0,-0.0,0.0,-24.92,-24.92
26.33,31.5,55.47,0.05999999999999872,0.05999999999999872,0.0899999999999963,2.1067223699202433,1.7609523809523808,1.0,2.107808620861641,1.7599229570811086,1.0,2.1078814733418825,1.759870932747146,1.0,55.50051919309176,55.4359343815351,55.47,0.010539407366709412,0.00879935466373573,0.005,55.489979785725055,55.42713502687136,55.464999999999996,55.51105860045847,55.444733736198835,55.475,55.444733736198835,55.489979785725055,0.04524604952622013,0.0008156850464434854,SCHQ,SPTL,2026-02-03,False,3801.0,3173.0,1803.0,0.0,3178.0,-1806.0,SCHQ,VGLT,0.0202662638011617,0.0003653553957303353,1.0,True,False,True,0.0,,,0.0,0.0,0.0,0.0,99916.32,-100016.28,199932.6,-99.95999999999185,0.0,-3178.0,1806.0,0.0,0.0,1806.0,-0.0,3178.0,-0.0,-0.0,-15.89,-9.03,-24.92,0.0,190.67999999999594,-162.5399999999933,28.14000000000263,3.220000000002628,-21.699999999997374
26.28,31.43,55.35,-0.04999999999999716,-0.07000000000000028,-0.11999999999999744,2.106164383561644,1.7610563156220171,1.0,2.107758349473686,1.7600110595666834,1.0,2.107808620861641,1.7599229570811086,1.0,55.39321055624393,55.31437854105924,55.35,0.010539043104308206,0.008799614785405543,0.005,55.38267151313962,55.30557892627384,55.345,55.40374959934824,55.323178155844644,55.355000000000004,55.323178155844644,55.38267151313962,0.059493357294975624,0.0010748574037032633,SCHQ,SPTL,2026-02-04,False,3809.0,3180.0,1807.0,0.0,0.0,0.0,,,0.0,0.0,0.0,True,False,False,1.0,SCHQ,SPTL,-3809.0,3180.0,0.0,0.0,0.0,0.0,0.0,0.0,-3809.0,3180.0,0.0,0.0,3180.0,0.0,3809.0,-0.0,-0.0,-19.045,-15.9,-0.0,-34.945,-0.0,-0.0,-0.0,0.0,-34.945,-56.644999999997374
26.53,31.73,55.91,0.25,0.3000000000000007,0.5599999999999952,2.1074255559743684,1.762054837693035,1.0,2.1076825949658677,1.7601200710438119,1.0,2.107758349473686,1.7600110595666834,1.0,55.91882901153689,55.84515092005086,55.91,0.01053879174736843,0.008800055297833417,0.005,55.90829021978953,55.83635086475303,55.904999999999994,55.92936780328426,55.853950975348695,55.915,55.853950975348695,55.90829021978953,0.0543392444408326,0.0009719056419394134,SCHQ,SPTL,2026-02-05,False,3771.0,3149.0,1789.0,-3809.0,3180.0,0.0,SCHQ,SPTL,0.0543392444408326,0.0009719056419394134,1.0,True,False,False,1.0,SCHQ,SPTL,-3771.0,3149.0,0.0,-100100.52,99947.4,0.0,200047.91999999998,-153.1200000000099,38.0,-31.0,0.0,38.0,0.0,0.0,-0.0,31.0,-0.0,-0.19,-0.155,-0.0,-0.345,-952.25,954.0000000000023,0.0,1.7500000000022737,1.4050000000022738,-55.2399999999951
26.54,31.74,55.92,0.00999999999999801,0.00999999999999801,0.010000000000005116,2.107008289374529,1.7618147448015125,1.0,2.1076765401777102,1.7602423043468793,1.0,2.1076825949658677,1.7601200710438119,1.0,55.937896070394125,55.86621105493059,55.92,0.01053841297482934,0.00880060035521906,0.005,55.92735765741929,55.857410454575366,55.915,55.948434483368956,55.87501165528581,55.925000000000004,55.87501165528581,55.92735765741929,0.05234600213348273,0.000936087305677445,SCHQ,SPTL,2026-02-06,False,3769.0,3147.0,1788.0,-3771.0,3149.0,0.0,SCHQ,SPTL,0.05234600213348273,0.000936087305677445,1.0,True,False,False,1.0,SCHQ,SPTL,-3769.0,3147.0,0.0,-100044.63,99917.77,0.0,199962.40000000002,-126.86000000000058,2.0,-2.0,0.0,2.0,0.0,0.0,-0.0,2.0,-0.0,-0.01,-0.01,-0.0,-0.02,-37.7099999999925,31.489999999993735,0.0,-6.2199999999987625,-6.239999999998762,-61.479999999993865
26.54,31.76,55.94,0.0,0.020000000000003126,0.01999999999999602,2.1077618688771667,1.7613350125944582,1.0,2.1076404594473943,1.7603510217789826,1.0,2.1076765401777102,1.7602423043468793,1.0,55.937735376316425,55.90529558605689,55.94,0.010538382700888551,0.008801211521734397,0.005,55.92719699361554,55.89649437453515,55.934999999999995,55.94827375901731,55.91409679757862,55.945,55.91409679757862,55.934999999999995,0.02090320242137267,0.000373671834490037,SCHQ,VGLT,2026-02-09,False,3769.0,3147.0,1788.0,-3769.0,3147.0,0.0,SCHQ,SPTL,0.013100196036916145,0.000234182982426102,1.0,False,True,False,0.0,,,0.0,0.0,0.0,-100029.26,99885.78,0.0,199915.03999999998,-143.47999999999593,3769.0,-3147.0,0.0,3769.0,0.0,0.0,-0.0,3147.0,-0.0,-18.845,-15.735000000000001,-0.0,-34.58,-0.0,62.94000000000984,0.0,62.94000000000984,28.36000000000984,-33.119999999984024
26.82,32.07,56.5,0.28000000000000114,0.3099999999999987,0.5600000000000023,2.1066368381804623,1.761771125662613,1.0,2.1075735052691336,1.760452769016887,1.0,2.1076404594473943,1.7603510217789826,1.0,56.52691712237912,56.454457268451975,56.5,0.010538202297236971,0.008801755108894914,0.005,56.516378920081884,56.44565551334308,56.495,56.53745532467635,56.46325902356087,56.505,56.46325902356087,56.516378920081884,0.0531198965210109,0.0009401751596639097,SCHQ,SPTL,2026-02-10,False,3731.0,3116.0,1770.0,0.0,0.0,0.0,,,0.0,0.0,0.0,True,False,False,1.0,SCHQ,SPTL,-3731.0,3116.0,0.0,0.0,0.0,0.0,0.0,0.0,-3731.0,3116.0,0.0,0.0,3116.0,0.0,3731.0,-0.0,-0.0,-18.655,-15.58,-0.0,-34.235,0.0,0.0,0.0,0.0,-34.235,-67.35499999998402
26.69,31.93,56.23,-0.129999999999999,-0.14000000000000057,-0.2700000000000031,2.1067815661296363,1.7610397745067334,1.0,2.1075218998791465,1.7605028756845074,1.0,2.1075735052691336,1.760452769016887,1.0,56.25113685563318,56.2112569147092,56.23,0.010537867526345668,0.008802263845084436,0.005,56.24059898810683,56.20245465086412,56.224999999999994,56.26167472315952,56.22005917855429,56.235,56.22005917855429,56.24059898810683,0.020539809552545307,0.0003652820478844978,SCHQ,SPTL,2026-02-11,False,3747.0,3130.0,1778.0,-3731.0,3116.0,0.0,SCHQ,SPTL,0.020539809552545307,0.0003652820478844978,1.0,False,True,False,0.0,,,0.0,0.0,0.0,-100065.42,99930.12,0.0,199995.53999999998,-135.3000000000029,3731.0,-3116.0,0.0,3731.0,0.0,0.0,-0.0,3116.0,-0.0,-18.655,-15.58,-0.0,-34.235,485.0299999999963,-436.24000000000177,-0.0,48.78999999999451,14.554999999994507,-52.79999999998951
27.01,32.31,56.9,0.3200000000000003,0.38000000000000256,0.6700000000000017,2.106627175120326,1.7610646858557721,1.0,2.107455425239571,1.7605766899585866,1.0,2.1075218998791465,1.7605028756845074,1.0,56.92416651573575,56.881847913366435,56.9,0.010537609499395733,0.008802514378422537,0.005,56.913628906236355,56.87304539898801,56.894999999999996,56.93470412523514,56.89065042774486,56.905,56.89065042774486,56.913628906236355,0.02297847849149548,0.0004038396922934179,SCHQ,SPTL,2026-02-12,False,3703.0,3093.0,1757.0,0.0,0.0,0.0,,,0.0,0.0,0.0,False,False,False,-0.0,,,0.0,0.0,0.0,0.0,0.0,0.0,0.0,0.0,0.0,0.0,0.0,0.0,0.0,0.0,-0.0,-0.0,-0.0,-0.0,-0.0,-0.0,0.0,0.0,0.0,0.0,0.0,0.0,-52.79999999998951
27.14,32.46,57.18,0.129999999999999,0.14999999999999858,0.28000000000000114,2.106853352984525,1.7615526802218113,1.0,2.1074562923658235,1.7606668044688973,1.0,2.107455425239571,1.7605766899585866,1.0,57.196340241001955,57.14831935605572,57.18,0.010537277126197855,0.008802883449792933,0.005,57.18580296387576,57.139516472605926,57.175,57.20687751812815,57.15712223950552,57.185,57.15712223950552,57.18580296387576,0.02868072437023983,0.0005015866451598431,SCHQ,SPTL,2026-02-13,False,3686.0,3079.0,1749.0,0.0,0.0,0.0,,,0.0,0.0,-0.0,True,False,False,1.0,SCHQ,SPTL,-3686.0,3079.0,0.0,0.0,0.0,0.0,0.0,0.0,-3686.0,3079.0,0.0,0.0,3079.0,0.0,3686.0,-0.0,-0.0,-18.43,-15.395,-0.0,-33.825,0.0,0.0,0.0,0.0,-33.825,-86.62499999998951
27.2,32.52,57.29,0.05999999999999872,0.060000000000002274,0.10999999999999943,2.10625,1.7616851168511682,1.0,2.1073740555237186,1.76075671002897,1.0,2.1074562923658235,1.7606668044688973,1.0,57.3228111523504,57.25688448132855,57.29,0.010537281461829117,0.008803334022344487,0.005,57.31227387088857,57.2480811473062,57.285,57.333348433812226,57.265687815350894,57.295,57.265687815350894,57.31227387088857,0.04658605553767359,0.0008131620795544352,SCHQ,SPTL,2026-02-17,False,3680.0,3074.0,1746.0,-3686.0,3079.0,0.0,SCHQ,SPTL,0.04658605553767359,0.0008131620795544352,1.0,True,False,False,1.0,SCHQ,SPTL,-3680.0,3074.0,0.0,-100038.04000000001,99944.34,0.0,199982.38,-93.70000000001164,6.0,-5.0,0.0,6.0,0.0,0.0,-0.0,5.0,-0.0,-0.03,-0.025,-0.0,-0.055,-221.15999999999528,184.740000000007,0.0,-36.41999999998828,-36.47499999998828,-123.0999999999778
27.1,32.41,57.09,-0.09999999999999787,-0.11000000000000654,-0.19999999999999574,2.1066420664206644,1.7614933662449863,1.0,2.1073449421147137,1.760835189074785,1.0,2.1073740555237186,1.76075671002897,1.0,57.10983690469278,57.066124972038914,57.09,0.010536870277618593,0.00880378355014485,0.005,57.09930003441516,57.05732118848877,57.085,57.120373774970396,57.074928755589056,57.095000000000006,57.074928755589056,57.09930003441516,0.024371278826102127,0.0004268922547924702,SCHQ,SPTL,2026-02-18,False,3692.0,3085.0,1752.0,-3680.0,3074.0,0.0,SCHQ,SPTL,0.024371278826102127,0.0004268922547924702,1.0,False,False,False,-1.0,SCHQ,SPTL,-3692.0,3085.0,0.0,-100096.0,99966.48000000001,0.0,200062.48,-129.51999999998952,-12.0,11.0,0.0,0.0,11.0,0.0,12.0,-0.0,-0.0,-0.06,-0.055,-0.0,-0.11499999999999999,367.99999999999216,-338.1400000000201,-0.0,29.859999999972047,29.74499999997205,-93.35500000000575
27.13,32.44,57.16,0.029999999999997584,0.030000000000001137,0.06999999999999318,2.1068927386656835,1.7620221948212085,1.0,2.1073270412836473,1.7609236805193156,1.0,2.1073449421147137,1.760835189074785,1.0,57.17226827957218,57.121493533586026,57.16,0.010536724710573568,0.008804175945373926,0.005,57.1617315548616,57.112689357640654,57.154999999999994,57.182805004282756,57.1302977095314,57.165,57.1302977095314,57.1617315548616,0.031433845330205656,0.0005499273150840738,SCHQ,SPTL,2026-02-19,False,3686.0,3080.0,1749.0,-3692.0,3085.0,0.0,SCHQ,SPTL,0.0,0.0,-1.0,True,False,False,1.0,SCHQ,SPTL,-3686.0,3080.0,0.0,-100053.20000000001,99984.84999999999,0.0,200038.05,-68.35000000002037,6.0,-5.0,0.0,6.0,0.0,0.0,-0.0,5.0,-0.0,-0.03,-0.025,-0.0,-0.055,-110.75999999999108,92.55000000000351,0.0,-18.209999999987573,-18.264999999987573,-111.61999999999333
27.07,32.39,57.05,-0.05999999999999872,-0.04999999999999716,-0.10999999999999943,2.107499076468415,1.7613460944736028,1.0,2.1072803083600804,1.7609960135270941,1.0,2.1073270412836473,1.7609236805193156,1.0,57.04534300754833,57.03631801202063,57.05,0.010536635206418237,0.008804618402596578,0.005,57.03480637234191,57.02751339361803,57.044999999999995,57.05587964275475,57.04512263042323,57.055,57.04512263042323,57.044999999999995,-0.00012263042323468198,-2.1495253853581416e-06,SCHQ,VGLT,2026-02-20,False,3694.0,3087.0,1753.0,-3686.0,3080.0,0.0,SCHQ,SPTL,-0.010316258081317642,-0.00018082836251214098,1.0,False,True,False,0.0,,,0.0,0.0,0.0,-100001.18,99915.2,0.0,199916.38,-85.97999999999593,3686.0,-3080.0,0.0,3686.0,0.0,0.0,-0.0,3080.0,-0.0,-18.43,-15.4,-0.0,-33.83,221.15999999999528,-153.99999999999125,-0.0,67.16000000000403,33.330000000004034,-78.28999999998929
27.17,32.5,57.26,0.10000000000000142,0.10999999999999943,0.21000000000000085,2.1074714758925284,1.7618461538461538,1.0,2.1072631984582375,1.7611140346091791,1.0,2.1072803083600804,1.7609960135270941,1.0,57.25480597814339,57.23237043963056,57.26,0.010536401541800402,0.00880498006763547,0.005,57.24426957660159,57.22356545956292,57.254999999999995,57.26534237968519,57.241175419698195,57.265,57.241175419698195,57.254999999999995,0.013824580301800893,0.00024143521309467157,SCHQ,VGLT,2026-02-23,False,3679.0,3075.0,1746.0,0.0,0.0,0.0,,,0.0,0.0,0.0,False,True,False,0.0,,,0.0,0.0,0.0,0.0,0.0,0.0,0.0,0.0,0.0,0.0,0.0,0.0,0.0,0.0,-0.0,-0.0,-0.0,-0.0,-0.0,-0.0,0.0,0.0,0.0,0.0,0.0,0.0,-78.28999999998929
27.21,32.55,57.32,0.03999999999999915,0.04999999999999716,0.060000000000002274,2.1065784638000733,1.760983102918587,1.0,2.107206930922737,1.7611556944396807,1.0,2.1072631984582375,1.7611140346091791,1.0,57.338631630048646,57.324261826528776,57.32,0.010536315992291188,0.008805570173045896,0.005,57.328095314056355,57.31545625635573,57.315,57.349167946040936,57.33306739670182,57.325,57.325,57.328095314056355,0.0030953140563525494,5.400059414432221e-05,VGLT,SPTL,2026-02-24,False,3677.0,3073.0,1745.0,0.0,0.0,0.0,,,0.0,0.0,0.0,False,True,False,0.0,,,0.0,0.0,0.0,0.0,0.0,0.0,0.0,0.0,0.0,0.0,0.0,0.0,0.0,0.0,-0.0,-0.0,-0.0,-0.0,-0.0,-0.0,0.0,0.0,0.0,0.0,0.0,0.0,-78.28999999998929
27.2,32.55,57.32,-0.010000000000001563,0.0,0.0,2.1073529411764707,1.760983102918587,1.0,2.107140204156814,1.7611828715636317,1.0,2.107206930922737,1.7611556944396807,1.0,57.31602852109844,57.325617854011604,57.32,0.010536034654613684,0.008805778472198404,0.005,57.305492486443825,57.3168120755394,57.315,57.32656455575305,57.334423632483805,57.325,57.325,57.3168120755394,-0.008187924460600016,-0.00014284585590718798,VGLT,SCHQ,2026-02-25,False,3677.0,3073.0,1745.0,0.0,0.0,0.0,,,0.0,0.0,0.0,False,True,False,0.0,,,0.0,0.0,0.0,0.0,0.0,0.0,0.0,0.0,0.0,0.0,0.0,0.0,0.0,0.0,-0.0,-0.0,-0.0,-0.0,-0.0,-0.0,0.0,-0.0,0.0,0.0,0.0,0.0,-78.28999999998929
27.31,32.68,57.54,0.10999999999999943,0.13000000000000256,0.21999999999999886,2.1069205419260344,1.7607099143206855,1.0,2.107079298321691,1.7612466691664586,1.0,2.107140204156814,1.7611828715636317,1.0,57.545998975522586,57.555456242699485,57.54,0.01053570102078407,0.008805914357818159,0.005,57.5354632745018,57.54665032834167,57.535,57.55653467654337,57.5642621570573,57.545,57.545,57.54665032834167,0.001650328341668228,2.8681410178453735e-05,VGLT,SCHQ,2026-02-26,False,3662.0,3061.0,1738.0,0.0,0.0,0.0,,,0.0,0.0,0.0,False,True,False,0.0,,,0.0,0.0,0.0,0.0,0.0,0.0,0.0,0.0,0.0,0.0,0.0,0.0,0.0,0.0,-0.0,-0.0,-0.0,-0.0,-0.0,-0.0,0.0,0.0,0.0,0.0,0.0,0.0,-78.28999999998929
27.46,32.84,57.84,0.15000000000000213,0.1600000000000037,0.30000000000000426,2.1063364894391845,1.761266747868453,1.0,2.1069912263718047,1.761306861905793,1.0,2.107079298321691,1.7612466691664586,1.0,57.86039753191364,57.83934061542651,57.84,0.010535396491608456,0.008806233345832293,0.005,57.84986213542203,57.83053438208068,57.835,57.87093292840525,57.84814684877234,57.845000000000006,57.845000000000006,57.84986213542203,0.004862135422023073,8.406181573345562e-05,VGLT,SPTL,2026-02-27,False,3643.0,3045.0,1729.0,0.0,0.0,0.0,,,0.0,0.0,0.0,False,True,False,0.0,,,0.0,0.0,0.0,0.0,0.0,0.0,0.0,0.0,0.0,0.0,0.0,0.0,0.0,0.0,-0.0,-0.0,-0.0,-0.0,-0.0,-0.0,0.0,0.0,0.0,0.0,0.0,0.0,-78.28999999998929
27.12,32.44,57.14,-0.33999999999999986,-0.4000000000000057,-0.7000000000000028,2.1069321533923304,1.7614056720098645,1.0,2.1069482727706195,1.761391670293151,1.0,2.1069912263718047,1.761306861905793,1.0,57.14160205920334,57.13679460022392,57.14,0.010534956131859024,0.008806534309528965,0.005,57.13106710307149,57.127988065914394,57.135,57.1521370153352,57.14560113453345,57.145,57.145,57.135,-0.010000000000005116,-0.0001750087504376114,VGLT,VGLT,2026-03-02,True,3687.0,3082.0,1750.0,0.0,0.0,0.0,,,0.0,0.0,0.0,False,True,False,0.0,,,0.0,0.0,0.0,0.0,0.0,0.0,0.0,0.0,0.0,0.0,0.0,0.0,0.0,0.0,-0.0,-0.0,-0.0,-0.0,-0.0,-0.0,0.0,-0.0,-0.0,-0.0,0.0,0.0,-78.28999999998929
27.08,32.39,57.03,-0.0400000000000027,-0.04999999999999716,-0.10999999999999943,2.105982274741507,1.7607286199444272,1.0,2.1068419811022894,1.7613555822064026,1.0,2.1069482727706195,1.761391670293151,1.0,57.056159226628374,57.05147620079516,57.03,0.010534741363853097,0.008806958351465754,0.005,57.04562448526452,57.042669242443694,57.025,57.06669396799223,57.06028315914662,57.035000000000004,57.035000000000004,57.04562448526452,0.01062448526451476,0.00018629642757346588,VGLT,SPTL,2026-03-03,False,3693.0,3088.0,1753.0,0.0,0.0,0.0,,,0.0,0.0,0.0,False,True,True,0.0,,,0.0,0.0,0.0,0.0,0.0,0.0,0.0,0.0,0.0,0.0,0.0,0.0,0.0,0.0,-0.0,-0.0,-0.0,-0.0,-0.0,-0.0,0.0,-0.0,-0.0,-0.0,0.0,0.0,-78.28999999998929
26.99,32.28,56.87,-0.08999999999999986,-0.10999999999999943,-0.1600000000000037,2.107076695072249,1.7617719950433703,1.0,2.10685969735989,1.7613965629109525,1.0,2.1068419811022894,1.7613555822064026,1.0,56.863665069950784,56.85655819362268,56.87,0.010534209905511446,0.008806777911032014,0.005,56.853130860045276,56.84775141571165,56.864999999999995,56.87419927985629,56.865364971533715,56.875,56.865364971533715,56.864999999999995,-0.0003649715337203929,-6.417646100235501e-06,SCHQ,VGLT,2026-03-04,False,3704.0,3096.0,1758.0,0.0,0.0,0.0,,,0.0,0.0,0.0,False,True,False,0.0,,,0.0,0.0,0.0,0.0,0.0,0.0,0.0,0.0,0.0,0.0,0.0,0.0,0.0,0.0,-0.0,-0.0,-0.0,-0.0,-0.0,-0.0,0.0,-0.0,-0.0,-0.0,0.0,0.0,-78.28999999998929
26.87,32.15,56.63,-0.11999999999999744,-0.13000000000000256,-0.23999999999999488,2.107554893933755,1.7614307931570763,1.0,2.1069292228784953,1.7614152867877053,1.0,2.10685969735989,1.7613965629109525,1.0,56.611320068060245,56.62889949758712,56.63,0.010534298486799449,0.008806982814554762,0.005,56.60078576957345,56.620092514772566,56.625,56.62185436654704,56.637706480401675,56.635000000000005,56.62185436654704,56.625,0.0031456334529593732,5.5547120836294775e-05,SPTL,VGLT,2026-03-05,False,3721.0,3111.0,1766.0,0.0,0.0,0.0,,,0.0,0.0,0.0,False,True,False,0.0,,,0.0,0.0,0.0,0.0,0.0,0.0,0.0,0.0,0.0,0.0,0.0,0.0,0.0,0.0,-0.0,-0.0,-0.0,-0.0,-0.0,-0.0,0.0,-0.0,-0.0,-0.0,0.0,0.0,-78.28999999998929
26.79,32.05,56.45,-0.08000000000000185,-0.10000000000000142,-0.17999999999999972,2.1071295259425162,1.761310452418097,1.0,2.106914421376903,1.761378067523958,1.0,2.1069292228784953,1.7614152867877053,1.0,56.444633880914886,56.45335994154595,56.45,0.010534646114392476,0.008807076433938526,0.005,56.43409923480049,56.44455286511201,56.445,56.45516852702928,56.46216701797989,56.455000000000005,56.455000000000005,56.445,-0.010000000000005116,-0.0001771479185120481,VGLT,VGLT,2026-03-06,False,3731.0,3119.0,1771.0,0.0,0.0,0.0,,,0.0,0.0,0.0,False,True,False,0.0,,,0.0,0.0,0.0,0.0,0.0,0.0,0.0,0.0,0.0,0.0,0.0,0.0,0.0,0.0,-0.0,-0.0,-0.0,-0.0,-0.0,-0.0,0.0,-0.0,-0.0,-0.0,0.0,0.0,-78.28999999998929
26.99,32.28,56.86,0.1999999999999993,0.23000000000000398,0.4099999999999966,2.1067061874768434,1.761462205700124,1.0,2.1068993162820187,1.761360440568889,1.0,2.106914421376903,1.761378067523958,1.0,56.865620232962605,56.85728401967337,56.86,0.010534572106884514,0.008806890337619791,0.005,56.85508566085572,56.848477129335755,56.855,56.87615480506949,56.86609091001099,56.865,56.865,56.85508566085572,-0.00991433914428086,-0.00017436403700810517,VGLT,SPTL,2026-03-09,False,3706.0,3098.0,1759.0,0.0,0.0,0.0,,,0.0,0.0,0.0,False,True,False,0.0,,,0.0,0.0,0.0,0.0,0.0,0.0,0.0,0.0,0.0,0.0,0.0,0.0,0.0,0.0,-0.0,-0.0,-0.0,-0.0,-0.0,-0.0,0.0,0.0,0.0,0.0,0.0,0.0,-78.28999999998929
26.74,32.0,56.35,-0.25,-0.28000000000000114,-0.509999999999998,2.107329842931937,1.7609375,1.0,2.106877714984757,1.7613405649391658,1.0,2.1068993162820187,1.761360440568889,1.0,56.33848771738118,56.36353409820445,56.35,0.010534496581410093,0.008806802202844445,0.005,56.32795322079977,56.354727296001606,56.345,56.349022213962584,56.37234090040729,56.355000000000004,56.349022213962584,56.354727296001606,0.005705082039021647,0.00010124369190810376,SPTL,SCHQ,2026-03-10,False,3740.0,3126.0,1775.0,0.0,0.0,0.0,,,0.0,0.0,0.0,False,True,False,0.0,,,0.0,0.0,0.0,0.0,0.0,0.0,0.0,0.0,0.0,0.0,0.0,0.0,0.0,0.0,-0.0,-0.0,-0.0,-0.0,-0.0,-0.0,0.0,-0.0,-0.0,-0.0,0.0,0.0,-78.28999999998929
26.45,31.62,55.7,-0.28999999999999915,-0.379999999999999,-0.6499999999999986,2.10586011342155,1.7615433270082226,1.0,2.1068388787468115,1.7613291750064466,1.0,2.106877714984757,1.7613405649391658,1.0,55.72691556134682,55.693588663376424,55.7,0.010534388574923786,0.008806702824695829,0.005,55.7163811727719,55.68478196055173,55.695,55.737449949921746,55.70239536620112,55.705000000000005,55.70239536620112,55.7163811727719,0.013985806570779857,0.00025109167990628107,SCHQ,SPTL,2026-03-11,False,3782.0,3162.0,1795.0,0.0,0.0,0.0,,,0.0,0.0,0.0,False,True,False,0.0,,,0.0,0.0,0.0,0.0,0.0,0.0,0.0,0.0,0.0,0.0,0.0,0.0,0.0,0.0,-0.0,-0.0,-0.0,-0.0,-0.0,-0.0,0.0,-0.0,-0.0,-0.0,0.0,0.0,-78.28999999998929
26.37,31.55,55.55,-0.0799999999999983,-0.07000000000000028,-0.15000000000000568,2.1065604854000757,1.7606973058637083,1.0,2.106827824710334,1.7613120515742953,1.0,2.1068388787468115,1.7613291750064466,1.0,55.55734123255342,55.56993547145339,55.55,0.010534194393734058,0.008806645875032233,0.005,55.546807038159685,55.56112882557836,55.544999999999995,55.567875426947154,55.578742117328424,55.555,55.555,55.56112882557836,0.0061288255783580325,0.00011032989339978457,VGLT,SCHQ,2026-03-12,False,3792.0,3170.0,1800.0,0.0,0.0,0.0,,,0.0,0.0,0.0,False,True,False,0.0,,,0.0,0.0,0.0,0.0,0.0,0.0,0.0,0.0,0.0,0.0,0.0,0.0,0.0,0.0,-0.0,-0.0,-0.0,-0.0,-0.0,-0.0,0.0,-0.0,-0.0,-0.0,0.0,0.0,-78.28999999998929
26.24,31.4,55.29,-0.13000000000000256,-0.15000000000000213,-0.259999999999998,2.1070884146341466,1.7608280254777071,1.0,2.1068508866860243,1.761300218555392,1.0,2.106827824710334,1.7613120515742953,1.0,55.283162120399155,55.30519841943287,55.29,0.010534139123551669,0.008806560257871477,0.005,55.272627981275605,55.296391859174996,55.285,55.293696259522704,55.31400497969074,55.295,55.293696259522704,55.296391859174996,0.0026955996522914916,4.875383708250121e-05,SPTL,SCHQ,2026-03-13,False,3811.0,3186.0,1809.0,0.0,0.0,0.0,,,0.0,0.0,0.0,False,True,False,0.0,,,0.0,0.0,0.0,0.0,0.0,0.0,0.0,0.0,0.0,0.0,0.0,0.0,0.0,0.0,-0.0,-0.0,-0.0,-0.0,-0.0,-0.0,0.0,-0.0,-0.0,-0.0,0.0,0.0,-78.28999999998929
26.45,31.63,55.7,0.21000000000000085,0.23000000000000043,0.4100000000000037,2.10586011342155,1.7609864053114133,1.0,2.106801224707876,1.7612719048098722,1.0,2.1068508866860243,1.761300218555392,1.0,55.72620595284534,55.70992591290705,55.7,0.010534254433430121,0.008806501092776961,0.005,55.71567169841191,55.701119411814275,55.695,55.73674020727877,55.71873241399983,55.705000000000005,55.705000000000005,55.71567169841191,0.010671698411904629,0.00019159243109344036,VGLT,SPTL,2026-03-16,False,3782.0,3162.0,1795.0,0.0,0.0,0.0,,,0.0,0.0,0.0,False,True,False,0.0,,,0.0,0.0,0.0,0.0,0.0,0.0,0.0,0.0,0.0,0.0,0.0,0.0,0.0,0.0,-0.0,-0.0,-0.0,-0.0,-0.0,-0.0,0.0,0.0,0.0,0.0,0.0,0.0,-78.28999999998929
26.53,31.73,55.88,0.08000000000000185,0.10000000000000142,0.17999999999999972,2.1062947606483227,1.7611093602269146,1.0,2.1068034627402916,1.7612431169786593,1.0,2.106801224707876,1.7612719048098722,1.0,55.89343649149995,55.885157539617246,55.88,0.010534006123539379,0.008806359524049361,0.005,55.882902485376405,55.876351180093195,55.875,55.90397049762349,55.8939638991413,55.885000000000005,55.885000000000005,55.882902485376405,-0.00209751462359975,-3.753605267716088e-05,VGLT,SPTL,2026-03-17,False,3771.0,3153.0,1790.0,0.0,0.0,0.0,,,0.0,0.0,0.0,False,True,False,0.0,,,0.0,0.0,0.0,0.0,0.0,0.0,0.0,0.0,0.0,0.0,0.0,0.0,0.0,0.0,-0.0,-0.0,-0.0,-0.0,-0.0,-0.0,0.0,0.0,0.0,0.0,0.0,0.0,-78.28999999998929
26.36,31.54,55.55,-0.1700000000000017,-0.19000000000000128,-0.3300000000000054,2.1073596358118363,1.7612555485098287,1.0,2.1068393412098505,1.7612312260919016,1.0,2.1068034627402916,1.7612431169786593,1.0,55.53533927783408,55.54960790950691,55.55,0.010534017313701459,0.008806215584893296,0.005,55.52480526052038,55.54080169392202,55.544999999999995,55.545873295147786,55.5584141250918,55.555,55.545873295147786,55.544999999999995,-0.0008732951477909978,-1.5720884748712832e-05,SPTL,VGLT,2026-03-18,False,3792.0,3170.0,1800.0,0.0,0.0,0.0,,,0.0,0.0,0.0,False,True,False,0.0,,,0.0,0.0,0.0,0.0,0.0,0.0,0.0,0.0,0.0,0.0,0.0,0.0,0.0,0.0,-0.0,-0.0,-0.0,-0.0,-0.0,-0.0,0.0,-0.0,-0.0,-0.0,0.0,0.0,-78.28999999998929
26.5,31.7,55.82,0.14000000000000057,0.16000000000000014,0.2700000000000031,2.1064150943396225,1.7608832807570978,1.0,2.1068154589935473,1.7611742803886963,1.0,2.1068393412098505,1.7612312260919016,1.0,55.83124254206104,55.83102986711328,55.82,0.010534196706049253,0.008806156130459509,0.005,55.820708345354994,55.82222371098282,55.815,55.84177673876709,55.83983602324374,55.825,55.825,55.82222371098282,-0.002776289017184297,-4.973645677506802e-05,VGLT,SCHQ,2026-03-19,False,3773.0,3154.0,1791.0,0.0,0.0,0.0,,,0.0,0.0,0.0,False,True,False,0.0,,,0.0,0.0,0.0,0.0,0.0,0.0,0.0,0.0,0.0,0.0,0.0,0.0,0.0,0.0,-0.0,-0.0,-0.0,-0.0,-0.0,-0.0,0.0,0.0,0.0,0.0,0.0,0.0,-78.28999999998929
26.0,31.11,54.78,-0.5,-0.5899999999999999,-1.0399999999999991,2.106923076923077,1.7608486017357763,1.0,2.1067866590162803,1.7611494057518045,1.0,2.1068154589935473,1.7611742803886963,1.0,54.77720193383223,54.79013186289234,54.78,0.010534077294967737,0.008805871401943482,0.005,54.76666785653726,54.78132599149039,54.775,54.7877360111272,54.798937734294284,54.785000000000004,54.785000000000004,54.78132599149039,-0.0036740085096127473,-6.706842843396764e-05,VGLT,SCHQ,2026-03-20,False,3845.0,3214.0,1825.0,0.0,0.0,0.0,,,0.0,0.0,0.0,False,True,False,0.0,,,0.0,0.0,0.0,0.0,0.0,0.0,0.0,0.0,0.0,0.0,0.0,0.0,0.0,0.0,-0.0,-0.0,-0.0,-0.0,-0.0,-0.0,0.0,-0.0,-0.0,-0.0,0.0,0.0,-78.28999999998929
26.17,31.29,55.12,0.1700000000000017,0.17999999999999972,0.3399999999999963,2.1062285059228123,1.761585170981144,1.0,2.106724510517795,1.7611363566085543,1.0,2.1067866590162803,1.7611494057518045,1.0,55.13460686645606,55.10636490597396,55.12,0.0105339332950814,0.008805747028759022,0.005,55.12407293316098,55.0975591589452,55.114999999999995,55.14514079975114,55.11517065300272,55.125,55.11517065300272,55.12407293316098,0.008902280158260112,0.00016150725976524151,SCHQ,SPTL,2026-03-23,False,3822.0,3195.0,1814.0,0.0,0.0,0.0,,,0.0,0.0,0.0,False,True,False,0.0,,,0.0,0.0,0.0,0.0,0.0,0.0,0.0,0.0,0.0,0.0,0.0,0.0,0.0,0.0,-0.0,-0.0,-0.0,-0.0,-0.0,-0.0,0.0,0.0,0.0,0.0,0.0,0.0,-78.28999999998929
26.06,31.18,54.9,-0.11000000000000298,-0.10999999999999943,-0.21999999999999886,2.1066768994627783,1.7607440667094292,1.0,2.10672943230093,1.7611244047980965,1.0,2.106724510517795,1.7611363566085543,1.0,54.901240744093734,54.91223159905472,54.9,0.010533622552588976,0.008805681783042772,0.005,54.89070712154115,54.903425917271676,54.894999999999996,54.91177436664632,54.921037280837766,54.905,54.905,54.903425917271676,-0.0015740827283252656,-2.8671816545086805e-05,VGLT,SCHQ,2026-03-24,False,3836.0,3207.0,1821.0,0.0,0.0,0.0,,,0.0,0.0,0.0,False,True,False,0.0,,,0.0,0.0,0.0,0.0,0.0,0.0,0.0,0.0,0.0,0.0,0.0,0.0,0.0,0.0,-0.0,-0.0,-0.0,-0.0,-0.0,-0.0,0.0,-0.0,-0.0,-0.0,0.0,0.0,-78.28999999998929
26.3,31.45,55.39,0.240000000000002,0.2699999999999996,0.490000000000002,2.106083650190114,1.7612082670906202,1.0,2.106665967751612,1.7611356630066979,1.0,2.10672943230093,1.7611244047980965,1.0,55.40698406951446,55.387362530900134,55.39,0.010533647161504648,0.008805622023990482,0.005,55.396450422352956,55.37855690887614,55.385,55.41751771667596,55.396168152924126,55.395,55.395,55.396450422352956,0.0014504223529527849,2.6185635547080428e-05,VGLT,SPTL,2026-03-25,False,3803.0,3179.0,1805.0,0.0,0.0,0.0,,,0.0,0.0,0.0,False,True,False,0.0,,,0.0,0.0,0.0,0.0,0.0,0.0,0.0,0.0,0.0,0.0,0.0,0.0,0.0,0.0,-0.0,-0.0,-0.0,-0.0,-0.0,-0.0,0.0,0.0,0.0,0.0,0.0,0.0,-78.28999999998929
26.09,31.2,54.94,-0.21000000000000085,-0.25,-0.45000000000000284,2.105787658106554,1.7608974358974359,1.0,2.106609323560638,1.7611450390855357,1.0,2.106665967751612,1.7611356630066979,1.0,54.96291509863956,54.94743268580897,54.94,0.01053332983875806,0.00880567831503349,0.005,54.952381768800805,54.938627007493935,54.934999999999995,54.97344842847832,54.956238364124005,54.945,54.945,54.952381768800805,0.007381768800804878,0.00013436055334555656,VGLT,SPTL,2026-03-26,False,3834.0,3205.0,1820.0,0.0,0.0,0.0,,,0.0,0.0,0.0,False,True,False,0.0,,,0.0,0.0,0.0,0.0,0.0,0.0,0.0,0.0,0.0,0.0,0.0,0.0,0.0,0.0,-0.0,-0.0,-0.0,-0.0,-0.0,-0.0,0.0,-0.0,-0.0,-0.0,0.0,0.0,-78.28999999998929
25.98,31.04,54.7,-0.10999999999999943,-0.16000000000000014,-0.23999999999999488,2.105465742879138,1.7622422680412373,1.0,2.1065657862326357,1.7611938150941746,1.0,2.106609323560638,1.7611450390855357,1.0,54.729710226105375,54.66594201321502,54.7,0.01053304661780319,0.008805725195427678,0.005,54.71917717948757,54.65713628801959,54.695,54.74024327272318,54.67474773841045,54.705000000000005,54.67474773841045,54.71917717948757,0.04442944107712066,0.0008122384109162825,SCHQ,SPTL,2026-03-27,False,3851.0,3219.0,1828.0,0.0,0.0,0.0,,,0.0,0.0,0.0,True,False,False,1.0,SCHQ,SPTL,-3851.0,3219.0,0.0,0.0,0.0,0.0,0.0,0.0,-3851.0,3219.0,0.0,0.0,3219.0,0.0,3851.0,-0.0,-0.0,-19.255,-16.095,-0.0,-35.349999999999994,-0.0,-0.0,-0.0,0.0,-35.349999999999994,-113.63999999998929
26.29,31.44,55.37,0.3099999999999987,0.40000000000000213,0.6699999999999946,2.106124001521491,1.7611323155216283,1.0,2.106525378639094,1.7611801472697628,1.0,2.1065657862326357,1.7611938150941746,1.0,55.38161452005599,55.371933546560854,55.37,0.010532828931163179,0.008805969075470873,0.005,55.37108169112483,55.363127577485386,55.364999999999995,55.39214734898715,55.38073951563632,55.375,55.375,55.37108169112483,-0.003918308875171306,-7.076591791893275e-05,VGLT,SPTL,2026-03-30,False,3804.0,3181.0,1806.0,-3851.0,3219.0,0.0,SCHQ,SPTL,-0.009657824511492663,-0.0001744234154143519,1.0,False,True,False,0.0,,,0.0,0.0,0.0,-100048.98,99917.76,0.0,199966.74,-131.22000000000116,3851.0,-3219.0,0.0,3851.0,0.0,0.0,-0.0,3219.0,-0.0,-19.255,-16.095,-0.0,-35.349999999999994,-1193.8099999999952,1287.600000000007,0.0,93.79000000001179,58.44000000001179,-55.19999999997749
26.3,31.43,55.36,0.010000000000001563,-0.010000000000001563,-0.00999999999999801,2.104942965779468,1.7613744829780464,1.0,2.106473413190992,1.7612124404214442,1.0,2.106525378639094,1.7611801472697628,1.0,55.40161745820817,55.35389202868864,55.36,0.010532626893195469,0.008805900736348814,0.005,55.39108483131498,55.34508612795229,55.355,55.412150085101366,55.36269792942499,55.365,55.36269792942499,55.39108483131498,0.028386901889987826,0.0005127691815387974,SCHQ,SPTL,2026-03-31,False,3804.0,3181.0,1806.0,0.0,0.0,0.0,,,0.0,0.0,0.0,True,False,False,1.0,SCHQ,SPTL,-3804.0,3181.0,0.0,0.0,0.0,0.0,0.0,0.0,-3804.0,3181.0,0.0,0.0,3181.0,0.0,3804.0,-0.0,-0.0,-19.02,-15.905000000000001,-0.0,-34.925,0.0,-0.0,-0.0,0.0,-34.925,-90.12499999997749
26.17,31.29,55.1,-0.129999999999999,-0.14000000000000057,-0.259999999999998,2.1054642720672523,1.7609459891339088,1.0,2.106392792040742,1.7611711401259709,1.0,2.106473413190992,1.7612124404214442,1.0,55.12640922320826,55.10833726078699,55.1,0.01053236706595496,0.008806062202107222,0.005,55.11587685614231,55.099531198584884,55.095,55.13694159027422,55.117143322989094,55.105000000000004,55.105000000000004,55.11587685614231,0.010876856142303382,0.0001974021078457964,VGLT,SPTL,2026-04-01,True,3823.0,3197.0,1815.0,-3804.0,3181.0,0.0,SCHQ,SPTL,-0.0012664668467863294,-2.2984879252020494e-05,1.0,False,True,False,0.0,,,0.0,0.0,0.0,-100045.2,99978.83,0.0,200024.03,-66.36999999999534,3804.0,-3181.0,0.0,3804.0,0.0,0.0,-0.0,3181.0,-0.0,-19.02,-15.905000000000001,-0.0,-34.925,494.51999999999623,-445.3400000000018,-0.0,49.179999999994436,14.254999999994439,-75.86999999998305
26.29,31.45,55.37,0.11999999999999744,0.16000000000000014,0.269999999999996,2.106124001521491,1.7605723370429252,1.0,2.106321247420129,1.7611282173202631,1.0,2.106392792040742,1.7611711401259709,1.0,55.377066502751106,55.388832356961785,55.37,0.01053196396020371,0.008805855700629854,0.005,55.3665345387909,55.380026501261156,55.364999999999995,55.38759846671131,55.397638212662415,55.375,55.375,55.380026501261156,0.005026501261156113,9.078022866454964e-05,VGLT,SCHQ,2026-04-02,False,3804.0,3181.0,1806.0,0.0,0.0,0.0,,,0.0,0.0,0.0,False,True,True,0.0,,,0.0,0.0,0.0,0.0,0.0,0.0,0.0,0.0,0.0,0.0,0.0,0.0,0.0,0.0,-0.0,-0.0,-0.0,-0.0,-0.0,-0.0,0.0,0.0,0.0,0.0,0.0,0.0,-75.86999999998305
26.27,31.41,55.3,-0.019999999999999574,-0.03999999999999915,-0.07000000000000028,2.105062809288161,1.7605858007004138,1.0,2.106217911587411,1.7610919847343791,1.0,2.106321247420129,1.7611282173202631,1.0,55.333059169726795,55.31703730602946,55.3,0.010531606237100645,0.008805641086601316,0.005,55.32252756348969,55.30823166494286,55.294999999999995,55.3435907759639,55.325842947116065,55.305,55.305,55.32252756348969,0.01752756348969342,0.00031695413182085755,VGLT,SPTL,2026-04-06,False,3808.0,3184.0,1808.0,0.0,0.0,0.0,,,0.0,0.0,0.0,False,True,False,0.0,,,0.0,0.0,0.0,0.0,0.0,0.0,0.0,0.0,0.0,0.0,0.0,0.0,0.0,0.0,-0.0,-0.0,-0.0,-0.0,-0.0,-0.0,0.0,-0.0,-0.0,-0.0,0.0,0.0,-75.86999999998305
26.26,31.39,55.3,-0.00999999999999801,-0.019999999999999574,0.0,2.1058644325971057,1.7617075501752149,1.0,2.106175823843424,1.7611042519581335,1.0,2.106217911587411,1.7610919847343791,1.0,55.309282358285415,55.28067740081216,55.3,0.010531089557937055,0.008805459923671896,0.005,55.29875126872748,55.27187194088849,55.294999999999995,55.31981344784335,55.28948286073583,55.305,55.28948286073583,55.29875126872748,0.009268407991648075,0.00016760231449634857,SCHQ,SPTL,2026-04-07,False,3808.0,3184.0,1808.0,0.0,0.0,0.0,,,0.0,0.0,0.0,False,True,False,0.0,,,0.0,0.0,0.0,0.0,0.0,0.0,0.0,0.0,0.0,0.0,0.0,0.0,0.0,0.0,-0.0,-0.0,-0.0,-0.0,-0.0,-0.0,0.0,-0.0,-0.0,0.0,0.0,0.0,-75.86999999998305
26.35,31.51,55.5,0.08999999999999986,0.120000000000001,0.20000000000000284,2.1062618595825424,1.7613456045699778,1.0,2.106122424675955,1.7611246571866328,1.0,2.106175823843424,1.7611042519581335,1.0,55.49773295827423,55.49239497920079,55.5,0.01053087911921712,0.008805521259790668,0.005,55.48720207915501,55.483589457941,55.495,55.50826383739344,55.50120050046058,55.505,55.50120050046058,55.495,-0.006200500460579406,-0.00011172072901944875,SCHQ,VGLT,2026-04-08,False,3795.0,3174.0,1802.0,0.0,0.0,0.0,,,0.0,0.0,0.0,False,True,False,0.0,,,0.0,0.0,0.0,0.0,0.0,0.0,0.0,0.0,0.0,0.0,0.0,0.0,0.0,0.0,-0.0,-0.0,-0.0,-0.0,-0.0,-0.0,0.0,0.0,0.0,0.0,0.0,0.0,-75.86999999998305
26.31,31.46,55.4,-0.0400000000000027,-0.05000000000000071,-0.10000000000000142,2.1056632459141014,1.7609663064208518,1.0,2.1061125813005823,1.761095806157264,1.0,2.106122424675955,1.7611246571866328,1.0,55.41208099322437,55.404981715091466,55.4,0.010530612123379775,0.008805623285933165,0.005,55.40155038110099,55.396176091805536,55.394999999999996,55.422611605347754,55.4137873383774,55.405,55.405,55.40155038110099,-0.0034496188990118526,-6.226748915183849e-05,VGLT,SPTL,2026-04-09,False,3802.0,3179.0,1805.0,0.0,0.0,0.0,,,0.0,0.0,0.0,False,True,False,0.0,,,0.0,0.0,0.0,0.0,0.0,0.0,0.0,0.0,0.0,0.0,0.0,0.0,0.0,0.0,-0.0,-0.0,-0.0,-0.0,-0.0,-0.0,0.0,-0.0,-0.0,-0.0,0.0,0.0,-75.86999999998305
26.24,31.37,55.26,-0.07000000000000028,-0.08999999999999986,-0.14000000000000057,2.1059451219512195,1.7615556263946444,1.0,2.106081813128139,1.7611387221838108,1.0,2.1061125813005823,1.761095806157264,1.0,55.26439413332728,55.24557543915337,55.26,0.010530562906502911,0.00880547903078632,0.005,55.253863570420776,55.23676996012259,55.254999999999995,55.27492469623378,55.254380918184154,55.265,55.254380918184154,55.254999999999995,0.0006190818158415823,1.12030730336877e-05,SCHQ,VGLT,2026-04-10,False,3812.0,3188.0,1810.0,0.0,0.0,0.0,,,0.0,0.0,0.0,False,True,False,0.0,,,0.0,0.0,0.0,0.0,0.0,0.0,0.0,0.0,0.0,0.0,0.0,0.0,0.0,0.0,-0.0,-0.0,-0.0,-0.0,-0.0,-0.0,0.0,-0.0,-0.0,-0.0,0.0,0.0,-75.86999999998305
26.33,31.47,55.43,0.08999999999999986,0.09999999999999787,0.1700000000000017,2.1052031902772503,1.761360025421036,1.0,2.1059875519102946,1.761165322180977,1.0,2.106081813128139,1.7611387221838108,1.0,55.4531341396639,55.423035587124524,55.43,0.010530409065640695,0.008805693610919055,0.005,55.442603730598265,55.41422989351361,55.425,55.46366454872954,55.43184128073544,55.435,55.43184128073544,55.442603730598265,0.010762449862824042,0.00019416290569770957,SCHQ,SPTL,2026-04-13,False,3799.0,3177.0,1804.0,0.0,0.0,0.0,,,0.0,0.0,0.0,False,True,False,0.0,,,0.0,0.0,0.0,0.0,0.0,0.0,0.0,0.0,0.0,0.0,0.0,0.0,0.0,0.0,-0.0,-0.0,-0.0,-0.0,-0.0,-0.0,0.0,0.0,0.0,0.0,0.0,0.0,-75.86999999998305
26.46,31.64,55.71,0.13000000000000256,0.1700000000000017,0.28000000000000114,2.1054421768707483,1.7607458912768648,1.0,2.105966655082754,1.7611532964792498,1.0,2.1059875519102946,1.761165322180977,1.0,55.7244306235464,55.723270793806115,55.71,0.010529937759551473,0.008805826610904885,0.005,55.71390068578685,55.71446496719521,55.705,55.73496056130595,55.73207662041702,55.715,55.715,55.71446496719521,-0.000535032804791058,-9.603891667403661e-06,VGLT,SCHQ,2026-04-14,False,3780.0,3161.0,1795.0,0.0,0.0,0.0,,,0.0,0.0,0.0,False,True,False,0.0,,,0.0,0.0,0.0,0.0,0.0,0.0,0.0,0.0,0.0,0.0,0.0,0.0,0.0,0.0,-0.0,-0.0,-0.0,-0.0,-0.0,-0.0,0.0,0.0,0.0,0.0,0.0,0.0,-75.86999999998305
26.35,31.51,55.49,-0.10999999999999943,-0.129999999999999,-0.21999999999999886,2.1058823529411765,1.7610282450015868,1.0,2.1059460346973973,1.7611492407179834,1.0,2.105966655082754,1.7611532964792498,1.0,55.492221361430566,55.49394037206116,55.49,0.010529833275413769,0.00880576648239625,0.005,55.48169152815515,55.485134605578764,55.485,55.50275119470598,55.50274613854356,55.495000000000005,55.495000000000005,55.485134605578764,-0.009865394421240126,-0.0001777868881102924,VGLT,SCHQ,2026-04-15,False,3795.0,3174.0,1802.0,0.0,0.0,0.0,,,0.0,0.0,0.0,False,True,False,0.0,,,0.0,0.0,0.0,0.0,0.0,0.0,0.0,0.0,0.0,0.0,0.0,0.0,0.0,0.0,-0.0,-0.0,-0.0,-0.0,-0.0,-0.0,0.0,-0.0,-0.0,-0.0,0.0,0.0,-75.86999999998305
26.2,31.34,55.19,-0.15000000000000213,-0.1700000000000017,-0.30000000000000426,2.1064885496183208,1.761008296107211,1.0,2.105902480387721,1.7611368780978527,1.0,2.1059460346973973,1.7611492407179834,1.0,55.17578610907181,55.1944172041016,55.19,0.010529730173486986,0.008805746203589917,0.005,55.16525637889832,55.185611457898005,55.184999999999995,55.186315839245296,55.20322295030519,55.195,55.186315839245296,55.185611457898005,-0.0007043813472904503,-1.2762843763189896e-05,SPTL,SCHQ,2026-04-16,False,3816.0,3191.0,1812.0,0.0,0.0,0.0,,,0.0,0.0,0.0,False,True,False,0.0,,,0.0,0.0,0.0,0.0,0.0,0.0,0.0,0.0,0.0,0.0,0.0,0.0,0.0,0.0,-0.0,-0.0,-0.0,-0.0,-0.0,-0.0,0.0,-0.0,-0.0,-0.0,0.0,0.0,-75.86999999998305
26.44,31.6,55.65,0.240000000000002,0.26000000000000156,0.46000000000000085,2.104765506807867,1.7610759493670884,1.0,2.105820001011133,1.7611465115283522,1.0,2.105902480387721,1.7611368780978527,1.0,55.68006158145135,55.651925347892146,55.65,0.010529512401938605,0.008805684390489264,0.005,55.66953206904941,55.64311966350166,55.644999999999996,55.690591093853286,55.660731032282634,55.655,55.655,55.66953206904941,0.014532069049408847,0.0002611333162517313,VGLT,SPTL,2026-04-17,False,3784.0,3165.0,1797.0,0.0,0.0,0.0,,,0.0,0.0,0.0,False,True,False,0.0,,,0.0,0.0,0.0,0.0,0.0,0.0,0.0,0.0,0.0,0.0,0.0,0.0,0.0,0.0,-0.0,-0.0,-0.0,-0.0,-0.0,-0.0,0.0,0.0,0.0,0.0,0.0,0.0,-75.86999999998305
26.42,31.58,55.64,-0.019999999999999574,-0.020000000000003126,-0.00999999999999801,2.1059803179409537,1.7618746041798607,1.0,2.105772863062027,1.7611978116505564,1.0,2.105820001011133,1.7611465115283522,1.0,55.63576442671414,55.61700683406536,55.64,0.010529100005055666,0.008805732557641761,0.005,55.62523532670908,55.60820110150772,55.635,55.6462935267192,55.625812566623,55.645,55.625812566623,55.635,0.009187433377000787,0.00016512281410856913,SCHQ,VGLT,2026-04-20,False,3784.0,3165.0,1797.0,0.0,0.0,0.0,,,0.0,0.0,0.0,False,True,False,0.0,,,0.0,0.0,0.0,0.0,0.0,0.0,0.0,0.0,0.0,0.0,0.0,0.0,0.0,0.0,-0.0,-0.0,-0.0,-0.0,-0.0,-0.0,0.0,-0.0,-0.0,-0.0,0.0,0.0,-75.86999999998305
26.28,31.4,55.32,-0.14000000000000057,-0.17999999999999972,-0.3200000000000003,2.105022831050228,1.761783439490446,1.0,2.1057125793183977,1.7612077250760212,1.0,2.105772863062027,1.7611978116505564,1.0,55.339710841270076,55.30161128582747,55.32,0.010528864315310136,0.008805989058252783,0.005,55.329181976954764,55.29280529676922,55.315,55.35023970558539,55.31041727488572,55.325,55.31041727488572,55.329181976954764,0.018764702069042016,0.00033920285735795404,SCHQ,SPTL,2026-04-21,False,3807.0,3184.0,1808.0,0.0,0.0,0.0,,,0.0,0.0,0.0,False,True,False,0.0,,,0.0,0.0,0.0,0.0,0.0,0.0,0.0,0.0,0.0,0.0,0.0,0.0,0.0,0.0,-0.0,-0.0,-0.0,-0.0,-0.0,-0.0,0.0,-0.0,-0.0,-0.0,0.0,0.0,-75.86999999998305
26.33,31.47,55.44,0.04999999999999716,0.07000000000000028,0.11999999999999744,2.1055829851879984,1.761677788369876,1.0,2.105657883604659,1.7612544111590438,1.0,2.1057125793183977,1.7612077250760212,1.0,55.443412213453406,55.42520710814239,55.44,0.010528562896591988,0.008806038625380106,0.005,55.43288365055682,55.41640106951701,55.434999999999995,55.453940776349995,55.43401314676777,55.445,55.43401314676777,55.434999999999995,0.0009868532322272472,1.780038297668195e-05,SCHQ,VGLT,2026-04-22,False,3799.0,3177.0,1804.0,0.0,0.0,0.0,,,0.0,0.0,0.0,False,True,False,0.0,,,0.0,0.0,0.0,0.0,0.0,0.0,0.0,0.0,0.0,0.0,0.0,0.0,0.0,0.0,-0.0,-0.0,-0.0,-0.0,-0.0,-0.0,0.0,0.0,0.0,0.0,0.0,0.0,-75.86999999998305
26.27,31.42,55.32,-0.05999999999999872,-0.04999999999999716,-0.11999999999999744,2.1058241339931483,1.7606619987269254,1.0,2.1056449077948107,1.7612270977408593,1.0,2.105657883604659,1.7612544111590438,1.0,55.31563260229439,55.33861359861716,55.32,0.010528289418023296,0.00880627205579522,0.005,55.30510431287637,55.329807326561365,55.315,55.32616089171242,55.34741987067295,55.325,55.325,55.329807326561365,0.004807326561362402,8.690033552715838e-05,VGLT,SCHQ,2026-04-23,False,3807.0,3184.0,1808.0,0.0,0.0,0.0,,,0.0,0.0,0.0,False,True,False,0.0,,,0.0,0.0,0.0,0.0,0.0,0.0,0.0,0.0,0.0,0.0,0.0,0.0,0.0,0.0,-0.0,-0.0,-0.0,-0.0,-0.0,-0.0,0.0,-0.0,-0.0,-0.0,0.0,0.0,-75.86999999998305
26.32,31.49,55.43,0.05000000000000071,0.06999999999999673,0.10999999999999943,2.106003039513678,1.7602413464591935,1.0,2.105655676865167,1.7611942932689466,1.0,2.1056449077948107,1.7612270977408593,1.0,55.42057397315942,55.46104130785966,55.43,0.010528224538974054,0.008806135488704297,0.005,55.41004574862045,55.452235172370955,55.425,55.431102197698394,55.469847443348364,55.435,55.431102197698394,55.452235172370955,0.021132974672561033,0.0003812551808147399,SPTL,SCHQ,2026-04-24,False,3799.0,3177.0,1804.0,0.0,0.0,0.0,,,0.0,0.0,0.0,False,True,False,0.0,,,0.0,0.0,0.0,0.0,0.0,0.0,0.0,0.0,0.0,0.0,0.0,0.0,0.0,0.0,-0.0,-0.0,-0.0,-0.0,-0.0,-0.0,0.0,0.0,0.0,0.0,0.0,0.0,-75.86999999998305
26.21,31.32,55.18,-0.10999999999999943,-0.16999999999999815,-0.25,2.105303319343762,1.7618135376756066,1.0,2.1056475556883982,1.7611728567506653,1.0,2.105655676865167,1.7611942932689466,1.0,55.189235290636034,55.160605265183406,55.18,0.010528278384325835,0.008805971466344733,0.005,55.17870701225171,55.15179929371706,55.175,55.19976356902036,55.16941123664975,55.185,55.16941123664975,55.17870701225171,0.009295775601955825,0.00016846276915469054,SCHQ,SPTL,2026-04-27,False,3815.0,3191.0,1812.0,0.0,0.0,0.0,,,0.0,0.0,0.0,False,True,False,0.0,,,0.0,0.0,0.0,0.0,0.0,0.0,0.0,0.0,0.0,0.0,0.0,0.0,0.0,0.0,-0.0,-0.0,-0.0,-0.0,-0.0,-0.0,0.0,-0.0,-0.0,-0.0,0.0,0.0,-75.86999999998305
26.22,31.34,55.22,0.00999999999999801,0.019999999999999574,0.03999999999999915,2.1060259344012207,1.7619655392469686,1.0,2.1056426523323846,1.7612145179369325,1.0,2.1056475556883982,1.7611728567506653,1.0,55.2100789101498,55.19515733056585,55.22,0.01052823777844199,0.008805864283753326,0.005,55.19955067237135,55.1863514662821,55.214999999999996,55.22060714792824,55.2039631948496,55.225,55.2039631948496,55.214999999999996,0.011036805150396845,0.0001998697057297509,SCHQ,VGLT,2026-04-28,False,3813.0,3189.0,1811.0,0.0,0.0,0.0,,,0.0,0.0,0.0,False,True,False,0.0,,,0.0,0.0,0.0,0.0,0.0,0.0,0.0,0.0,0.0,0.0,0.0,0.0,0.0,0.0,-0.0,-0.0,-0.0,-0.0,-0.0,-0.0,0.0,0.0,0.0,0.0,0.0,0.0,-75.86999999998305
26.02,31.1,54.79,-0.1999999999999993,-0.23999999999999844,-0.4299999999999997,2.1056879323597233,1.7617363344051447,1.0,2.1056799006613973,1.7612326105082872,1.0,2.1056426523323846,1.7612145179369325,1.0,54.78882181368864,54.7737715078386,54.79,0.010528213261661923,0.008806072589684662,0.005,54.77829360042698,54.76496543524892,54.785,54.79935002695031,54.78257758042829,54.795,54.78257758042829,54.785,0.0024224195717081898,4.421280474006552e-05,SCHQ,VGLT,2026-04-29,False,3843.0,3214.0,1825.0,0.0,0.0,0.0,,,0.0,0.0,0.0,False,True,False,0.0,,,0.0,0.0,0.0,0.0,0.0,0.0,0.0,0.0,0.0,0.0,0.0,0.0,0.0,0.0,-0.0,-0.0,-0.0,-0.0,-0.0,-0.0,0.0,-0.0,-0.0,-0.0,0.0,0.0,-75.86999999998305
26.01,31.09,54.77,-0.00999999999999801,-0.010000000000001563,-0.01999999999999602,2.1057285659361784,1.7616596976519783,1.0,2.1056931153548435,1.7612682959341908,1.0,2.1056799006613973,1.7612326105082872,1.0,54.76873421620295,54.75672186070265,54.77,0.010528399503306987,0.008806163052541435,0.005,54.75820581669964,54.74791569765011,54.765,54.77926261570626,54.76552802375519,54.775000000000006,54.76552802375519,54.765,-0.0005280237551872347,-9.640747766792672e-06,SCHQ,VGLT,2026-04-30,False,3845.0,3216.0,1826.0,0.0,0.0,0.0,,,0.0,0.0,0.0,False,True,False,0.0,,,0.0,0.0,0.0,0.0,0.0,0.0,0.0,0.0,0.0,0.0,0.0,0.0,0.0,0.0,-0.0,-0.0,-0.0,-0.0,-0.0,-0.0,0.0,-0.0,-0.0,-0.0,0.0,0.0,-75.86999999998305
26.0,31.08,54.73,-0.010000000000001563,-0.010000000000001563,-0.04000000000000625,2.105,1.760939510939511,1.0,2.1056369152787693,1.76128665462902,1.0,2.1056931153548435,1.7612682959341908,1.0,54.74802099922593,54.74021863763465,54.73,0.010528465576774218,0.008806341479670955,0.005,54.73749253364915,54.73141229615498,54.724999999999994,54.758549464802705,54.74902497911432,54.735,54.735,54.73749253364915,0.002492533649153472,4.5542365232111683e-05,VGLT,SPTL,2026-05-01,True,3847.0,3218.0,1827.0,0.0,0.0,0.0,,,0.0,0.0,0.0,False,True,False,0.0,,,0.0,0.0,0.0,0.0,0.0,0.0,0.0,0.0,0.0,0.0,0.0,0.0,0.0,0.0,-0.0,-0.0,-0.0,-0.0,-0.0,-0.0,0.0,-0.0,-0.0,-0.0,0.0,0.0,-75.86999999998305
25.83,30.87,54.36,-0.1700000000000017,-0.2099999999999973,-0.36999999999999744,2.1045296167247387,1.760932944606414,1.0,2.1056102556505985,1.7613040118243202,1.0,2.1056369152787693,1.76128665462902,1.0,54.38860152165061,54.37091902839785,54.36,0.010528184576393847,0.008806433273145101,0.005,54.37807333707421,54.36211259512471,54.355,54.399129706227,54.37972546167099,54.365,54.365,54.37807333707421,0.013073337074210656,0.0002404955311664948,VGLT,SPTL,2026-05-04,False,3874.0,3241.0,1840.0,0.0,0.0,0.0,,,0.0,0.0,0.0,False,True,True,0.0,,,0.0,0.0,0.0,0.0,0.0,0.0,0.0,0.0,0.0,0.0,0.0,0.0,0.0,0.0,-0.0,-0.0,-0.0,-0.0,-0.0,-0.0,0.0,-0.0,-0.0,-0.0,0.0,0.0,-75.86999999998305
25.95,31.01,54.61,0.120000000000001,0.14000000000000057,0.25,2.104431599229287,1.7610448242502417,1.0,2.1055386139822074,1.7612708755280715,1.0,2.1056102556505985,1.7613040118243202,1.0,54.64058613413303,54.61803740667217,54.61,0.010528051278252992,0.008806520059121602,0.005,54.63005808285478,54.60923088661305,54.605,54.65111418541128,54.6268439267313,54.615,54.615,54.63005808285478,0.015058082854778831,0.0002757385617062595,VGLT,SPTL,2026-05-05,False,3855.0,3225.0,1831.0,0.0,0.0,0.0,,,0.0,0.0,0.0,False,True,False,0.0,,,0.0,0.0,0.0,0.0,0.0,0.0,0.0,0.0,0.0,0.0,0.0,0.0,0.0,0.0,-0.0,-0.0,-0.0,-0.0,-0.0,-0.0,0.0,0.0,0.0,0.0,0.0,0.0,-75.86999999998305
26.15,31.25,55.03,0.1999999999999993,0.23999999999999844,0.4200000000000017,2.104397705544933,1.76096,1.0,2.1054454062803267,1.7612515952995722,1.0,2.1055386139822074,1.7612708755280715,1.0,55.05983475563472,55.03971486025223,55.03,0.010527693069911038,0.008806354377640357,0.005,55.04930706256481,55.03090850587459,55.025,55.07036244870463,55.04852121462987,55.035000000000004,55.035000000000004,55.04930706256481,0.01430706256480363,0.00025998659939675865,VGLT,SPTL,2026-05-06,False,3826.0,3200.0,1817.0,0.0,0.0,0.0,,,0.0,0.0,0.0,False,True,False,0.0,,,0.0,0.0,0.0,0.0,0.0,0.0,0.0,0.0,0.0,0.0,0.0,0.0,0.0,0.0,-0.0,-0.0,-0.0,-0.0,-0.0,-0.0,0.0,0.0,0.0,0.0,0.0,0.0,-75.86999999998305
26.03,31.11,54.79,-0.11999999999999744,-0.14000000000000057,-0.240000000000002,2.104878985785632,1.7611700417872067,1.0,2.105406193273903,1.7612617820678902,1.0,2.1054454062803267,1.7612515952995722,1.0,54.804743925476906,54.79253712976969,54.79,0.010527227031401633,0.008806257976497861,0.005,54.7942166984455,54.783730871793196,54.785,54.81527115250831,54.801343387746186,54.795,54.795,54.7942166984455,-0.0007833015544989053,-1.429643282531311e-05,VGLT,SPTL,2026-05-07,False,3842.0,3214.0,1825.0,0.0,0.0,0.0,,,0.0,0.0,0.0,False,True,False,0.0,,,0.0,0.0,0.0,0.0,0.0,0.0,0.0,0.0,0.0,0.0,0.0,0.0,0.0,0.0,-0.0,-0.0,-0.0,-0.0,-0.0,-0.0,0.0,-0.0,-0.0,-0.0,0.0,0.0,-75.86999999998305
26.14,31.24,55.02,0.10999999999999943,0.129999999999999,0.23000000000000398,2.1048201989288446,1.7612035851472474,1.0,2.1053499471227846,1.7612441800055205,1.0,2.105406193273903,1.7612617820678902,1.0,55.035317892179826,55.02181807180089,55.02,0.010527030966369515,0.008806308910339452,0.005,55.024790861213454,55.01301176289055,55.015,55.0458449231462,55.030624380711224,55.025000000000006,55.025000000000006,55.024790861213454,-0.0002091387865519323,-3.8011411587046945e-06,VGLT,SPTL,2026-05-08,False,3828.0,3202.0,1818.0,0.0,0.0,0.0,,,0.0,0.0,0.0,False,True,False,0.0,,,0.0,0.0,0.0,0.0,0.0,0.0,0.0,0.0,0.0,0.0,0.0,0.0,0.0,0.0,-0.0,-0.0,-0.0,-0.0,-0.0,-0.0,0.0,0.0,0.0,0.0,0.0,0.0,-75.86999999998305
25.99,31.06,54.72,-0.15000000000000213,-0.17999999999999972,-0.30000000000000426,2.1054251635244325,1.7617514488087573,1.0,2.1053610457851435,1.7612637511749063,1.0,2.1053499471227846,1.7612441800055205,1.0,54.71804512572117,54.70424423097146,54.72,0.010526749735613922,0.008806220900027603,0.005,54.70751837598556,54.695438010071435,54.714999999999996,54.72857187545678,54.71305045187149,54.725,54.71305045187149,54.714999999999996,0.0019495481285076721,3.562770702682149e-05,SCHQ,VGLT,2026-05-11,False,3846.0,3218.0,1827.0,0.0,0.0,0.0,,,0.0,0.0,0.0,False,True,False,0.0,,,0.0,0.0,0.0,0.0,0.0,0.0,0.0,0.0,0.0,0.0,0.0,0.0,0.0,0.0,-0.0,-0.0,-0.0,-0.0,-0.0,-0.0,0.0,-0.0,-0.0,-0.0,0.0,0.0,-75.86999999998305
25.84,30.88,54.38,-0.14999999999999858,-0.17999999999999972,-0.3399999999999963,2.1044891640866874,1.7610103626943006,1.0,2.1053133951459406,1.761276974745778,1.0,2.1053610457851435,1.7612637511749063,1.0,54.402529423088104,54.3878246362811,54.38,0.010526805228925717,0.008806318755874532,0.005,54.39200261785918,54.37901831752523,54.375,54.41305622831703,54.396630955036976,54.385000000000005,54.385000000000005,54.39200261785918,0.007002617859171778,0.00012877193562287197,VGLT,SPTL,2026-05-12,False,3872.0,3239.0,1839.0,0.0,0.0,0.0,,,0.0,0.0,0.0,False,True,False,0.0,,,0.0,0.0,0.0,0.0,0.0,0.0,0.0,0.0,0.0,0.0,0.0,0.0,0.0,0.0,-0.0,-0.0,-0.0,-0.0,-0.0,-0.0,0.0,-0.0,-0.0,-0.0,0.0,0.0,-75.86999999998305
25.78,30.81,54.28,-0.05999999999999872,-0.07000000000000028,-0.10000000000000142,2.1055081458494955,1.7617656604998377,1.0,2.1052946847913563,1.7613138455206907,1.0,2.1053133951459406,1.761276974745778,1.0,54.27497932686235,54.264943591917415,54.28,0.010526566975729703,0.00880638487372889,0.005,54.26445275988662,54.256137207043686,54.275,54.28550589383808,54.273749976791144,54.285000000000004,54.273749976791144,54.275,0.0012500232088541452,2.302916744388624e-05,SCHQ,VGLT,2026-05-13,False,3878.0,3244.0,1842.0,0.0,0.0,0.0,,,0.0,0.0,0.0,False,True,False,0.0,,,0.0,0.0,0.0,0.0,0.0,0.0,0.0,0.0,0.0,0.0,0.0,0.0,0.0,0.0,-0.0,-0.0,-0.0,-0.0,-0.0,-0.0,0.0,-0.0,-0.0,-0.0,0.0,0.0,-75.86999999998305
25.83,30.85,54.34,0.04999999999999716,0.0400000000000027,0.060000000000002274,2.1037553232675186,1.7614262560777958,1.0,2.1051580234738165,1.76133474351922,1.0,2.1052946847913563,1.7613138455206907,1.0,54.37976170816073,54.33653213431331,54.34,0.010526473423956781,0.008806569227603454,0.005,54.36923523473677,54.32772556508571,54.335,54.39028818158469,54.34533870354091,54.345000000000006,54.345000000000006,54.36923523473677,0.024235234736764255,0.00044599254208252214,VGLT,SPTL,2026-05-14,False,3874.0,3241.0,1840.0,0.0,0.0,0.0,,,0.0,0.0,0.0,False,False,False,-0.0,,,0.0,0.0,0.0,0.0,0.0,0.0,0.0,0.0,0.0,0.0,0.0,0.0,0.0,0.0,-0.0,-0.0,-0.0,-0.0,-0.0,-0.0,0.0,0.0,0.0,0.0,0.0,0.0,-75.86999999998305
25.45,30.42,53.58,-0.379999999999999,-0.4299999999999997,-0.7600000000000051,2.105304518664047,1.7613412228796843,1.0,2.1051849740666255,1.7613480071948497,1.0,2.1051580234738165,1.76133474351922,1.0,53.57627169740863,53.57980289785467,53.58,0.010525790117369083,0.0088066737175961,0.005,53.56574590729126,53.570996224137076,53.574999999999996,53.586797487526,53.58860957157226,53.585,53.585,53.574999999999996,-0.010000000000005116,-0.0001866368047779977,VGLT,VGLT,2026-05-15,False,3928.0,3287.0,1866.0,0.0,0.0,0.0,,,0.0,0.0,-0.0,False,True,False,0.0,,,0.0,0.0,0.0,0.0,0.0,0.0,0.0,0.0,0.0,0.0,0.0,0.0,0.0,0.0,-0.0,-0.0,-0.0,-0.0,-0.0,-0.0,0.0,-0.0,-0.0,-0.0,0.0,0.0,-75.86999999998305
25.44,30.38,53.52,-0.00999999999999801,-0.0400000000000027,-0.05999999999999517,2.1037735849056602,1.761685319289006,1.0,2.105074637414861,1.7613385429503068,1.0,2.1051849740666255,1.7613480071948497,1.0,53.55590574025496,53.509752458579534,53.52,0.010525924870333127,0.008806740035974248,0.005,53.54537981538462,53.50094571854356,53.515,53.56643166512529,53.518559198615506,53.525000000000006,53.518559198615506,53.54537981538462,0.026820616769114736,0.000501132600319782,SCHQ,SPTL,2026-05-18,False,3932.0,3290.0,1868.0,0.0,0.0,0.0,,,0.0,0.0,0.0,True,False,False,1.0,SCHQ,SPTL,-3932.0,3290.0,0.0,0.0,0.0,0.0,0.0,0.0,-3932.0,3290.0,0.0,0.0,3290.0,0.0,3932.0,-0.0,-0.0,-19.66,-16.45,-0.0,-36.11,-0.0,-0.0,-0.0,0.0,-36.11,-111.97999999998305
25.27,30.2,53.19,-0.1700000000000017,-0.17999999999999972,-0.3300000000000054,2.1048674317372376,1.7612582781456954,1.0,2.105066867449211,1.7613122848830696,1.0,2.105074637414861,1.7613385429503068,1.0,53.19523608747354,53.19242399709926,53.19,0.010525373187074305,0.008806692714751534,0.005,53.18471071428647,53.18361730438451,53.184999999999995,53.20576146066061,53.20123068981401,53.195,53.195,53.184999999999995,-0.010000000000005116,-0.0001880052641474923,VGLT,VGLT,2026-05-19,False,3958.0,3311.0,1880.0,-3932.0,3290.0,0.0,SCHQ,SPTL,-0.016519975527543806,-0.0003105842362764393,1.0,False,True,False,0.0,,,0.0,0.0,0.0,-100030.08,99950.2,0.0,199980.28,-79.88000000000466,3932.0,-3290.0,0.0,3932.0,0.0,0.0,-0.0,3290.0,-0.0,-19.66,-16.45,-0.0,-36.11,668.4400000000066,-592.199999999999,-0.0,76.24000000000763,40.13000000000763,-71.84999999997542
25.52,30.5,53.73,0.25,0.3000000000000007,0.5399999999999991,2.1054075235109715,1.761639344262295,1.0,2.10505809436536,1.7613103626776905,1.0,2.105066867449211,1.7613122848830696,1.0,53.72130645730386,53.72002468893362,53.73,0.010525334337246055,0.008806561424415348,0.005,53.710781122966615,53.711218127509206,53.724999999999994,53.731831791641106,53.728831250358034,53.735,53.728831250358034,53.724999999999994,-0.003831250358039995,-7.130560874818528e-05,SCHQ,VGLT,2026-05-20,False,3918.0,3278.0,1861.0,0.0,0.0,0.0,,,0.0,0.0,0.0,False,True,False,0.0,,,0.0,0.0,0.0,0.0,0.0,0.0,0.0,0.0,0.0,0.0,0.0,0.0,0.0,0.0,-0.0,-0.0,-0.0,-0.0,-0.0,-0.0,0.0,0.0,0.0,0.0,0.0,0.0,-71.84999999997542
25.61,30.61,53.91,0.08999999999999986,0.10999999999999943,0.17999999999999972,2.1050370948848105,1.7611891538712838,1.0,2.105018742409943,1.7613367204349082,1.0,2.10505809436536,1.7613103626776905,1.0,53.91053779669687,53.91371020156411,53.91,0.010525290471826801,0.008806551813388453,0.005,53.900012506225046,53.90490364975072,53.904999999999994,53.9210630871687,53.922516753377494,53.915,53.915,53.904999999999994,-0.010000000000005116,-0.00018549434242265102,VGLT,VGLT,2026-05-21,False,3905.0,3267.0,1855.0,0.0,0.0,0.0,,,0.0,0.0,0.0,False,True,False,0.0,,,0.0,0.0,0.0,0.0,0.0,0.0,0.0,0.0,0.0,0.0,0.0,0.0,0.0,0.0,-0.0,-0.0,-0.0,-0.0,-0.0,-0.0,0.0,0.0,0.0,0.0,0.0,0.0,-71.84999999997542
25.71,30.72,54.13,0.10000000000000142,0.10999999999999943,0.22000000000000597,2.105406456631661,1.7620442708333335,1.0,2.104988913265842,1.7614268666536155,1.0,2.105018742409943,1.7613367204349082,1.0,54.12003186735964,54.10826405176038,54.13,0.010525093712049715,0.00880668360217454,0.005,54.109506773647595,54.099457368158205,54.125,54.13055696107169,54.11707073536255,54.135000000000005,54.11707073536255,54.125,0.00792926463744692,0.00014648558354788324,SCHQ,VGLT,2026-05-22,False,3888.0,3253.0,1847.0,0.0,0.0,0.0,,,0.0,0.0,0.0,False,True,False,0.0,,,0.0,0.0,0.0,0.0,0.0,0.0,0.0,0.0,0.0,0.0,0.0,0.0,0.0,0.0,-0.0,-0.0,-0.0,-0.0,-0.0,-0.0,0.0,0.0,0.0,0.0,0.0,0.0,-71.84999999997542
25.85,30.9,54.44,0.14000000000000057,0.17999999999999972,0.30999999999999517,2.1059961315280464,1.7618122977346278,1.0,2.105023553875056,1.7614268046565666,1.0,2.104988913265842,1.7614268666536155,1.0,54.413963407922026,54.428090179596715,54.44,0.01052494456632921,0.008807134333268078,0.005,54.4034384633557,54.41928304526345,54.434999999999995,54.42448835248835,54.43689731392998,54.445,54.42448835248835,54.434999999999995,0.010511647511641797,0.00019308683893537468,SPTL,VGLT,2026-05-26,False,3867.0,3236.0,1837.0,0.0,0.0,0.0,,,0.0,0.0,0.0,False,True,False,0.0,,,0.0,0.0,0.0,0.0,0.0,0.0,0.0,0.0,0.0,0.0,0.0,0.0,0.0,0.0,-0.0,-0.0,-0.0,-0.0,-0.0,-0.0,0.0,0.0,0.0,0.0,0.0,0.0,-71.84999999997542
25.91,30.98,54.55,0.05999999999999872,0.08000000000000185,0.10999999999999943,2.10536472404477,1.760813428018076,1.0,2.1049904933572336,1.7613691990951217,1.0,2.105023553875056,1.7614268046565666,1.0,54.5411602809027,54.56900240826044,54.55,0.010525117769375281,0.008807134023282833,0.005,54.530635163133326,54.56019527423715,54.544999999999995,54.55168539867208,54.577809542283724,54.555,54.55168539867208,54.56019527423715,0.008509875565074765,0.000156001385244267,SPTL,SCHQ,2026-05-27,False,3859.0,3229.0,1833.0,0.0,0.0,0.0,,,0.0,0.0,0.0,False,True,False,0.0,,,0.0,0.0,0.0,0.0,0.0,0.0,0.0,0.0,0.0,0.0,0.0,0.0,0.0,0.0,-0.0,-0.0,-0.0,-0.0,-0.0,-0.0,0.0,0.0,0.0,0.0,0.0,0.0,-71.84999999997542
26.03,31.11,54.81,0.120000000000001,0.129999999999999,0.2600000000000051,2.105647330003842,1.7618129218900676,1.0,2.1049884632394393,1.761373028469368,1.0,2.1049904933572336,1.7613691990951217,1.0,54.7929025420888,54.796195783849235,54.81,0.010524952466786168,0.008806845995475609,0.005,54.78237758962201,54.78738893785376,54.805,54.803427494555585,54.80500262984471,54.815000000000005,54.803427494555585,54.805,0.0015725054444146735,2.869011940183677e-05,SPTL,VGLT,2026-05-28,False,3840.0,3213.0,1824.0,0.0,0.0,0.0,,,0.0,0.0,0.0,False,True,False,0.0,,,0.0,0.0,0.0,0.0,0.0,0.0,0.0,0.0,0.0,0.0,0.0,0.0,0.0,0.0,-0.0,-0.0,-0.0,-0.0,-0.0,-0.0,0.0,0.0,0.0,0.0,0.0,0.0,-71.84999999997542
26.04,31.12,54.84,0.00999999999999801,0.010000000000001563,0.030000000000001137,2.1059907834101383,1.7622107969151672,1.0,2.105001574113138,1.7614005834325277,1.0,2.1049884632394393,1.761373028469368,1.0,54.813899582755,54.81392864596673,54.84,0.010524942316197198,0.00880686514234684,0.005,54.803374640438804,54.805121780824386,54.835,54.824424525071194,54.82273551110908,54.845000000000006,54.82273551110908,54.835,0.012264488890920688,0.0002236412999803189,SCHQ,VGLT,2026-05-29,False,3837.0,3211.0,1823.0,0.0,0.0,0.0,,,0.0,0.0,0.0,False,True,False,0.0,,,0.0,0.0,0.0,0.0,0.0,0.0,0.0,0.0,0.0,0.0,0.0,0.0,0.0,0.0,-0.0,-0.0,-0.0,-0.0,-0.0,-0.0,0.0,0.0,0.0,0.0,0.0,0.0,-71.84999999997542
25.96,30.99,54.62,-0.0799999999999983,-0.13000000000000256,-0.22000000000000597,2.1040061633281972,1.7625040335592126,1.0,2.1049518822795474,1.7614788095635128,1.0,2.105001574113138,1.7614005834325277,1.0,54.645840863977064,54.58580408057403,54.62,0.01052500787056569,0.008807002917162639,0.005,54.6353158561065,54.57699707765686,54.614999999999995,54.656365871847626,54.594611083491195,54.625,54.594611083491195,54.6353158561065,0.040704772615306695,0.0007452356758569516,SCHQ,SPTL,2026-06-01,True,3854.0,3225.0,1831.0,0.0,0.0,0.0,,,0.0,0.0,0.0,True,False,False,1.0,SCHQ,SPTL,-3854.0,3225.0,0.0,0.0,0.0,0.0,0.0,0.0,-3854.0,3225.0,0.0,0.0,3225.0,0.0,3854.0,-0.0,-0.0,-19.27,-16.125,-0.0,-35.394999999999996,-0.0,-0.0,-0.0,0.0,-35.394999999999996,-107.24499999997542
26.02,31.06,54.75,0.05999999999999872,0.07000000000000028,0.13000000000000256,2.104150653343582,1.7627173213135867,1.0,2.1049329341104897,1.7615680283988713,1.0,2.1049518822795474,1.7614788095635128,1.0,54.77084797691382,54.711531825042705,54.75,0.010524759411397737,0.008807394047817564,0.005,54.760323217502425,54.702724430994884,54.745,54.78137273632522,54.720339219090526,54.755,54.720339219090526,54.760323217502425,0.03998399841189837,0.0007303013408565913,SCHQ,SPTL,2026-06-02,False,3844.0,3216.0,1826.0,-3854.0,3225.0,0.0,SCHQ,SPTL,0.03998399841189837,0.0007303013408565913,1.0,True,False,True,0.0,,,0.0,0.0,0.0,-100049.84,99942.75,0.0,199992.59,-107.08999999999651,3854.0,-3225.0,0.0,3854.0,0.0,0.0,-0.0,3225.0,-0.0,-19.27,-16.125,-0.0,-35.394999999999996,-231.23999999999506,225.7500000000009,0.0,-5.489999999994154,-40.88499999999415,-148.12999999996958
25.92,30.92,54.53,-0.09999999999999787,-0.13999999999999702,-0.21999999999999886,2.103780864197531,1.7635834411384217,1.0,2.1049003973589016,1.7616949592432802,1.0,2.1049329341104897,1.7615680283988713,1.0,54.559861652143894,54.467683438093104,54.53,0.010524664670552448,0.008807840141994356,0.005,54.54933698747334,54.458875597951106,54.525,54.57038631681445,54.4764912782351,54.535000000000004,54.4764912782351,54.54933698747334,0.07284570923823708,0.001335883169599066,SCHQ,SPTL,2026-06-03,False,3860.0,3231.0,1834.0,0.0,0.0,0.0,,,0.0,0.0,0.0,True,False,False,1.0,SCHQ,SPTL,-3860.0,3231.0,0.0,0.0,0.0,0.0,0.0,0.0,-3860.0,3231.0,0.0,0.0,3231.0,0.0,3860.0,-0.0,-0.0,-19.3,-16.155,-0.0,-35.455,-0.0,-0.0,-0.0,0.0,-35.455,-183.58499999996957
25.97,31.0,54.66,0.04999999999999716,0.0799999999999983,0.12999999999999545,2.104736234116288,1.7632258064516129,1.0,2.104917323787469,1.761808249565861,1.0,2.1049003973589016,1.7616949592432802,1.0,54.66426331941067,54.61254373654169,54.66,0.010524501986794508,0.008808474796216402,0.005,54.65373881742388,54.60373526174547,54.654999999999994,54.674787821397466,54.62135221133791,54.665,54.62135221133791,54.654999999999994,0.03364778866208695,0.0006155834003308992,SCHQ,VGLT,2026-06-04,False,3850.0,3222.0,1829.0,-3860.0,3231.0,0.0,SCHQ,SPTL,0.03238660608597144,0.0005925101735450318,1.0,True,False,False,1.0,SCHQ,VGLT,0.0,3222.0,-1829.0,-100051.20000000001,99902.52,0.0,199953.72000000003,-148.68000000000757,3860.0,-9.0,-1829.0,3860.0,0.0,0.0,-0.0,9.0,1829.0,-19.3,-0.045,-9.145,-28.490000000000002,-192.99999999998903,258.4799999999945,0.0,65.48000000000548,36.99000000000547,-146.5949999999641
25.83,30.82,54.34,-0.14000000000000057,-0.17999999999999972,-0.3199999999999932,2.1037553232675186,1.763140817650876,1.0,2.104861140661564,1.7619067883590442,1.0,2.104917323787469,1.761808249565861,1.0,54.370014473430324,54.298930251619836,54.34,0.010524586618937347,0.008809041247829304,0.005,54.35948988681139,54.29012121037201,54.335,54.38053906004926,54.307739292867666,54.345000000000006,54.307739292867666,54.35948988681139,0.051750593943722834,0.0009523480666861029,SCHQ,SPTL,2026-06-05,False,3873.0,3242.0,1840.0,0.0,3222.0,-1829.0,SCHQ,VGLT,0.02726070713233497,0.0005016692516071949,1.0,True,False,False,1.0,SCHQ,SPTL,-3873.0,3242.0,0.0,0.0,99882.0,-99973.14,199855.14,-91.13999999999942,-3873.0,20.0,1829.0,0.0,20.0,1829.0,3873.0,-0.0,-0.0,-19.365000000000002,-0.1,-9.145,-28.610000000000003,-0.0,-579.9599999999991,585.2799999999875,5.31999999998834,-23.290000000011663,-169.88499999997578
25.72,30.7,54.12,-0.10999999999999943,-0.120000000000001,-0.22000000000000597,2.104199066874028,1.7628664495114006,1.0,2.104830084058823,1.7619899315772518,1.0,2.104861140661564,1.7619067883590442,1.0,54.13702853781542,54.090538402622656,54.12,0.01052430570330782,0.008809533941795221,0.005,54.12650423211211,54.08172886868086,54.114999999999995,54.147552843518724,54.09934793656445,54.125,54.09934793656445,54.12650423211211,0.027156295547662523,0.0005017792968895514,SCHQ,SPTL,2026-06-08,False,3890.0,3256.0,1848.0,-3873.0,3242.0,0.0,SCHQ,SPTL,0.027156295547662523,0.0005017792968895514,1.0,True,False,False,1.0,SCHQ,SPTL,-3890.0,3256.0,0.0,-100039.59,99918.44,0.0,199958.03,-121.14999999999418,-17.0,14.0,0.0,0.0,14.0,0.0,17.0,-0.0,-0.0,-0.085,-0.07,-0.0,-0.15500000000000003,426.0299999999978,-389.0400000000032,-0.0,36.98999999999461,36.83499999999461,-133.04999999998117
25.85,30.87,54.39,0.13000000000000256,0.1700000000000017,0.2700000000000031,2.1040618955512573,1.7619047619047619,1.0,2.1047619206601644,1.761997597232052,1.0,2.104830084058823,1.7619899315772518,1.0,54.40985767292058,54.392629187789765,54.39,0.010524150420294117,0.008809949657886259,0.005,54.399333522500285,54.38381923813188,54.385,54.420381823340875,54.40143913744765,54.395,54.395,54.399333522500285,0.004333522500282072,7.96749862158866e-05,VGLT,SPTL,2026-06-09,False,3871.0,3240.0,1839.0,-3890.0,3256.0,0.0,SCHQ,SPTL,-0.0021056149473679397,-3.871327353130979e-05,1.0,False,True,False,0.0,,,0.0,0.0,0.0,-100050.79999999999,99959.2,0.0,200010.0,-91.59999999999127,3890.0,-3256.0,0.0,3890.0,0.0,0.0,-0.0,3256.0,-0.0,-19.45,-16.28,-0.0,-35.730000000000004,-505.70000000000994,553.5200000000056,0.0,47.819999999995616,12.089999999995612,-120.95999999998556
25.78,30.78,54.25,-0.07000000000000028,-0.08999999999999986,-0.14000000000000057,2.104344453064391,1.762508122157245,1.0,2.1047546851090493,1.7620724852051997,1.0,2.1047619206601644,1.761997597232052,1.0,54.26076231461904,54.234286042802566,54.25,0.010523809603300823,0.008809987986160261,0.005,54.250238505015744,54.225476054816404,54.245,54.27128612422234,54.24309603078873,54.255,54.24309603078873,54.250238505015744,0.0071424742270167485,0.00013165851109708292,SCHQ,SPTL,2026-06-10,False,3879.0,3247.0,1843.0,0.0,0.0,0.0,,,0.0,0.0,0.0,False,True,False,0.0,,,0.0,0.0,0.0,0.0,0.0,0.0,0.0,0.0,0.0,0.0,0.0,0.0,0.0,0.0,-0.0,-0.0,-0.0,-0.0,-0.0,-0.0,0.0,-0.0,-0.0,-0.0,0.0,0.0,-120.95999999998556
26.1,31.14,54.92,0.3200000000000003,0.35999999999999943,0.6700000000000017,2.104214559386973,1.7636480411046884,1.0,2.1046900057859235,1.762166604235442,1.0,2.1047546851090493,1.7620724852051997,1.0,54.93409728134619,54.87093718928992,54.92,0.010523773425545247,0.008810362426025998,0.005,54.92357350792064,54.86212682686389,54.915,54.94462105477174,54.879747551715944,54.925000000000004,54.879747551715944,54.92357350792064,0.04382595620469942,0.0007979962892334199,SCHQ,SPTL,2026-06-11,False,3833.0,3209.0,1821.0,0.0,0.0,0.0,,,0.0,0.0,0.0,True,False,False,1.0,SCHQ,SPTL,-3833.0,3209.0,0.0,0.0,0.0,0.0,0.0,0.0,-3833.0,3209.0,0.0,0.0,3209.0,0.0,3833.0,-0.0,-0.0,-19.165,-16.045,-0.0,-35.21,0.0,0.0,0.0,0.0,-35.21,-156.16999999998555
26.02,31.06,54.77,-0.08000000000000185,-0.08000000000000185,-0.14999999999999858,2.104919292851653,1.7633612363168063,1.0,2.10474820426513,1.7622633532473924,1.0,2.1046900057859235,1.762166604235442,1.0,54.76403395054973,54.732894727552825,54.77,0.010523450028929618,0.00881083302117721,0.005,54.753510500520804,54.724083894531645,54.765,54.77455740057866,54.741705560574005,54.775000000000006,54.741705560574005,54.765,0.02329443942599596,0.0004253138474711696,SCHQ,VGLT,2026-06-12,False,3843.0,3218.0,1826.0,-3833.0,3209.0,0.0,SCHQ,SPTL,0.011804939946799209,0.00021553660666056616,1.0,False,False,False,-1.0,SCHQ,SPTL,-3843.0,3218.0,0.0,-100041.3,99928.26,0.0,199969.56,-113.04000000000815,-10.0,9.0,0.0,0.0,9.0,0.0,10.0,-0.0,-0.0,-0.05,-0.045,-0.0,-0.095,306.6400000000071,-256.72000000000594,-0.0,49.92000000000115,49.825000000001154,-106.3449999999844
26.03,31.07,54.78,0.010000000000001563,0.010000000000001563,0.00999999999999801,2.104494813676527,1.7631155455423237,1.0,2.104707719015754,1.7623520693805244,1.0,2.10474820426513,1.7622633532473924,1.0,54.78659575702134,54.75352238539648,54.78,0.010523741021325651,0.008811316766236962,0.005,54.776072016000015,54.744711068630245,54.775,54.79711949804266,54.762333702162714,54.785000000000004,54.762333702162714,54.776072016000015,0.013738313837301064,0.00025079068706281607,SCHQ,SPTL,2026-06-15,False,3841.0,3216.0,1825.0,-3843.0,3218.0,0.0,SCHQ,SPTL,0.0,0.0,-1.0,False,True,False,0.0,,,0.0,0.0,0.0,-99994.86,99951.08,0.0,199945.94,-43.779999999998836,3843.0,-3218.0,0.0,3843.0,0.0,0.0,-0.0,3218.0,-0.0,-19.215,-16.09,-0.0,-35.305,-38.430000000006004,32.18000000000503,0.0,-6.250000000000973,-41.55500000000097,-147.89999999998537
26.18,31.24,55.05,0.14999999999999858,0.16999999999999815,0.269999999999996,2.102750190985485,1.7621638924455827,1.0,2.104656549319745,1.7623759980383533,1.0,2.104707719015754,1.7623520693805244,1.0,55.10124808383244,55.05587864744758,55.05,0.01052353859507877,0.008811760346902621,0.005,55.09072454523736,55.04706688710068,55.044999999999995,55.11177162242752,55.06469040779448,55.055,55.055,55.09072454523736,0.035724545237357574,0.0006489472341027715,VGLT,SPTL,2026-06-16,False,3824.0,3202.0,1817.0,0.0,0.0,0.0,,,0.0,0.0,0.0,True,False,False,1.0,VGLT,SPTL,-3824.0,0.0,1817.0,0.0,0.0,0.0,0.0,0.0,-3824.0,0.0,1817.0,0.0,0.0,1817.0,3824.0,-0.0,-0.0,-19.12,-0.0,-9.085,-28.205000000000002,0.0,0.0,0.0,0.0,-28.205000000000002,-176.10499999998538
26.17,31.22,55.04,-0.00999999999999801,-0.019999999999999574,-0.00999999999999801,2.103171570500573,1.7629724535554132,1.0,2.1045717562579123,1.762461706808839,1.0,2.104656549319745,1.7623759980383533,1.0,55.078861895697734,55.02137865875739,55.04,0.010523282746598726,0.008811879990191767,0.005,55.06833861295114,55.0125667787672,55.035,55.08938517844433,55.03019053874758,55.045,55.03019053874758,55.06833861295114,0.03814807420355493,0.0006930972784076114,SCHQ,SPTL,2026-06-17,False,3824.0,3202.0,1817.0,-3824.0,0.0,1817.0,VGLT,SPTL,0.02333861295113593,0.0004240300318156964,1.0,True,False,False,1.0,SCHQ,SPTL,-3824.0,3202.0,0.0,-100112.31999999999,0.0,100025.84999999999,200138.16999999998,-86.47000000000116,0.0,3202.0,-1817.0,0.0,3202.0,0.0,-0.0,-0.0,1817.0,-0.0,-16.01,-9.085,-25.095000000000002,38.23999999999239,-0.0,-18.169999999996385,20.069999999996007,-5.025000000003995,-181.12999999998937
26.3,31.38,55.31,0.129999999999999,0.16000000000000014,0.2700000000000031,2.103041825095057,1.762587635436584,1.0,2.1044534713371164,1.7625091213675534,1.0,2.1045717562579123,1.762461706808839,1.0,55.35023718958309,55.30604835966137,55.31,0.010522858781289562,0.008812308534044196,0.005,55.3397143308018,55.29723605112732,55.305,55.360760048364384,55.314860668195415,55.315000000000005,55.314860668195415,55.3397143308018,0.024853662606382443,0.000449352063033492,SCHQ,SPTL,2026-06-18,False,3805.0,3187.0,1808.0,-3824.0,3202.0,0.0,SCHQ,SPTL,0.024853662606382443,0.000449352063033492,1.0,False,False,False,-1.0,SCHQ,SPTL,-3805.0,3187.0,0.0,-100074.08,99966.44,0.0,200040.52000000002,-107.63999999999942,19.0,-15.0,0.0,19.0,0.0,0.0,-0.0,15.0,-0.0,-0.095,-0.075,-0.0,-0.16999999999999998,-497.1199999999962,512.3200000000005,0.0,15.200000000004309,15.030000000004309,-166.09999999998504
26.12,31.17,54.94,-0.17999999999999972,-0.2099999999999973,-0.37000000000000455,2.103369065849923,1.7625922361244786,1.0,2.1043700698853725,1.7625792754802134,1.0,2.1044534713371164,1.7625091213675534,1.0,54.96832467132548,54.93740931302664,54.94,0.010522267356685582,0.008812545606837767,0.005,54.9578024039688,54.928596767419805,54.934999999999995,54.97884693868217,54.94622185863348,54.945,54.945,54.9578024039688,0.012802403968798615,0.00023302519054966536,VGLT,SPTL,2026-06-22,False,3830.0,3208.0,1820.0,-3805.0,3187.0,0.0,SCHQ,SPTL,0.0,0.0,-1.0,False,True,False,0.0,,,0.0,0.0,0.0,-100071.5,100008.06,0.0,200079.56,-63.44000000000233,3805.0,-3187.0,0.0,3805.0,0.0,0.0,-0.0,3187.0,-0.0,-19.025000000000002,-15.935,-0.0,-34.96,684.899999999999,-669.2699999999913,-0.0,15.630000000007612,-19.32999999999239,-185.42999999997744
26.14,31.23,55.02,0.019999999999999574,0.05999999999999872,0.0800000000000054,2.1048201989288446,1.7617675312199808,1.0,2.104340757000231,1.7625654384995457,1.0,2.1043700698853725,1.7625792754802134,1.0,55.00823362680364,55.045350773247065,55.02,0.010521850349426862,0.008812896377401068,0.005,54.99771177645421,55.036537876869666,55.015,55.018755477153064,55.054163669624465,55.025000000000006,55.018755477153064,55.036537876869666,0.01778239971660156,0.00032319883163579714,SPTL,SCHQ,2026-06-23,False,3826.0,3204.0,1818.0,0.0,0.0,0.0,,,0.0,0.0,0.0,False,True,False,0.0,,,0.0,0.0,0.0,0.0,0.0,0.0,0.0,0.0,0.0,0.0,0.0,0.0,0.0,0.0,-0.0,-0.0,-0.0,-0.0,-0.0,-0.0,0.0,0.0,0.0,0.0,0.0,0.0,-185.42999999997744
26.47,31.6,55.71,0.3299999999999983,0.370000000000001,0.6899999999999977,2.1046467699282205,1.7629746835443036,1.0,2.1042732889202402,1.7626235577900295,1.0,2.104340757000231,1.7625654384995457,1.0,55.70189983779611,55.69706785658565,55.71,0.010521703785001155,0.008812827192497728,0.005,55.69137813401111,55.68825502939315,55.705,55.712421541581115,55.70588068377815,55.715,55.70588068377815,55.705,-0.000880683778149205,-1.580836076376243e-05,SCHQ,VGLT,2026-06-24,False,3777.0,3164.0,1795.0,0.0,0.0,0.0,,,0.0,0.0,0.0,False,True,False,0.0,,,0.0,0.0,0.0,0.0,0.0,0.0,0.0,0.0,0.0,0.0,0.0,0.0,0.0,0.0,-0.0,-0.0,-0.0,-0.0,-0.0,-0.0,0.0,0.0,0.0,0.0,0.0,0.0,-185.42999999997744
26.46,31.58,55.68,-0.00999999999999801,-0.020000000000003126,-0.030000000000001137,2.1043083900226756,1.7631412286257127,1.0,2.1042204722191356,1.7627399478204115,1.0,2.1042732889202402,1.7626235577900295,1.0,55.679071224829556,55.66365195500913,55.68,0.010521366444601202,0.008813117788950149,0.005,55.66854985838496,55.654838837220176,55.675,55.689592591274156,55.67246507279808,55.685,55.67246507279808,55.675,0.002534927201914172,4.552670980449304e-05,SCHQ,VGLT,2026-06-25,False,3779.0,3166.0,1796.0,0.0,0.0,0.0,,,0.0,0.0,0.0,False,True,False,0.0,,,0.0,0.0,0.0,0.0,0.0,0.0,0.0,0.0,0.0,0.0,0.0,0.0,0.0,0.0,-0.0,-0.0,-0.0,-0.0,-0.0,-0.0,0.0,-0.0,-0.0,-0.0,0.0,0.0,-185.42999999997744
26.49,31.61,55.72,0.029999999999997584,0.030000000000001137,0.03999999999999915,2.1034352585881466,1.7627333122429611,1.0,2.104109868648351,1.762785967338056,1.0,2.1042204722191356,1.7627399478204115,1.0,55.7408003090849,55.72020975060321,55.72,0.010521102361095679,0.008813699739102059,0.005,55.7302792067238,55.71139605086411,55.714999999999996,55.75132141144599,55.72902345034231,55.725,55.725,55.7302792067238,0.005279206723798779,9.474527501433559e-05,VGLT,SPTL,2026-06-26,False,3777.0,3164.0,1795.0,0.0,0.0,0.0,,,0.0,0.0,0.0,False,True,False,0.0,,,0.0,0.0,0.0,0.0,0.0,0.0,0.0,0.0,0.0,0.0,0.0,0.0,0.0,0.0,-0.0,-0.0,-0.0,-0.0,-0.0,-0.0,0.0,0.0,0.0,0.0,0.0,0.0,-185.42999999997744
26.52,31.64,55.78,0.030000000000001137,0.030000000000001137,0.060000000000002274,2.103318250377074,1.7629582806573958,1.0,2.103976241996697,1.7628233415251675,1.0,2.104109868648351,1.762785967338056,1.0,55.80099371655426,55.77454800657609,55.78,0.010520549343241755,0.00881392983669028,0.005,55.79047316721102,55.7657340767394,55.775,55.8115142658975,55.78336193641278,55.785000000000004,55.78336193641278,55.79047316721102,0.0071112307982375,0.00012748710645818392,SCHQ,SPTL,2026-06-29,False,3773.0,3161.0,1793.0,0.0,0.0,0.0,,,0.0,0.0,0.0,False,True,False,0.0,,,0.0,0.0,0.0,0.0,0.0,0.0,0.0,0.0,0.0,0.0,0.0,0.0,0.0,0.0,-0.0,-0.0,-0.0,-0.0,-0.0,-0.0,0.0,0.0,0.0,0.0,0.0,0.0,-185.42999999997744
26.23,31.3,55.18,-0.28999999999999915,-0.33999999999999986,-0.6000000000000014,2.1036980556614564,1.7629392971246005,1.0,2.10396083661336,1.7628451047034368,1.0,2.103976241996697,1.7628233415251675,1.0,55.18729682757337,55.17637058973774,55.18,0.010519881209983485,0.008814116707625838,0.005,55.17677694636339,55.16755647303012,55.175,55.19781670878335,55.18518470644537,55.185,55.185,55.17677694636339,-0.008223053636612576,-0.00014902235658957187,VGLT,SPTL,2026-06-30,False,3812.0,3194.0,1812.0,0.0,0.0,0.0,,,0.0,0.0,0.0,False,True,False,0.0,,,0.0,0.0,0.0,0.0,0.0,0.0,0.0,0.0,0.0,0.0,0.0,0.0,0.0,0.0,-0.0,-0.0,-0.0,-0.0,-0.0,-0.0,0.0,-0.0,-0.0,-0.0,0.0,0.0,-185.42999999997744
25.99,31.02,54.66,-0.240000000000002,-0.28000000000000114,-0.5200000000000031,2.1031165833012695,1.7620889748549322,1.0,2.1039091331112445,1.762813687380504,1.0,2.10396083661336,1.7628451047034368,1.0,54.68194214358123,54.68345514790061,54.66,0.010519804183066802,0.008814225523517185,0.005,54.67142233939816,54.674640922377094,54.654999999999994,54.6924619477643,54.692269373424125,54.665,54.665,54.674640922377094,0.009640922377094796,0.00017637984590367355,VGLT,SCHQ,2026-07-01,True,3848.0,3224.0,1829.0,0.0,0.0,0.0,,,0.0,0.0,0.0,False,True,False,0.0,,,0.0,0.0,0.0,0.0,0.0,0.0,0.0,0.0,0.0,0.0,0.0,0.0,0.0,0.0,-0.0,-0.0,-0.0,-0.0,-0.0,-0.0,0.0,-0.0,-0.0,-0.0,0.0,0.0,-185.42999999997744
25.99,31.03,54.69,0.0,0.010000000000001563,0.030000000000001137,2.104270873412851,1.762487914921044,1.0,2.103933633572011,1.7627589110696351,1.0,2.1039091331112445,1.762813687380504,1.0,54.68059836956124,54.700108719417045,54.69,0.010519545665556223,0.00881406843690252,0.005,54.67007882389568,54.69129465098014,54.684999999999995,54.6911179152268,54.70892278785395,54.695,54.6911179152268,54.69129465098014,0.00017673575334242742,3.231591759781083e-06,SPTL,SCHQ,2026-07-02,False,3846.0,3222.0,1828.0,0.0,0.0,0.0,,,0.0,0.0,0.0,False,True,True,0.0,,,0.0,0.0,0.0,0.0,0.0,0.0,0.0,0.0,0.0,0.0,0.0,0.0,0.0,0.0,-0.0,-0.0,-0.0,-0.0,-0.0,-0.0,0.0,0.0,0.0,0.0,0.0,0.0,-185.42999999997744
25.98,31.01,54.63,-0.00999999999999801,-0.019999999999999574,-0.05999999999999517,2.1027713625866054,1.761689777491132,1.0,2.1038353899955267,1.7626821096216112,1.0,2.103933633572011,1.7627589110696351,1.0,54.660195800200846,54.66315383226939,54.63,0.010519668167860055,0.008813794555348175,0.005,54.64967613203299,54.654340037714036,54.625,54.670715468368705,54.67196762682474,54.635000000000005,54.635000000000005,54.654340037714036,0.0193400377140307,0.00035401862921527916,VGLT,SCHQ,2026-07-06,False,3850.0,3226.0,1830.0,0.0,0.0,0.0,,,0.0,0.0,0.0,False,True,False,0.0,,,0.0,0.0,0.0,0.0,0.0,0.0,0.0,0.0,0.0,0.0,0.0,0.0,0.0,0.0,-0.0,-0.0,-0.0,-0.0,-0.0,-0.0,0.0,-0.0,-0.0,-0.0,0.0,0.0,-185.42999999997744
25.72,30.7,54.1,-0.26000000000000156,-0.3100000000000023,-0.5300000000000011,2.1034214618973563,1.7622149837133552,1.0,2.1038186969270187,1.762635817924735,1.0,2.1038353899955267,1.7626821096216112,1.0,54.11064623068494,54.11434076538346,54.1,0.010519176949977633,0.008813410548108056,0.005,54.100127053734965,54.10552735483535,54.095,54.12116540763492,54.12315417593157,54.105000000000004,54.105000000000004,54.10552735483535,0.0005273548353486035,9.74777884193352e-06,VGLT,SCHQ,2026-07-07,False,3888.0,3257.0,1848.0,0.0,0.0,0.0,,,0.0,0.0,0.0,False,True,False,0.0,,,0.0,0.0,0.0,0.0,0.0,0.0,0.0,0.0,0.0,0.0,0.0,0.0,0.0,0.0,-0.0,-0.0,-0.0,-0.0,-0.0,-0.0,0.0,-0.0,-0.0,-0.0,0.0,0.0,-185.42999999997744
25.66,30.63,53.96,-0.05999999999999872,-0.07000000000000028,-0.14000000000000057,2.102883865939205,1.761671563826314,1.0,2.1037529368802774,1.7625760736404807,1.0,2.1038186969270187,1.762635817924735,1.0,53.9839877631473,53.98953510303463,53.96,0.010519093484635094,0.008813179089623676,0.005,53.973468669662665,53.98072192394501,53.955,53.99450685663193,53.998348282124255,53.965,53.965,53.98072192394501,0.015721923945008598,0.00029136256384374717,VGLT,SCHQ,2026-07-08,False,3898.0,3266.0,1853.0,0.0,0.0,0.0,,,0.0,0.0,0.0,False,True,False,0.0,,,0.0,0.0,0.0,0.0,0.0,0.0,0.0,0.0,0.0,0.0,0.0,0.0,0.0,0.0,-0.0,-0.0,-0.0,-0.0,-0.0,-0.0,0.0,-0.0,-0.0,-0.0,0.0,0.0,-185.42999999997744
25.71,30.67,54.05,0.05000000000000071,0.0400000000000027,0.0899999999999963,2.102294826915597,1.7623084447342678,1.0,2.103664583448494,1.7625962577819565,1.0,2.1037529368802774,1.7625760736404807,1.0,54.087488007191936,54.05820817855355,54.05,0.010518764684401388,0.008812880368202405,0.005,54.07696924250754,54.049395298185345,54.044999999999995,54.098006771876335,54.06702105892175,54.055,54.055,54.07696924250754,0.021969242507537956,0.0004064614709997772,VGLT,SPTL,2026-07-09,False,3892.0,3261.0,1850.0,0.0,0.0,0.0,,,0.0,0.0,0.0,False,False,False,-0.0,,,0.0,0.0,0.0,0.0,0.0,0.0,0.0,0.0,0.0,0.0,0.0,0.0,0.0,0.0,-0.0,-0.0,-0.0,-0.0,-0.0,-0.0,0.0,0.0,0.0,0.0,0.0,0.0,-185.42999999997744
25.69,30.67,54.05,-0.019999999999999574,0.0,0.0,2.1039314908524718,1.7623084447342678,1.0,2.103643935337898,1.7625862739108071,1.0,2.103664583448494,1.7625962577819565,1.0,54.04314314879182,54.05882722617261,54.05,0.010518322917242471,0.008812981288909782,0.005,54.03262482587458,54.0500142448837,54.044999999999995,54.05366147170906,54.06764020746152,54.055,54.05366147170906,54.0500142448837,-0.003647226825364669,-6.747875717603458e-05,SPTL,SCHQ,2026-07-10,False,3892.0,3261.0,1850.0,0.0,0.0,0.0,,,0.0,0.0,-0.0,False,True,False,0.0,,,0.0,0.0,0.0,0.0,0.0,0.0,0.0,0.0,0.0,0.0,0.0,0.0,0.0,0.0,-0.0,-0.0,-0.0,-0.0,-0.0,-0.0,0.0,-0.0,0.0,0.0,0.0,0.0,-185.42999999997744
25.56,30.49,53.74,-0.13000000000000256,-0.18000000000000327,-0.30999999999999517,2.1025039123630673,1.7625450967530338,1.0,2.1035584029867027,1.7625311266932244,1.0,2.103643935337898,1.7625862739108071,1.0,53.76913898723667,53.74125549154051,53.74,0.010518219676689491,0.008812931369554036,0.005,53.75862076755998,53.73244256017095,53.735,53.77965720691336,53.75006842291006,53.745000000000005,53.745000000000005,53.75862076755998,0.013620767559977764,0.0002534567837733116,VGLT,SPTL,2026-07-13,False,3915.0,3280.0,1861.0,0.0,0.0,0.0,,,0.0,0.0,0.0,False,True,False,0.0,,,0.0,0.0,0.0,0.0,0.0,0.0,0.0,0.0,0.0,0.0,0.0,0.0,0.0,0.0,-0.0,-0.0,-0.0,-0.0,-0.0,-0.0,0.0,-0.0,-0.0,-0.0,0.0,0.0,-185.42999999997744
25.61,30.54,53.84,0.05000000000000071,0.05000000000000071,0.10000000000000142,2.1023037875829758,1.7629338572364115,1.0,2.1034276277232693,1.7625097577392048,1.0,2.1035584029867027,1.7625311266932244,1.0,53.87213070048946,53.82770060921107,53.84,0.010517792014933514,0.008812655633466122,0.005,53.86161290847453,53.81888795357761,53.835,53.88264849250439,53.836513264844534,53.845000000000006,53.836513264844534,53.86161290847453,0.02509964362999284,0.0004661895176447407,SCHQ,SPTL,2026-07-14,False,3906.0,3273.0,1857.0,0.0,0.0,0.0,,,0.0,0.0,0.0,False,False,False,-0.0,,,0.0,0.0,0.0,0.0,0.0,0.0,0.0,0.0,0.0,0.0,0.0,0.0,0.0,0.0,-0.0,-0.0,-0.0,-0.0,-0.0,-0.0,0.0,0.0,0.0,0.0,0.0,0.0,-185.42999999997744
25.66,30.62,53.97,0.05000000000000071,0.08000000000000185,0.12999999999999545,2.103273577552611,1.7625734813847158,1.0,2.1033665659170735,1.7624826545313244,1.0,2.1034276277232693,1.7625097577392048,1.0,53.97395292737909,53.96804878197445,53.97,0.010517138138616346,0.008812548788696025,0.005,53.96343578924047,53.959236233185756,53.964999999999996,53.984470065517705,53.97686133076315,53.975,53.975,53.964999999999996,-0.010000000000005116,-0.0001852881230314085,VGLT,VGLT,2026-07-15,False,3898.0,3266.0,1853.0,0.0,0.0,0.0,,,0.0,0.0,-0.0,False,True,False,0.0,,,0.0,0.0,0.0,0.0,0.0,0.0,0.0,0.0,0.0,0.0,0.0,0.0,0.0,0.0,-0.0,-0.0,-0.0,-0.0,-0.0,-0.0,0.0,0.0,0.0,0.0,0.0,0.0,-185.42999999997744
25.65,30.6,53.95,-0.010000000000001563,-0.019999999999999574,-0.01999999999999602,2.1033138401559457,1.7630718954248366,1.0,2.1033947483755964,1.7625280546802873,1.0,2.1033665659170735,1.7624826545313244,1.0,53.95135241577293,53.93196922865853,53.95,0.010516832829585368,0.008812413272656623,0.005,53.94083558294334,53.92315681538587,53.945,53.96186924860252,53.94078164193119,53.955000000000005,53.94078164193119,53.945,0.004218358068811767,7.819014029308187e-05,SCHQ,VGLT,2026-07-16,False,3900.0,3268.0,1854.0,0.0,0.0,0.0,,,0.0,0.0,0.0,False,True,False,0.0,,,0.0,0.0,0.0,0.0,0.0,0.0,0.0,0.0,0.0,0.0,0.0,0.0,0.0,0.0,-0.0,-0.0,-0.0,-0.0,-0.0,-0.0,0.0,-0.0,-0.0,-0.0,0.0,0.0,-185.42999999997744
25.73,30.7,54.1,0.08000000000000185,0.09999999999999787,0.14999999999999858,2.1026039642440733,1.7622149837133552,1.0,2.103366368062771,1.7624901811881841,1.0,2.1033947483755964,1.7625280546802873,1.0,54.120346875704094,54.10961127868482,54.1,0.010516973741877982,0.008812640273401437,0.005,54.109829901962215,54.10079863841141,54.095,54.13086384944597,54.11842391895822,54.105000000000004,54.105000000000004,54.109829901962215,0.00482990196221067,8.92773005953913e-05,VGLT,SPTL,2026-07-17,False,3887.0,3257.0,1848.0,0.0,0.0,0.0,,,0.0,0.0,0.0,False,True,False,0.0,,,0.0,0.0,0.0,0.0,0.0,0.0,0.0,0.0,0.0,0.0,0.0,0.0,0.0,0.0,-0.0,-0.0,-0.0,-0.0,-0.0,-0.0,0.0,0.0,0.0,0.0,0.0,0.0,-185.42999999997744
25.56,30.5,53.75,-0.1700000000000017,-0.1999999999999993,-0.3500000000000014,2.1028951486697967,1.7622950819672132,1.0,2.103359034241508,1.7624755535147156,1.0,2.103366368062771,1.7624901811881841,1.0,53.76204436768443,53.755950526239616,53.75,0.010516831840313856,0.00881245090594092,0.005,53.75152753584412,53.74713807533367,53.745,53.772561199524745,53.76476297714556,53.755,53.755,53.75152753584412,-0.00347246415588387,-6.460398429551386e-05,VGLT,SPTL,2026-07-20,False,3912.0,3278.0,1860.0,0.0,0.0,0.0,,,0.0,0.0,0.0,False,True,False,0.0,,,0.0,0.0,0.0,0.0,0.0,0.0,0.0,0.0,0.0,0.0,0.0,0.0,0.0,0.0,-0.0,-0.0,-0.0,-0.0,-0.0,-0.0,0.0,-0.0,-0.0,-0.0,0.0,0.0,-185.42999999997744
25.48,30.4,53.59,-0.0799999999999983,-0.10000000000000142,-0.1599999999999966,2.1032182103610677,1.7628289473684213,1.0,2.1033514914670652,1.7624873890769126,1.0,2.103359034241508,1.7624755535147156,1.0,53.593588192473625,53.579256826847356,53.59,0.01051679517120754,0.008812377767573579,0.005,53.58307139730242,53.57044444907978,53.585,53.60410498764483,53.58806920461493,53.595000000000006,53.58806920461493,53.585,-0.003069204614931209,-5.727196519744745e-05,SCHQ,VGLT,2026-07-21,False,3925.0,3289.0,1866.0,0.0,0.0,0.0,,,0.0,0.0,0.0,False,True,False,0.0,,,0.0,0.0,0.0,0.0,0.0,0.0,0.0,0.0,0.0,0.0,0.0,0.0,0.0,0.0,-0.0,-0.0,-0.0,-0.0,-0.0,-0.0,0.0,-0.0,-0.0,-0.0,0.0,0.0,-185.42999999997744
25.4,30.32,53.42,-0.08000000000000185,-0.0799999999999983,-0.1700000000000017,2.1031496062992128,1.761873350923483,1.0,2.103267961835584,1.762492680062088,1.0,2.1033514914670652,1.7624873890769126,1.0,53.42512788326346,53.43861763681199,53.42,0.010516757457335326,0.008812436945384564,0.005,53.41461112580612,53.42980519986661,53.415,53.435644640720795,53.447430073757374,53.425000000000004,53.425000000000004,53.42980519986661,0.00480519986660255,8.995132659308405e-05,VGLT,SCHQ,2026-07-22,False,3937.0,3299.0,1872.0,0.0,0.0,0.0,,,0.0,0.0,0.0,False,True,False,0.0,,,0.0,0.0,0.0,0.0,0.0,0.0,0.0,0.0,0.0,0.0,0.0,0.0,0.0,0.0,-0.0,-0.0,-0.0,-0.0,-0.0,-0.0,0.0,-0.0,-0.0,-0.0,0.0,0.0,-185.42999999997744
25.31,30.21,53.25,-0.08999999999999986,-0.10999999999999943,-0.1700000000000017,2.103911497431845,1.7626613704071499,1.0,2.103231198210765,1.76247701440523,1.0,2.103267961835584,1.762492680062088,1.0,53.233712114058626,53.24490386467568,53.25,0.010516339809177919,0.00881246340031044,0.005,53.22319577424945,53.23609140127537,53.245,53.244228453867805,53.25371632807599,53.255,53.244228453867805,53.245,0.0007715461321922135,1.4489129243046263e-05,SPTL,VGLT,2026-07-23,False,3950.0,3310.0,1878.0,0.0,0.0,0.0,,,0.0,0.0,0.0,False,True,False,0.0,,,0.0,0.0,0.0,0.0,0.0,0.0,0.0,0.0,0.0,0.0,0.0,0.0,0.0,0.0,-0.0,-0.0,-0.0,-0.0,-0.0,-0.0,0.0,-0.0,-0.0,-0.0,0.0,0.0,-185.42999999997744
25.36,30.27,53.34,0.05000000000000071,0.05999999999999872,0.09000000000000341,2.1033123028391167,1.7621407333994055,1.0,2.103181393851587,1.7624269896439144,1.0,2.103231198210765,1.76247701440523,1.0,53.337943186625004,53.35017922604631,53.34,0.010516155991053827,0.00881238507202615,0.005,53.32742703063395,53.34136684097428,53.335,53.34845934261606,53.358991611118334,53.345000000000006,53.345000000000006,53.34136684097428,-0.003633159025724808,-6.811321758014263e-05,VGLT,SCHQ,2026-07-24,False,3944.0,3305.0,1875.0,0.0,0.0,0.0,,,0.0,0.0,0.0,False,True,False,0.0,,,0.0,0.0,0.0,0.0,0.0,0.0,0.0,0.0,0.0,0.0,0.0,0.0,0.0,0.0,-0.0,-0.0,-0.0,-0.0,-0.0,-0.0,0.0,0.0,0.0,0.0,0.0,0.0,-185.42999999997744
25.49,30.43,53.62,0.129999999999999,0.16000000000000014,0.27999999999999403,2.1035700274617497,1.7620768977982253,1.0,2.103188132295267,1.7623941689216782,1.0,2.103181393851587,1.7624269896439144,1.0,53.610093729276954,53.63065329486432,53.62,0.010515906969257936,0.008812134948219572,0.005,53.599577822307694,53.621841159916094,53.614999999999995,53.620609636246215,53.63946542981254,53.625,53.620609636246215,53.621841159916094,0.0012315236698796639,2.2967617864223498e-05,SPTL,SCHQ,2026-07-27,False,3922.0,3287.0,1865.0,0.0,0.0,0.0,,,0.0,0.0,0.0,False,True,False,0.0,,,0.0,0.0,0.0,0.0,0.0,0.0,0.0,0.0,0.0,0.0,0.0,0.0,0.0,0.0,-0.0,-0.0,-0.0,-0.0,-0.0,-0.0,0.0,0.0,0.0,0.0,0.0,0.0,-185.42999999997744
25.63,30.59,53.91,0.14000000000000057,0.16000000000000014,0.28999999999999915,2.1033944596176357,1.762340634194181,1.0,2.1031919427572956,1.7623632865985173,1.0,2.103188132295267,1.7623941689216782,1.0,53.90471183072769,53.911637627314136,53.91,0.010515940661476335,0.00881197084460839,0.005,53.894195890066214,53.902825656469524,53.904999999999994,53.91522777138917,53.92044959815875,53.915,53.915,53.904999999999994,-0.010000000000005116,-0.00018549434242265102,VGLT,VGLT,2026-07-28,False,3901.0,3269.0,1855.0,0.0,0.0,0.0,,,0.0,0.0,0.0,False,True,False,0.0,,,0.0,0.0,0.0,0.0,0.0,0.0,0.0,0.0,0.0,0.0,0.0,0.0,0.0,0.0,-0.0,-0.0,-0.0,-0.0,-0.0,-0.0,0.0,0.0,0.0,0.0,0.0,0.0,-185.42999999997744
25.26,30.16,53.13,-0.36999999999999744,-0.4299999999999997,-0.779999999999994,2.1033254156769594,1.761604774535809,1.0,2.103173310758071,1.7622965604690777,1.0,2.1031919427572956,1.7623632865985173,1.0,53.12662847404929,53.15287672381128,53.13,0.010515959713786478,0.008811816432992586,0.005,53.116112514335505,53.14406490737829,53.125,53.137144433763076,53.16168854024428,53.135000000000005,53.135000000000005,53.14406490737829,0.009064907378281362,0.0001706174925330578,VGLT,SCHQ,2026-07-29,False,3958.0,3317.0,1882.0,0.0,0.0,0.0,,,0.0,0.0,0.0,False,True,False,0.0,,,0.0,0.0,0.0,0.0,0.0,0.0,0.0,0.0,0.0,0.0,0.0,0.0,0.0,0.0,-0.0,-0.0,-0.0,-0.0,-0.0,-0.0,0.0,-0.0,-0.0,-0.0,0.0,0.0,-185.42999999997744
25.25,30.13,53.1,-0.010000000000001563,-0.030000000000001137,-0.030000000000001137,2.102970297029703,1.7623630932625292,1.0,2.1031659964444924,1.7623102663894574,1.0,2.103173310758071,1.7622965604690777,1.0,53.105126096641285,53.09799536693331,53.1,0.010515866553790354,0.008811482802345389,0.005,53.0946102300875,53.08918388413097,53.095,53.115641963195074,53.106806849735655,53.105000000000004,53.105000000000004,53.095,-0.010000000000005116,-0.0001883239171375728,VGLT,VGLT,2026-07-30,False,3960.0,3318.0,1883.0,0.0,0.0,0.0,,,0.0,0.0,0.0,False,True,False,0.0,,,0.0,0.0,0.0,0.0,0.0,0.0,0.0,0.0,0.0,0.0,0.0,0.0,0.0,0.0,-0.0,-0.0,-0.0,-0.0,-0.0,-0.0,0.0,-0.0,-0.0,-0.0,0.0,0.0,-185.42999999997744
25.08,29.94,52.77,-0.1700000000000017,-0.18999999999999773,-0.3299999999999983,2.1040669856459333,1.7625250501002003,1.0,2.103155802056146,1.7623121231484151,1.0,2.1031659964444924,1.7623102663894574,1.0,52.74740319082787,52.76356937570036,52.77,0.010515829982222462,0.008811551331947288,0.005,52.73688736084564,52.75475782436841,52.765,52.75791902081009,52.7723809270323,52.775000000000006,52.75791902081009,52.765,0.007080979189908021,0.00013418569622717491,SPTL,VGLT,2026-07-31,False,3985.0,3340.0,1895.0,0.0,0.0,0.0,,,0.0,0.0,0.0,False,True,False,0.0,,,0.0,0.0,0.0,0.0,0.0,0.0,0.0,0.0,0.0,0.0,0.0,0.0,0.0,0.0,-0.0,-0.0,-0.0,-0.0,-0.0,-0.0,0.0,-0.0,-0.0,-0.0,0.0,0.0,-185.42999999997744
