SPMB_price,VMBS_price,MBB_price,SPMB_price_chg,VMBS_price_chg,MBB_price_chg,MBB/SPMB,MBB/VMBS,MBB/MBB,MBB/SPMB_moving_avg,MBB/VMBS_moving_avg,MBB/MBB_moving_avg,MBB/SPMB_prev_moving_avg,MBB/VMBS_prev_moving_avg,MBB/MBB_prev_moving_avg,SPMB_scaled_price,VMBS_scaled_price,MBB_scaled_price,SPMB_scaled_comm,VMBS_scaled_comm,MBB_scaled_comm,SPMB_scaled_price_minus_comm,VMBS_scaled_price_minus_comm,MBB_scaled_price_minus_comm,SPMB_scaled_price_plus_comm,VMBS_scaled_price_plus_comm,MBB_scaled_price_plus_comm,min_price_plus_comm,max_price_minus_comm,tgt_max-min,tgt_pct_diff,tgt_min_price_etf,tgt_max_price_etf,date,ex_div_date,SPMB_shs_per_unit,VMBS_shs_per_unit,MBB_shs_per_unit,SPMB_current_shs,VMBS_current_shs,MBB_current_shs,current_long_etf,current_short_etf,current_max-min,current_pct_diff,current_position,open_trade,exit_trade,flatten_for_div,tgt_position,tgt_long_etf,tgt_short_etf,SPMB_tgt_shs,VMBS_tgt_shs,MBB_tgt_shs,SPMB_tgt_inv_amt,VMBS_tgt_inv_amt,MBB_tgt_inv_amt,gross_inv_amt,net_inv_amt,SPMB_shs_to_trade,VMBS_shs_to_trade,MBB_shs_to_trade,SPMB_shs_to_buy,VMBS_shs_to_buy,MBB_shs_to_buy,SPMB_shs_to_sell,VMBS_shs_to_sell,MBB_shs_to_sell,SPMB_daily_comm,VMBS_daily_comm,MBB_daily_comm,daily_comm,SPMB_daily_profit,VMBS_daily_profit,MBB_daily_profit,daily_gross_profit,daily_net_profit,cumulative_net_profit
22.39,47.02,95.14,,,,4.249218401071907,2.0233943002977455,1.0,,,,,,,,,,,,,,,,,,,,,,,,,2026-01-02,False,,,,,,,,,,,,False,False,False,,,,,,,,,,,,,,,,,,,,,,,,,,,,,,
22.44,47.12,95.35,0.05000000000000071,0.09999999999999432,0.20999999999999375,4.249108734402852,2.0235568760611207,1.0,,,,,,,,,,,,,,,,,,,,,,,,,2026-01-05,False,,,,,,,,,,,,False,False,False,,,,,,,,,,,,,,,,,,,,,,,,,,,,,,
22.43,47.12,95.3,-0.010000000000001563,0.0,-0.04999999999999716,4.248773963441819,2.0224957555178267,1.0,,,,,,,,,,,,,,,,,,,,,,,,,2026-01-06,False,,,,,,,,,,,,False,False,False,,,,,,,,,,,,,,,,,,,,,,,,,,,,,,
22.46,47.13,95.33,0.030000000000001137,0.010000000000005116,0.030000000000001137,4.244434550311665,2.022703161468279,1.0,,,,,,,,,,,,,,,,,,,,,,,,,2026-01-07,False,,,,,,,,,,,,False,False,False,,,,,,,,,,,,,,,,,,,,,,,,,,,,,,
22.42,47.06,95.23,-0.03999999999999915,-0.07000000000000028,-0.09999999999999432,4.247546833184656,2.023586910327242,1.0,,,,,,,,,,,,,,,,,,,,,,,,,2026-01-08,False,,,,,,,,,,,,False,False,False,,,,,,,,,,,,,,,,,,,,,,,,,,,,,,
22.54,47.32,95.8,0.11999999999999744,0.259999999999998,0.5699999999999932,4.250221827861579,2.0245139475908704,1.0,,,,,,,,,,,,,,,,,,,,,,,,,2026-01-09,False,,,,,,,,,,,,False,False,False,,,,,,,,,,,,,,,,,,,,,,,,,,,,,,
22.54,47.27,95.65,0.0,-0.04999999999999716,-0.14999999999999147,4.243566992014197,2.0234821239686904,1.0,,,,,,,,,,,,,,,,,,,,,,,,,2026-01-12,False,,,,,,,,,,,,False,False,False,,,,,,,,,,,,,,,,,,,,,,,,,,,,,,
22.55,47.26,95.69,0.010000000000001563,-0.010000000000005116,0.03999999999999204,4.243458980044346,2.0247566652560307,1.0,,,,,,,,,,,,,,,,,,,,,,,,,2026-01-13,False,,,,,,,,,,,,False,False,False,,,,,,,,,,,,,,,,,,,,,,,,,,,,,,
22.59,47.31,95.83,0.03999999999999915,0.05000000000000426,0.14000000000000057,4.242142540947322,2.0255759881631787,1.0,,,,,,,,,,,,,,,,,,,,,,,,,2026-01-14,False,,,,,,,,,,,,False,False,False,,,,,,,,,,,,,,,,,,,,,,,,,,,,,,
22.54,47.24,95.66,-0.05000000000000071,-0.07000000000000028,-0.1700000000000017,4.244010647737356,2.02497883149873,1.0,,,,,,,,,,,,,,,,,,,,,,,,,2026-01-15,False,,,,,,,,,,,,False,False,False,,,,,,,,,,,,,,,,,,,,,,,,,,,,,,
22.52,47.18,95.57,-0.019999999999999574,-0.060000000000002274,-0.09000000000000341,4.243783303730018,2.025646460364561,1.0,,,,,,,,,,,,,,,,,,,,,,,,,2026-01-16,False,,,,,,,,,,,,False,False,False,,,,,,,,,,,,,,,,,,,,,,,,,,,,,,
22.42,47.02,95.16,-0.09999999999999787,-0.1599999999999966,-0.4099999999999966,4.244424620874219,2.02381965121225,1.0,,,,,,,,,,,,,,,,,,,,,,,,,2026-01-20,False,,,,,,,,,,,,False,False,False,,,,,,,,,,,,,,,,,,,,,,,,,,,,,,
22.48,47.17,95.45,0.05999999999999872,0.14999999999999858,0.29000000000000625,4.245996441281139,2.0235319058723764,1.0,,,,,,,,,,,,,,,,,,,,,,,,,2026-01-21,False,,,,,,,,,,,,False,False,False,,,,,,,,,,,,,,,,,,,,,,,,,,,,,,
22.48,47.16,95.36,0.0,-0.010000000000005116,-0.09000000000000341,4.241992882562277,2.0220525869380834,1.0,,,,,,,,,,,,,,,,,,,,,,,,,2026-01-22,False,,,,,,,,,,,,False,False,False,,,,,,,,,,,,,,,,,,,,,,,,,,,,,,
22.5,47.18,95.55,0.019999999999999574,0.020000000000003126,0.18999999999999773,4.246666666666666,2.0252225519287834,1.0,,,,,,,,,,,,,,,,,,,,,,,,,2026-01-23,False,,,,,,,,,,,,False,False,False,,,,,,,,,,,,,,,,,,,,,,,,,,,,,,
22.54,47.28,95.75,0.03999999999999915,0.10000000000000142,0.20000000000000284,4.2480035492457855,2.0251692047377325,1.0,,,,,,,,,,,,,,,,,,,,,,,,,2026-01-26,False,,,,,,,,,,,,False,False,False,,,,,,,,,,,,,,,,,,,,,,,,,,,,,,
22.55,47.27,95.74,0.010000000000001563,-0.00999999999999801,-0.010000000000005116,4.245676274944567,2.0253860799661516,1.0,,,,,,,,,,,,,,,,,,,,,,,,,2026-01-27,False,,,,,,,,,,,,False,False,False,,,,,,,,,,,,,,,,,,,,,,,,,,,,,,
22.56,47.28,95.69,0.00999999999999801,0.00999999999999801,-0.04999999999999716,4.241578014184397,2.0239001692047376,1.0,,,,,,,,,,,,,,,,,,,,,,,,,2026-01-28,False,,,,,,,,,,,,False,False,False,,,,,,,,,,,,,,,,,,,,,,,,,,,,,,
22.57,47.29,95.79,0.010000000000001563,0.00999999999999801,0.10000000000000853,4.244129375276916,2.0255868048213155,1.0,,,,,,,,,,,,,,,,,,,,,,,,,2026-01-29,False,,,,,,,,,,,,False,False,False,,,,,,,,,,,,,,,,,,,,,,,,,,,,,,
22.5,47.24,95.69,-0.07000000000000028,-0.04999999999999716,-0.10000000000000853,4.252888888888889,2.025613886536833,1.0,4.245881174433629,2.0242486930866272,1.0,,,,,,,,,,,,,,,,,,,,,,2026-01-30,False,,,,,,,,,,,,False,False,False,0.0,,,0.0,0.0,0.0,,,,,,,,,,,,,,,,,,,,,,,,
22.42,47.03,95.23,-0.0799999999999983,-0.21000000000000085,-0.45999999999999375,4.247546833184656,2.024877737614289,1.0,4.2457975960392655,2.024322864952454,1.0,4.245881174433629,2.0242486930866272,1.0,95.19265593080198,95.20041603586408,95.23,0.021229405872168147,0.010121243465433137,0.005,95.17142652492981,95.19029479239865,95.22500000000001,95.21388533667414,95.21053727932951,95.235,95.21053727932951,95.22500000000001,0.014462720670493923,0.00015187147611565603,VMBS,MBB,2026-02-02,True,4458.0,2125.0,1050.0,0.0,0.0,0.0,,,0.0,0.0,0.0,False,True,False,0.0,,,0.0,0.0,0.0,0.0,0.0,0.0,,,0.0,0.0,0.0,0.0,0.0,0.0,-0.0,-0.0,-0.0,-0.0,-0.0,-0.0,0.0,-0.0,-0.0,-0.0,0.0,0.0,0.0
22.43,47.03,95.25,0.00999999999999801,0.0,0.01999999999999602,4.246544806063308,2.0253029980863277,1.0,4.2456693996222885,2.0244101710537143,1.0,4.2457975960392655,2.024322864952454,1.0,95.23324007916072,95.20390433871391,95.25,0.021228987980196328,0.01012161432476227,0.005,95.21201109118053,95.19378272438915,95.245,95.25446906714092,95.21402595303867,95.255,95.21402595303867,95.245,0.0309740469613331,0.00032518684473840524,VMBS,MBB,2026-02-03,False,4458.0,2126.0,1050.0,0.0,0.0,0.0,,,0.0,0.0,0.0,False,True,True,0.0,,,0.0,0.0,0.0,0.0,0.0,0.0,0.0,0.0,0.0,0.0,0.0,0.0,0.0,0.0,-0.0,-0.0,-0.0,-0.0,-0.0,-0.0,0.0,0.0,0.0,0.0,0.0,0.0,0.0
22.41,47.04,95.2,-0.019999999999999574,0.00999999999999801,-0.04999999999999716,4.248103525211959,2.0238095238095237,1.0,4.245635877710796,2.0244758594682994,1.0,4.2456693996222885,2.0244101710537143,1.0,95.14545124553548,95.22825444636672,95.2,0.021228346998111443,0.010122050855268572,0.005,95.12422289853737,95.21813239551145,95.19500000000001,95.1666795925336,95.23837649722199,95.205,95.1666795925336,95.21813239551145,0.05145280297784893,0.0005404706195152199,SPMB,VMBS,2026-02-04,False,4458.0,2126.0,1050.0,0.0,0.0,0.0,,,0.0,0.0,0.0,False,True,False,0.0,,,0.0,0.0,0.0,0.0,0.0,0.0,0.0,0.0,0.0,0.0,0.0,0.0,0.0,0.0,-0.0,-0.0,-0.0,-0.0,-0.0,-0.0,0.0,-0.0,0.0,-0.0,0.0,0.0,0.0
22.51,47.2,95.49,0.10000000000000142,0.1600000000000037,0.28999999999999204,4.242114615726344,2.023093220338983,1.0,4.24551988098153,2.0244953624118347,1.0,4.245635877710796,2.0244758594682994,1.0,95.56926360727002,95.55526056690374,95.49,0.021228179388553977,0.010122379297341498,0.005,95.54803542788146,95.5451381876064,95.485,95.59049178665857,95.56538294620108,95.49499999999999,95.49499999999999,95.54803542788146,0.05303542788146842,0.0005554029519475173,MBB,SPMB,2026-02-05,False,4445.0,2120.0,1047.0,0.0,0.0,0.0,,,0.0,0.0,0.0,False,True,False,0.0,,,0.0,0.0,0.0,0.0,0.0,0.0,0.0,0.0,0.0,0.0,0.0,0.0,0.0,0.0,-0.0,-0.0,-0.0,-0.0,-0.0,-0.0,0.0,0.0,0.0,0.0,0.0,0.0,0.0
22.52,47.22,95.53,0.00999999999999801,0.01999999999999602,0.04000000000000625,4.2420071047957375,2.0230834392206694,1.0,4.245242894562084,2.0244701888565055,1.0,4.24551988098153,2.0244953624118347,1.0,95.60910771970406,95.59667101308683,95.53,0.021227599404907652,0.010122476812059173,0.005,95.58788012029915,95.58654853627478,95.525,95.63033531910897,95.60679348989889,95.535,95.535,95.58788012029915,0.052880120299150235,0.0005535446487925284,MBB,SPMB,2026-02-06,False,4445.0,2120.0,1047.0,0.0,0.0,0.0,,,0.0,0.0,0.0,False,True,False,0.0,,,0.0,0.0,0.0,0.0,0.0,0.0,0.0,0.0,0.0,0.0,0.0,0.0,0.0,0.0,-0.0,-0.0,-0.0,-0.0,-0.0,-0.0,0.0,0.0,0.0,0.0,0.0,0.0,0.0
22.53,47.25,95.55,0.010000000000001563,0.030000000000001137,0.01999999999999602,4.241011984021305,2.022222222222222,1.0,4.24478240237007,2.0243556025880736,1.0,4.245242894562084,2.0244701888565055,1.0,95.64532241448376,95.65621642346989,95.55,0.02122621447281042,0.010122350944282528,0.005,95.62409620001095,95.6460940725256,95.545,95.66654862895656,95.66633877441417,95.55499999999999,95.55499999999999,95.6460940725256,0.09109407252560686,0.0009533654895406265,MBB,VMBS,2026-02-09,False,4445.0,2120.0,1047.0,0.0,0.0,0.0,,,0.0,0.0,0.0,False,True,False,0.0,,,0.0,0.0,0.0,0.0,0.0,0.0,0.0,0.0,0.0,0.0,0.0,0.0,0.0,0.0,-0.0,-0.0,-0.0,-0.0,-0.0,-0.0,0.0,0.0,0.0,0.0,0.0,0.0,0.0
22.59,47.39,95.84,0.05999999999999872,0.14000000000000057,0.29000000000000625,4.242585214696769,2.022367588098755,1.0,4.244733313504199,2.0242998757945765,1.0,4.24478240237007,2.0243556025880736,1.0,95.88963446953989,95.9342120066488,95.84,0.02122391201185035,0.010121778012940367,0.005,95.86841055752804,95.92409022863586,95.83500000000001,95.91085838155173,95.94433378466175,95.845,95.845,95.92409022863586,0.07909022863586301,0.0008252319348483202,MBB,VMBS,2026-02-10,False,4427.0,2111.0,1043.0,0.0,0.0,0.0,,,0.0,0.0,0.0,False,True,False,0.0,,,0.0,0.0,0.0,0.0,0.0,0.0,0.0,0.0,0.0,0.0,0.0,0.0,0.0,0.0,-0.0,-0.0,-0.0,-0.0,-0.0,-0.0,0.0,0.0,0.0,0.0,0.0,0.0,0.0
22.55,47.27,95.69,-0.03999999999999915,-0.11999999999999744,-0.15000000000000568,4.243458980044346,2.0243283266342287,1.0,4.244733313504199,2.0242784588634866,1.0,4.244733313504199,2.0242998757945765,1.0,95.71873621951968,95.68865512880964,95.69,0.021223666567520994,0.010121499378972883,0.005,95.69751255295216,95.67853362943067,95.685,95.7399598860872,95.69877662818861,95.695,95.695,95.69751255295216,0.0025125529521687895,2.6257215510176504e-05,MBB,SPMB,2026-02-11,False,4436.0,2115.0,1045.0,0.0,0.0,0.0,,,0.0,0.0,0.0,False,True,False,0.0,,,0.0,0.0,0.0,0.0,0.0,0.0,0.0,0.0,0.0,0.0,0.0,0.0,0.0,0.0,-0.0,-0.0,-0.0,-0.0,-0.0,-0.0,0.0,-0.0,-0.0,-0.0,0.0,0.0,0.0
22.67,47.56,96.14,0.120000000000001,0.28999999999999915,0.45000000000000284,4.240846934274371,2.0214465937762824,1.0,4.244668533170552,2.0240719891441414,1.0,4.244733313504199,2.0242784588634866,1.0,96.22810421714019,96.27468350354742,96.14,0.021223666567520994,0.010121392294317433,0.005,96.20688055057266,96.2645621112531,96.135,96.2493278837077,96.28480489584175,96.145,96.145,96.2645621112531,0.1195621112531029,0.0012436250390378916,MBB,VMBS,2026-02-12,False,4415.0,2105.0,1040.0,0.0,0.0,0.0,,,0.0,0.0,0.0,False,False,False,-0.0,,,0.0,0.0,0.0,0.0,0.0,0.0,0.0,0.0,0.0,0.0,0.0,0.0,0.0,0.0,-0.0,-0.0,-0.0,-0.0,-0.0,-0.0,0.0,0.0,0.0,0.0,0.0,0.0,0.0
22.75,47.7,96.55,0.0799999999999983,0.14000000000000057,0.4099999999999966,4.243956043956044,2.0241090146750524,1.0,4.244665802981485,2.024028498302958,1.0,4.244668533170552,2.0240719891441414,1.0,96.56620912963005,96.54823388217555,96.55,0.02122334266585276,0.010120359945720707,0.005,96.5449857869642,96.53811352222984,96.545,96.5874324722959,96.55835424212127,96.55499999999999,96.55499999999999,96.545,-0.009999999999990905,-0.00010357327809415749,MBB,MBB,2026-02-13,False,4397.0,2097.0,1036.0,0.0,0.0,0.0,,,0.0,0.0,-0.0,False,True,False,0.0,,,0.0,0.0,0.0,0.0,0.0,0.0,0.0,0.0,0.0,0.0,0.0,0.0,0.0,0.0,-0.0,-0.0,-0.0,-0.0,-0.0,-0.0,0.0,0.0,0.0,0.0,0.0,0.0,0.0
22.72,47.57,96.34,-0.030000000000001137,-0.13000000000000256,-0.20999999999999375,4.240316901408451,2.025225982762245,1.0,4.244492482865407,2.024007474422842,1.0,4.244665802981485,2.024028498302958,1.0,96.43880704373935,96.28303566427171,96.34,0.021223329014907425,0.01012014249151479,0.005,96.41758371472444,96.27291552178019,96.33500000000001,96.46003037275425,96.29315580676322,96.345,96.29315580676322,96.41758371472444,0.12442790796121983,0.00129154980237928,VMBS,SPMB,2026-02-17,False,4406.0,2101.0,1038.0,0.0,0.0,0.0,,,0.0,0.0,0.0,False,False,False,-0.0,,,0.0,0.0,0.0,0.0,0.0,0.0,0.0,0.0,0.0,0.0,0.0,0.0,0.0,0.0,-0.0,-0.0,-0.0,-0.0,-0.0,-0.0,0.0,-0.0,-0.0,-0.0,0.0,0.0,0.0
22.69,47.54,96.26,-0.029999999999997584,-0.030000000000001137,-0.0799999999999983,4.242397531952402,2.0248212031973076,1.0,4.244391128419316,2.024057552022095,1.0,4.244492482865407,2.024007474422842,1.0,96.3075344362161,96.22131533406191,96.26,0.02122246241432704,0.010120037372114211,0.005,96.28631197380177,96.2111952966898,96.25500000000001,96.32875689863043,96.23143537143403,96.265,96.23143537143403,96.28631197380177,0.05487660236774161,0.0005700872882582756,VMBS,SPMB,2026-02-18,False,4410.0,2103.0,1039.0,0.0,0.0,0.0,,,0.0,0.0,-0.0,False,True,False,0.0,,,0.0,0.0,0.0,0.0,0.0,0.0,0.0,0.0,0.0,0.0,0.0,0.0,0.0,0.0,-0.0,-0.0,-0.0,-0.0,-0.0,-0.0,0.0,-0.0,-0.0,-0.0,0.0,0.0,0.0
22.7,47.56,96.3,0.00999999999999801,0.020000000000003126,0.03999999999999204,4.242290748898679,2.0248107653490326,1.0,4.244205843800193,2.024121494995928,1.0,4.244391128419316,2.024057552022095,1.0,96.34767861511848,96.26417717417085,96.3,0.02122195564209658,0.010120287760110477,0.005,96.32645665947639,96.25405688641074,96.295,96.36890057076057,96.27429746193097,96.30499999999999,96.27429746193097,96.32645665947639,0.05215919754542142,0.0005416323732650199,VMBS,SPMB,2026-02-19,False,4406.0,2101.0,1038.0,0.0,0.0,0.0,,,0.0,0.0,0.0,False,True,False,0.0,,,0.0,0.0,0.0,0.0,0.0,0.0,0.0,0.0,0.0,0.0,0.0,0.0,0.0,0.0,-0.0,-0.0,-0.0,-0.0,-0.0,-0.0,0.0,0.0,0.0,0.0,0.0,0.0,0.0
22.72,47.6,96.35,0.019999999999999574,0.03999999999999915,0.04999999999999716,4.240757042253521,2.024159663865546,1.0,4.2441440517847555,2.024226848842301,1.0,4.244205843800193,2.024121494995928,1.0,96.42835677114039,96.34818316180618,96.35,0.021221029219000966,0.01012060747497964,0.005,96.40713574192138,96.3380625543312,96.345,96.44957780035939,96.35830376928115,96.35499999999999,96.35499999999999,96.40713574192138,0.05213574192138992,0.0005411078559563044,MBB,SPMB,2026-02-20,False,4405.0,2101.0,1038.0,0.0,0.0,0.0,,,0.0,0.0,0.0,False,True,False,0.0,,,0.0,0.0,0.0,0.0,0.0,0.0,0.0,0.0,0.0,0.0,0.0,0.0,0.0,0.0,-0.0,-0.0,-0.0,-0.0,-0.0,-0.0,0.0,0.0,0.0,0.0,0.0,0.0,0.0
22.77,47.69,96.56,0.05000000000000071,0.0899999999999963,0.21000000000000796,4.240667545015372,2.024743132732229,1.0,4.24384409570219,2.024202877882473,1.0,4.2441440517847555,2.024226848842301,1.0,96.63916005913889,96.53537842128932,96.56,0.021220720258923777,0.010121134244211506,0.005,96.61793933887996,96.52525728704511,96.555,96.66038077939781,96.54549955553354,96.565,96.54549955553354,96.61793933887996,0.0724397833464252,0.0007502048813838567,VMBS,SPMB,2026-02-23,False,4397.0,2097.0,1036.0,0.0,0.0,0.0,,,0.0,0.0,0.0,False,True,False,0.0,,,0.0,0.0,0.0,0.0,0.0,0.0,0.0,0.0,0.0,0.0,0.0,0.0,0.0,0.0,-0.0,-0.0,-0.0,-0.0,-0.0,-0.0,0.0,0.0,0.0,0.0,0.0,0.0,0.0
22.76,47.7,96.55,-0.00999999999999801,0.010000000000005116,-0.010000000000005116,4.242091388400703,2.0241090146750524,1.0,4.243548487659937,2.024149868379339,1.0,4.24384409570219,2.024202877882473,1.0,96.58989161818185,96.55447727499399,96.55,0.021219220478510954,0.010121014389412366,0.005,96.56867239770334,96.54435626060457,96.545,96.61111083866037,96.5645982893834,96.55499999999999,96.55499999999999,96.56867239770334,0.013672397703345496,0.0001416095049543811,MBB,SPMB,2026-02-24,False,4397.0,2097.0,1036.0,0.0,0.0,0.0,,,0.0,0.0,0.0,False,True,False,0.0,,,0.0,0.0,0.0,0.0,0.0,0.0,0.0,0.0,0.0,0.0,0.0,0.0,0.0,0.0,-0.0,-0.0,-0.0,-0.0,-0.0,-0.0,0.0,-0.0,0.0,-0.0,0.0,0.0,0.0
22.76,47.64,96.52,0.0,-0.060000000000002274,-0.030000000000001137,4.240773286467486,2.0260285474391266,1.0,4.243303338236083,2.024181991752988,1.0,4.243548487659937,2.024149868379339,1.0,96.58316357914018,96.43049972959172,96.52,0.021217742438299686,0.010120749341896695,0.005,96.56194583670188,96.42037898024982,96.515,96.60438132157847,96.44062047893361,96.52499999999999,96.44062047893361,96.56194583670188,0.12132535776827069,0.0012569970759248933,VMBS,SPMB,2026-02-25,False,4396.0,2097.0,1036.0,0.0,0.0,0.0,,,0.0,0.0,0.0,False,False,False,-0.0,,,0.0,0.0,0.0,0.0,0.0,0.0,0.0,0.0,0.0,0.0,0.0,0.0,0.0,0.0,-0.0,-0.0,-0.0,-0.0,-0.0,-0.0,0.0,0.0,-0.0,-0.0,0.0,0.0,0.0
22.79,47.77,96.75,0.029999999999997584,0.13000000000000256,0.23000000000000398,4.245283018867925,2.025329704835671,1.0,4.2434885884702584,2.0242534685345346,1.0,4.243303338236083,2.024181991752988,1.0,96.70488307840033,96.69517374604025,96.75,0.021216516691180413,0.010120909958764942,0.005,96.68366656170915,96.68505283608148,96.745,96.72609959509151,96.70529465599903,96.755,96.70529465599903,96.745,0.03970534400097847,0.00041039115246489376,VMBS,MBB,2026-02-26,False,4388.0,2093.0,1034.0,0.0,0.0,0.0,,,0.0,0.0,-0.0,False,True,False,0.0,,,0.0,0.0,0.0,0.0,0.0,0.0,0.0,0.0,0.0,0.0,0.0,0.0,0.0,0.0,-0.0,-0.0,-0.0,-0.0,-0.0,-0.0,0.0,0.0,0.0,0.0,0.0,0.0,0.0
22.82,47.86,96.91,0.030000000000001137,0.0899999999999963,0.1599999999999966,4.246713409290096,2.0248641872127036,1.0,4.243617790170918,2.0242173376541044,1.0,4.2434885884702584,2.0242534685345346,1.0,96.8364095888913,96.88077100406282,96.91,0.021217442942351294,0.010121267342672673,0.005,96.81519214594894,96.87064973672015,96.905,96.85762703183366,96.89089227140549,96.91499999999999,96.85762703183366,96.905,0.047372968166342844,0.0004888346730610138,SPMB,MBB,2026-02-27,False,4379.0,2089.0,1032.0,0.0,0.0,0.0,,,0.0,0.0,0.0,False,True,False,0.0,,,0.0,0.0,0.0,0.0,0.0,0.0,0.0,0.0,0.0,0.0,0.0,0.0,0.0,0.0,-0.0,-0.0,-0.0,-0.0,-0.0,-0.0,0.0,0.0,0.0,0.0,0.0,0.0,0.0
22.67,47.44,96.05,-0.14999999999999858,-0.4200000000000017,-0.8599999999999994,4.236876929863255,2.024662731871838,1.0,4.242817192219636,2.0241697799208542,1.0,4.243617790170918,2.0242173376541044,1.0,96.2028153031747,96.02887049831071,96.05,0.02121808895085459,0.010121086688270522,0.005,96.18159721422384,96.01874941162244,96.045,96.22403339212556,96.03899158499898,96.05499999999999,96.03899158499898,96.18159721422384,0.1426056292248603,0.0014847020221224396,VMBS,SPMB,2026-03-02,True,4418.0,2107.0,1041.0,0.0,0.0,0.0,,,0.0,0.0,0.0,False,False,False,-0.0,,,0.0,0.0,0.0,0.0,0.0,0.0,0.0,0.0,0.0,0.0,0.0,0.0,0.0,0.0,-0.0,-0.0,-0.0,-0.0,-0.0,-0.0,0.0,-0.0,-0.0,-0.0,0.0,0.0,0.0
22.64,47.39,95.98,-0.030000000000001137,-0.04999999999999716,-0.06999999999999318,4.239399293286219,2.0253217978476474,1.0,4.242409815224714,2.024191982932522,1.0,4.242817192219636,2.0241697799208542,1.0,96.05738123185257,95.92540587044928,95.98,0.02121408596109818,0.010120848899604271,0.005,96.03616714589148,95.91528502154968,95.97500000000001,96.07859531781367,95.93552671934889,95.985,95.93552671934889,96.03616714589148,0.10064042654259708,0.0010485562256990735,VMBS,SPMB,2026-03-03,False,4421.0,2109.0,1042.0,0.0,0.0,0.0,,,0.0,0.0,-0.0,False,False,True,0.0,,,0.0,0.0,0.0,0.0,0.0,0.0,0.0,0.0,0.0,0.0,0.0,0.0,0.0,0.0,-0.0,-0.0,-0.0,-0.0,-0.0,-0.0,0.0,-0.0,-0.0,-0.0,0.0,0.0,0.0
22.62,47.36,95.95,-0.019999999999999574,-0.030000000000001137,-0.030000000000001137,4.241821396993811,2.0259712837837838,1.0,4.24217364477124,2.024225397217395,1.0,4.242409815224714,2.024191982932522,1.0,95.96331002038303,95.86573231168424,95.95,0.02121204907612357,0.01012095991466261,0.005,95.94209797130691,95.85561135176958,95.94500000000001,95.98452206945916,95.8758532715989,95.955,95.8758532715989,95.94500000000001,0.06914672840110825,0.0007206537613455784,VMBS,MBB,2026-03-04,False,4421.0,2109.0,1042.0,0.0,0.0,0.0,,,0.0,0.0,0.0,False,True,False,0.0,,,0.0,0.0,0.0,0.0,0.0,0.0,0.0,0.0,0.0,0.0,0.0,0.0,0.0,0.0,-0.0,-0.0,-0.0,-0.0,-0.0,-0.0,0.0,-0.0,-0.0,-0.0,0.0,0.0,0.0
22.55,47.24,95.62,-0.07000000000000028,-0.11999999999999744,-0.3299999999999983,4.240354767184035,2.0241320914479255,1.0,4.241786206869844,2.024241525599315,1.0,4.24217364477124,2.024225397217395,1.0,95.66101568959147,95.62440776454974,95.62,0.0212108682238562,0.010121126986086975,0.005,95.6398048213676,95.61428663756365,95.61500000000001,95.68222655781533,95.63452889153584,95.625,95.625,95.6398048213676,0.014804821367604859,0.0001548297570341441,MBB,SPMB,2026-03-05,False,4437.0,2117.0,1046.0,0.0,0.0,0.0,,,0.0,0.0,0.0,False,True,False,0.0,,,0.0,0.0,0.0,0.0,0.0,0.0,0.0,0.0,0.0,0.0,0.0,0.0,0.0,0.0,-0.0,-0.0,-0.0,-0.0,-0.0,-0.0,0.0,-0.0,-0.0,-0.0,0.0,0.0,0.0
22.53,47.22,95.54,-0.019999999999999574,-0.020000000000003126,-0.0799999999999983,4.240568131380382,2.0232952138924185,1.0,4.241708882652545,2.024251625276987,1.0,4.241786206869844,2.024241525599315,1.0,95.56744324077759,95.58468483879966,95.54,0.02120893103434922,0.010121207627996577,0.005,95.54623430974324,95.57456363117166,95.53500000000001,95.58865217181194,95.59480604642766,95.545,95.545,95.57456363117166,0.029563631171654947,0.00030943721134242145,MBB,VMBS,2026-03-06,False,4441.0,2119.0,1047.0,0.0,0.0,0.0,,,0.0,0.0,0.0,False,True,False,0.0,,,0.0,0.0,0.0,0.0,0.0,0.0,0.0,0.0,0.0,0.0,0.0,0.0,0.0,0.0,-0.0,-0.0,-0.0,-0.0,-0.0,-0.0,0.0,-0.0,-0.0,-0.0,0.0,0.0,0.0
22.59,47.35,95.9,0.05999999999999872,0.13000000000000256,0.35999999999999943,4.245241257193449,2.0253431890179514,1.0,4.241870590272431,2.0243646127668513,1.0,4.241708882652545,2.024251625276987,1.0,95.82020365912099,95.84831445686534,95.9,0.021208544413262725,0.010121258126384937,0.005,95.79899511470772,95.83819319873895,95.89500000000001,95.84141220353426,95.85843571499173,95.905,95.84141220353426,95.89500000000001,0.05358779646574874,0.0005587882843143768,SPMB,MBB,2026-03-09,False,4424.0,2111.0,1043.0,0.0,0.0,0.0,,,0.0,0.0,0.0,False,True,False,0.0,,,0.0,0.0,0.0,0.0,0.0,0.0,0.0,0.0,0.0,0.0,0.0,0.0,0.0,0.0,-0.0,-0.0,-0.0,-0.0,-0.0,-0.0,0.0,0.0,0.0,0.0,0.0,0.0,0.0
22.57,47.27,95.66,-0.019999999999999574,-0.0799999999999983,-0.2400000000000091,4.238369517058041,2.023693674635075,1.0,4.241738466924268,2.0244381853874933,1.0,4.241870590272431,2.0243646127668513,1.0,95.73901922244877,95.69171524548906,95.66,0.021209352951362156,0.010121823063834258,0.005,95.71780986949742,95.68159342242522,95.655,95.76022857540013,95.7018370685529,95.66499999999999,95.66499999999999,95.71780986949742,0.05280986949742328,0.0005520580127265658,MBB,SPMB,2026-03-10,False,4433.0,2115.0,1045.0,0.0,0.0,0.0,,,0.0,0.0,0.0,False,True,False,0.0,,,0.0,0.0,0.0,0.0,0.0,0.0,0.0,0.0,0.0,0.0,0.0,0.0,0.0,0.0,-0.0,-0.0,-0.0,-0.0,-0.0,-0.0,0.0,-0.0,-0.0,-0.0,0.0,0.0,0.0
22.44,47.04,95.16,-0.129999999999999,-0.23000000000000398,-0.5,4.240641711229946,2.0229591836734695,1.0,4.241641291750927,2.0244677651662295,1.0,4.241738466924268,2.0244381853874933,1.0,95.18461119778058,95.22957224062769,95.16,0.02120869233462134,0.010122190926937467,0.005,95.16340250544596,95.21945004970075,95.155,95.20581989011521,95.23969443155462,95.16499999999999,95.16499999999999,95.21945004970075,0.05445004970076184,0.0005721947215296537,MBB,VMBS,2026-03-11,False,4458.0,2128.0,1051.0,0.0,0.0,0.0,,,0.0,0.0,0.0,False,True,False,0.0,,,0.0,0.0,0.0,0.0,0.0,0.0,0.0,0.0,0.0,0.0,0.0,0.0,0.0,0.0,-0.0,-0.0,-0.0,-0.0,-0.0,-0.0,0.0,-0.0,-0.0,-0.0,0.0,0.0,0.0
22.37,46.92,94.89,-0.07000000000000028,-0.11999999999999744,-0.269999999999996,4.241841752346893,2.0223785166240407,1.0,4.241560430366054,2.0243702746657197,1.0,4.241641291750927,2.0244677651662295,1.0,94.88551569646825,94.9880275415995,94.89,0.021208206458754635,0.010122338825831148,0.005,94.8643074900095,94.97790520277366,94.885,94.906723902927,94.99814988042533,94.895,94.895,94.97790520277366,0.08290520277365943,0.0008736979952962317,MBB,VMBS,2026-03-12,False,4471.0,2134.0,1054.0,0.0,0.0,0.0,,,0.0,0.0,0.0,False,True,False,0.0,,,0.0,0.0,0.0,0.0,0.0,0.0,0.0,0.0,0.0,0.0,0.0,0.0,0.0,0.0,-0.0,-0.0,-0.0,-0.0,-0.0,-0.0,0.0,-0.0,-0.0,-0.0,0.0,0.0,0.0
22.35,46.94,94.9,-0.019999999999999574,0.01999999999999602,0.010000000000005116,4.2460850111856825,2.0217298679164895,1.0,4.241822334211619,2.0243844383727305,1.0,4.241560430366054,2.0243702746657197,1.0,94.79887561868131,95.02394069280888,94.9,0.02120780215183027,0.010121851373328598,0.005,94.77766781652947,95.01381884143555,94.89500000000001,94.82008342083314,95.0340625441822,94.905,94.82008342083314,95.01381884143555,0.19373542060240823,0.002041469131742974,SPMB,VMBS,2026-03-13,False,4471.0,2134.0,1054.0,0.0,0.0,0.0,,,0.0,0.0,0.0,True,False,False,1.0,SPMB,VMBS,4471.0,-2134.0,0.0,0.0,0.0,0.0,0.0,0.0,4471.0,-2134.0,0.0,4471.0,0.0,0.0,-0.0,2134.0,-0.0,-22.355,-10.67,-0.0,-33.025,-0.0,0.0,0.0,0.0,-33.025,-33.025
22.46,47.15,95.32,0.10999999999999943,0.21000000000000085,0.4199999999999875,4.243989314336598,2.0216330858960765,1.0,4.241823997730647,2.0242606419337816,1.0,4.241822334211619,2.0243844383727305,1.0,95.27132962639297,95.44972626927424,95.32,0.021209111671058097,0.010121922191863654,0.005,95.25012051472191,95.43960434708238,95.315,95.29253873806402,95.4598481914661,95.32499999999999,95.29253873806402,95.43960434708238,0.1470656090183553,0.0015428620333440548,SPMB,VMBS,2026-03-16,False,4450.0,2124.0,1049.0,4471.0,-2134.0,0.0,SPMB,VMBS,0.1470656090183553,0.0015428620333440548,1.0,True,False,False,1.0,SPMB,VMBS,4450.0,-2124.0,0.0,99926.85,-100169.95999999999,0.0,200096.81,-243.10999999998603,-21.0,10.0,0.0,0.0,10.0,0.0,21.0,-0.0,-0.0,-0.105,-0.05,-0.0,-0.155,491.80999999999744,-448.1400000000018,0.0,43.66999999999564,43.51499999999564,10.48999999999564
22.5,47.19,95.51,0.03999999999999915,0.03999999999999915,0.19000000000001194,4.244888888888889,2.023945751218479,1.0,4.242052597104669,2.024196630356593,1.0,4.241823997730647,2.0242606419337816,1.0,95.44103994893955,95.52485969285514,95.51,0.021209119988653234,0.010121303209668909,0.005,95.4198308289509,95.51473838964547,95.50500000000001,95.4622490689282,95.53498099606482,95.515,95.4622490689282,95.51473838964547,0.05248932071727097,0.0005495688484689663,SPMB,VMBS,2026-03-17,False,4441.0,2119.0,1047.0,4450.0,-2124.0,0.0,SPMB,VMBS,0.05248932071727097,0.0005495688484689663,1.0,False,True,False,0.0,,,0.0,0.0,0.0,99947.0,-100146.59999999999,0.0,200093.59999999998,-199.59999999999127,-4450.0,2124.0,0.0,0.0,2124.0,0.0,4450.0,-0.0,-0.0,-22.25,-10.620000000000001,-0.0,-32.870000000000005,177.9999999999962,-84.95999999999819,0.0,93.039999999998,60.169999999998,70.65999999999363
22.39,46.95,94.98,-0.10999999999999943,-0.23999999999999488,-0.5300000000000011,4.242072353729344,2.023003194888179,1.0,4.242036338193516,2.024105729941137,1.0,4.242052597104669,2.024196630356593,1.0,94.97955764917354,95.03603179524205,94.98,0.021210262985523344,0.010120983151782965,0.005,94.95834738618802,95.02591081209027,94.97500000000001,95.00076791215906,95.04615277839383,94.985,94.985,95.02591081209027,0.04091081209027436,0.0004307308074360324,MBB,VMBS,2026-03-18,False,4467.0,2131.0,1053.0,0.0,0.0,0.0,,,0.0,0.0,0.0,False,True,False,0.0,,,0.0,0.0,0.0,0.0,0.0,0.0,0.0,0.0,0.0,0.0,0.0,0.0,0.0,0.0,-0.0,-0.0,-0.0,-0.0,-0.0,-0.0,0.0,-0.0,-0.0,-0.0,0.0,0.0,70.65999999999363
22.39,46.98,95.09,0.0,0.02999999999999403,0.10999999999999943,4.246985261277356,2.0240527884206045,1.0,4.24227106381245,2.0240678310947153,1.0,4.242036338193516,2.024105729941137,1.0,94.97919361215284,95.09248719263461,95.09,0.021210181690967583,0.010120528649705685,0.005,94.95798343046188,95.0823666639849,95.08500000000001,95.0004037938438,95.10260772128431,95.095,95.0004037938438,95.08500000000001,0.08459620615620622,0.0008896435603765508,SPMB,MBB,2026-03-19,False,4463.0,2129.0,1052.0,0.0,0.0,0.0,,,0.0,0.0,0.0,False,True,False,0.0,,,0.0,0.0,0.0,0.0,0.0,0.0,0.0,0.0,0.0,0.0,0.0,0.0,0.0,0.0,-0.0,-0.0,-0.0,-0.0,-0.0,-0.0,0.0,0.0,0.0,0.0,0.0,0.0,70.65999999999363
22.22,46.58,94.15,-0.1700000000000017,-0.3999999999999986,-0.9399999999999977,4.237173717371737,2.0212537569772437,1.0,4.242091897568361,2.0239225357503003,1.0,4.24227106381245,2.0240678310947153,1.0,94.26326303791264,94.28107957239183,94.15,0.02121135531906225,0.010120339155473577,0.005,94.24205168259357,94.27095923323635,94.14500000000001,94.2844743932317,94.29119991154731,94.155,94.155,94.27095923323635,0.11595923323635304,0.001231643475691482,MBB,VMBS,2026-03-20,False,4505.0,2150.0,1062.0,0.0,0.0,0.0,,,0.0,0.0,0.0,False,False,False,-0.0,,,0.0,0.0,0.0,0.0,0.0,0.0,0.0,0.0,0.0,0.0,0.0,0.0,0.0,0.0,-0.0,-0.0,-0.0,-0.0,-0.0,-0.0,0.0,-0.0,-0.0,-0.0,0.0,0.0,70.65999999999363
22.3,46.77,94.54,0.08000000000000185,0.19000000000000483,0.39000000000000057,4.2394618834080715,2.021381227282446,1.0,4.242031614487996,2.0237544404778114,1.0,4.242091897568361,2.0239225357503003,1.0,94.59864931577445,94.65885699704155,94.54,0.021210459487841806,0.010119612678751501,0.005,94.5774388562866,94.6487373843628,94.53500000000001,94.6198597752623,94.6689766097203,94.545,94.545,94.6487373843628,0.10373738436280178,0.0010972856395473002,MBB,VMBS,2026-03-23,False,4488.0,2141.0,1058.0,0.0,0.0,0.0,,,0.0,0.0,-0.0,False,False,False,0.0,,,0.0,0.0,0.0,0.0,0.0,0.0,0.0,0.0,0.0,0.0,0.0,0.0,0.0,0.0,-0.0,-0.0,-0.0,-0.0,-0.0,-0.0,0.0,0.0,0.0,0.0,0.0,0.0,70.65999999999363
22.22,46.61,94.23,-0.08000000000000185,-0.1600000000000037,-0.3100000000000023,4.240774077407742,2.0216691697060716,1.0,4.241965748938348,2.0236324482293617,1.0,4.242031614487996,2.0237544404778114,1.0,94.25794247392328,94.32719447067079,94.23,0.02121015807243998,0.010118772202389057,0.005,94.23673231585084,94.3170756984684,94.22500000000001,94.27915263199571,94.33731324287318,94.235,94.235,94.3170756984684,0.08207569846840101,0.0008710145226403589,MBB,VMBS,2026-03-24,False,4501.0,2147.0,1061.0,0.0,0.0,0.0,,,0.0,0.0,0.0,False,True,False,0.0,,,0.0,0.0,0.0,0.0,0.0,0.0,0.0,0.0,0.0,0.0,0.0,0.0,0.0,0.0,-0.0,-0.0,-0.0,-0.0,-0.0,-0.0,0.0,-0.0,-0.0,-0.0,0.0,0.0,70.65999999999363
22.32,46.89,94.73,0.10000000000000142,0.28000000000000114,0.5,4.244175627240144,2.0202601834079763,1.0,4.242135865976981,2.0233440300278045,1.0,4.241965748938348,2.0236324482293617,1.0,94.68067551630394,94.88812549747477,94.73,0.021209828744691742,0.010118162241146809,0.005,94.65946568755925,94.87800733523363,94.72500000000001,94.70188534504862,94.89824365971592,94.735,94.70188534504862,94.87800733523363,0.17612199018500974,0.0018591997274887547,SPMB,VMBS,2026-03-25,False,4480.0,2137.0,1056.0,0.0,0.0,0.0,,,0.0,0.0,0.0,True,False,False,1.0,SPMB,VMBS,4480.0,-2137.0,0.0,0.0,0.0,0.0,0.0,0.0,4480.0,-2137.0,0.0,4480.0,0.0,0.0,-0.0,2137.0,-0.0,-22.400000000000002,-10.685,-0.0,-33.085,0.0,0.0,0.0,0.0,-33.085,37.57499999999363
22.16,46.5,94.04,-0.16000000000000014,-0.39000000000000057,-0.6899999999999977,4.243682310469314,2.0223655913978495,1.0,4.24205583055705,2.0231958243559136,1.0,4.242135865976981,2.0233440300278045,1.0,94.0057307900499,94.08549739629291,94.04,0.021210679329884904,0.010116720150139022,0.005,93.98452011072001,94.07538067614277,94.03500000000001,94.02694146937978,94.09561411644304,94.045,94.02694146937978,94.07538067614277,0.048439206762992626,0.0005150915223627459,SPMB,VMBS,2026-03-26,False,4509.0,2151.0,1063.0,4480.0,-2137.0,0.0,SPMB,VMBS,0.048439206762992626,0.0005150915223627459,1.0,False,True,False,0.0,,,0.0,0.0,0.0,99993.6,-100203.93000000001,0.0,200197.53000000003,-210.33000000000175,-4480.0,2137.0,0.0,0.0,2137.0,0.0,4480.0,-0.0,-0.0,-22.400000000000002,-10.685,-0.0,-33.085,-716.8000000000006,833.4300000000012,-0.0,116.63000000000056,83.54500000000056,121.11999999999418
22.18,46.56,94.12,0.019999999999999574,0.060000000000002274,0.0799999999999983,4.24346257889991,2.0214776632302405,1.0,4.241893289037541,2.0230264981567903,1.0,4.24205583055705,2.0231958243559136,1.0,94.08879832175538,94.19999758201135,94.12,0.021210279152785252,0.010115979121779568,0.005,94.0675880426026,94.18988160288957,94.11500000000001,94.11000860090816,94.21011356113313,94.125,94.11000860090816,94.18988160288957,0.07987300198141156,0.0008486294303167399,SPMB,VMBS,2026-03-27,False,4505.0,2149.0,1062.0,0.0,0.0,0.0,,,0.0,0.0,0.0,False,True,False,0.0,,,0.0,0.0,0.0,0.0,0.0,0.0,0.0,0.0,0.0,0.0,0.0,0.0,0.0,0.0,-0.0,-0.0,-0.0,-0.0,-0.0,-0.0,0.0,0.0,0.0,0.0,0.0,0.0,121.11999999999418
22.32,46.85,94.72,0.14000000000000057,0.28999999999999915,0.5999999999999943,4.243727598566308,2.0217716115261473,1.0,4.2422358224726935,2.022881942139506,1.0,4.241893289037541,2.0230264981567903,1.0,94.67905821131791,94.77879143864563,94.72,0.021209466445187702,0.010115132490783952,0.005,94.65784874487272,94.76867630615484,94.715,94.7002676777631,94.78890657113641,94.725,94.7002676777631,94.76867630615484,0.06840862839175088,0.0007222194720412888,SPMB,VMBS,2026-03-30,False,4479.0,2136.0,1056.0,0.0,0.0,0.0,,,0.0,0.0,0.0,False,True,False,0.0,,,0.0,0.0,0.0,0.0,0.0,0.0,0.0,0.0,0.0,0.0,0.0,0.0,0.0,0.0,-0.0,-0.0,-0.0,-0.0,-0.0,-0.0,0.0,0.0,0.0,0.0,0.0,0.0,121.11999999999418
22.39,46.95,94.95,0.07000000000000028,0.10000000000000142,0.23000000000000398,4.240732469852613,2.022364217252396,1.0,4.242302481301014,2.0227340631097435,1.0,4.2422358224726935,2.022881942139506,1.0,94.9836600651636,94.97430718344981,94.95,0.02121117911236347,0.01011440971069753,0.005,94.96244888605123,94.96419277373911,94.94500000000001,95.00487124427598,94.9844215931605,94.955,94.955,94.96419277373911,0.009192773739115978,9.681699567262747e-05,MBB,VMBS,2026-03-31,False,4467.0,2130.0,1053.0,0.0,0.0,0.0,,,0.0,0.0,0.0,False,True,False,0.0,,,0.0,0.0,0.0,0.0,0.0,0.0,0.0,0.0,0.0,0.0,0.0,0.0,0.0,0.0,-0.0,-0.0,-0.0,-0.0,-0.0,-0.0,0.0,0.0,0.0,0.0,0.0,0.0,121.11999999999418
22.33,46.83,94.67,-0.060000000000002274,-0.12000000000000455,-0.28000000000000114,4.239587998208688,2.0215673713431563,1.0,4.242190811361757,2.022513867487712,1.0,4.242302481301014,2.0227340631097435,1.0,94.73061440745163,94.72463617542928,94.67,0.021211512406505068,0.010113670315548717,0.005,94.70940289504512,94.71452250511373,94.665,94.75182591985813,94.73474984574483,94.675,94.675,94.71452250511373,0.03952250511373734,0.00041747655132288303,MBB,VMBS,2026-04-01,True,4480.0,2136.0,1056.0,0.0,0.0,0.0,,,0.0,0.0,0.0,False,True,False,0.0,,,0.0,0.0,0.0,0.0,0.0,0.0,0.0,0.0,0.0,0.0,0.0,0.0,0.0,0.0,-0.0,-0.0,-0.0,-0.0,-0.0,-0.0,0.0,-0.0,-0.0,-0.0,0.0,0.0,121.11999999999418
22.38,46.93,94.86,0.05000000000000071,0.10000000000000142,0.18999999999999773,4.238605898123325,2.021308331557639,1.0,4.2421033679087214,2.0223726794931975,1.0,4.242190811361757,2.022513867487712,1.0,94.94023035827612,94.91657580119832,94.86,0.021210954056808787,0.01011256933743856,0.005,94.91901940421931,94.90646323186088,94.855,94.96144131233294,94.92668837053576,94.865,94.865,94.91901940421931,0.054019404219317835,0.0005694645184410482,MBB,SPMB,2026-04-02,False,4471.0,2132.0,1054.0,0.0,0.0,0.0,,,0.0,0.0,0.0,False,True,True,0.0,,,0.0,0.0,0.0,0.0,0.0,0.0,0.0,0.0,0.0,0.0,0.0,0.0,0.0,0.0,-0.0,-0.0,-0.0,-0.0,-0.0,-0.0,0.0,0.0,0.0,0.0,0.0,0.0,121.11999999999418
22.33,46.8,94.66,-0.05000000000000071,-0.13000000000000256,-0.20000000000000284,4.239140170174653,2.0226495726495726,1.0,4.242031969848435,2.022340397431055,1.0,4.2421033679087214,2.0223726794931975,1.0,94.72616820540175,94.64704140028164,94.66,0.021210516839543607,0.010111863397465988,0.005,94.7049576885622,94.63692953688417,94.655,94.7473787222413,94.6571532636791,94.66499999999999,94.6571532636791,94.7049576885622,0.047804424883096885,0.0005050118834047843,VMBS,SPMB,2026-04-06,False,4480.0,2136.0,1056.0,0.0,0.0,0.0,,,0.0,0.0,0.0,False,True,False,0.0,,,0.0,0.0,0.0,0.0,0.0,0.0,0.0,0.0,0.0,0.0,0.0,0.0,0.0,0.0,-0.0,-0.0,-0.0,-0.0,-0.0,-0.0,0.0,-0.0,-0.0,-0.0,0.0,0.0,121.11999999999418
22.37,46.87,94.86,0.0400000000000027,0.07000000000000028,0.20000000000000284,4.240500670540903,2.0238958822274378,1.0,4.241794940515808,2.02226803209153,1.0,4.242031969848435,2.022340397431055,1.0,94.8942551655095,94.78709442759354,94.86,0.021210159849242176,0.010111701987155275,0.005,94.87304500566026,94.77698272560639,94.855,94.91546532535875,94.7972061295807,94.865,94.7972061295807,94.87304500566026,0.0758388760795583,0.0007994821429428453,VMBS,SPMB,2026-04-07,False,4471.0,2132.0,1054.0,0.0,0.0,0.0,,,0.0,0.0,0.0,False,True,False,0.0,,,0.0,0.0,0.0,0.0,0.0,0.0,0.0,0.0,0.0,0.0,0.0,0.0,0.0,0.0,-0.0,-0.0,-0.0,-0.0,-0.0,-0.0,0.0,0.0,0.0,0.0,0.0,0.0,121.11999999999418
22.43,47.05,95.06,0.05999999999999872,0.17999999999999972,0.20000000000000284,4.238074008024967,2.020403825717322,1.0,4.241780165064154,2.022103539645642,1.0,4.241794940515808,2.02226803209153,1.0,95.14346051576958,95.14771090990648,95.06,0.02120897470257904,0.010111340160457649,0.005,95.122251541067,95.13759956974602,95.055,95.16466949047215,95.15782225006694,95.065,95.065,95.13759956974602,0.07259956974601778,0.0007637236455503659,MBB,VMBS,2026-04-08,False,4462.0,2127.0,1052.0,0.0,0.0,0.0,,,0.0,0.0,0.0,False,True,False,0.0,,,0.0,0.0,0.0,0.0,0.0,0.0,0.0,0.0,0.0,0.0,0.0,0.0,0.0,0.0,-0.0,-0.0,-0.0,-0.0,-0.0,-0.0,0.0,0.0,0.0,0.0,0.0,0.0,121.11999999999418
22.43,47.02,95.16,0.0,-0.02999999999999403,0.09999999999999432,4.242532322781988,2.02381965121225,1.0,4.241874695641757,2.022146563022581,1.0,4.241780165064154,2.022103539645642,1.0,95.14312910238897,95.07930843413808,95.16,0.02120890082532077,0.010110517698228209,0.005,95.12192020156365,95.06919791643986,95.155,95.16433800321428,95.08941895183631,95.16499999999999,95.08941895183631,95.155,0.06558104816369337,0.0006891661219387701,VMBS,MBB,2026-04-09,False,4458.0,2125.0,1051.0,0.0,0.0,0.0,,,0.0,0.0,0.0,False,True,False,0.0,,,0.0,0.0,0.0,0.0,0.0,0.0,0.0,0.0,0.0,0.0,0.0,0.0,0.0,0.0,-0.0,-0.0,-0.0,-0.0,-0.0,-0.0,0.0,0.0,-0.0,0.0,0.0,0.0,121.11999999999418
22.42,46.99,94.97,-0.00999999999999801,-0.030000000000001137,-0.18999999999999773,4.235950044603032,2.021068312406895,1.0,4.241580110254564,2.0220810528117235,1.0,4.241874695641757,2.022146563022581,1.0,95.10283067628819,95.02066699643107,94.97,0.021209373478208785,0.010110732815112903,0.005,95.08162130280998,95.01055626361597,94.965,95.1240400497664,95.03077772924618,94.975,94.975,95.08162130280998,0.10662130280998383,0.001122684035063534,MBB,SPMB,2026-04-10,False,4467.0,2129.0,1053.0,0.0,0.0,0.0,,,0.0,0.0,0.0,False,False,False,-0.0,,,0.0,0.0,0.0,0.0,0.0,0.0,0.0,0.0,0.0,0.0,0.0,0.0,0.0,0.0,-0.0,-0.0,-0.0,-0.0,-0.0,-0.0,0.0,-0.0,-0.0,-0.0,0.0,0.0,121.11999999999418
22.46,47.07,95.2,0.03999999999999915,0.0799999999999983,0.23000000000000398,4.238646482635797,2.022519651582749,1.0,4.241208183827069,2.0221205419950365,1.0,4.241580110254564,2.0220810528117235,1.0,95.26588927631751,95.17935515584783,95.2,0.021207900551272817,0.010110405264058618,0.005,95.24468137576623,95.16924475058377,95.19500000000001,95.28709717686878,95.18946556111189,95.205,95.18946556111189,95.24468137576623,0.05521581465434622,0.000579998053091872,VMBS,SPMB,2026-04-13,False,4454.0,2123.0,1050.0,0.0,0.0,0.0,,,0.0,0.0,-0.0,False,True,False,0.0,,,0.0,0.0,0.0,0.0,0.0,0.0,0.0,0.0,0.0,0.0,0.0,0.0,0.0,0.0,-0.0,-0.0,-0.0,-0.0,-0.0,-0.0,0.0,0.0,0.0,0.0,0.0,0.0,121.11999999999418
22.5,47.22,95.46,0.03999999999999915,0.14999999999999858,0.2599999999999909,4.242666666666667,2.0216010165184244,1.0,4.241142051443573,2.022118938526154,1.0,4.241208183827069,2.0221205419950365,1.0,95.42718413610906,95.48453199300562,95.46,0.021206040919135347,0.010110602709975183,0.005,95.40597809518992,95.47442139029565,95.455,95.4483901770282,95.49464259571559,95.46499999999999,95.4483901770282,95.47442139029565,0.026031213267444286,0.0002726923660951633,SPMB,VMBS,2026-04-14,False,4445.0,2119.0,1048.0,0.0,0.0,0.0,,,0.0,0.0,0.0,False,True,False,0.0,,,0.0,0.0,0.0,0.0,0.0,0.0,0.0,0.0,0.0,0.0,0.0,0.0,0.0,0.0,-0.0,-0.0,-0.0,-0.0,-0.0,-0.0,0.0,0.0,0.0,0.0,0.0,0.0,121.11999999999418
22.48,47.12,95.27,-0.019999999999999574,-0.10000000000000142,-0.18999999999999773,4.237989323843416,2.021859083191851,1.0,4.240797073191298,2.0220146051248227,1.0,4.241142051443573,2.022118938526154,1.0,95.34087331645152,95.28224438335236,95.27,0.021205710257217864,0.010110594692630771,0.005,95.3196676061943,95.27213378865973,95.265,95.36207902670874,95.292354978045,95.27499999999999,95.27499999999999,95.3196676061943,0.04466760619430943,0.00046885279935246596,MBB,SPMB,2026-04-15,False,4453.0,2123.0,1050.0,0.0,0.0,0.0,,,0.0,0.0,0.0,False,True,False,0.0,,,0.0,0.0,0.0,0.0,0.0,0.0,0.0,0.0,0.0,0.0,0.0,0.0,0.0,0.0,-0.0,-0.0,-0.0,-0.0,-0.0,-0.0,0.0,-0.0,-0.0,-0.0,0.0,0.0,121.11999999999418
22.45,47.09,95.25,-0.030000000000001137,-0.02999999999999403,-0.01999999999999602,4.242761692650334,2.0227224463792735,1.0,4.240831540137348,2.022000567699377,1.0,4.240797073191298,2.0220146051248227,1.0,95.20589429314464,95.2166677553279,95.25,0.021203985365956492,0.010110073025624113,0.005,95.18469030777868,95.20655768230228,95.245,95.2270982785106,95.22677782835353,95.255,95.22677782835353,95.245,0.018222171646470997,0.00019130888867686086,VMBS,MBB,2026-04-16,False,4453.0,2123.0,1050.0,0.0,0.0,0.0,,,0.0,0.0,0.0,False,True,False,0.0,,,0.0,0.0,0.0,0.0,0.0,0.0,0.0,0.0,0.0,0.0,0.0,0.0,0.0,0.0,-0.0,-0.0,-0.0,-0.0,-0.0,-0.0,0.0,-0.0,-0.0,-0.0,0.0,0.0,121.11999999999418
22.54,47.26,95.55,0.08999999999999986,0.1699999999999946,0.29999999999999716,4.239130434782608,2.0217943292424883,1.0,4.240438798812611,2.0218876447404712,1.0,4.240831540137348,2.022000567699377,1.0,95.58834291469583,95.55974682947256,95.55,0.021204157700686743,0.010110002838496886,0.005,95.56713875699515,95.54963682663406,95.545,95.60954707239651,95.56985683231106,95.55499999999999,95.55499999999999,95.56713875699515,0.012138756995156541,0.00012704088953591357,MBB,SPMB,2026-04-17,False,4440.0,2117.0,1047.0,0.0,0.0,0.0,,,0.0,0.0,0.0,False,True,False,0.0,,,0.0,0.0,0.0,0.0,0.0,0.0,0.0,0.0,0.0,0.0,0.0,0.0,0.0,0.0,-0.0,-0.0,-0.0,-0.0,-0.0,-0.0,0.0,0.0,0.0,0.0,0.0,0.0,121.11999999999418
22.5,47.21,95.46,-0.03999999999999915,-0.04999999999999716,-0.09000000000000341,4.242666666666667,2.022029231095107,1.0,4.240713446277357,2.021926418446365,1.0,4.240438798812611,2.0218876447404712,1.0,95.40987297328374,95.45331570819765,95.46,0.021202193994063055,0.010109438223702357,0.005,95.38867077928968,95.44320626997394,95.455,95.4310751672778,95.46342514642136,95.46499999999999,95.4310751672778,95.455,0.023924832722201472,0.00025062678317831,SPMB,MBB,2026-04-20,False,4444.0,2119.0,1048.0,0.0,0.0,0.0,,,0.0,0.0,0.0,False,True,False,0.0,,,0.0,0.0,0.0,0.0,0.0,0.0,0.0,0.0,0.0,0.0,0.0,0.0,0.0,0.0,-0.0,-0.0,-0.0,-0.0,-0.0,-0.0,0.0,-0.0,-0.0,-0.0,0.0,0.0,121.11999999999418
22.41,46.99,95.07,-0.08999999999999986,-0.21999999999999886,-0.39000000000000057,4.242302543507362,2.0231964247712275,1.0,4.240855479282322,2.0220171783208034,1.0,4.240713446277357,2.021926418446365,1.0,95.03438833107556,95.01032240279469,95.07,0.021203567231386784,0.010109632092231825,0.005,95.01318476384418,95.00021277070245,95.065,95.05559189830694,95.02043203488692,95.07499999999999,95.02043203488692,95.065,0.04456796511307459,0.0004687910498903397,VMBS,MBB,2026-04-21,False,4461.0,2127.0,1052.0,0.0,0.0,0.0,,,0.0,0.0,0.0,False,True,False,0.0,,,0.0,0.0,0.0,0.0,0.0,0.0,0.0,0.0,0.0,0.0,0.0,0.0,0.0,0.0,-0.0,-0.0,-0.0,-0.0,-0.0,-0.0,0.0,-0.0,-0.0,-0.0,0.0,0.0,121.11999999999418
22.45,47.07,95.29,0.03999999999999915,0.0799999999999983,0.22000000000001307,4.244543429844098,2.0244316974718504,1.0,4.241043946904139,2.0221553047090928,1.0,4.240855479282322,2.0220171783208034,1.0,95.20720550988813,95.17634858356021,95.29,0.021204277396411612,0.010110085891604018,0.005,95.18600123249172,95.16623849766862,95.28500000000001,95.22840978728453,95.18645866945181,95.295,95.18645866945181,95.28500000000001,0.09854133054820124,0.0010341203751516553,VMBS,MBB,2026-04-22,False,4449.0,2121.0,1049.0,0.0,0.0,0.0,,,0.0,0.0,0.0,False,False,False,-0.0,,,0.0,0.0,0.0,0.0,0.0,0.0,0.0,0.0,0.0,0.0,0.0,0.0,0.0,0.0,-0.0,-0.0,-0.0,-0.0,-0.0,-0.0,0.0,0.0,0.0,0.0,0.0,0.0,121.11999999999418
22.41,46.99,95.08,-0.03999999999999915,-0.0799999999999983,-0.21000000000000796,4.242748772869255,2.023409236007661,1.0,4.240972604185595,2.022312757339077,1.0,4.241043946904139,2.0221553047090928,1.0,95.04179485012176,95.02107776828028,95.08,0.0212052197345207,0.010110776523545464,0.005,95.02058963038724,95.01096699175673,95.075,95.06300006985629,95.03118854480383,95.085,95.03118854480383,95.075,0.04381145519617746,0.0004607851829635829,VMBS,MBB,2026-04-23,False,4462.0,2127.0,1052.0,0.0,0.0,0.0,,,0.0,0.0,-0.0,False,True,False,0.0,,,0.0,0.0,0.0,0.0,0.0,0.0,0.0,0.0,0.0,0.0,0.0,0.0,0.0,0.0,-0.0,-0.0,-0.0,-0.0,-0.0,-0.0,0.0,-0.0,-0.0,-0.0,0.0,0.0,121.11999999999418
22.44,47.12,95.23,0.030000000000001137,0.12999999999999545,0.15000000000000568,4.243761140819965,2.021010186757216,1.0,4.240976545703128,2.022244987107045,1.0,4.240972604185595,2.022312757339077,1.0,95.16742523792476,95.2913771258173,95.23,0.021204863020927976,0.010111563786695386,0.005,95.14622037490383,95.28126556203061,95.22500000000001,95.18863010094569,95.301488689604,95.235,95.18863010094569,95.28126556203061,0.09263546108492449,0.0009727550255688804,SPMB,VMBS,2026-04-24,False,4453.0,2123.0,1050.0,0.0,0.0,0.0,,,0.0,0.0,0.0,False,True,False,0.0,,,0.0,0.0,0.0,0.0,0.0,0.0,0.0,0.0,0.0,0.0,0.0,0.0,0.0,0.0,-0.0,-0.0,-0.0,-0.0,-0.0,-0.0,0.0,0.0,0.0,0.0,0.0,0.0,121.11999999999418
22.41,47.02,95.06,-0.030000000000001137,-0.09999999999999432,-0.1700000000000017,4.241856314145471,2.0216928966397276,1.0,4.240896232465406,2.0222557487775195,1.0,4.240976545703128,2.022244987107045,1.0,95.0402843892071,95.08595929377327,95.06,0.02120488272851564,0.010111224935535226,0.005,95.01907950647859,95.07584806883774,95.055,95.06148927193561,95.0960705187088,95.065,95.06148927193561,95.07584806883774,0.014358796902129711,0.0001510498306556881,SPMB,VMBS,2026-04-27,False,4462.0,2127.0,1052.0,0.0,0.0,0.0,,,0.0,0.0,0.0,False,True,False,0.0,,,0.0,0.0,0.0,0.0,0.0,0.0,0.0,0.0,0.0,0.0,0.0,0.0,0.0,0.0,-0.0,-0.0,-0.0,-0.0,-0.0,-0.0,0.0,-0.0,-0.0,-0.0,0.0,0.0,121.11999999999418
22.41,47.0,95.08,0.0,-0.020000000000003126,0.01999999999999602,4.242748772869255,2.0229787234042553,1.0,4.240847291180553,2.022316104371425,1.0,4.240896232465406,2.0222557487775195,1.0,95.03848456954975,95.04602019254341,95.08,0.02120448116232703,0.010111278743887597,0.005,95.01728008838742,95.03590891379952,95.075,95.05968905071208,95.0561314712873,95.085,95.0561314712873,95.075,0.018868528712701504,0.0001984489767848286,VMBS,MBB,2026-04-28,False,4461.0,2127.0,1052.0,0.0,0.0,0.0,,,0.0,0.0,0.0,False,True,False,0.0,,,0.0,0.0,0.0,0.0,0.0,0.0,0.0,0.0,0.0,0.0,0.0,0.0,0.0,0.0,-0.0,-0.0,-0.0,-0.0,-0.0,-0.0,0.0,0.0,-0.0,0.0,0.0,0.0,121.11999999999418
22.29,46.81,94.61,-0.120000000000001,-0.18999999999999773,-0.46999999999999886,4.2445042620008975,2.021149327066866,1.0,4.241035880787967,2.0222553598621484,1.0,4.240847291180553,2.022316104371425,1.0,94.52848612041453,94.6646168456264,94.61,0.021204236455902765,0.010111580521857124,0.005,94.50728188395863,94.65450526510455,94.605,94.54969035687043,94.67472842614825,94.615,94.54969035687043,94.65450526510455,0.10481490823411832,0.0011078628922325158,SPMB,VMBS,2026-04-29,False,4483.0,2138.0,1057.0,0.0,0.0,0.0,,,0.0,0.0,0.0,False,False,False,-0.0,,,0.0,0.0,0.0,0.0,0.0,0.0,0.0,0.0,0.0,0.0,0.0,0.0,0.0,0.0,-0.0,-0.0,-0.0,-0.0,-0.0,-0.0,0.0,-0.0,-0.0,-0.0,0.0,0.0,121.11999999999418
22.33,46.91,94.78,0.03999999999999915,0.09999999999999432,0.1700000000000017,4.244514106583073,2.0204647196759753,1.0,4.2412821862066865,2.0222002272787893,1.0,4.241035880787967,2.0222553598621484,1.0,94.7023312179953,94.86399893113338,94.78,0.021205179403939838,0.010111276799310743,0.005,94.68112603859136,94.85388765433407,94.775,94.72353639739923,94.87411020793269,94.785,94.72353639739923,94.85388765433407,0.13035125693484417,0.0013753034072045175,SPMB,VMBS,2026-04-30,False,4474.0,2133.0,1055.0,0.0,0.0,0.0,,,0.0,0.0,-0.0,False,False,False,0.0,,,0.0,0.0,0.0,0.0,0.0,0.0,0.0,0.0,0.0,0.0,0.0,0.0,0.0,0.0,-0.0,-0.0,-0.0,-0.0,-0.0,-0.0,0.0,0.0,0.0,0.0,0.0,0.0,121.11999999999418
22.28,46.79,94.5,-0.04999999999999716,-0.11999999999999744,-0.28000000000000114,4.241472172351885,2.0196623210087625,1.0,4.2414254999181145,2.0221179267513456,1.0,4.2412821862066865,2.0222002272787893,1.0,94.49576710868499,94.61874863437455,94.5,0.021206410931033433,0.010111001136393946,0.005,94.47456069775396,94.60863763323816,94.495,94.51697351961602,94.62885963551095,94.505,94.505,94.60863763323816,0.103637633238165,0.0010966945316207937,MBB,VMBS,2026-05-01,True,4487.0,2139.0,1058.0,0.0,0.0,0.0,,,0.0,0.0,0.0,False,False,False,-0.0,,,0.0,0.0,0.0,0.0,0.0,0.0,0.0,0.0,0.0,0.0,0.0,0.0,0.0,0.0,-0.0,-0.0,-0.0,-0.0,-0.0,-0.0,0.0,-0.0,-0.0,-0.0,0.0,0.0,121.11999999999418
22.19,46.59,94.15,-0.08999999999999986,-0.19999999999999574,-0.3499999999999943,4.242902208201893,2.0208199184374327,1.0,4.241613601819476,2.0220264440407387,1.0,4.2414254999181145,2.0221179267513456,1.0,94.11723184318296,94.2104742073452,94.15,0.021207127499590573,0.010110589633756729,0.005,94.09602471568337,94.20036361771145,94.14500000000001,94.13843897068256,94.22058479697895,94.155,94.13843897068256,94.20036361771145,0.06192464702888856,0.000657723282303649,SPMB,VMBS,2026-05-04,False,4504.0,2147.0,1062.0,0.0,0.0,0.0,,,0.0,0.0,-0.0,False,True,True,0.0,,,0.0,0.0,0.0,0.0,0.0,0.0,0.0,0.0,0.0,0.0,0.0,0.0,0.0,0.0,-0.0,-0.0,-0.0,-0.0,-0.0,-0.0,0.0,-0.0,-0.0,-0.0,0.0,0.0,121.11999999999418
22.23,46.68,94.31,0.03999999999999915,0.0899999999999963,0.1599999999999966,4.24246513720198,2.0203513281919454,1.0,4.241711825152531,2.0218492163389636,1.0,4.241613601819476,2.0220264440407387,1.0,94.29107036844695,94.38819440782169,94.31,0.021208068009097383,0.010110132220203695,0.005,94.26986230043785,94.37808427560148,94.305,94.31227843645605,94.39830454004189,94.315,94.31227843645605,94.37808427560148,0.06580583914542615,0.0006977609918929716,SPMB,VMBS,2026-05-05,False,4496.0,2143.0,1060.0,0.0,0.0,0.0,,,0.0,0.0,0.0,False,True,False,0.0,,,0.0,0.0,0.0,0.0,0.0,0.0,0.0,0.0,0.0,0.0,0.0,0.0,0.0,0.0,-0.0,-0.0,-0.0,-0.0,-0.0,-0.0,0.0,0.0,0.0,0.0,0.0,0.0,121.11999999999418
22.35,46.92,94.8,0.120000000000001,0.240000000000002,0.4899999999999949,4.241610738255033,2.020460358056266,1.0,4.241888661664034,2.0218520429559113,1.0,4.241711825152531,2.0218492163389636,1.0,94.80225929215906,94.86516523062417,94.8,0.021208559125762656,0.010109246081694818,0.005,94.7810507330333,94.85505598454247,94.795,94.82346785128483,94.87527447670587,94.80499999999999,94.80499999999999,94.85505598454247,0.050055984542481724,0.0005280167145831406,MBB,VMBS,2026-05-06,False,4475.0,2133.0,1055.0,0.0,0.0,0.0,,,0.0,0.0,0.0,False,True,False,0.0,,,0.0,0.0,0.0,0.0,0.0,0.0,0.0,0.0,0.0,0.0,0.0,0.0,0.0,0.0,-0.0,-0.0,-0.0,-0.0,-0.0,-0.0,0.0,0.0,0.0,0.0,0.0,0.0,121.11999999999418
22.3,46.76,94.58,-0.05000000000000071,-0.1600000000000037,-0.21999999999999886,4.241255605381165,2.0226689478186484,1.0,4.241824825793993,2.021794507786231,1.0,4.241888661664034,2.0218520429559113,1.0,94.59411715510797,94.54180152861841,94.58,0.02120944330832017,0.010109260214779557,0.005,94.57290771179964,94.53169226840363,94.575,94.61532659841629,94.55191078883318,94.585,94.55191078883318,94.575,0.023089211166819723,0.0002441236114064255,VMBS,MBB,2026-05-07,False,4484.0,2137.0,1057.0,0.0,0.0,0.0,,,0.0,0.0,0.0,False,True,False,0.0,,,0.0,0.0,0.0,0.0,0.0,0.0,0.0,0.0,0.0,0.0,0.0,0.0,0.0,0.0,-0.0,-0.0,-0.0,-0.0,-0.0,-0.0,0.0,-0.0,-0.0,-0.0,0.0,0.0,121.11999999999418
22.38,46.95,94.91,0.0799999999999983,0.19000000000000483,0.3299999999999983,4.240840035746202,2.0215122470713522,1.0,4.242069325351151,2.021816704519454,1.0,4.241824825793993,2.021794507786231,1.0,94.93203960126955,94.92325214056356,94.91,0.021209124128969963,0.010108972538931156,0.005,94.91083047714058,94.91314316802463,94.905,94.95324872539852,94.93336111310249,94.91499999999999,94.91499999999999,94.91314316802463,-0.0018568319753597962,-1.9564134183540155e-05,MBB,VMBS,2026-05-08,False,4471.0,2131.0,1054.0,0.0,0.0,0.0,,,0.0,0.0,0.0,False,True,False,0.0,,,0.0,0.0,0.0,0.0,0.0,0.0,0.0,0.0,0.0,0.0,0.0,0.0,0.0,0.0,-0.0,-0.0,-0.0,-0.0,-0.0,-0.0,0.0,0.0,0.0,0.0,0.0,0.0,121.11999999999418
22.31,46.82,94.67,-0.07000000000000028,-0.13000000000000256,-0.23999999999999488,4.243388614970866,2.021999145664246,1.0,4.242306431967904,2.021790679223529,1.0,4.242069325351151,2.021816704519454,1.0,94.64056664858418,94.66145810560084,94.67,0.021210346626755756,0.01010908352259727,0.005,94.61935630195742,94.65134902207825,94.665,94.66177699521094,94.67156718912344,94.675,94.66177699521094,94.665,0.003223004789063566,3.404462648213337e-05,SPMB,MBB,2026-05-11,False,4480.0,2135.0,1056.0,0.0,0.0,0.0,,,0.0,0.0,0.0,False,True,False,0.0,,,0.0,0.0,0.0,0.0,0.0,0.0,0.0,0.0,0.0,0.0,0.0,0.0,0.0,0.0,-0.0,-0.0,-0.0,-0.0,-0.0,-0.0,0.0,-0.0,-0.0,-0.0,0.0,0.0,121.11999999999418
22.22,46.64,94.22,-0.08999999999999986,-0.17999999999999972,-0.45000000000000284,4.24032403240324,2.0201543739279586,1.0,4.242189300254733,2.021718347094006,1.0,4.242306431967904,2.021790679223529,1.0,94.26404891832682,94.2963172789854,94.22,0.021211532159839522,0.010108953396117646,0.005,94.24283738616698,94.28620832558929,94.215,94.28526045048666,94.30642623238151,94.225,94.225,94.28620832558929,0.061208325589291235,0.0006496319846029636,MBB,VMBS,2026-05-12,False,4501.0,2145.0,1061.0,0.0,0.0,0.0,,,0.0,0.0,0.0,False,True,False,0.0,,,0.0,0.0,0.0,0.0,0.0,0.0,0.0,0.0,0.0,0.0,0.0,0.0,0.0,0.0,-0.0,-0.0,-0.0,-0.0,-0.0,-0.0,0.0,-0.0,-0.0,-0.0,0.0,0.0,121.11999999999418
22.22,46.69,94.35,0.0,0.04999999999999716,0.12999999999999545,4.2461746174617465,2.020775326622403,1.0,4.2425985649356495,2.0216641592655327,1.0,4.242189300254733,2.021718347094006,1.0,94.26144625166016,94.39402962581913,94.35,0.021210946501273666,0.01010859173547003,0.005,94.24023530515889,94.38392103408366,94.345,94.28265719816143,94.4041382175546,94.35499999999999,94.28265719816143,94.38392103408366,0.1012638359222251,0.001073278600129572,SPMB,VMBS,2026-05-13,False,4497.0,2143.0,1060.0,0.0,0.0,0.0,,,0.0,0.0,0.0,False,False,False,-0.0,,,0.0,0.0,0.0,0.0,0.0,0.0,0.0,0.0,0.0,0.0,0.0,0.0,0.0,0.0,-0.0,-0.0,-0.0,-0.0,-0.0,-0.0,0.0,0.0,0.0,0.0,0.0,0.0,121.11999999999418
22.22,46.68,94.27,0.0,-0.00999999999999801,-0.0799999999999983,4.242574257425742,2.0194944301628106,1.0,4.24258919317442,2.02150275845471,1.0,4.2425985649356495,2.0216641592655327,1.0,94.27054011287012,94.37128295451507,94.27,0.02121299282467825,0.010108320796327664,0.005,94.24932712004545,94.36117463371873,94.265,94.2917531056948,94.3813912753114,94.27499999999999,94.27499999999999,94.36117463371873,0.08617463371874123,0.0009141257422164128,MBB,VMBS,2026-05-14,False,4501.0,2145.0,1061.0,0.0,0.0,0.0,,,0.0,0.0,-0.0,False,True,False,0.0,,,0.0,0.0,0.0,0.0,0.0,0.0,0.0,0.0,0.0,0.0,0.0,0.0,0.0,0.0,-0.0,-0.0,-0.0,-0.0,-0.0,-0.0,0.0,0.0,-0.0,-0.0,0.0,0.0,121.11999999999418
22.06,46.34,93.57,-0.16000000000000014,-0.3399999999999963,-0.7000000000000028,4.241613780598368,2.0192058696590416,1.0,4.242713360465208,2.0213733354755377,1.0,4.24258919317442,2.02150275845471,1.0,93.59151760142771,93.67643782679127,93.57,0.0212129459658721,0.01010751379227355,0.005,93.57030465546184,93.666330312999,93.565,93.61273054739358,93.68654534058355,93.57499999999999,93.57499999999999,93.666330312999,0.09133031299900551,0.0009760640482954528,MBB,VMBS,2026-05-15,False,4535.0,2161.0,1069.0,0.0,0.0,0.0,,,0.0,0.0,0.0,False,True,False,0.0,,,0.0,0.0,0.0,0.0,0.0,0.0,0.0,0.0,0.0,0.0,0.0,0.0,0.0,0.0,-0.0,-0.0,-0.0,-0.0,-0.0,-0.0,0.0,-0.0,-0.0,-0.0,0.0,0.0,121.11999999999418
22.04,46.32,93.49,-0.019999999999999574,-0.020000000000003126,-0.0799999999999983,4.241833030852995,2.0183506044905006,1.0,4.242671678674524,2.0211894041453076,1.0,4.242713360465208,2.0213733354755377,1.0,93.50940246465318,93.6300128992269,93.49,0.021213566802326042,0.010106866677377688,0.005,93.48818889785085,93.61990603254952,93.485,93.53061603145551,93.64011976590427,93.49499999999999,93.49499999999999,93.61990603254952,0.12490603254953214,0.0013360362878332673,MBB,VMBS,2026-05-18,False,4540.0,2163.0,1070.0,0.0,0.0,0.0,,,0.0,0.0,0.0,False,False,False,-0.0,,,0.0,0.0,0.0,0.0,0.0,0.0,0.0,0.0,0.0,0.0,0.0,0.0,0.0,0.0,-0.0,-0.0,-0.0,-0.0,-0.0,-0.0,0.0,-0.0,-0.0,-0.0,0.0,0.0,121.11999999999418
21.96,46.1,93.08,-0.0799999999999983,-0.21999999999999886,-0.4099999999999966,4.238615664845173,2.0190889370932754,1.0,4.242487334741416,2.02098402976141,1.0,4.242671678674524,2.0211894041453076,1.0,93.16907006369256,93.17683153109868,93.08,0.02121335839337262,0.010105947020726537,0.005,93.14785670529919,93.16672558407795,93.075,93.19028342208593,93.18693747811942,93.085,93.085,93.16672558407795,0.08172558407795805,0.000878014440029631,MBB,VMBS,2026-05-19,False,4557.0,2171.0,1074.0,0.0,0.0,0.0,,,0.0,0.0,-0.0,False,True,False,0.0,,,0.0,0.0,0.0,0.0,0.0,0.0,0.0,0.0,0.0,0.0,0.0,0.0,0.0,0.0,-0.0,-0.0,-0.0,-0.0,-0.0,-0.0,0.0,-0.0,-0.0,-0.0,0.0,0.0,121.11999999999418
22.12,46.47,93.76,0.16000000000000014,0.36999999999999744,0.6800000000000068,4.23869801084991,2.0176457929847214,1.0,4.242195063791706,2.0206447345370533,1.0,4.242487334741416,2.02098402976141,1.0,93.84381984448012,93.91512786301273,93.76,0.021212436673707077,0.010104920148807052,0.005,93.82260740780642,93.90502294286392,93.75500000000001,93.86503228115383,93.92523278316153,93.765,93.765,93.90502294286392,0.14002294286392214,0.0014934187592141866,MBB,VMBS,2026-05-20,False,4527.0,2156.0,1067.0,0.0,0.0,0.0,,,0.0,0.0,0.0,False,False,False,-0.0,,,0.0,0.0,0.0,0.0,0.0,0.0,0.0,0.0,0.0,0.0,0.0,0.0,0.0,0.0,-0.0,-0.0,-0.0,-0.0,-0.0,-0.0,0.0,0.0,0.0,0.0,0.0,0.0,121.11999999999418
22.11,46.5,93.9,-0.010000000000001563,0.030000000000001137,0.14000000000000057,4.246947082767979,2.0193548387096776,1.0,4.242404979286642,2.0204420146721542,1.0,4.242195063791706,2.0206447345370533,1.0,93.79493286043461,93.95998015597297,93.9,0.02121097531895853,0.010103223672685267,0.005,93.77372188511565,93.94987693230028,93.89500000000001,93.81614383575358,93.97008337964566,93.905,93.81614383575358,93.94987693230028,0.13373309654670607,0.001424207630955336,SPMB,VMBS,2026-05-21,False,4518.0,2152.0,1065.0,0.0,0.0,0.0,,,0.0,0.0,-0.0,False,False,False,0.0,,,0.0,0.0,0.0,0.0,0.0,0.0,0.0,0.0,0.0,0.0,0.0,0.0,0.0,0.0,-0.0,-0.0,-0.0,-0.0,-0.0,-0.0,0.0,-0.0,0.0,0.0,0.0,0.0,121.11999999999418
22.16,46.57,94.08,0.05000000000000071,0.07000000000000028,0.1799999999999926,4.245487364620939,2.020184668241357,1.0,4.242491290476691,2.0204007387463614,1.0,4.242404979286642,2.0204420146721542,1.0,94.01169434099198,94.09198462328223,94.08,0.02121202489643321,0.010102210073360771,0.005,93.99048231609555,94.08188241320887,94.075,94.03290636588841,94.10208683335559,94.085,94.03290636588841,94.08188241320887,0.048976047320465455,0.000520578734273655,SPMB,VMBS,2026-05-22,False,4510.0,2148.0,1063.0,0.0,0.0,0.0,,,0.0,0.0,0.0,False,True,False,0.0,,,0.0,0.0,0.0,0.0,0.0,0.0,0.0,0.0,0.0,0.0,0.0,0.0,0.0,0.0,-0.0,-0.0,-0.0,-0.0,-0.0,-0.0,0.0,0.0,0.0,0.0,0.0,0.0,121.11999999999418
22.24,46.73,94.33,0.0799999999999983,0.1599999999999966,0.25,4.241456834532374,2.018617590413011,1.0,4.242471316496035,2.0202469734350252,1.0,4.242491290476691,2.0204007387463614,1.0,94.3530063002016,94.41332652161746,94.33,0.021212456452383455,0.010102003693731806,0.005,94.33179384374921,94.40322451792373,94.325,94.37421875665399,94.4234285253112,94.335,94.335,94.40322451792373,0.0682245179237384,0.0007232536618651373,MBB,VMBS,2026-05-26,False,4497.0,2142.0,1060.0,0.0,0.0,0.0,,,0.0,0.0,0.0,False,True,False,0.0,,,0.0,0.0,0.0,0.0,0.0,0.0,0.0,0.0,0.0,0.0,0.0,0.0,0.0,0.0,-0.0,-0.0,-0.0,-0.0,-0.0,-0.0,0.0,0.0,0.0,0.0,0.0,0.0,121.11999999999418
22.24,46.72,94.38,0.0,-0.00999999999999801,0.04999999999999716,4.243705035971223,2.0201198630136985,1.0,4.242519129651134,2.020104030415497,1.0,4.242471316496035,2.0202469734350252,1.0,94.35256207887181,94.38593859888438,94.38,0.021212356582480173,0.010101234867175126,0.005,94.33134972228933,94.3758373640172,94.375,94.3737744354543,94.39603983375156,94.38499999999999,94.3737744354543,94.3758373640172,0.002062928562907018,2.1857687676488857e-05,SPMB,VMBS,2026-05-27,False,4497.0,2141.0,1060.0,0.0,0.0,0.0,,,0.0,0.0,0.0,False,True,False,0.0,,,0.0,0.0,0.0,0.0,0.0,0.0,0.0,0.0,0.0,0.0,0.0,0.0,0.0,0.0,-0.0,-0.0,-0.0,-0.0,-0.0,-0.0,0.0,0.0,-0.0,0.0,0.0,0.0,121.11999999999418
22.32,46.84,94.71,0.08000000000000185,0.12000000000000455,0.3299999999999983,4.243279569892473,2.02198975234842,1.0,4.242457895045712,2.0201460516795753,1.0,4.242519129651134,2.020104030415497,1.0,94.69302697381332,94.6216727846619,94.71,0.02121259564825567,0.010100520152077486,0.005,94.67181437816507,94.61157226450982,94.705,94.71423956946157,94.63177330481398,94.71499999999999,94.63177330481398,94.705,0.07322669518602254,0.0007731675133145659,VMBS,MBB,2026-05-28,False,4480.0,2133.0,1056.0,0.0,0.0,0.0,,,0.0,0.0,0.0,False,True,False,0.0,,,0.0,0.0,0.0,0.0,0.0,0.0,0.0,0.0,0.0,0.0,0.0,0.0,0.0,0.0,-0.0,-0.0,-0.0,-0.0,-0.0,-0.0,0.0,0.0,0.0,0.0,0.0,0.0,121.11999999999418
22.33,46.91,94.79,0.00999999999999801,0.06999999999999318,0.0800000000000125,4.244961934617107,2.020677893839267,1.0,4.242480286447415,2.02015671038774,1.0,4.242457895045712,2.0201460516795753,1.0,94.73408479637075,94.76505128428887,94.79,0.02121228947522856,0.010100730258397876,0.005,94.71287250689552,94.75495055403047,94.78500000000001,94.75529708584598,94.77515201454727,94.795,94.75529708584598,94.78500000000001,0.02970291415402926,0.00031335493357980017,SPMB,MBB,2026-05-29,False,4476.0,2131.0,1055.0,0.0,0.0,0.0,,,0.0,0.0,0.0,False,True,False,0.0,,,0.0,0.0,0.0,0.0,0.0,0.0,0.0,0.0,0.0,0.0,0.0,0.0,0.0,0.0,-0.0,-0.0,-0.0,-0.0,-0.0,-0.0,0.0,0.0,0.0,0.0,0.0,0.0,121.11999999999418
22.23,46.72,94.32,-0.09999999999999787,-0.18999999999999773,-0.4700000000000131,4.242914979757084,2.018835616438356,1.0,4.242552426817674,2.0201153751592194,1.0,4.242480286447415,2.02015671038774,1.0,94.31033676772603,94.3817215093152,94.32,0.021212401432237075,0.0101007835519387,0.005,94.28912436629379,94.37162072576326,94.315,94.33154916915827,94.39182229286713,94.32499999999999,94.32499999999999,94.37162072576326,0.04662072576327603,0.0004942825038515271,MBB,VMBS,2026-06-01,True,4497.0,2141.0,1060.0,0.0,0.0,0.0,,,0.0,0.0,0.0,False,True,False,0.0,,,0.0,0.0,0.0,0.0,0.0,0.0,0.0,0.0,0.0,0.0,0.0,0.0,0.0,0.0,-0.0,-0.0,-0.0,-0.0,-0.0,-0.0,0.0,-0.0,-0.0,-0.0,0.0,0.0,121.11999999999418
22.23,46.65,94.33,0.0,-0.07000000000000028,0.010000000000005116,4.2433648223121905,2.0220793140407287,1.0,4.24257555752319,2.020178344939384,1.0,4.242552426817674,2.0201153751592194,1.0,94.3119404481569,94.23838225117758,94.33,0.021212762134088372,0.010100576875796097,0.005,94.29072768602282,94.22828167430178,94.325,94.33315321029099,94.24848282805338,94.335,94.24848282805338,94.325,0.07651717194661956,0.0008111647614398342,VMBS,MBB,2026-06-02,False,4497.0,2141.0,1060.0,0.0,0.0,0.0,,,0.0,0.0,0.0,False,True,True,0.0,,,0.0,0.0,0.0,0.0,0.0,0.0,0.0,0.0,0.0,0.0,0.0,0.0,0.0,0.0,-0.0,-0.0,-0.0,-0.0,-0.0,-0.0,0.0,0.0,-0.0,0.0,0.0,0.0,121.11999999999418
22.18,46.58,94.11,-0.05000000000000071,-0.07000000000000028,-0.21999999999999886,4.243011722272318,2.0203950193215974,1.0,4.242602886776706,2.020180529495867,1.0,4.24257555752319,2.020178344939384,1.0,94.10032586586435,94.09990730727651,94.11,0.02121287778761595,0.010100891724696921,0.005,94.07911298807673,94.08980641555182,94.105,94.12153874365197,94.1100081990012,94.115,94.1100081990012,94.105,-0.00500819900119609,-5.3216438223314095e-05,VMBS,MBB,2026-06-03,False,4510.0,2147.0,1063.0,0.0,0.0,0.0,,,0.0,0.0,0.0,False,True,False,0.0,,,0.0,0.0,0.0,0.0,0.0,0.0,0.0,0.0,0.0,0.0,0.0,0.0,0.0,0.0,-0.0,-0.0,-0.0,-0.0,-0.0,-0.0,0.0,-0.0,-0.0,-0.0,0.0,0.0,121.11999999999418
22.21,46.6,94.21,0.030000000000001137,0.020000000000003126,0.09999999999999432,4.241782980639351,2.0216738197424893,1.0,4.242611498895922,2.020241202580178,1.0,4.242602886776706,2.020180529495867,1.0,94.22821011531065,94.1404126745074,94.21,0.021213014433883532,0.010100902647479336,0.005,94.20699710087676,94.13031177185992,94.205,94.24942312974453,94.15051357715488,94.21499999999999,94.15051357715488,94.20699710087676,0.05648352372188015,0.0005995491319592416,VMBS,SPMB,2026-06-04,False,4501.0,2143.0,1061.0,0.0,0.0,0.0,,,0.0,0.0,0.0,False,True,False,0.0,,,0.0,0.0,0.0,0.0,0.0,0.0,0.0,0.0,0.0,0.0,0.0,0.0,0.0,0.0,-0.0,-0.0,-0.0,-0.0,-0.0,-0.0,0.0,0.0,0.0,0.0,0.0,0.0,121.11999999999418
22.11,46.38,93.74,-0.10000000000000142,-0.21999999999999886,-0.46999999999999886,4.2397105382180005,2.0211297973264335,1.0,4.242534245537764,2.0201642450555672,1.0,4.242611498895922,2.020241202580178,1.0,93.80414024058884,93.69878697566865,93.74,0.02121305749447961,0.01010120601290089,0.005,93.78292718309436,93.68868576965575,93.735,93.82535329808331,93.70888818168156,93.74499999999999,93.70888818168156,93.78292718309436,0.07403900141279962,0.0007898335973202435,VMBS,SPMB,2026-06-05,False,4527.0,2156.0,1067.0,0.0,0.0,0.0,,,0.0,0.0,0.0,False,True,False,0.0,,,0.0,0.0,0.0,0.0,0.0,0.0,0.0,0.0,0.0,0.0,0.0,0.0,0.0,0.0,-0.0,-0.0,-0.0,-0.0,-0.0,-0.0,0.0,-0.0,-0.0,-0.0,0.0,0.0,121.11999999999418
22.09,46.4,93.7,-0.019999999999999574,0.01999999999999602,-0.03999999999999204,4.2417383431416935,2.019396551724138,1.0,4.242579160907539,2.0200584602882063,1.0,4.242534245537764,2.0201642450555672,1.0,93.71758148392921,93.73562097057831,93.7,0.02121267122768882,0.010100821225277836,0.005,93.69636881270152,93.72552014935303,93.69500000000001,93.7387941551569,93.74572179180359,93.705,93.705,93.72552014935303,0.02052014935303248,0.00021899839224154193,MBB,VMBS,2026-06-08,False,4527.0,2156.0,1067.0,0.0,0.0,0.0,,,0.0,0.0,0.0,False,True,False,0.0,,,0.0,0.0,0.0,0.0,0.0,0.0,0.0,0.0,0.0,0.0,0.0,0.0,0.0,0.0,-0.0,-0.0,-0.0,-0.0,-0.0,-0.0,0.0,-0.0,0.0,-0.0,0.0,0.0,121.11999999999418
22.15,46.51,93.89,0.05999999999999872,0.10999999999999943,0.18999999999999773,4.238826185101581,2.0187056546979147,1.0,4.242351039414074,2.0198937857398898,1.0,4.242579160907539,2.0200584602882063,1.0,93.97312841410198,93.95291898800447,93.89,0.021212895804537696,0.010100292301441032,0.005,93.95191551829744,93.94281869570302,93.885,93.99434130990652,93.96301928030591,93.895,93.895,93.95191551829744,0.05691551829744412,0.0006061936127110888,MBB,SPMB,2026-06-09,False,4518.0,2151.0,1065.0,0.0,0.0,0.0,,,0.0,0.0,0.0,False,True,False,0.0,,,0.0,0.0,0.0,0.0,0.0,0.0,0.0,0.0,0.0,0.0,0.0,0.0,0.0,0.0,-0.0,-0.0,-0.0,-0.0,-0.0,-0.0,0.0,0.0,0.0,0.0,0.0,0.0,121.11999999999418
22.15,46.5,93.91,0.0,-0.00999999999999801,0.01999999999999602,4.2397291196388265,2.0195698924731182,1.0,4.242321293775854,2.0198645616671476,1.0,4.242351039414074,2.0198937857398898,1.0,93.96807552302174,93.92506103690488,93.91,0.02121175519707037,0.01009946892869945,0.005,93.94686376782467,93.91496156797618,93.905,93.98928727821881,93.93516050583358,93.91499999999999,93.91499999999999,93.94686376782467,0.03186376782467448,0.00033930111622483745,MBB,SPMB,2026-06-10,False,4518.0,2151.0,1065.0,0.0,0.0,0.0,,,0.0,0.0,0.0,False,True,False,0.0,,,0.0,0.0,0.0,0.0,0.0,0.0,0.0,0.0,0.0,0.0,0.0,0.0,0.0,0.0,-0.0,-0.0,-0.0,-0.0,-0.0,-0.0,0.0,0.0,-0.0,0.0,0.0,0.0,121.11999999999418
22.3,46.77,94.52,0.15000000000000213,0.2700000000000031,0.6099999999999994,4.2385650224215246,2.020953602736797,1.0,4.241940814023843,2.0198734754728678,1.0,4.242321293775854,2.0198645616671476,1.0,94.60376485120155,94.4690655491725,94.52,0.02121160646887927,0.010099322808335738,0.005,94.58255324473267,94.45896622636417,94.515,94.62497645767043,94.47916487198083,94.52499999999999,94.47916487198083,94.58255324473267,0.10338837275183721,0.0010938253570867246,VMBS,SPMB,2026-06-11,False,4488.0,2137.0,1058.0,0.0,0.0,0.0,,,0.0,0.0,0.0,False,False,False,-0.0,,,0.0,0.0,0.0,0.0,0.0,0.0,0.0,0.0,0.0,0.0,0.0,0.0,0.0,0.0,-0.0,-0.0,-0.0,-0.0,-0.0,-0.0,0.0,0.0,0.0,0.0,0.0,0.0,121.11999999999418
22.27,46.68,94.38,-0.030000000000001137,-0.09000000000000341,-0.14000000000000057,4.237988325101033,2.0218508997429305,1.0,4.241711517407607,2.0199912989518736,1.0,4.241940814023843,2.0198734754728678,1.0,94.46802192831097,94.28769383507347,94.38,0.021209704070119212,0.01009936737736434,0.005,94.44681222424086,94.2775944676961,94.375,94.48923163238109,94.29779320245083,94.38499999999999,94.29779320245083,94.44681222424086,0.1490190217900249,0.0015789258507101602,VMBS,SPMB,2026-06-12,False,4496.0,2141.0,1060.0,0.0,0.0,0.0,,,0.0,0.0,-0.0,True,False,False,1.0,VMBS,SPMB,-4496.0,2141.0,0.0,0.0,0.0,0.0,0.0,0.0,-4496.0,2141.0,0.0,0.0,2141.0,0.0,4496.0,-0.0,-0.0,-22.48,-10.705,-0.0,-33.185,-0.0,-0.0,-0.0,0.0,-33.185,87.93499999999418
22.29,46.77,94.52,0.019999999999999574,0.09000000000000341,0.14000000000000057,4.240466576940332,2.020953602736797,1.0,4.241654157224705,2.0200786856057613,1.0,4.241711517407607,2.0199912989518736,1.0,94.54774972301556,94.47499305197913,94.52,0.021208557587038036,0.010099956494759367,0.005,94.52654116542851,94.46489309548437,94.515,94.5689582806026,94.48509300847388,94.52499999999999,94.48509300847388,94.52654116542851,0.04144815695462967,0.00043851202872016156,VMBS,SPMB,2026-06-15,False,4488.0,2137.0,1058.0,-4496.0,2141.0,0.0,VMBS,SPMB,0.04144815695462967,0.00043851202872016156,1.0,False,True,False,0.0,,,0.0,0.0,0.0,-100125.92,99941.88,0.0,200067.8,-184.0399999999936,4496.0,-2141.0,0.0,4496.0,0.0,0.0,-0.0,2141.0,-0.0,-22.48,-10.705,-0.0,-33.185,-89.91999999999808,192.6900000000073,0.0,102.77000000000922,69.58500000000922,157.5200000000034
22.33,46.85,94.7,0.03999999999999915,0.0799999999999983,0.18000000000000682,4.240931482310793,2.0213447171824974,1.0,4.241609079797596,2.0202283912403614,1.0,4.241654157224705,2.0200786856057613,1.0,94.71613733082765,94.64068642062992,94.7,0.021208270786123525,0.010100393428028806,0.005,94.69492906004153,94.63058602720189,94.69500000000001,94.73734560161377,94.65078681405795,94.705,94.65078681405795,94.69500000000001,0.04421318594205559,0.0004668763035063948,VMBS,MBB,2026-06-16,False,4479.0,2133.0,1056.0,0.0,0.0,0.0,,,0.0,0.0,0.0,False,True,False,0.0,,,0.0,0.0,0.0,0.0,0.0,0.0,0.0,0.0,0.0,0.0,0.0,0.0,0.0,0.0,-0.0,-0.0,-0.0,-0.0,-0.0,-0.0,0.0,0.0,0.0,0.0,0.0,0.0,157.5200000000034
22.24,46.61,94.19,-0.08999999999999986,-0.240000000000002,-0.5100000000000051,4.235161870503597,2.020810984767217,1.0,4.2414363900805165,2.020314493624058,1.0,4.241609079797596,2.0202283912403614,1.0,94.33338593469853,94.16284531571324,94.19,0.02120804539898798,0.010101141956201806,0.005,94.31217788929953,94.15274417375704,94.185,94.35459398009752,94.17294645766944,94.195,94.17294645766944,94.31217788929953,0.139231431630094,0.0014781975966673107,VMBS,SPMB,2026-06-17,False,4505.0,2145.0,1062.0,0.0,0.0,0.0,,,0.0,0.0,0.0,False,False,False,-0.0,,,0.0,0.0,0.0,0.0,0.0,0.0,0.0,0.0,0.0,0.0,0.0,0.0,0.0,0.0,-0.0,-0.0,-0.0,-0.0,-0.0,-0.0,0.0,-0.0,-0.0,-0.0,0.0,0.0,157.5200000000034
22.29,46.74,94.48,0.05000000000000071,0.13000000000000256,0.29000000000000625,4.238672050246747,2.0213949507916134,1.0,4.241435092050358,2.020501951514403,1.0,4.2414363900805165,2.020314493624058,1.0,94.54161713489471,94.42949943198848,94.48,0.02120718195040258,0.01010157246812029,0.005,94.5204099529443,94.41939785952036,94.47500000000001,94.56282431684511,94.43960100445659,94.485,94.43960100445659,94.5204099529443,0.08080894848771436,0.0008553021643492206,VMBS,SPMB,2026-06-18,False,4487.0,2137.0,1058.0,0.0,0.0,0.0,,,0.0,0.0,-0.0,False,True,False,0.0,,,0.0,0.0,0.0,0.0,0.0,0.0,0.0,0.0,0.0,0.0,0.0,0.0,0.0,0.0,-0.0,-0.0,-0.0,-0.0,-0.0,-0.0,0.0,0.0,0.0,0.0,0.0,0.0,157.5200000000034
22.23,46.66,94.25,-0.05999999999999872,-0.0800000000000054,-0.23000000000000398,4.239766081871345,2.0199314187741106,1.0,4.241076042005527,2.0205307805176247,1.0,4.241435092050358,2.020501951514403,1.0,94.28710209627945,94.27662105766204,94.25,0.02120717546025179,0.010102509757572016,0.005,94.2658949208192,94.26651854790447,94.245,94.3083092717397,94.28672356741961,94.255,94.255,94.26651854790447,0.011518547904472598,0.00012221270986177823,MBB,VMBS,2026-06-22,False,4500.0,2144.0,1061.0,0.0,0.0,0.0,,,0.0,0.0,0.0,False,True,False,0.0,,,0.0,0.0,0.0,0.0,0.0,0.0,0.0,0.0,0.0,0.0,0.0,0.0,0.0,0.0,-0.0,-0.0,-0.0,-0.0,-0.0,-0.0,0.0,-0.0,-0.0,-0.0,0.0,0.0,157.5200000000034
22.26,46.7,94.34,0.030000000000001137,0.04000000000000625,0.09000000000000341,4.238095238095238,2.0201284796573877,1.0,4.240706435679241,2.020527971088426,1.0,4.241076042005527,2.0205307805176247,1.0,94.40635269504303,94.35878745017308,94.34,0.021205380210027634,0.010102653902588124,0.005,94.38514731483299,94.34868479627049,94.33500000000001,94.42755807525306,94.36889010407567,94.345,94.345,94.38514731483299,0.04014731483299272,0.0004255598349903829,MBB,SPMB,2026-06-23,False,4496.0,2142.0,1060.0,0.0,0.0,0.0,,,0.0,0.0,0.0,False,True,False,0.0,,,0.0,0.0,0.0,0.0,0.0,0.0,0.0,0.0,0.0,0.0,0.0,0.0,0.0,0.0,-0.0,-0.0,-0.0,-0.0,-0.0,-0.0,0.0,0.0,0.0,0.0,0.0,0.0,157.5200000000034
22.36,46.92,94.75,0.09999999999999787,0.21999999999999886,0.4099999999999966,4.23747763864043,2.019394714407502,1.0,4.240507475884645,2.0205668272881505,1.0,4.240706435679241,2.020527971088426,1.0,94.82219590178784,94.80317240346895,94.75,0.021203532178396208,0.01010263985544213,0.005,94.80099236960945,94.7930697636135,94.745,94.84339943396623,94.8132750433244,94.755,94.755,94.80099236960945,0.045992369609450634,0.00048540759482269797,MBB,SPMB,2026-06-24,False,4474.0,2132.0,1055.0,0.0,0.0,0.0,,,0.0,0.0,0.0,False,True,False,0.0,,,0.0,0.0,0.0,0.0,0.0,0.0,0.0,0.0,0.0,0.0,0.0,0.0,0.0,0.0,-0.0,-0.0,-0.0,-0.0,-0.0,-0.0,0.0,0.0,0.0,0.0,0.0,0.0,157.5200000000034
22.38,46.96,94.92,0.019999999999999574,0.03999999999999915,0.1700000000000017,4.241286863270778,2.0212947189097106,1.0,4.2403865672496215,2.0206255700829514,1.0,4.240507475884645,2.0205668272881505,1.0,94.90255731029835,94.88581820945154,94.92,0.021202537379423222,0.010102834136440753,0.005,94.88135477291893,94.8757153753151,94.915,94.92375984767777,94.89592104358799,94.925,94.89592104358799,94.915,0.019078956412016623,0.00020100038360742334,VMBS,MBB,2026-06-25,False,4469.0,2130.0,1054.0,0.0,0.0,0.0,,,0.0,0.0,0.0,False,True,False,0.0,,,0.0,0.0,0.0,0.0,0.0,0.0,0.0,0.0,0.0,0.0,0.0,0.0,0.0,0.0,-0.0,-0.0,-0.0,-0.0,-0.0,-0.0,0.0,0.0,0.0,0.0,0.0,0.0,157.5200000000034
22.41,46.98,94.93,0.030000000000001137,0.01999999999999602,0.010000000000005116,4.236055332440875,2.020647083865475,1.0,4.240025355377043,2.0205584366588036,1.0,4.2403865672496215,2.0206255700829514,1.0,95.02706297206402,94.92898928249706,94.93,0.02120193283624811,0.010103127850414758,0.005,95.00586103922777,94.91888615464664,94.92500000000001,95.04826490490026,94.93909241034747,94.935,94.935,95.00586103922777,0.07086103922776488,0.0007464556960683122,MBB,SPMB,2026-06-26,False,4465.0,2128.0,1053.0,0.0,0.0,0.0,,,0.0,0.0,0.0,False,True,False,0.0,,,0.0,0.0,0.0,0.0,0.0,0.0,0.0,0.0,0.0,0.0,0.0,0.0,0.0,0.0,-0.0,-0.0,-0.0,-0.0,-0.0,-0.0,0.0,0.0,0.0,0.0,0.0,0.0,157.5200000000034
22.41,47.01,94.97,0.0,0.030000000000001137,0.03999999999999204,4.237840249888443,2.0202084662837696,1.0,4.239669271140609,2.020534965281029,1.0,4.240025355377043,2.0205584366588036,1.0,95.01896821399953,94.98645210733035,94.97,0.021200126776885212,0.010102792183294018,0.005,94.99776808722264,94.97634931514706,94.965,95.04016834077642,94.99655489951364,94.975,94.975,94.99776808722264,0.02276808722264434,0.00023973978332783341,MBB,SPMB,2026-06-29,False,4465.0,2128.0,1053.0,0.0,0.0,0.0,,,0.0,0.0,0.0,False,True,False,0.0,,,0.0,0.0,0.0,0.0,0.0,0.0,0.0,0.0,0.0,0.0,0.0,0.0,0.0,0.0,-0.0,-0.0,-0.0,-0.0,-0.0,-0.0,0.0,0.0,0.0,0.0,0.0,0.0,157.5200000000034
22.31,46.81,94.52,-0.10000000000000142,-0.19999999999999574,-0.45000000000000284,4.236665172568355,2.019226660969878,1.0,4.239356780781172,2.0205545175076054,1.0,4.239669271140609,2.020534965281029,1.0,94.58702143914698,94.58124172480497,94.52,0.021198346355703043,0.010102674826405145,0.005,94.56582309279128,94.57113904997857,94.515,94.60821978550268,94.59134439963137,94.52499999999999,94.52499999999999,94.57113904997857,0.04613904997857787,0.0004881406049362873,MBB,VMBS,2026-06-30,False,4486.0,2138.0,1058.0,0.0,0.0,0.0,,,0.0,0.0,0.0,False,True,False,0.0,,,0.0,0.0,0.0,0.0,0.0,0.0,0.0,0.0,0.0,0.0,0.0,0.0,0.0,0.0,-0.0,-0.0,-0.0,-0.0,-0.0,-0.0,0.0,-0.0,-0.0,-0.0,0.0,0.0,157.5200000000034
22.18,46.57,94.02,-0.129999999999999,-0.240000000000002,-0.5,4.238954012623985,2.0188962851621213,1.0,4.239136240296762,2.020395366063675,1.0,4.239356780781172,2.0205545175076054,1.0,94.02893339772639,94.09722388032918,94.02,0.02119678390390586,0.010102772587538026,0.005,94.00773661382249,94.08712110774164,94.015,94.0501301816303,94.10732665291673,94.02499999999999,94.02499999999999,94.08712110774164,0.06212110774164614,0.0006607222691091911,MBB,VMBS,2026-07-01,True,4511.0,2150.0,1064.0,0.0,0.0,0.0,,,0.0,0.0,0.0,False,True,False,0.0,,,0.0,0.0,0.0,0.0,0.0,0.0,0.0,0.0,0.0,0.0,0.0,0.0,0.0,0.0,-0.0,-0.0,-0.0,-0.0,-0.0,-0.0,0.0,-0.0,-0.0,-0.0,0.0,0.0,157.5200000000034
22.2,46.61,94.13,0.019999999999999574,0.03999999999999915,0.10999999999999943,4.24009009009009,2.019523707358936,1.0,4.238990158687651,2.0203518004655416,1.0,4.239136240296762,2.020395366063675,1.0,94.10882453458812,94.1706280122279,94.13,0.021195681201483813,0.010101976830318375,0.005,94.08762885338663,94.16052603539758,94.125,94.13002021578961,94.18072998905821,94.13499999999999,94.13002021578961,94.16052603539758,0.030505819607967055,0.00032408179759871515,SPMB,VMBS,2026-07-02,False,4502.0,2146.0,1062.0,0.0,0.0,0.0,,,0.0,0.0,0.0,False,True,True,0.0,,,0.0,0.0,0.0,0.0,0.0,0.0,0.0,0.0,0.0,0.0,0.0,0.0,0.0,0.0,-0.0,-0.0,-0.0,-0.0,-0.0,-0.0,0.0,0.0,0.0,0.0,0.0,0.0,157.5200000000034
22.23,46.62,94.28,0.030000000000001137,0.00999999999999801,0.15000000000000568,4.241115609536662,2.0223080223080223,1.0,4.238956790132517,2.020383510593818,1.0,4.238990158687651,2.0203518004655416,1.0,94.23275122762648,94.18880093770355,94.28,0.021194950793438253,0.010101759002327708,0.005,94.21155627683304,94.17869917870122,94.275,94.25394617841992,94.19890269670587,94.285,94.19890269670587,94.275,0.07609730329413367,0.0008071415283637428,VMBS,MBB,2026-07-06,False,4498.0,2144.0,1061.0,0.0,0.0,0.0,,,0.0,0.0,0.0,False,True,False,0.0,,,0.0,0.0,0.0,0.0,0.0,0.0,0.0,0.0,0.0,0.0,0.0,0.0,0.0,0.0,-0.0,-0.0,-0.0,-0.0,-0.0,-0.0,0.0,0.0,0.0,0.0,0.0,0.0,157.5200000000034
22.13,46.46,93.84,-0.10000000000000142,-0.1599999999999966,-0.4399999999999977,4.240397650248532,2.01980198019802,1.0,4.238991145734043,2.020317119737398,1.0,4.238956790132517,2.020383510593818,1.0,93.80811376563258,93.86701790218879,93.84,0.021194783950662585,0.01010191755296909,0.005,93.78691898168192,93.85691598463582,93.83500000000001,93.82930854958325,93.87711981974176,93.845,93.82930854958325,93.85691598463582,0.027607435052573237,0.0002941968782243525,SPMB,VMBS,2026-07-07,False,4519.0,2154.0,1066.0,0.0,0.0,0.0,,,0.0,0.0,0.0,False,True,False,0.0,,,0.0,0.0,0.0,0.0,0.0,0.0,0.0,0.0,0.0,0.0,0.0,0.0,0.0,0.0,-0.0,-0.0,-0.0,-0.0,-0.0,-0.0,0.0,-0.0,-0.0,-0.0,0.0,0.0,157.5200000000034
22.11,46.37,93.69,-0.019999999999999574,-0.09000000000000341,-0.15000000000000568,4.237449118046133,2.0204873840845377,1.0,4.238776684479264,2.020371661355418,1.0,4.238991145734043,2.020317119737398,1.0,93.7240942321797,93.68210484222314,93.69,0.021194955728670216,0.01010158559868699,0.005,93.70289927645102,93.67200325662445,93.685,93.74528918790837,93.69220642782183,93.695,93.69220642782183,93.70289927645102,0.010692848629190621,0.0001141300953056956,VMBS,SPMB,2026-07-08,False,4523.0,2156.0,1067.0,0.0,0.0,0.0,,,0.0,0.0,0.0,False,True,False,0.0,,,0.0,0.0,0.0,0.0,0.0,0.0,0.0,0.0,0.0,0.0,0.0,0.0,0.0,0.0,-0.0,-0.0,-0.0,-0.0,-0.0,-0.0,0.0,-0.0,-0.0,-0.0,0.0,0.0,157.5200000000034
22.13,46.47,93.82,0.019999999999999574,0.10000000000000142,0.12999999999999545,4.239493899683687,2.018936948568969,1.0,4.238810070208371,2.0203832260489705,1.0,4.238776684479264,2.020371661355418,1.0,93.8041280275261,93.88667110318627,93.82,0.02119388342239632,0.01010185830677709,0.005,93.7829341441037,93.87656924487949,93.815,93.8253219109485,93.89677296149306,93.82499999999999,93.82499999999999,93.87656924487949,0.05156924487950221,0.0005496615314378833,MBB,VMBS,2026-07-09,False,4519.0,2154.0,1066.0,0.0,0.0,0.0,,,0.0,0.0,0.0,False,True,False,0.0,,,0.0,0.0,0.0,0.0,0.0,0.0,0.0,0.0,0.0,0.0,0.0,0.0,0.0,0.0,-0.0,-0.0,-0.0,-0.0,-0.0,-0.0,0.0,0.0,0.0,0.0,0.0,0.0,157.5200000000034
22.12,46.44,93.72,-0.00999999999999801,-0.030000000000001137,-0.09999999999999432,4.236889692585895,2.0180878552971575,1.0,4.238668098855724,2.020309124190173,1.0,4.238810070208371,2.0203832260489705,1.0,93.76247875300916,93.82659701771418,93.72,0.021194050351041854,0.010101916130244852,0.005,93.74128470265812,93.81649510158394,93.715,93.7836728033602,93.83669893384442,93.725,93.725,93.81649510158394,0.09149510158394492,0.0009762601534778587,MBB,VMBS,2026-07-10,False,4523.0,2156.0,1067.0,0.0,0.0,0.0,,,0.0,0.0,0.0,False,True,False,0.0,,,0.0,0.0,0.0,0.0,0.0,0.0,0.0,0.0,0.0,0.0,0.0,0.0,0.0,0.0,-0.0,-0.0,-0.0,-0.0,-0.0,-0.0,0.0,-0.0,-0.0,-0.0,0.0,0.0,157.5200000000034
22.02,46.24,93.26,-0.10000000000000142,-0.19999999999999574,-0.45999999999999375,4.235240690281563,2.016868512110727,1.0,4.238501882248726,2.020104869658869,1.0,4.238668098855724,2.020309124190173,1.0,93.33547153680304,93.4190939025536,93.26,0.02119334049427862,0.010101545620950865,0.005,93.31427819630876,93.40899235693264,93.25500000000001,93.35666487729732,93.42919544817455,93.265,93.265,93.40899235693264,0.14399235693264245,0.001543988386582055,MBB,VMBS,2026-07-13,False,4544.0,2166.0,1072.0,0.0,0.0,0.0,,,0.0,0.0,0.0,True,False,False,1.0,MBB,VMBS,0.0,-2166.0,1072.0,0.0,0.0,0.0,0.0,0.0,0.0,-2166.0,1072.0,0.0,0.0,1072.0,-0.0,2166.0,-0.0,-0.0,-10.83,-5.36,-16.19,-0.0,-0.0,-0.0,0.0,-16.19,141.3300000000034
22.12,46.46,93.67,0.10000000000000142,0.21999999999999886,0.4099999999999966,4.234629294755877,2.01614291863969,1.0,4.238333930731468,2.0198194706037067,1.0,4.238501882248726,2.020104869658869,1.0,93.75566163534182,93.85407224435104,93.67,0.02119250941124363,0.010100524348294344,0.005,93.73446912593057,93.84397172000276,93.665,93.77685414475307,93.86417276869933,93.675,93.675,93.84397172000276,0.16897172000275873,0.0018039043450705533,MBB,VMBS,2026-07-14,False,4527.0,2157.0,1068.0,0.0,-2166.0,1072.0,MBB,VMBS,0.16897172000275873,0.0018039043450705533,1.0,True,False,False,1.0,MBB,VMBS,0.0,-2157.0,1068.0,0.0,-100155.84000000001,99974.72,200130.56,-181.1200000000099,0.0,9.0,-4.0,0.0,9.0,0.0,-0.0,-0.0,4.0,-0.0,-0.045,-0.02,-0.065,0.0,-476.51999999999754,439.51999999999634,-37.000000000001194,-37.06500000000119,104.2650000000022
22.14,46.5,93.83,0.019999999999999574,0.03999999999999915,0.1599999999999966,4.23803071364047,2.017849462365591,1.0,4.238212137566475,2.0196642635851463,1.0,4.238333930731468,2.0198194706037067,1.0,93.83671322639469,93.92160538307236,93.83,0.02119166965365734,0.010099097353018534,0.005,93.81552155674103,93.91150628571934,93.825,93.85790489604835,93.93170448042538,93.835,93.835,93.91150628571934,0.07650628571934703,0.000815371264194256,MBB,VMBS,2026-07-15,False,4518.0,2153.0,1066.0,0.0,-2157.0,1068.0,MBB,VMBS,0.07650628571934703,0.000815371264194256,1.0,False,True,False,0.0,,,0.0,0.0,0.0,0.0,-100214.22,100039.56,200253.78,-174.6600000000035,0.0,2157.0,-1068.0,0.0,2157.0,0.0,-0.0,-0.0,1068.0,-0.0,-10.785,-5.34,-16.125,0.0,-86.27999999999815,170.87999999999636,84.5999999999982,68.4749999999982,172.7400000000004
22.13,46.45,93.76,-0.010000000000001563,-0.04999999999999716,-0.06999999999999318,4.2367826479891555,2.0185145317545747,1.0,4.2380046958503925,2.0195227543137504,1.0,4.238212137566475,2.0196642635851463,1.0,93.7916346043461,93.81340504353005,93.76,0.02119106068783238,0.010098321317925731,0.005,93.77044354365827,93.80330672221213,93.75500000000001,93.81282566503393,93.82350336484798,93.765,93.765,93.80330672221213,0.03830672221212694,0.00040856145704060306,MBB,VMBS,2026-07-16,False,4522.0,2155.0,1067.0,0.0,0.0,0.0,,,0.0,0.0,0.0,False,True,False,0.0,,,0.0,0.0,0.0,0.0,0.0,0.0,0.0,0.0,0.0,0.0,0.0,0.0,0.0,0.0,-0.0,-0.0,-0.0,-0.0,-0.0,-0.0,0.0,-0.0,-0.0,-0.0,0.0,0.0,172.7400000000004
22.14,46.5,93.78,0.010000000000001563,0.04999999999999716,0.01999999999999602,4.235772357723577,2.016774193548387,1.0,4.238035220211391,2.019320914752809,1.0,4.2380046958503925,2.0195227543137504,1.0,93.82942396612769,93.90780807558939,93.78,0.021190023479251963,0.010097613771568752,0.005,93.80823394264844,93.89771046181782,93.775,93.85061398960694,93.91790568936095,93.785,93.785,93.89771046181782,0.11271046181782651,0.0012018603307509758,MBB,VMBS,2026-07-17,False,4518.0,2153.0,1066.0,0.0,0.0,0.0,,,0.0,0.0,0.0,False,False,False,-0.0,,,0.0,0.0,0.0,0.0,0.0,0.0,0.0,0.0,0.0,0.0,0.0,0.0,0.0,0.0,-0.0,-0.0,-0.0,-0.0,-0.0,-0.0,0.0,0.0,0.0,0.0,0.0,0.0,172.7400000000004
22.08,46.39,93.57,-0.060000000000002274,-0.10999999999999943,-0.21000000000000796,4.237771739130435,2.017029532226773,1.0,4.237990204655576,2.0191026438245667,1.0,4.238035220211391,2.019320914752809,1.0,93.57581766226751,93.67629723538282,93.57,0.021190176101056956,0.010096604573764045,0.005,93.55462748616645,93.66620063080906,93.565,93.59700783836857,93.68639383995658,93.57499999999999,93.57499999999999,93.66620063080906,0.0912006308090696,0.0009746781106024324,MBB,VMBS,2026-07-20,False,4530.0,2159.0,1069.0,0.0,0.0,0.0,,,0.0,0.0,-0.0,False,True,False,0.0,,,0.0,0.0,0.0,0.0,0.0,0.0,0.0,0.0,0.0,0.0,0.0,0.0,0.0,0.0,-0.0,-0.0,-0.0,-0.0,-0.0,-0.0,0.0,-0.0,-0.0,-0.0,0.0,0.0,172.7400000000004
22.04,46.28,93.41,-0.03999999999999915,-0.10999999999999943,-0.1599999999999966,4.238203266787659,2.0183664649956783,1.0,4.237912063901392,2.019024396135645,1.0,4.237990204655576,2.0191026438245667,1.0,93.4053041106089,93.44407035620095,93.41,0.02118995102327788,0.010095513219122833,0.005,93.38411415958562,93.43397484298183,93.405,93.42649406163217,93.45416586942008,93.41499999999999,93.41499999999999,93.43397484298183,0.018974842981833717,0.0002031350281750746,MBB,VMBS,2026-07-21,False,4539.0,2162.0,1071.0,0.0,0.0,0.0,,,0.0,0.0,0.0,False,True,False,0.0,,,0.0,0.0,0.0,0.0,0.0,0.0,0.0,0.0,0.0,0.0,0.0,0.0,0.0,0.0,-0.0,-0.0,-0.0,-0.0,-0.0,-0.0,0.0,-0.0,-0.0,-0.0,0.0,0.0,172.7400000000004
21.99,46.14,93.15,-0.05000000000000071,-0.14000000000000057,-0.2599999999999909,4.236016371077763,2.018855656697009,1.0,4.237808120550518,2.0189607549876265,1.0,4.237912063901392,2.019024396135645,1.0,93.19168628519161,93.15778563769867,93.15,0.021189560319506962,0.010095121980678226,0.005,93.1704967248721,93.14769051571798,93.14500000000001,93.21287584551112,93.16788075967935,93.155,93.155,93.1704967248721,0.015496724872093637,0.00016636312262043623,MBB,SPMB,2026-07-22,False,4552.0,2168.0,1074.0,0.0,0.0,0.0,,,0.0,0.0,0.0,False,True,False,0.0,,,0.0,0.0,0.0,0.0,0.0,0.0,0.0,0.0,0.0,0.0,0.0,0.0,0.0,0.0,-0.0,-0.0,-0.0,-0.0,-0.0,-0.0,0.0,-0.0,-0.0,-0.0,0.0,0.0,172.7400000000004
21.94,46.07,92.88,-0.04999999999999716,-0.07000000000000028,-0.27000000000001023,4.233363719234275,2.016062513566312,1.0,4.23760242458021,2.0187941449455673,1.0,4.237808120550518,2.0189607549876265,1.0,92.97751016487838,93.01352198227995,92.88,0.02118904060275259,0.010094803774938132,0.005,92.95632112427563,93.00342717850502,92.875,92.99869920548113,93.02361678605489,92.88499999999999,92.88499999999999,93.00342717850502,0.11842717850502993,0.0012750557547914507,MBB,VMBS,2026-07-23,False,4564.0,2174.0,1077.0,0.0,0.0,0.0,,,0.0,0.0,0.0,False,False,False,-0.0,,,0.0,0.0,0.0,0.0,0.0,0.0,0.0,0.0,0.0,0.0,0.0,0.0,0.0,0.0,-0.0,-0.0,-0.0,-0.0,-0.0,-0.0,0.0,-0.0,-0.0,-0.0,0.0,0.0,172.7400000000004
21.97,46.19,93.11,0.029999999999997584,0.11999999999999744,0.23000000000000398,4.238051888939463,2.0158042866421306,1.0,4.2374406758636445,2.018519623332188,1.0,4.23760242458021,2.0187941449455673,1.0,93.10012526802721,93.24810155503575,93.11,0.02118801212290105,0.010093970724727837,0.005,93.07893725590431,93.23800758431102,93.105,93.12131328015012,93.25819552576047,93.115,93.115,93.23800758431102,0.12300758431102565,0.0013210996059609672,MBB,VMBS,2026-07-24,False,4551.0,2168.0,1074.0,0.0,0.0,0.0,,,0.0,0.0,-0.0,False,False,False,0.0,,,0.0,0.0,0.0,0.0,0.0,0.0,0.0,0.0,0.0,0.0,0.0,0.0,0.0,0.0,-0.0,-0.0,-0.0,-0.0,-0.0,-0.0,0.0,0.0,0.0,0.0,0.0,0.0,172.7400000000004
22.03,46.28,93.37,0.060000000000002274,0.09000000000000341,0.2600000000000051,4.238311393554244,2.017502160760588,1.0,4.237553478919312,2.0183623771769437,1.0,4.2374406758636445,2.018519623332188,1.0,93.35081808927609,93.41708816781366,93.37,0.021187203379318224,0.01009259811666094,0.005,93.32963088589678,93.406995569697,93.36500000000001,93.3720052926554,93.42718076593032,93.375,93.3720052926554,93.406995569697,0.03499027704160085,0.0003747486027803454,SPMB,VMBS,2026-07-27,False,4538.0,2162.0,1071.0,0.0,0.0,0.0,,,0.0,0.0,0.0,False,True,False,0.0,,,0.0,0.0,0.0,0.0,0.0,0.0,0.0,0.0,0.0,0.0,0.0,0.0,0.0,0.0,-0.0,-0.0,-0.0,-0.0,-0.0,-0.0,0.0,0.0,0.0,0.0,0.0,0.0,172.7400000000004
22.1,46.37,93.67,0.07000000000000028,0.0899999999999963,0.29999999999999716,4.2384615384615385,2.0200560707353894,1.0,4.237584543347968,2.018354757399525,1.0,4.237553478919312,2.0183623771769437,1.0,93.64993188411681,93.59146342969487,93.67,0.021187767394596563,0.010091811885884719,0.005,93.62874411672222,93.58137161780898,93.665,93.6711196515114,93.60155524158075,93.675,93.60155524158075,93.665,0.06344475841925146,0.0006773220713061968,VMBS,MBB,2026-07-28,False,4526.0,2156.0,1068.0,0.0,0.0,0.0,,,0.0,0.0,0.0,False,True,False,0.0,,,0.0,0.0,0.0,0.0,0.0,0.0,0.0,0.0,0.0,0.0,0.0,0.0,0.0,0.0,-0.0,-0.0,-0.0,-0.0,-0.0,-0.0,0.0,0.0,0.0,0.0,0.0,0.0,172.7400000000004
22.01,46.19,93.23,-0.08999999999999986,-0.17999999999999972,-0.4399999999999977,4.235801908223535,2.018402251569604,1.0,4.237541380130727,2.0183135369295107,1.0,4.237584543347968,2.018354757399525,1.0,93.26923579908879,93.22780624428405,93.23,0.021187922716739842,0.010091773786997625,0.005,93.24804787637206,93.21771447049706,93.22500000000001,93.29042372180552,93.23789801807105,93.235,93.235,93.24804787637206,0.013047876372056066,0.0001399536240701069,MBB,SPMB,2026-07-29,False,4547.0,2166.0,1073.0,0.0,0.0,0.0,,,0.0,0.0,0.0,False,True,False,0.0,,,0.0,0.0,0.0,0.0,0.0,0.0,0.0,0.0,0.0,0.0,0.0,0.0,0.0,0.0,-0.0,-0.0,-0.0,-0.0,-0.0,-0.0,0.0,-0.0,-0.0,-0.0,0.0,0.0,172.7400000000004
22.02,46.25,93.29,0.00999999999999801,0.060000000000002274,0.060000000000002274,4.2366030881017265,2.017081081081081,1.0,4.2374238339046135,2.018222776725459,1.0,4.237541380130727,2.0183135369295107,1.0,93.31066119047861,93.34700108298986,93.29,0.021187706900653636,0.010091567684647553,0.005,93.28947348357796,93.33690951530521,93.28500000000001,93.33184889737926,93.35709265067452,93.295,93.295,93.33690951530521,0.041909515305206924,0.00044923909642198437,MBB,VMBS,2026-07-30,False,4543.0,2164.0,1072.0,0.0,0.0,0.0,,,0.0,0.0,0.0,False,True,False,0.0,,,0.0,0.0,0.0,0.0,0.0,0.0,0.0,0.0,0.0,0.0,0.0,0.0,0.0,0.0,-0.0,-0.0,-0.0,-0.0,-0.0,-0.0,0.0,0.0,0.0,0.0,0.0,0.0,172.7400000000004
21.92,46.06,92.92,-0.09999999999999787,-0.18999999999999773,-0.37000000000000455,4.2390510948905105,2.0173686495874943,1.0,4.237371884144634,2.0181150238368866,1.0,4.2374238339046135,2.018222776725459,1.0,92.88433043918914,92.95934109597464,92.92,0.021187119169523067,0.010091113883627293,0.005,92.86314332001962,92.949249982091,92.915,92.90551755835867,92.96943220985827,92.925,92.90551755835867,92.949249982091,0.043732423732336656,0.00047064597215170745,SPMB,VMBS,2026-07-31,False,4559.0,2172.0,1076.0,0.0,0.0,0.0,,,0.0,0.0,0.0,False,True,False,0.0,,,0.0,0.0,0.0,0.0,0.0,0.0,0.0,0.0,0.0,0.0,0.0,0.0,0.0,0.0,-0.0,-0.0,-0.0,-0.0,-0.0,-0.0,0.0,-0.0,-0.0,-0.0,0.0,0.0,172.7400000000004
