FALN_price,ANGL_price,FALN_price_chg,ANGL_price_chg,ANGL/FALN,ANGL/ANGL,ANGL/FALN_moving_avg,ANGL/ANGL_moving_avg,ANGL/FALN_prev_moving_avg,ANGL/ANGL_prev_moving_avg,FALN_scaled_price,ANGL_scaled_price,FALN_scaled_comm,ANGL_scaled_comm,FALN_scaled_price_minus_comm,ANGL_scaled_price_minus_comm,FALN_scaled_price_plus_comm,ANGL_scaled_price_plus_comm,min_price_plus_comm,max_price_minus_comm,tgt_max-min,tgt_pct_diff,tgt_min_price_etf,tgt_max_price_etf,date,ex_div_date,FALN_shs_per_unit,ANGL_shs_per_unit,FALN_current_shs,ANGL_current_shs,current_long_etf,current_short_etf,current_max-min,current_pct_diff,current_position,open_trade,exit_trade,flatten_for_div,tgt_position,tgt_long_etf,tgt_short_etf,FALN_tgt_shs,ANGL_tgt_shs,FALN_tgt_inv_amt,ANGL_tgt_inv_amt,gross_inv_amt,net_inv_amt,FALN_shs_to_trade,ANGL_shs_to_trade,FALN_shs_to_buy,ANGL_shs_to_buy,FALN_shs_to_sell,ANGL_shs_to_sell,FALN_daily_comm,ANGL_daily_comm,daily_comm,FALN_daily_profit,ANGL_daily_profit,daily_gross_profit,daily_net_profit,cumulative_net_profit
27.33,29.4,,,1.0757409440175631,1.0,,,,,,,,,,,,,,,,,,,2026-01-02,False,,,,,,,,,,False,False,False,,,,,,,,,,,,,,,,,,,,,,,
27.41,29.48,0.08000000000000185,0.08000000000000185,1.0755198832542867,1.0,,,,,,,,,,,,,,,,,,,2026-01-05,False,,,,,,,,,,False,False,False,,,,,,,,,,,,,,,,,,,,,,,
27.45,29.53,0.03999999999999915,0.05000000000000071,1.0757741347905283,1.0,,,,,,,,,,,,,,,,,,,2026-01-06,False,,,,,,,,,,False,False,False,,,,,,,,,,,,,,,,,,,,,,,
27.46,29.52,0.010000000000001563,-0.010000000000001563,1.0750182083029862,1.0,,,,,,,,,,,,,,,,,,,2026-01-07,False,,,,,,,,,,False,False,False,,,,,,,,,,,,,,,,,,,,,,,
27.49,29.55,0.029999999999997584,0.030000000000001137,1.0749363404874501,1.0,,,,,,,,,,,,,,,,,,,2026-01-08,False,,,,,,,,,,False,False,False,,,,,,,,,,,,,,,,,,,,,,,
27.52,29.57,0.030000000000001137,0.019999999999999574,1.0744912790697674,1.0,,,,,,,,,,,,,,,,,,,2026-01-09,False,,,,,,,,,,False,False,False,,,,,,,,,,,,,,,,,,,,,,,
27.54,29.55,0.019999999999999574,-0.019999999999999574,1.0729847494553377,1.0,,,,,,,,,,,,,,,,,,,2026-01-12,False,,,,,,,,,,False,False,False,,,,,,,,,,,,,,,,,,,,,,,
27.51,29.56,-0.029999999999997584,0.00999999999999801,1.074518356961105,1.0,,,,,,,,,,,,,,,,,,,2026-01-13,False,,,,,,,,,,False,False,False,,,,,,,,,,,,,,,,,,,,,,,
27.54,29.58,0.029999999999997584,0.019999999999999574,1.074074074074074,1.0,,,,,,,,,,,,,,,,,,,2026-01-14,False,,,,,,,,,,False,False,False,,,,,,,,,,,,,,,,,,,,,,,
27.53,29.57,-0.00999999999999801,-0.00999999999999801,1.0741009807482746,1.0,,,,,,,,,,,,,,,,,,,2026-01-15,False,,,,,,,,,,False,False,False,,,,,,,,,,,,,,,,,,,,,,,
27.53,29.58,0.0,0.00999999999999801,1.0744642208499817,1.0,,,,,,,,,,,,,,,,,,,2026-01-16,False,,,,,,,,,,False,False,False,,,,,,,,,,,,,,,,,,,,,,,
27.45,29.49,-0.08000000000000185,-0.08999999999999986,1.0743169398907104,1.0,,,,,,,,,,,,,,,,,,,2026-01-20,False,,,,,,,,,,False,False,False,,,,,,,,,,,,,,,,,,,,,,,
27.57,29.61,0.120000000000001,0.120000000000001,1.073993471164309,1.0,,,,,,,,,,,,,,,,,,,2026-01-21,False,,,,,,,,,,False,False,False,,,,,,,,,,,,,,,,,,,,,,,
27.57,29.62,0.0,0.010000000000001563,1.0743561842582519,1.0,,,,,,,,,,,,,,,,,,,2026-01-22,False,,,,,,,,,,False,False,False,,,,,,,,,,,,,,,,,,,,,,,
27.54,29.59,-0.030000000000001137,-0.030000000000001137,1.0744371822803196,1.0,,,,,,,,,,,,,,,,,,,2026-01-23,False,,,,,,,,,,False,False,False,,,,,,,,,,,,,,,,,,,,,,,
27.55,29.6,0.010000000000001563,0.010000000000001563,1.074410163339383,1.0,,,,,,,,,,,,,,,,,,,2026-01-26,False,,,,,,,,,,False,False,False,,,,,,,,,,,,,,,,,,,,,,,
27.59,29.61,0.03999999999999915,0.00999999999999801,1.0732149329467198,1.0,,,,,,,,,,,,,,,,,,,2026-01-27,False,,,,,,,,,,False,False,False,,,,,,,,,,,,,,,,,,,,,,,
27.57,29.59,-0.019999999999999574,-0.019999999999999574,1.0732680449764236,1.0,,,,,,,,,,,,,,,,,,,2026-01-28,False,,,,,,,,,,False,False,False,,,,,,,,,,,,,,,,,,,,,,,
27.58,29.58,0.00999999999999801,-0.010000000000001563,1.0725163161711384,1.0,,,,,,,,,,,,,,,,,,,2026-01-29,False,,,,,,,,,,False,False,False,,,,,,,,,,,,,,,,,,,,,,,
27.57,29.59,-0.00999999999999801,0.010000000000001563,1.0732680449764236,1.0,1.0742702226007517,1.0,,,,,,,,,,,,,,,,,2026-01-30,False,,,,,,,,,,False,False,False,0.0,,,0.0,0.0,,,,,,,,,,,,,,,,,,
27.45,29.46,-0.120000000000001,-0.129999999999999,1.0732240437158471,1.0,1.0741443775856658,1.0,1.0742702226007517,1.0,29.488717610390633,29.46,0.005371351113003758,0.005,29.48334625927763,29.455000000000002,29.494088961503635,29.465,29.465,29.48334625927763,0.01834625927763156,0.0006227515029745946,ANGL,FALN,2026-02-02,True,3646.0,3394.0,0.0,0.0,,,0.0,0.0,0.0,False,True,False,0.0,,,0.0,0.0,0.0,0.0,,,0.0,0.0,0.0,0.0,-0.0,-0.0,-0.0,-0.0,0.0,-0.0,-0.0,0.0,0.0,0.0
27.45,29.45,0.0,-0.010000000000001563,1.0728597449908925,1.0,1.074011370672496,1.0,1.0741443775856658,1.0,29.485263164726526,29.45,0.005370721887928329,0.005,29.479892442838597,29.445,29.490633886614454,29.455,29.455,29.479892442838597,0.024892442838599038,0.0008452442390016651,ANGL,FALN,2026-02-03,False,3648.0,3396.0,0.0,0.0,,,0.0,0.0,0.0,False,True,True,0.0,,,0.0,0.0,0.0,0.0,0.0,0.0,0.0,0.0,0.0,0.0,-0.0,-0.0,-0.0,-0.0,0.0,0.0,-0.0,0.0,0.0,0.0
27.43,29.44,-0.019999999999999574,-0.00999999999999801,1.073277433467007,1.0,1.07388653560632,1.0,1.074011370672496,1.0,29.460131897546567,29.44,0.00537005685336248,0.005,29.454761840693205,29.435000000000002,29.46550195439993,29.445,29.445,29.454761840693205,0.00976184069320496,0.0003315842626767989,ANGL,FALN,2026-02-04,False,3648.0,3397.0,0.0,0.0,,,0.0,0.0,0.0,False,True,False,0.0,,,0.0,0.0,0.0,0.0,0.0,0.0,0.0,0.0,0.0,0.0,-0.0,-0.0,-0.0,-0.0,0.0,-0.0,-0.0,0.0,0.0,0.0
27.4,29.41,-0.030000000000001137,-0.030000000000001137,1.0733576642335767,1.0,1.0738035084028497,1.0,1.07388653560632,1.0,29.42449107561317,29.41,0.005369432678031601,0.005,29.41912164293514,29.405,29.4298605082912,29.415,29.415,29.41912164293514,0.004121642935139391,0.00014014426845084636,ANGL,FALN,2026-02-05,False,3651.0,3400.0,0.0,0.0,,,0.0,0.0,0.0,False,True,False,0.0,,,0.0,0.0,0.0,0.0,0.0,0.0,0.0,0.0,0.0,0.0,-0.0,-0.0,-0.0,-0.0,0.0,-0.0,-0.0,0.0,0.0,0.0
27.45,29.5,0.05000000000000071,0.08999999999999986,1.0746812386156648,1.0,1.0737907533092603,1.0,1.0738035084028497,1.0,29.47590630565822,29.5,0.005369017542014249,0.005,29.470537288116205,29.495,29.481275323200236,29.505,29.481275323200236,29.495,0.013724676799764524,0.00046524328134794993,FALN,ANGL,2026-02-06,False,3640.0,3390.0,0.0,0.0,,,0.0,0.0,0.0,False,True,False,0.0,,,0.0,0.0,0.0,0.0,0.0,0.0,0.0,0.0,0.0,0.0,-0.0,-0.0,-0.0,-0.0,0.0,0.0,0.0,0.0,0.0,0.0
27.51,29.55,0.060000000000002274,0.05000000000000071,1.074154852780807,1.0,1.0737739319948125,1.0,1.0737907533092603,1.0,29.539983623537754,29.55,0.005368953766546301,0.005,29.53461466977121,29.545,29.5453525773043,29.555,29.5453525773043,29.545,-0.0003525773042980518,-1.1931550060847777e-05,FALN,ANGL,2026-02-09,False,3634.0,3384.0,0.0,0.0,,,0.0,0.0,0.0,False,True,False,0.0,,,0.0,0.0,0.0,0.0,0.0,0.0,0.0,0.0,0.0,0.0,-0.0,-0.0,-0.0,-0.0,0.0,0.0,0.0,0.0,0.0,0.0
27.53,29.58,0.019999999999999574,0.029999999999997584,1.0744642208499817,1.0,1.0738479055645445,1.0,1.0737739319948125,1.0,29.56099634781719,29.58,0.0053688696599740625,0.005,29.555627478157216,29.575,29.566365217477166,29.584999999999997,29.566365217477166,29.575,0.008634782522833007,0.0002919128641931375,FALN,ANGL,2026-02-10,False,3630.0,3381.0,0.0,0.0,,,0.0,0.0,0.0,False,True,False,0.0,,,0.0,0.0,0.0,0.0,0.0,0.0,0.0,0.0,0.0,0.0,-0.0,-0.0,-0.0,-0.0,0.0,0.0,0.0,0.0,0.0,0.0
27.53,29.62,0.0,0.0400000000000027,1.0759171812568107,1.0,1.0739178467793298,1.0,1.0738479055645445,1.0,29.56303284019191,29.62,0.005369239527822723,0.005,29.557663600664085,29.615000000000002,29.568402079719732,29.625,29.568402079719732,29.615000000000002,0.04659792028026999,0.0015731910965654959,FALN,ANGL,2026-02-11,False,3625.0,3376.0,0.0,0.0,,,0.0,0.0,0.0,False,True,False,0.0,,,0.0,0.0,0.0,0.0,0.0,0.0,0.0,0.0,0.0,0.0,-0.0,-0.0,-0.0,-0.0,0.0,0.0,0.0,0.0,0.0,0.0
27.56,29.66,0.029999999999997584,0.03999999999999915,1.0761973875181423,1.0,1.0740240124515332,1.0,1.0739178467793298,1.0,29.597175857238327,29.66,0.005369589233896649,0.005,29.59180626800443,29.655,29.602545446472224,29.665,29.602545446472224,29.655,0.05245455352777739,0.0017685284399115775,FALN,ANGL,2026-02-12,False,3621.0,3372.0,0.0,0.0,,,0.0,0.0,0.0,False,True,False,0.0,,,0.0,0.0,0.0,0.0,0.0,0.0,0.0,0.0,0.0,0.0,-0.0,-0.0,-0.0,-0.0,0.0,0.0,0.0,0.0,0.0,0.0
27.59,29.7,0.030000000000001137,0.03999999999999915,1.076476984414643,1.0,1.0741428126348516,1.0,1.0740240124515332,1.0,29.6323225035378,29.7,0.005370120062257666,0.005,29.626952383475544,29.695,29.637692623600056,29.705,29.637692623600056,29.695,0.05730737639994388,0.0019295412929274034,FALN,ANGL,2026-02-13,False,3616.0,3367.0,0.0,0.0,,,0.0,0.0,0.0,False,True,False,0.0,,,0.0,0.0,0.0,0.0,0.0,0.0,0.0,0.0,0.0,0.0,-0.0,-0.0,-0.0,-0.0,0.0,0.0,0.0,0.0,0.0,0.0
27.57,29.67,-0.019999999999999574,-0.029999999999997584,1.0761697497279652,1.0,1.0742280890787508,1.0,1.0741428126348516,1.0,29.61411734434286,29.67,0.005370714063174258,0.005,29.608746630279683,29.665000000000003,29.619488058406034,29.675,29.619488058406034,29.665000000000003,0.04551194159396843,0.0015339380382193605,FALN,ANGL,2026-02-17,False,3620.0,3370.0,0.0,0.0,,,0.0,0.0,0.0,False,True,False,0.0,,,0.0,0.0,0.0,0.0,0.0,0.0,0.0,0.0,0.0,0.0,-0.0,-0.0,-0.0,-0.0,0.0,-0.0,-0.0,0.0,0.0,0.0
27.63,29.71,0.05999999999999872,0.03999999999999915,1.075280492218603,1.0,1.0742762666951455,1.0,1.0742280890787508,1.0,29.680922101245883,29.71,0.005371140445393754,0.005,29.67555096080049,29.705000000000002,29.686293241691278,29.715,29.686293241691278,29.705000000000002,0.018706758308724147,0.0006296451803676925,FALN,ANGL,2026-02-18,False,3616.0,3366.0,0.0,0.0,,,0.0,0.0,0.0,False,True,False,0.0,,,0.0,0.0,0.0,0.0,0.0,0.0,0.0,0.0,0.0,0.0,-0.0,-0.0,-0.0,-0.0,0.0,0.0,0.0,0.0,0.0,0.0
27.65,29.75,0.019999999999999574,0.03999999999999915,1.0759493670886076,1.0,1.0743740614913604,1.0,1.0742762666951455,1.0,29.703738774120772,29.75,0.005371381333475728,0.005,29.698367392787297,29.745,29.709110155454248,29.755,29.709110155454248,29.745,0.03588984454575339,0.0012063813292690216,FALN,ANGL,2026-02-19,False,3611.0,3361.0,0.0,0.0,,,0.0,0.0,0.0,False,True,False,0.0,,,0.0,0.0,0.0,0.0,0.0,0.0,0.0,0.0,0.0,0.0,-0.0,-0.0,-0.0,-0.0,0.0,0.0,0.0,0.0,0.0,0.0
27.64,29.75,-0.00999999999999801,0.0,1.0763386396526773,1.0,1.0744731842610817,1.0,1.0743740614913604,1.0,29.6956990596212,29.75,0.005371870307456802,0.005,29.690327189313745,29.745,29.701070929928658,29.755,29.701070929928658,29.745,0.043929070071342835,0.0014766073973560617,FALN,ANGL,2026-02-20,False,3611.0,3361.0,0.0,0.0,,,0.0,0.0,0.0,False,True,False,0.0,,,0.0,0.0,0.0,0.0,0.0,0.0,0.0,0.0,0.0,0.0,-0.0,-0.0,-0.0,-0.0,0.0,-0.0,0.0,0.0,0.0,0.0
27.6,29.7,-0.03999999999999915,-0.05000000000000071,1.076086956521739,1.0,1.0745556729731527,1.0,1.0744731842610817,1.0,29.655459885605858,29.7,0.005372365921305409,0.005,29.65008751968455,29.695,29.660832251527165,29.705,29.660832251527165,29.695,0.03416774847283577,0.0011504292415096219,FALN,ANGL,2026-02-23,False,3618.0,3367.0,0.0,0.0,,,0.0,0.0,0.0,False,True,False,0.0,,,0.0,0.0,0.0,0.0,0.0,0.0,0.0,0.0,0.0,0.0,-0.0,-0.0,-0.0,-0.0,0.0,-0.0,-0.0,0.0,0.0,0.0
27.59,29.7,-0.010000000000001563,0.0,1.076476984414643,1.0,1.0746590140269157,1.0,1.0745556729731527,1.0,29.64699101732928,29.7,0.005372778364865763,0.005,29.641618238964416,29.695,29.652363795694146,29.705,29.652363795694146,29.695,0.04263620430585391,0.0014355624345405358,FALN,ANGL,2026-02-24,False,3618.0,3367.0,0.0,0.0,,,0.0,0.0,0.0,False,True,False,0.0,,,0.0,0.0,0.0,0.0,0.0,0.0,0.0,0.0,0.0,0.0,-0.0,-0.0,-0.0,-0.0,0.0,-0.0,0.0,0.0,0.0,0.0
27.62,29.71,0.030000000000001137,0.010000000000001563,1.0756698044895003,1.0,1.0747817576040546,1.0,1.0746590140269157,1.0,29.68208196742341,29.71,0.005373295070134578,0.005,29.676708672353275,29.705000000000002,29.687455262493547,29.715,29.687455262493547,29.705000000000002,0.01754473750645502,0.0005905330698907782,FALN,ANGL,2026-02-25,False,3617.0,3366.0,0.0,0.0,,,0.0,0.0,0.0,False,True,False,0.0,,,0.0,0.0,0.0,0.0,0.0,0.0,0.0,0.0,0.0,0.0,-0.0,-0.0,-0.0,-0.0,0.0,0.0,0.0,0.0,0.0,0.0
27.64,29.71,0.019999999999999574,0.0,1.0748914616497829,1.0,1.0748629284377225,1.0,1.0747817576040546,1.0,29.70696778017607,29.71,0.005373908788020273,0.005,29.70159387138805,29.705000000000002,29.712341688964088,29.715,29.712341688964088,29.705000000000002,-0.007341688964086046,-0.0002471117120190524,FALN,ANGL,2026-02-26,False,3618.0,3366.0,0.0,0.0,,,0.0,0.0,0.0,False,True,False,0.0,,,0.0,0.0,0.0,0.0,0.0,0.0,0.0,0.0,0.0,0.0,-0.0,-0.0,-0.0,-0.0,0.0,0.0,0.0,0.0,0.0,0.0
27.57,29.63,-0.07000000000000028,-0.08000000000000185,1.0747188973521944,1.0,1.0749730574967755,1.0,1.0748629284377225,1.0,29.633970937028007,29.63,0.005374314642188612,0.005,29.628596622385817,29.625,29.639345251670196,29.634999999999998,29.634999999999998,29.628596622385817,-0.006403377614180528,-0.00021611129308742922,ANGL,FALN,2026-02-27,False,3628.0,3375.0,0.0,0.0,,,0.0,0.0,0.0,False,True,False,0.0,,,0.0,0.0,0.0,0.0,0.0,0.0,0.0,0.0,0.0,0.0,-0.0,-0.0,-0.0,-0.0,0.0,-0.0,-0.0,0.0,0.0,0.0
27.37,29.5,-0.1999999999999993,-0.129999999999999,1.0778224333211546,1.0,1.075200776914012,1.0,1.0749730574967755,1.0,29.422012583686747,29.5,0.005374865287483877,0.005,29.416637718399265,29.495,29.42738744897423,29.505,29.42738744897423,29.495,0.06761255102577124,0.0022919508822295334,FALN,ANGL,2026-03-02,True,3644.0,3390.0,0.0,0.0,,,0.0,0.0,0.0,True,False,False,1.0,FALN,ANGL,3644.0,-3390.0,0.0,0.0,0.0,0.0,3644.0,-3390.0,3644.0,0.0,-0.0,3390.0,-18.22,-16.95,-35.17,-0.0,-0.0,0.0,-35.17,-35.17
27.23,29.32,-0.14000000000000057,-0.17999999999999972,1.0767535806096218,1.0,1.0753772537587007,1.0,1.075200776914012,1.0,29.277717155368546,29.32,0.005376003884570059,0.005,29.272341151483975,29.315,29.283093159253117,29.325,29.283093159253117,29.315,0.03190684074688477,0.001088227856305756,FALN,ANGL,2026-03-03,False,3668.0,3411.0,3644.0,-3390.0,FALN,ANGL,0.03190684074688477,0.001088227856305756,1.0,False,True,True,0.0,,,0.0,0.0,99736.28,-100005.0,199741.28,-268.72000000000116,-3644.0,3390.0,0.0,3390.0,3644.0,-0.0,-18.22,-16.95,-35.17,-510.16000000000207,610.199999999999,100.03999999999695,64.86999999999695,29.699999999996948
27.33,29.41,0.09999999999999787,0.08999999999999986,1.0761068422978413,1.0,1.0755396086240483,1.0,1.0753772537587007,1.0,29.39006034522529,29.41,0.005376886268793504,0.005,29.3846834589565,29.405,29.395437231494082,29.415,29.395437231494082,29.405,0.009562768505919195,0.0003251536384195578,FALN,ANGL,2026-03-04,False,3656.0,3400.0,0.0,0.0,,,0.0,0.0,0.0,False,True,False,0.0,,,0.0,0.0,0.0,0.0,0.0,0.0,0.0,0.0,0.0,0.0,-0.0,-0.0,-0.0,-0.0,0.0,0.0,0.0,0.0,0.0,29.699999999996948
27.19,29.23,-0.13999999999999702,-0.17999999999999972,1.075027583670467,1.0,1.075627116134221,1.0,1.0755396086240483,1.0,29.243921958487874,29.23,0.005377698043120242,0.005,29.238544260444755,29.225,29.249299656530994,29.235,29.235,29.238544260444755,0.0035442604447553094,0.00012125420611547415,ANGL,FALN,2026-03-05,False,3679.0,3421.0,0.0,0.0,,,0.0,0.0,0.0,False,True,False,0.0,,,0.0,0.0,0.0,0.0,0.0,0.0,0.0,0.0,0.0,0.0,-0.0,-0.0,-0.0,-0.0,0.0,-0.0,-0.0,0.0,0.0,29.699999999996948
26.98,29.05,-0.21000000000000085,-0.17999999999999972,1.0767234988880652,1.0,1.0757954078669456,1.0,1.075627116134221,1.0,29.020419593301284,29.05,0.005378135580671105,0.005,29.015041457720613,29.045,29.025797728881955,29.055,29.025797728881955,29.045,0.019202271118047065,0.000661007611636732,FALN,ANGL,2026-03-06,False,3702.0,3442.0,0.0,0.0,,,0.0,0.0,0.0,False,True,False,0.0,,,0.0,0.0,0.0,0.0,0.0,0.0,0.0,0.0,0.0,0.0,-0.0,-0.0,-0.0,-0.0,0.0,-0.0,-0.0,0.0,0.0,29.699999999996948
27.12,29.17,0.14000000000000057,0.120000000000001,1.0755899705014749,1.0,1.075840844461236,1.0,1.0757954078669456,1.0,29.175571461351566,29.17,0.005378977039334728,0.005,29.17019248431223,29.165000000000003,29.1809504383909,29.175,29.175,29.17019248431223,-0.004807515687769381,-0.00016481027383508334,ANGL,FALN,2026-03-09,False,3688.0,3428.0,0.0,0.0,,,0.0,0.0,0.0,False,True,False,0.0,,,0.0,0.0,0.0,0.0,0.0,0.0,0.0,0.0,0.0,0.0,-0.0,-0.0,-0.0,-0.0,0.0,0.0,0.0,0.0,0.0,29.699999999996948
27.06,29.12,-0.060000000000002274,-0.05000000000000071,1.0761271249076128,1.0,1.0759394580675763,1.0,1.075840844461236,1.0,29.112253251121043,29.12,0.00537920422230618,0.005,29.10687404689874,29.115000000000002,29.117632455343347,29.125,29.117632455343347,29.115000000000002,-0.002632455343345441,-9.040025217532422e-05,FALN,ANGL,2026-03-10,False,3694.0,3434.0,0.0,0.0,,,0.0,0.0,0.0,False,True,False,0.0,,,0.0,0.0,0.0,0.0,0.0,0.0,0.0,0.0,0.0,0.0,-0.0,-0.0,-0.0,-0.0,0.0,-0.0,-0.0,0.0,0.0,29.699999999996948
26.96,29.02,-0.09999999999999787,-0.10000000000000142,1.0764094955489614,1.0,1.0760367218025253,1.0,1.0759394580675763,1.0,29.007327789501858,29.02,0.0053796972903378815,0.005,29.00194809221152,29.015,29.012707486792195,29.025,29.012707486792195,29.015,0.0022925132078057686,7.899769840819327e-05,FALN,ANGL,2026-03-11,False,3708.0,3446.0,0.0,0.0,,,0.0,0.0,0.0,False,True,False,0.0,,,0.0,0.0,0.0,0.0,0.0,0.0,0.0,0.0,0.0,0.0,-0.0,-0.0,-0.0,-0.0,0.0,-0.0,-0.0,0.0,0.0,29.699999999996948
26.75,28.82,-0.21000000000000085,-0.1999999999999993,1.0773831775700935,1.0,1.0761100216181894,1.0,1.0760367218025253,1.0,28.783982308217553,28.82,0.005380183609012627,0.005,28.77860212460854,28.815,28.789362491826566,28.825,28.789362491826566,28.815,0.025637508173435464,0.0008895734966493915,FALN,ANGL,2026-03-12,False,3734.0,3470.0,0.0,0.0,,,0.0,0.0,0.0,False,True,False,0.0,,,0.0,0.0,0.0,0.0,0.0,0.0,0.0,0.0,0.0,0.0,-0.0,-0.0,-0.0,-0.0,0.0,-0.0,-0.0,0.0,0.0,29.699999999996948
26.66,28.72,-0.08999999999999986,-0.10000000000000142,1.0772693173293322,1.0,1.0761636181087488,1.0,1.0761100216181894,1.0,28.68909317634093,28.72,0.005380550108090947,0.005,28.68371262623284,28.715,28.69447372644902,28.724999999999998,28.69447372644902,28.715,0.020526273550981244,0.0007147031180703776,FALN,ANGL,2026-03-13,False,3747.0,3482.0,0.0,0.0,,,0.0,0.0,0.0,False,True,False,0.0,,,0.0,0.0,0.0,0.0,0.0,0.0,0.0,0.0,0.0,0.0,-0.0,-0.0,-0.0,-0.0,0.0,-0.0,-0.0,0.0,0.0,29.699999999996948
26.76,28.79,0.10000000000000142,0.07000000000000028,1.0758594917787743,1.0,1.0761327434769554,1.0,1.0761636181087488,1.0,28.79813842059012,28.79,0.005380818090543744,0.005,28.792757602499577,28.785,28.803519238680664,28.794999999999998,28.794999999999998,28.792757602499577,-0.0022423975004208785,-7.788806878849874e-05,ANGL,FALN,2026-03-16,False,3738.0,3473.0,0.0,0.0,,,0.0,0.0,0.0,False,True,False,0.0,,,0.0,0.0,0.0,0.0,0.0,0.0,0.0,0.0,0.0,0.0,-0.0,-0.0,-0.0,-0.0,0.0,0.0,0.0,0.0,0.0,29.699999999996948
26.88,28.9,0.11999999999999744,0.10999999999999943,1.0751488095238095,1.0,1.076081696466748,1.0,1.0761327434769554,1.0,28.92644814466056,28.9,0.005380663717384777,0.005,28.921067480943176,28.895,28.931828808377947,28.904999999999998,28.904999999999998,28.921067480943176,0.016067480943178225,0.0005559681987258901,ANGL,FALN,2026-03-17,False,3723.0,3460.0,0.0,0.0,,,0.0,0.0,0.0,False,True,False,0.0,,,0.0,0.0,0.0,0.0,0.0,0.0,0.0,0.0,0.0,0.0,-0.0,-0.0,-0.0,-0.0,0.0,0.0,0.0,0.0,0.0,29.699999999996948
26.7,28.75,-0.17999999999999972,-0.14999999999999858,1.0767790262172285,1.0,1.076156623166679,1.0,1.076081696466748,1.0,28.731381295662167,28.75,0.0053804084823337395,0.005,28.726000887179833,28.745,28.736761704144502,28.755,28.736761704144502,28.745,0.008238295855498734,0.0002865494210608255,FALN,ANGL,2026-03-18,False,3743.0,3478.0,0.0,0.0,,,0.0,0.0,0.0,False,True,False,0.0,,,0.0,0.0,0.0,0.0,0.0,0.0,0.0,0.0,0.0,0.0,-0.0,-0.0,-0.0,-0.0,0.0,-0.0,-0.0,0.0,0.0,29.699999999996948
26.78,28.8,0.08000000000000185,0.05000000000000071,1.075429424943988,1.0,1.076130626059448,1.0,1.076156623166679,1.0,28.819474368403664,28.8,0.005380783115833395,0.005,28.814093585287832,28.795,28.824855151519497,28.805,28.805,28.814093585287832,0.00909358528783244,0.0003157494891608486,ANGL,FALN,2026-03-19,False,3736.0,3472.0,0.0,0.0,,,0.0,0.0,0.0,False,True,False,0.0,,,0.0,0.0,0.0,0.0,0.0,0.0,0.0,0.0,0.0,0.0,-0.0,-0.0,-0.0,-0.0,0.0,0.0,0.0,0.0,0.0,29.699999999996948
26.46,28.46,-0.3200000000000003,-0.33999999999999986,1.0755857898715042,1.0,1.0760929835703894,1.0,1.076130626059448,1.0,28.474416365533,28.46,0.005380653130297241,0.005,28.4690357124027,28.455000000000002,28.479797018663298,28.465,28.465,28.4690357124027,0.004035712402700398,0.0001418029656605902,ANGL,FALN,2026-03-20,False,3782.0,3514.0,0.0,0.0,,,0.0,0.0,0.0,False,True,False,0.0,,,0.0,0.0,0.0,0.0,0.0,0.0,0.0,0.0,0.0,0.0,-0.0,-0.0,-0.0,-0.0,0.0,-0.0,-0.0,0.0,0.0,29.699999999996948
26.68,28.67,0.21999999999999886,0.21000000000000085,1.0745877061469267,1.0,1.0760180210516488,1.0,1.0760929835703894,1.0,28.710160801657988,28.67,0.005380464917851947,0.005,28.704780336740136,28.665000000000003,28.71554126657584,28.675,28.675,28.704780336740136,0.029780336740135027,0.0010387281737054422,ANGL,FALN,2026-03-23,False,3753.0,3488.0,0.0,0.0,,,0.0,0.0,0.0,False,True,False,0.0,,,0.0,0.0,0.0,0.0,0.0,0.0,0.0,0.0,0.0,0.0,-0.0,-0.0,-0.0,-0.0,0.0,0.0,0.0,0.0,0.0,29.699999999996948
26.62,28.59,-0.05999999999999872,-0.08000000000000185,1.0740045078888054,1.0,1.075894397225357,1.0,1.0760180210516488,1.0,28.643599720394892,28.59,0.005380090105258244,0.005,28.638219630289633,28.585,28.64897981050015,28.595,28.595,28.638219630289633,0.04321963028963438,0.0015117044522432452,ANGL,FALN,2026-03-24,False,3764.0,3498.0,0.0,0.0,,,0.0,0.0,0.0,False,True,False,0.0,,,0.0,0.0,0.0,0.0,0.0,0.0,0.0,0.0,0.0,0.0,-0.0,-0.0,-0.0,-0.0,0.0,-0.0,-0.0,0.0,0.0,29.699999999996948
26.74,28.73,0.11999999999999744,0.14000000000000057,1.074420344053852,1.0,1.0758319242035745,1.0,1.075894397225357,1.0,28.769416181806044,28.73,0.005379471986126785,0.005,28.764036709819916,28.725,28.77479565379217,28.735,28.735,28.764036709819916,0.02903670981991624,0.0010106755941495385,ANGL,FALN,2026-03-25,False,3745.0,3481.0,0.0,0.0,,,0.0,0.0,0.0,False,True,False,0.0,,,0.0,0.0,0.0,0.0,0.0,0.0,0.0,0.0,0.0,0.0,-0.0,-0.0,-0.0,-0.0,0.0,0.0,0.0,0.0,0.0,29.699999999996948
26.54,28.51,-0.1999999999999993,-0.21999999999999886,1.0742275810097965,1.0,1.0757987301715752,1.0,1.0758319242035745,1.0,28.552579268362866,28.51,0.005379159621017873,0.005,28.547200108741848,28.505000000000003,28.557958427983884,28.515,28.515,28.547200108741848,0.03220010874184709,0.0011294320849472848,ANGL,FALN,2026-03-26,False,3774.0,3508.0,0.0,0.0,,,0.0,0.0,0.0,False,True,False,0.0,,,0.0,0.0,0.0,0.0,0.0,0.0,0.0,0.0,0.0,0.0,-0.0,-0.0,-0.0,-0.0,0.0,-0.0,-0.0,0.0,0.0,29.699999999996948
26.41,28.41,-0.129999999999999,-0.10000000000000142,1.075728890571753,1.0,1.0758492298325533,1.0,1.0757987301715752,1.0,28.4118444638313,28.41,0.005378993650857877,0.005,28.406465470180443,28.405,28.41722345748216,28.415,28.415,28.406465470180443,-0.008534529819556269,-0.0003004058366616075,ANGL,FALN,2026-03-27,False,3787.0,3520.0,0.0,0.0,,,0.0,0.0,0.0,False,True,False,0.0,,,0.0,0.0,0.0,0.0,0.0,0.0,0.0,0.0,0.0,0.0,-0.0,-0.0,-0.0,-0.0,0.0,-0.0,-0.0,0.0,0.0,29.699999999996948
26.45,28.42,0.03999999999999915,0.010000000000001563,1.0744801512287336,1.0,1.0756821157279322,1.0,1.0758492298325533,1.0,28.456212129071034,28.42,0.005379246149162766,0.005,28.450832882921873,28.415000000000003,28.461591375220195,28.425,28.425,28.450832882921873,0.025832882921871914,0.0009089684349708625,ANGL,FALN,2026-03-30,False,3786.0,3519.0,0.0,0.0,,,0.0,0.0,0.0,False,True,False,0.0,,,0.0,0.0,0.0,0.0,0.0,0.0,0.0,0.0,0.0,0.0,-0.0,-0.0,-0.0,-0.0,0.0,0.0,0.0,0.0,0.0,29.699999999996948
26.72,28.72,0.2699999999999996,0.29999999999999716,1.0748502994011977,1.0,1.075586951667511,1.0,1.0756821157279322,1.0,28.742226132250345,28.72,0.005378410578639661,0.005,28.736847721671705,28.715,28.747604542828984,28.724999999999998,28.724999999999998,28.736847721671705,0.011847721671706779,0.0004125251278449436,ANGL,FALN,2026-03-31,False,3746.0,3482.0,0.0,0.0,,,0.0,0.0,0.0,False,True,False,0.0,,,0.0,0.0,0.0,0.0,0.0,0.0,0.0,0.0,0.0,0.0,-0.0,-0.0,-0.0,-0.0,0.0,0.0,0.0,0.0,0.0,29.699999999996948
26.73,28.73,0.010000000000001563,0.010000000000001563,1.0748222970445194,1.0,1.0755227244048449,1.0,1.075586951667511,1.0,28.750439218072568,28.73,0.005377934758337555,0.005,28.745061283314232,28.725,28.755817152830904,28.735,28.735,28.745061283314232,0.010061283314232838,0.0003502012987898656,ANGL,FALN,2026-04-01,True,3744.0,3481.0,0.0,0.0,,,0.0,0.0,0.0,False,True,False,0.0,,,0.0,0.0,0.0,0.0,0.0,0.0,0.0,0.0,0.0,0.0,-0.0,-0.0,-0.0,-0.0,0.0,0.0,0.0,0.0,0.0,29.699999999996948
26.79,28.81,0.05999999999999872,0.0799999999999983,1.0754012691302726,1.0,1.0755414086778352,1.0,1.0755227244048449,1.0,28.81325378680579,28.81,0.0053776136220242245,0.005,28.807876173183768,28.805,28.818631400427815,28.814999999999998,28.814999999999998,28.807876173183768,-0.007123826816229695,-0.00024726924041061074,ANGL,FALN,2026-04-02,False,3733.0,3471.0,0.0,0.0,,,0.0,0.0,0.0,False,True,True,0.0,,,0.0,0.0,0.0,0.0,0.0,0.0,0.0,0.0,0.0,0.0,-0.0,-0.0,-0.0,-0.0,0.0,0.0,0.0,0.0,0.0,29.699999999996948
26.84,28.89,0.05000000000000071,0.08000000000000185,1.0763785394932937,1.0,1.0755241607080965,1.0,1.0755414086778352,1.0,28.8675314089131,28.89,0.005377707043389176,0.005,28.86215370186971,28.885,28.87290911595649,28.895,28.87290911595649,28.885,0.012090884043512773,0.0004185145047944885,FALN,ANGL,2026-04-06,False,3722.0,3461.0,0.0,0.0,,,0.0,0.0,0.0,False,True,False,0.0,,,0.0,0.0,0.0,0.0,0.0,0.0,0.0,0.0,0.0,0.0,-0.0,-0.0,-0.0,-0.0,0.0,0.0,0.0,0.0,0.0,29.699999999996948
26.88,28.94,0.03999999999999915,0.05000000000000071,1.0766369047619049,1.0,1.075576507421118,1.0,1.0755241607080965,1.0,28.910089439833634,28.94,0.005377620803540483,0.005,28.904711819030094,28.935000000000002,28.915467060637173,28.945,28.915467060637173,28.935000000000002,0.019532939362829183,0.0006749460733527706,FALN,ANGL,2026-04-07,False,3716.0,3455.0,0.0,0.0,,,0.0,0.0,0.0,False,True,False,0.0,,,0.0,0.0,0.0,0.0,0.0,0.0,0.0,0.0,0.0,0.0,-0.0,-0.0,-0.0,-0.0,0.0,0.0,0.0,0.0,0.0,29.699999999996948
27.08,29.14,0.1999999999999993,0.1999999999999993,1.0760709010339735,1.0,1.075573696227436,1.0,1.075576507421118,1.0,29.126611820963877,29.14,0.0053778825371055905,0.005,29.121233938426773,29.135,29.13198970350098,29.145,29.13198970350098,29.135,0.003010296499020626,0.00010330461561498373,FALN,ANGL,2026-04-08,False,3691.0,3432.0,0.0,0.0,,,0.0,0.0,0.0,False,True,False,0.0,,,0.0,0.0,0.0,0.0,0.0,0.0,0.0,0.0,0.0,0.0,-0.0,-0.0,-0.0,-0.0,0.0,0.0,0.0,0.0,0.0,29.699999999996948
27.13,29.19,0.05000000000000071,0.05000000000000071,1.0759307040176926,1.0,1.0755497566508727,1.0,1.075573696227436,1.0,29.180314378650337,29.19,0.0053778684811371805,0.005,29.1749365101692,29.185000000000002,29.185692247131474,29.195,29.185692247131474,29.185000000000002,-0.0006922471314716461,-2.371521519258808e-05,FALN,ANGL,2026-04-09,False,3685.0,3426.0,0.0,0.0,,,0.0,0.0,0.0,False,True,False,0.0,,,0.0,0.0,0.0,0.0,0.0,0.0,0.0,0.0,0.0,0.0,-0.0,-0.0,-0.0,-0.0,0.0,0.0,0.0,0.0,0.0,29.699999999996948
27.04,29.13,-0.08999999999999986,-0.060000000000002274,1.077292899408284,1.0,1.075545242742782,1.0,1.0755497566508727,1.0,29.082865419839596,29.13,0.005377748783254364,0.005,29.077487671056343,29.125,29.08824316862285,29.134999999999998,29.08824316862285,29.125,0.03675683137715069,0.0012618205072828935,FALN,ANGL,2026-04-10,False,3692.0,3433.0,0.0,0.0,,,0.0,0.0,0.0,False,True,False,0.0,,,0.0,0.0,0.0,0.0,0.0,0.0,0.0,0.0,0.0,0.0,-0.0,-0.0,-0.0,-0.0,0.0,-0.0,-0.0,0.0,0.0,29.699999999996948
27.14,29.23,0.10000000000000142,0.10000000000000142,1.0770081061164334,1.0,1.075532182182137,1.0,1.075545242742782,1.0,29.190297888039105,29.23,0.0053777262137139105,0.005,29.184920161825392,29.225,29.195675614252817,29.235,29.195675614252817,29.225,0.029324385747184323,0.001003229071063439,FALN,ANGL,2026-04-13,False,3679.0,3421.0,0.0,0.0,,,0.0,0.0,0.0,False,True,False,0.0,,,0.0,0.0,0.0,0.0,0.0,0.0,0.0,0.0,0.0,0.0,-0.0,-0.0,-0.0,-0.0,0.0,0.0,0.0,0.0,0.0,29.699999999996948
27.26,29.34,0.120000000000001,0.10999999999999943,1.0763022743947175,1.0,1.0755543213129344,1.0,1.075532182182137,1.0,29.319007286285057,29.34,0.005377660910910686,0.005,29.313629625374148,29.335,29.324384947195966,29.345,29.324384947195966,29.335,0.01061505280403452,0.0003617945740979727,FALN,ANGL,2026-04-14,False,3665.0,3408.0,0.0,0.0,,,0.0,0.0,0.0,False,True,False,0.0,,,0.0,0.0,0.0,0.0,0.0,0.0,0.0,0.0,0.0,0.0,-0.0,-0.0,-0.0,-0.0,0.0,0.0,0.0,0.0,0.0,29.699999999996948
27.23,29.32,-0.030000000000001137,-0.019999999999999574,1.0767535806096218,1.0,1.075634559867225,1.0,1.0755543213129344,1.0,29.287344169351204,29.32,0.005377771606564672,0.005,29.28196639774464,29.315,29.29272194095777,29.325,29.29272194095777,29.315,0.022278059042232456,0.0007598246603762775,FALN,ANGL,2026-04-15,False,3669.0,3411.0,0.0,0.0,,,0.0,0.0,0.0,False,True,False,0.0,,,0.0,0.0,0.0,0.0,0.0,0.0,0.0,0.0,0.0,0.0,-0.0,-0.0,-0.0,-0.0,0.0,-0.0,-0.0,0.0,0.0,29.699999999996948
27.17,29.28,-0.05999999999999872,-0.03999999999999915,1.0776591829223408,1.0,1.0756785677024807,1.0,1.075634559867225,1.0,29.224990991592506,29.28,0.005378172799336125,0.005,29.21961281879317,29.275000000000002,29.230369164391842,29.285,29.230369164391842,29.275000000000002,0.04463083560816017,0.0015242771724098417,FALN,ANGL,2026-04-16,False,3673.0,3415.0,0.0,0.0,,,0.0,0.0,0.0,False,True,False,0.0,,,0.0,0.0,0.0,0.0,0.0,0.0,0.0,0.0,0.0,0.0,-0.0,-0.0,-0.0,-0.0,0.0,-0.0,-0.0,0.0,0.0,29.699999999996948
27.29,29.4,0.11999999999999744,0.11999999999999744,1.0773176987907658,1.0,1.0757729813948196,1.0,1.0756785677024807,1.0,29.355268112600697,29.4,0.005378392838512404,0.005,29.349889719762185,29.395,29.36064650543921,29.404999999999998,29.36064650543921,29.395,0.034353494560789954,0.0011684862095506787,FALN,ANGL,2026-04-17,False,3658.0,3401.0,0.0,0.0,,,0.0,0.0,0.0,False,True,False,0.0,,,0.0,0.0,0.0,0.0,0.0,0.0,0.0,0.0,0.0,0.0,-0.0,-0.0,-0.0,-0.0,0.0,0.0,0.0,0.0,0.0,29.699999999996948
27.26,29.36,-0.029999999999997584,-0.03999999999999915,1.0770359501100513,1.0,1.0758454894067468,1.0,1.0757729813948196,1.0,29.325571472822784,29.36,0.005378864906974098,0.005,29.32019260791581,29.355,29.330950337729757,29.365,29.330950337729757,29.355,0.024049662270243743,0.0008191301863162038,FALN,ANGL,2026-04-20,False,3664.0,3406.0,0.0,0.0,,,0.0,0.0,0.0,False,True,False,0.0,,,0.0,0.0,0.0,0.0,0.0,0.0,0.0,0.0,0.0,0.0,-0.0,-0.0,-0.0,-0.0,0.0,-0.0,-0.0,0.0,0.0,29.699999999996948
27.18,29.28,-0.08000000000000185,-0.0799999999999983,1.0772626931567328,1.0,1.075979238757237,1.0,1.0758454894067468,1.0,29.24148040207538,29.28,0.005379227447033734,0.005,29.236101174628345,29.275000000000002,29.24685962952241,29.285,29.24685962952241,29.275000000000002,0.028140370477590437,0.0009610782266936624,FALN,ANGL,2026-04-21,False,3674.0,3415.0,0.0,0.0,,,0.0,0.0,0.0,False,True,False,0.0,,,0.0,0.0,0.0,0.0,0.0,0.0,0.0,0.0,0.0,0.0,-0.0,-0.0,-0.0,-0.0,0.0,-0.0,-0.0,0.0,0.0,29.699999999996948
27.23,29.33,0.05000000000000071,0.04999999999999716,1.0771208226221078,1.0,1.0761350544939021,1.0,1.075979238757237,1.0,29.29891467135957,29.33,0.005379896193786185,0.005,29.29353477516578,29.325,29.304294567553356,29.334999999999997,29.304294567553356,29.325,0.020705432446643357,0.0007059472365033535,FALN,ANGL,2026-04-22,False,3668.0,3409.0,0.0,0.0,,,0.0,0.0,0.0,False,True,False,0.0,,,0.0,0.0,0.0,0.0,0.0,0.0,0.0,0.0,0.0,0.0,-0.0,-0.0,-0.0,-0.0,0.0,0.0,0.0,0.0,0.0,29.699999999996948
27.18,29.29,-0.05000000000000071,-0.03999999999999915,1.0776306107431934,1.0,1.0762955678283694,1.0,1.0761350544939021,1.0,29.24935078114426,29.29,0.005380675272469511,0.005,29.24397010587179,29.285,29.254731456416728,29.294999999999998,29.254731456416728,29.285,0.030268543583272134,0.0010334087942394036,FALN,ANGL,2026-04-23,False,3674.0,3414.0,0.0,0.0,,,0.0,0.0,0.0,False,True,False,0.0,,,0.0,0.0,0.0,0.0,0.0,0.0,0.0,0.0,0.0,0.0,-0.0,-0.0,-0.0,-0.0,0.0,-0.0,-0.0,0.0,0.0,29.699999999996948
27.2,29.29,0.019999999999999574,0.0,1.0768382352941177,1.0,1.0764261005425853,1.0,1.0762955678283694,1.0,29.275239444931646,29.29,0.005381477839141847,0.005,29.269857967092506,29.285,29.280620922770787,29.294999999999998,29.280620922770787,29.285,0.0043790772292133795,0.00014950758720428062,FALN,ANGL,2026-04-24,False,3674.0,3414.0,0.0,0.0,,,0.0,0.0,0.0,False,True,False,0.0,,,0.0,0.0,0.0,0.0,0.0,0.0,0.0,0.0,0.0,0.0,-0.0,-0.0,-0.0,-0.0,0.0,0.0,0.0,0.0,0.0,29.699999999996948
27.22,29.3,0.019999999999999574,0.010000000000001563,1.0764144011756063,1.0,1.076460376072778,1.0,1.0764261005425853,1.0,29.30031845676917,29.3,0.005382130502712927,0.005,29.294936326266455,29.295,29.305700587271883,29.305,29.305,29.295,-0.00999999999999801,-0.00034129692832757713,ANGL,ANGL,2026-04-27,False,3674.0,3413.0,0.0,0.0,,,0.0,0.0,0.0,False,True,False,0.0,,,0.0,0.0,0.0,0.0,0.0,0.0,0.0,0.0,0.0,0.0,-0.0,-0.0,-0.0,-0.0,0.0,0.0,0.0,0.0,0.0,29.699999999996948
27.2,29.27,-0.019999999999999574,-0.030000000000001137,1.0761029411764707,1.0,1.0765415155701648,1.0,1.076460376072778,1.0,29.279722229179562,29.27,0.00538230188036389,0.005,29.2743399272992,29.265,29.285104531059925,29.275,29.275,29.2743399272992,-0.0006600727007999296,-2.2551168459170812e-05,ANGL,FALN,2026-04-28,False,3677.0,3416.0,0.0,0.0,,,0.0,0.0,0.0,False,True,False,0.0,,,0.0,0.0,0.0,0.0,0.0,0.0,0.0,0.0,0.0,0.0,-0.0,-0.0,-0.0,-0.0,0.0,-0.0,-0.0,0.0,0.0,29.699999999996948
27.07,29.17,-0.129999999999999,-0.09999999999999787,1.0775766531215367,1.0,1.0766778332561817,1.0,1.0765415155701648,1.0,29.14197882648436,29.17,0.005382707577850824,0.005,29.13659611890651,29.165000000000003,29.147361534062213,29.175,29.147361534062213,29.165000000000003,0.017638465937789505,0.0006046782974902127,FALN,ANGL,2026-04-29,False,3690.0,3428.0,0.0,0.0,,,0.0,0.0,0.0,False,True,False,0.0,,,0.0,0.0,0.0,0.0,0.0,0.0,0.0,0.0,0.0,0.0,-0.0,-0.0,-0.0,-0.0,0.0,-0.0,-0.0,0.0,0.0,29.699999999996948
27.14,29.26,0.07000000000000028,0.08999999999999986,1.0781134856300663,1.0,1.0768423926854591,1.0,1.0766778332561817,1.0,29.22103639457277,29.26,0.005383389166280909,0.005,29.21565300540649,29.255000000000003,29.22641978373905,29.265,29.22641978373905,29.255000000000003,0.028580216260952085,0.0009767674730332223,FALN,ANGL,2026-04-30,False,3680.0,3418.0,0.0,0.0,,,0.0,0.0,0.0,False,True,False,0.0,,,0.0,0.0,0.0,0.0,0.0,0.0,0.0,0.0,0.0,0.0,-0.0,-0.0,-0.0,-0.0,0.0,0.0,0.0,0.0,0.0,29.699999999996948
27.04,29.14,-0.10000000000000142,-0.120000000000001,1.077662721893491,1.0,1.07695546532362,1.0,1.0768423926854591,1.0,29.117818298214814,29.14,0.005384211963427295,0.005,29.112434086251387,29.135,29.123202510178242,29.145,29.123202510178242,29.135,0.011797489821759655,0.0004048555189347857,FALN,ANGL,2026-05-01,True,3696.0,3432.0,0.0,0.0,,,0.0,0.0,0.0,False,True,False,0.0,,,0.0,0.0,0.0,0.0,0.0,0.0,0.0,0.0,0.0,0.0,-0.0,-0.0,-0.0,-0.0,0.0,-0.0,-0.0,0.0,0.0,29.699999999996948
26.95,29.04,-0.08999999999999986,-0.10000000000000142,1.0775510204081633,1.0,1.0770140893693636,1.0,1.07695546532362,1.0,29.02394979047156,29.04,0.0053847773266181,0.005,29.01856501314494,29.035,29.029334567798177,29.044999999999998,29.029334567798177,29.035,0.005665432201823251,0.0001950906405586519,FALN,ANGL,2026-05-04,False,3709.0,3444.0,0.0,0.0,,,0.0,0.0,0.0,False,True,True,0.0,,,0.0,0.0,0.0,0.0,0.0,0.0,0.0,0.0,0.0,0.0,-0.0,-0.0,-0.0,-0.0,0.0,-0.0,-0.0,0.0,0.0,29.699999999996948
27.03,29.11,0.08000000000000185,0.07000000000000028,1.0769515353311134,1.0,1.077029820897824,1.0,1.0770140893693636,1.0,29.1116908356539,29.11,0.005385070446846818,0.005,29.106305765207054,29.105,29.117075906100744,29.115,29.115,29.106305765207054,-0.0086942347929444,-0.0002986683199225146,ANGL,FALN,2026-05-05,False,3700.0,3435.0,0.0,0.0,,,0.0,0.0,0.0,False,True,False,0.0,,,0.0,0.0,0.0,0.0,0.0,0.0,0.0,0.0,0.0,0.0,-0.0,-0.0,-0.0,-0.0,0.0,0.0,0.0,0.0,0.0,29.699999999996948
27.12,29.21,0.08999999999999986,0.10000000000000142,1.0770648967551621,1.0,1.0770795206838835,1.0,1.077029820897824,1.0,29.209048742748987,29.21,0.00538514910448912,0.005,29.2036635936445,29.205000000000002,29.214433891853474,29.215,29.214433891853474,29.205000000000002,-0.009433891853472431,-0.00032296788269333895,FALN,ANGL,2026-05-06,False,3687.0,3423.0,0.0,0.0,,,0.0,0.0,0.0,False,True,False,0.0,,,0.0,0.0,0.0,0.0,0.0,0.0,0.0,0.0,0.0,0.0,-0.0,-0.0,-0.0,-0.0,0.0,0.0,0.0,0.0,0.0,29.699999999996948
27.04,29.08,-0.08000000000000185,-0.13000000000000256,1.0754437869822484,1.0,1.077055174832111,1.0,1.0770795206838835,1.0,29.124230239292206,29.08,0.005385397603419418,0.005,29.118844841688787,29.075,29.129615636895625,29.084999999999997,29.084999999999997,29.118844841688787,0.033844841688789984,0.0011638528778813613,ANGL,FALN,2026-05-07,False,3704.0,3439.0,0.0,0.0,,,0.0,0.0,0.0,False,True,False,0.0,,,0.0,0.0,0.0,0.0,0.0,0.0,0.0,0.0,0.0,0.0,-0.0,-0.0,-0.0,-0.0,0.0,-0.0,-0.0,0.0,0.0,29.699999999996948
27.13,29.17,0.08999999999999986,0.09000000000000341,1.07519351271655,1.0,1.0769502054975246,1.0,1.077055174832111,1.0,29.22050689319517,29.17,0.005385275874160556,0.005,29.21512161732101,29.165000000000003,29.225892169069333,29.175,29.175,29.21512161732101,0.040121617321009495,0.001375441114878625,ANGL,FALN,2026-05-08,False,3692.0,3428.0,0.0,0.0,,,0.0,0.0,0.0,False,True,False,0.0,,,0.0,0.0,0.0,0.0,0.0,0.0,0.0,0.0,0.0,0.0,-0.0,-0.0,-0.0,-0.0,0.0,0.0,0.0,0.0,0.0,29.699999999996948
27.04,29.09,-0.08999999999999986,-0.08000000000000185,1.0758136094674557,1.0,1.0768904806650756,1.0,1.0769502054975246,1.0,29.120733556653065,29.09,0.005384751027487623,0.005,29.115348805625576,29.085,29.126118307680553,29.095,29.095,29.115348805625576,0.02034880562557717,0.0006995120531308756,ANGL,FALN,2026-05-11,False,3703.0,3438.0,0.0,0.0,,,0.0,0.0,0.0,False,True,False,0.0,,,0.0,0.0,0.0,0.0,0.0,0.0,0.0,0.0,0.0,0.0,-0.0,-0.0,-0.0,-0.0,0.0,-0.0,-0.0,0.0,0.0,29.699999999996948
26.98,29.02,-0.05999999999999872,-0.07000000000000028,1.0756115641215716,1.0,1.0768559451514184,1.0,1.0768904806650756,1.0,29.05450516834374,29.02,0.005384452403325378,0.005,29.049120715940415,29.015,29.059889620747068,29.025,29.025,29.049120715940415,0.024120715940416204,0.0008311756009791938,ANGL,FALN,2026-05-12,False,3711.0,3446.0,0.0,0.0,,,0.0,0.0,0.0,False,True,False,0.0,,,0.0,0.0,0.0,0.0,0.0,0.0,0.0,0.0,0.0,0.0,-0.0,-0.0,-0.0,-0.0,0.0,-0.0,-0.0,0.0,0.0,29.699999999996948
26.96,29.01,-0.019999999999999574,-0.00999999999999801,1.0760385756676558,1.0,1.0768201949043201,1.0,1.0768559451514184,1.0,29.032036281282238,29.01,0.005384279725757092,0.005,29.02665200155648,29.005000000000003,29.037420561007995,29.015,29.015,29.02665200155648,0.01165200155648094,0.0004016546555146825,ANGL,FALN,2026-05-13,False,3712.0,3447.0,0.0,0.0,,,0.0,0.0,0.0,False,True,False,0.0,,,0.0,0.0,0.0,0.0,0.0,0.0,0.0,0.0,0.0,0.0,-0.0,-0.0,-0.0,-0.0,0.0,-0.0,-0.0,0.0,0.0,29.699999999996948
26.96,29.01,0.0,0.0,1.0760385756676558,1.0,1.0767391645415858,1.0,1.0768201949043201,1.0,29.03107245462047,29.01,0.005384100974521601,0.005,29.02568835364595,29.005000000000003,29.03645655559499,29.015,29.015,29.02568835364595,0.010688353645949888,0.00036843687162874486,ANGL,FALN,2026-05-14,False,3712.0,3447.0,0.0,0.0,,,0.0,0.0,0.0,False,True,False,0.0,,,0.0,0.0,0.0,0.0,0.0,0.0,0.0,0.0,0.0,0.0,-0.0,-0.0,-0.0,-0.0,0.0,0.0,0.0,0.0,0.0,29.699999999996948
26.8,28.82,-0.16000000000000014,-0.19000000000000128,1.0753731343283581,1.0,1.0766419363184654,1.0,1.0767391645415858,1.0,28.8566096097145,28.82,0.0053836958227079295,0.005,28.851225913891792,28.815,28.861993305537208,28.825,28.825,28.851225913891792,0.02622591389179263,0.0009099900725812848,ANGL,FALN,2026-05-15,False,3736.0,3470.0,0.0,0.0,,,0.0,0.0,0.0,False,True,False,0.0,,,0.0,0.0,0.0,0.0,0.0,0.0,0.0,0.0,0.0,0.0,-0.0,-0.0,-0.0,-0.0,0.0,-0.0,-0.0,0.0,0.0,29.699999999996948
26.82,28.84,0.019999999999999574,0.019999999999999574,1.075316927665921,1.0,1.076555985196259,1.0,1.0766419363184654,1.0,28.875536732061242,28.84,0.005383209681592327,0.005,28.87015352237965,28.835,28.880919941742835,28.845,28.845,28.87015352237965,0.025153522379650184,0.0008721748397936957,ANGL,FALN,2026-05-18,False,3733.0,3467.0,0.0,0.0,,,0.0,0.0,0.0,False,True,False,0.0,,,0.0,0.0,0.0,0.0,0.0,0.0,0.0,0.0,0.0,0.0,-0.0,-0.0,-0.0,-0.0,0.0,0.0,0.0,0.0,0.0,29.699999999996948
26.73,28.75,-0.08999999999999986,-0.08999999999999986,1.0755705200149643,1.0,1.0764713765391705,1.0,1.076555985196259,1.0,28.776341484296,28.75,0.005382779925981295,0.005,28.77095870437002,28.745,28.78172426422198,28.755,28.755,28.77095870437002,0.015958704370021337,0.0005550853693920465,ANGL,FALN,2026-05-19,False,3744.0,3478.0,0.0,0.0,,,0.0,0.0,0.0,False,True,False,0.0,,,0.0,0.0,0.0,0.0,0.0,0.0,0.0,0.0,0.0,0.0,-0.0,-0.0,-0.0,-0.0,0.0,-0.0,-0.0,0.0,0.0,29.699999999996948
26.93,28.92,0.1999999999999993,0.1700000000000017,1.0738952840698106,1.0,1.0763100996115555,1.0,1.0764713765391705,1.0,28.98937417019986,28.92,0.005382356882695853,0.005,28.983991813317164,28.915000000000003,28.994756527082554,28.925,28.925,28.983991813317164,0.05899181331716363,0.0020398275697497796,ANGL,FALN,2026-05-20,False,3722.0,3458.0,0.0,0.0,,,0.0,0.0,0.0,True,False,False,1.0,ANGL,FALN,-3722.0,3458.0,0.0,0.0,0.0,0.0,-3722.0,3458.0,0.0,3458.0,3722.0,-0.0,-18.61,-17.29,-35.9,0.0,0.0,0.0,-35.9,-6.200000000003051
26.98,29.0,0.05000000000000071,0.0799999999999983,1.0748702742772425,1.0,1.0761720827882582,1.0,1.0763100996115555,1.0,29.03884648751977,29.0,0.005381550498057778,0.005,29.033464937021712,28.995,29.044228038017827,29.005,29.005,29.033464937021712,0.028464937021713155,0.0009815495524728673,ANGL,FALN,2026-05-21,False,3711.0,3448.0,-3722.0,3458.0,ANGL,FALN,0.028464937021713155,0.0009815495524728673,1.0,False,True,False,0.0,,,0.0,0.0,-100233.45999999999,100005.36,200238.82,-228.09999999999127,3722.0,-3458.0,3722.0,0.0,-0.0,3458.0,-18.61,-17.29,-35.9,-186.10000000000264,276.6399999999941,90.53999999999144,54.63999999999144,48.43999999998839
27.02,29.03,0.03999999999999915,0.030000000000001137,1.0743893412287195,1.0,1.0760496380849882,1.0,1.0761720827882582,1.0,29.078169676938735,29.03,0.005380860413941291,0.005,29.072788816524795,29.025000000000002,29.083550537352675,29.035,29.035,29.072788816524795,0.037788816524795266,0.0013017160359901916,ANGL,FALN,2026-05-22,False,3707.0,3445.0,0.0,0.0,,,0.0,0.0,0.0,False,True,False,0.0,,,0.0,0.0,0.0,0.0,0.0,0.0,0.0,0.0,0.0,0.0,-0.0,-0.0,-0.0,-0.0,0.0,0.0,0.0,0.0,0.0,48.43999999998839
27.06,29.11,0.03999999999999915,0.0799999999999983,1.0757575757575757,1.0,1.0760167968140866,1.0,1.0760496380849882,1.0,29.11790320657978,29.11,0.005380248190424941,0.005,29.112522958389356,29.105,29.123283454770203,29.115,29.115,29.112522958389356,-0.0024770416106427717,-8.509246343671494e-05,ANGL,FALN,2026-05-26,False,3696.0,3435.0,0.0,0.0,,,0.0,0.0,0.0,False,True,False,0.0,,,0.0,0.0,0.0,0.0,0.0,0.0,0.0,0.0,0.0,0.0,-0.0,-0.0,-0.0,-0.0,0.0,0.0,0.0,0.0,0.0,48.43999999998839
27.08,29.12,0.019999999999999574,0.010000000000001563,1.0753323485967505,1.0,1.0759782671851006,1.0,1.0760167968140866,1.0,29.138534857725464,29.12,0.005380083984070433,0.005,29.133154773741392,29.115000000000002,29.143914941709536,29.125,29.125,29.133154773741392,0.008154773741392063,0.00028004030705329887,ANGL,FALN,2026-05-27,False,3695.0,3434.0,0.0,0.0,,,0.0,0.0,0.0,False,True,False,0.0,,,0.0,0.0,0.0,0.0,0.0,0.0,0.0,0.0,0.0,0.0,-0.0,-0.0,-0.0,-0.0,0.0,0.0,0.0,0.0,0.0,48.43999999998839
27.11,29.14,0.030000000000001137,0.019999999999999574,1.0748801180376246,1.0,1.075843440430905,1.0,1.0759782671851006,1.0,29.169770823388077,29.14,0.005379891335925503,0.005,29.164390932052154,29.135,29.175150714724,29.145,29.145,29.164390932052154,0.01939093205215414,0.0006654403586875134,ANGL,FALN,2026-05-28,False,3693.0,3432.0,0.0,0.0,,,0.0,0.0,0.0,False,True,False,0.0,,,0.0,0.0,0.0,0.0,0.0,0.0,0.0,0.0,0.0,0.0,-0.0,-0.0,-0.0,-0.0,0.0,0.0,0.0,0.0,0.0,48.43999999998839
27.2,29.23,0.08999999999999986,0.08999999999999986,1.0746323529411765,1.0,1.0756693837964604,1.0,1.075843440430905,1.0,29.262941579720614,29.23,0.005379217202154525,0.005,29.25756236251846,29.225,29.26832079692277,29.235,29.235,29.25756236251846,0.022562362518460333,0.0007718906095949481,ANGL,FALN,2026-05-29,False,3680.0,3421.0,0.0,0.0,,,0.0,0.0,0.0,False,True,False,0.0,,,0.0,0.0,0.0,0.0,0.0,0.0,0.0,0.0,0.0,0.0,-0.0,-0.0,-0.0,-0.0,0.0,0.0,0.0,0.0,0.0,48.43999999998839
27.04,29.06,-0.16000000000000014,-0.1700000000000017,1.0747041420118344,1.0,1.0755214548023777,1.0,1.0756693837964604,1.0,29.08610013785629,29.06,0.005378346918982302,0.005,29.080721790937307,29.055,29.09147848477527,29.064999999999998,29.064999999999998,29.080721790937307,0.01572179093730952,0.0005410113880698391,ANGL,FALN,2026-06-01,True,3701.0,3441.0,0.0,0.0,,,0.0,0.0,0.0,False,True,False,0.0,,,0.0,0.0,0.0,0.0,0.0,0.0,0.0,0.0,0.0,0.0,-0.0,-0.0,-0.0,-0.0,0.0,-0.0,-0.0,0.0,0.0,48.43999999998839
27.04,29.09,0.0,0.030000000000001137,1.0758136094674557,1.0,1.0754345842553423,1.0,1.0755214548023777,1.0,29.082100137856294,29.09,0.005377607274011888,0.005,29.07672253058228,29.085,29.087477745130307,29.095,29.087477745130307,29.085,-0.00247774513030663,-8.517515057774596e-05,FALN,ANGL,2026-06-02,False,3698.0,3438.0,0.0,0.0,,,0.0,0.0,0.0,False,True,True,0.0,,,0.0,0.0,0.0,0.0,0.0,0.0,0.0,0.0,0.0,0.0,-0.0,-0.0,-0.0,-0.0,0.0,0.0,0.0,0.0,0.0,48.43999999998839
26.98,29.03,-0.05999999999999872,-0.05999999999999872,1.075982209043736,1.0,1.0753861179409734,1.0,1.0754345842553423,1.0,29.015225083209135,29.03,0.0053771729212767115,0.005,29.009847910287856,29.025000000000002,29.020602256130413,29.035,29.020602256130413,29.025000000000002,0.004397743869589021,0.00015148962692349368,FALN,ANGL,2026-06-03,False,3705.0,3445.0,0.0,0.0,,,0.0,0.0,0.0,False,True,False,0.0,,,0.0,0.0,0.0,0.0,0.0,0.0,0.0,0.0,0.0,0.0,-0.0,-0.0,-0.0,-0.0,0.0,-0.0,-0.0,0.0,0.0,48.43999999998839
27.03,29.09,0.05000000000000071,0.05999999999999872,1.0762116167221605,1.0,1.0753434539393234,1.0,1.0753861179409734,1.0,29.06768676794451,29.09,0.005376930589704867,0.005,29.062309837354807,29.085,29.073063698534217,29.095,29.073063698534217,29.085,0.011936301465784283,0.00041032318548588114,FALN,ANGL,2026-06-04,False,3697.0,3438.0,0.0,0.0,,,0.0,0.0,0.0,False,True,False,0.0,,,0.0,0.0,0.0,0.0,0.0,0.0,0.0,0.0,0.0,0.0,-0.0,-0.0,-0.0,-0.0,0.0,0.0,0.0,0.0,0.0,48.43999999998839
26.89,28.94,-0.14000000000000057,-0.14999999999999858,1.0762365191521013,1.0,1.0753830905478161,1.0,1.0753434539393234,1.0,28.915985476428407,28.94,0.005376717269696617,0.005,28.91060875915871,28.935000000000002,28.921362193698105,28.945,28.921362193698105,28.935000000000002,0.01363780630189737,0.00047124417076355803,FALN,ANGL,2026-06-05,False,3715.0,3455.0,0.0,0.0,,,0.0,0.0,0.0,False,True,False,0.0,,,0.0,0.0,0.0,0.0,0.0,0.0,0.0,0.0,0.0,0.0,-0.0,-0.0,-0.0,-0.0,0.0,-0.0,-0.0,0.0,0.0,48.43999999998839
26.91,28.95,0.019999999999999574,0.00999999999999801,1.075808249721293,1.0,1.0754138273980531,1.0,1.0753830905478161,1.0,28.938558966641732,28.95,0.005376915452739081,0.005,28.933182051188993,28.945,28.943935882094472,28.955,28.943935882094472,28.945,0.0010641179055284056,3.675709518232835e-05,FALN,ANGL,2026-06-08,False,3714.0,3454.0,0.0,0.0,,,0.0,0.0,0.0,False,True,False,0.0,,,0.0,0.0,0.0,0.0,0.0,0.0,0.0,0.0,0.0,0.0,-0.0,-0.0,-0.0,-0.0,0.0,0.0,0.0,0.0,0.0,48.43999999998839
26.97,29.0,0.05999999999999872,0.05000000000000071,1.0752688172043012,1.0,1.0753865877848954,1.0,1.0754138273980531,1.0,29.003910924925492,29.0,0.005377069136990265,0.005,28.9985338557885,28.995,29.009287994062483,29.005,29.005,28.9985338557885,-0.006466144211497493,-0.00022297049005163768,ANGL,FALN,2026-06-09,False,3708.0,3448.0,0.0,0.0,,,0.0,0.0,0.0,False,True,False,0.0,,,0.0,0.0,0.0,0.0,0.0,0.0,0.0,0.0,0.0,0.0,-0.0,-0.0,-0.0,-0.0,0.0,0.0,0.0,0.0,0.0,48.43999999998839
26.89,28.92,-0.0799999999999983,-0.0799999999999983,1.0754927482335441,1.0,1.075380646990494,1.0,1.0753865877848954,1.0,28.917145345535836,28.92,0.005376932938924477,0.005,28.91176841259691,28.915000000000003,28.922522278474762,28.925,28.922522278474762,28.915000000000003,-0.007522278474759503,-0.00026010644795157337,FALN,ANGL,2026-06-10,False,3719.0,3458.0,0.0,0.0,,,0.0,0.0,0.0,False,True,False,0.0,,,0.0,0.0,0.0,0.0,0.0,0.0,0.0,0.0,0.0,0.0,-0.0,-0.0,-0.0,-0.0,0.0,-0.0,-0.0,0.0,0.0,48.43999999998839
27.08,29.11,0.18999999999999773,0.18999999999999773,1.074963072378139,1.0,1.0753268718260183,1.0,1.075380646990494,1.0,29.121307920502577,29.11,0.00537690323495247,0.005,29.115931017267624,29.105,29.12668482373753,29.115,29.115,29.115931017267624,0.0009310172676251227,3.1982729908111396e-05,ANGL,FALN,2026-06-11,False,3694.0,3435.0,0.0,0.0,,,0.0,0.0,0.0,False,True,False,0.0,,,0.0,0.0,0.0,0.0,0.0,0.0,0.0,0.0,0.0,0.0,-0.0,-0.0,-0.0,-0.0,0.0,0.0,0.0,0.0,0.0,48.43999999998839
27.09,29.12,0.010000000000001563,0.010000000000001563,1.074935400516796,1.0,1.0752717130684752,1.0,1.0753268718260183,1.0,29.130604957766835,29.12,0.005376634359130091,0.005,29.125228323407704,29.115000000000002,29.135981592125965,29.125,29.125,29.125228323407704,0.00022832340770406745,7.840776363463854e-06,ANGL,FALN,2026-06-12,False,3693.0,3434.0,0.0,0.0,,,0.0,0.0,0.0,False,True,False,0.0,,,0.0,0.0,0.0,0.0,0.0,0.0,0.0,0.0,0.0,0.0,-0.0,-0.0,-0.0,-0.0,0.0,0.0,0.0,0.0,0.0,48.43999999998839
27.15,29.18,0.05999999999999872,0.05999999999999872,1.0747697974217312,1.0,1.0752415462231437,1.0,1.0752717130684752,1.0,29.193627009809102,29.18,0.0053763585653423766,0.005,29.18825065124376,29.175,29.199003368374445,29.185,29.185,29.18825065124376,0.0032506512437606716,0.00011139997408364193,ANGL,FALN,2026-06-15,False,3685.0,3427.0,0.0,0.0,,,0.0,0.0,0.0,False,True,False,0.0,,,0.0,0.0,0.0,0.0,0.0,0.0,0.0,0.0,0.0,0.0,-0.0,-0.0,-0.0,-0.0,0.0,0.0,0.0,0.0,0.0,48.43999999998839
27.17,29.18,0.020000000000003126,0.0,1.0739786529260213,1.0,1.0751746324861489,1.0,1.0752415462231437,1.0,29.214312810882817,29.18,0.005376207731115718,0.005,29.208936603151702,29.175,29.21968901861393,29.185,29.185,29.208936603151702,0.02393660315170365,0.0008203085384408379,ANGL,FALN,2026-06-16,False,3685.0,3427.0,0.0,0.0,,,0.0,0.0,0.0,False,True,False,0.0,,,0.0,0.0,0.0,0.0,0.0,0.0,0.0,0.0,0.0,0.0,-0.0,-0.0,-0.0,-0.0,0.0,0.0,0.0,0.0,0.0,48.43999999998839
27.1,29.09,-0.07000000000000028,-0.08999999999999986,1.0734317343173432,1.0,1.075067693201268,1.0,1.0751746324861489,1.0,29.137232540374637,29.09,0.005375873162430745,0.005,29.131856667212205,29.085,29.14260841353707,29.095,29.095,29.131856667212205,0.03685666721220571,0.0012669875287798454,ANGL,FALN,2026-06-17,False,3696.0,3438.0,0.0,0.0,,,0.0,0.0,0.0,False,True,False,0.0,,,0.0,0.0,0.0,0.0,0.0,0.0,0.0,0.0,0.0,0.0,-0.0,-0.0,-0.0,-0.0,0.0,-0.0,-0.0,0.0,0.0,48.43999999998839
27.19,29.18,0.08999999999999986,0.08999999999999986,1.0731886723059947,1.0,1.075032362613077,1.0,1.075067693201268,1.0,29.231090578142478,29.18,0.00537533846600634,0.005,29.22571523967647,29.175,29.236465916608484,29.185,29.185,29.22571523967647,0.04071523967647295,0.001395313217151232,ANGL,FALN,2026-06-18,False,3684.0,3427.0,0.0,0.0,,,0.0,0.0,0.0,False,True,False,0.0,,,0.0,0.0,0.0,0.0,0.0,0.0,0.0,0.0,0.0,0.0,-0.0,-0.0,-0.0,-0.0,0.0,0.0,0.0,0.0,0.0,48.43999999998839
27.16,29.17,-0.030000000000001137,-0.00999999999999801,1.0740058910162003,1.0,1.074989143450025,1.0,1.075032362613077,1.0,29.197878968571175,29.17,0.005375161813065386,0.005,29.192503806758108,29.165000000000003,29.20325413038424,29.175,29.175,29.192503806758108,0.017503806758107032,0.0006000619389135081,ANGL,FALN,2026-06-22,False,3685.0,3428.0,0.0,0.0,,,0.0,0.0,0.0,False,True,False,0.0,,,0.0,0.0,0.0,0.0,0.0,0.0,0.0,0.0,0.0,0.0,-0.0,-0.0,-0.0,-0.0,0.0,-0.0,-0.0,0.0,0.0,48.43999999998839
27.16,29.15,0.0,-0.020000000000003126,1.0732695139911634,1.0,1.0749331520881473,1.0,1.074989143450025,1.0,29.19670513610268,29.15,0.005374945717250125,0.005,29.19133019038543,29.145,29.20208008181993,29.154999999999998,29.154999999999998,29.19133019038543,0.03633019038543139,0.001246318709620288,ANGL,FALN,2026-06-23,False,3688.0,3431.0,0.0,0.0,,,0.0,0.0,0.0,False,True,False,0.0,,,0.0,0.0,0.0,0.0,0.0,0.0,0.0,0.0,0.0,0.0,-0.0,-0.0,-0.0,-0.0,0.0,0.0,-0.0,0.0,0.0,48.43999999998839
27.18,29.19,0.019999999999999574,0.0400000000000027,1.0739514348785872,1.0,1.0748428450441978,1.0,1.0749331520881473,1.0,29.216683073755846,29.19,0.005374665760440737,0.005,29.211308407995404,29.185000000000002,29.222057739516288,29.195,29.195,29.211308407995404,0.01630840799540323,0.0005586984582186785,ANGL,FALN,2026-06-24,False,3683.0,3426.0,0.0,0.0,,,0.0,0.0,0.0,False,True,False,0.0,,,0.0,0.0,0.0,0.0,0.0,0.0,0.0,0.0,0.0,0.0,-0.0,-0.0,-0.0,-0.0,0.0,0.0,0.0,0.0,0.0,48.43999999998839
27.22,29.24,0.03999999999999915,0.04999999999999716,1.0742101396032329,1.0,1.074786734594522,1.0,1.0748428450441978,1.0,29.25722224210306,29.24,0.005374214225220989,0.005,29.25184802787784,29.235,29.262596456328282,29.244999999999997,29.244999999999997,29.25184802787784,0.006848027877843776,0.00023420067981681864,ANGL,FALN,2026-06-25,False,3676.0,3420.0,0.0,0.0,,,0.0,0.0,0.0,False,True,False,0.0,,,0.0,0.0,0.0,0.0,0.0,0.0,0.0,0.0,0.0,0.0,-0.0,-0.0,-0.0,-0.0,0.0,0.0,0.0,0.0,0.0,48.43999999998839
27.19,29.22,-0.029999999999997584,-0.019999999999999574,1.0746598013975726,1.0,1.074775718762519,1.0,1.074786734594522,1.0,29.223451313625052,29.22,0.00537393367297261,0.005,29.218077379952078,29.215,29.228825247298026,29.224999999999998,29.224999999999998,29.218077379952078,-0.006922620047919992,-0.00023691375934017768,ANGL,FALN,2026-06-26,False,3678.0,3422.0,0.0,0.0,,,0.0,0.0,0.0,False,True,False,0.0,,,0.0,0.0,0.0,0.0,0.0,0.0,0.0,0.0,0.0,0.0,-0.0,-0.0,-0.0,-0.0,0.0,-0.0,-0.0,0.0,0.0,48.43999999998839
27.23,29.25,0.03999999999999915,0.030000000000001137,1.074182886522218,1.0,1.0747532454415714,1.0,1.074775718762519,1.0,29.266142821903394,29.25,0.005373878593812596,0.005,29.260768943309582,29.245,29.271516700497205,29.255,29.255,29.260768943309582,0.005768943309583108,0.00019722883109685838,ANGL,FALN,2026-06-29,False,3675.0,3419.0,0.0,0.0,,,0.0,0.0,0.0,False,True,False,0.0,,,0.0,0.0,0.0,0.0,0.0,0.0,0.0,0.0,0.0,0.0,-0.0,-0.0,-0.0,-0.0,0.0,0.0,0.0,0.0,0.0,48.43999999998839
27.24,29.24,0.00999999999999801,-0.010000000000001563,1.0734214390602055,1.0,1.0746891102939897,1.0,1.0747532454415714,1.0,29.276278405828403,29.24,0.005373766227207857,0.005,29.270904639601195,29.235,29.28165217205561,29.244999999999997,29.244999999999997,29.270904639601195,0.025904639601197488,0.0008859315869082588,ANGL,FALN,2026-06-30,False,3676.0,3420.0,0.0,0.0,,,0.0,0.0,0.0,False,True,False,0.0,,,0.0,0.0,0.0,0.0,0.0,0.0,0.0,0.0,0.0,0.0,-0.0,-0.0,-0.0,-0.0,0.0,0.0,-0.0,0.0,0.0,48.43999999998839
27.12,29.11,-0.11999999999999744,-0.129999999999999,1.0733775811209438,1.0,1.0745673088766643,1.0,1.0746891102939897,1.0,29.145568671173002,29.11,0.005373445551469949,0.005,29.140195225621532,29.105,29.150942116724472,29.115,29.115,29.140195225621532,0.02519522562153398,0.0008655178846284431,ANGL,FALN,2026-07-01,True,3692.0,3435.0,0.0,0.0,,,0.0,0.0,0.0,False,True,False,0.0,,,0.0,0.0,0.0,0.0,0.0,0.0,0.0,0.0,0.0,0.0,-0.0,-0.0,-0.0,-0.0,0.0,-0.0,-0.0,0.0,0.0,48.43999999998839
27.17,29.16,0.05000000000000071,0.05000000000000071,1.0732425469267575,1.0,1.0744303257708154,1.0,1.0745673088766643,1.0,29.19599378217897,29.16,0.005372836544383321,0.005,29.19062094563459,29.155,29.201366618723352,29.165,29.165,29.19062094563459,0.025620945634589276,0.0008786332522149957,ANGL,FALN,2026-07-02,False,3685.0,3429.0,0.0,0.0,,,0.0,0.0,0.0,False,True,True,0.0,,,0.0,0.0,0.0,0.0,0.0,0.0,0.0,0.0,0.0,0.0,-0.0,-0.0,-0.0,-0.0,0.0,0.0,0.0,0.0,0.0,48.43999999998839
27.21,29.18,0.03999999999999915,0.019999999999999574,1.0723998529952223,1.0,1.0742397375844683,1.0,1.0744303257708154,1.0,29.235249164223887,29.18,0.005372151628854078,0.005,29.229877012595033,29.175,29.240621315852742,29.185,29.185,29.229877012595033,0.04487701259503396,0.0015379373747441386,ANGL,FALN,2026-07-06,False,3682.0,3427.0,0.0,0.0,,,0.0,0.0,0.0,False,True,False,0.0,,,0.0,0.0,0.0,0.0,0.0,0.0,0.0,0.0,0.0,0.0,-0.0,-0.0,-0.0,-0.0,0.0,0.0,0.0,0.0,0.0,48.43999999998839
27.15,29.14,-0.060000000000002274,-0.03999999999999915,1.0732965009208104,1.0,1.0740927366729038,1.0,1.0742397375844683,1.0,29.165608875418314,29.14,0.005371198687922342,0.005,29.160237676730393,29.135,29.170980074106236,29.145,29.145,29.160237676730393,0.015237676730393446,0.0005229127223882445,ANGL,FALN,2026-07-07,False,3687.0,3432.0,0.0,0.0,,,0.0,0.0,0.0,False,True,False,0.0,,,0.0,0.0,0.0,0.0,0.0,0.0,0.0,0.0,0.0,0.0,-0.0,-0.0,-0.0,-0.0,0.0,-0.0,-0.0,0.0,0.0,48.43999999998839
27.1,29.05,-0.04999999999999716,-0.08999999999999986,1.0719557195571956,1.0,1.073900110164699,1.0,1.0740927366729038,1.0,29.107913163835697,29.05,0.005370463683364519,0.005,29.102542700152334,29.045,29.11328362751906,29.055,29.055,29.102542700152334,0.047542700152334305,0.0016365817608376696,ANGL,FALN,2026-07-08,False,3697.0,3442.0,0.0,0.0,,,0.0,0.0,0.0,False,True,False,0.0,,,0.0,0.0,0.0,0.0,0.0,0.0,0.0,0.0,0.0,0.0,-0.0,-0.0,-0.0,-0.0,0.0,-0.0,-0.0,0.0,0.0,48.43999999998839
27.12,29.09,0.019999999999999574,0.03999999999999915,1.0726401179941003,1.0,1.073768675204189,1.0,1.073900110164699,1.0,29.124170987666638,29.09,0.0053695005508234955,0.005,29.118801487115814,29.085,29.12954048821746,29.095,29.095,29.118801487115814,0.02380148711581498,0.0008182016884089026,ANGL,FALN,2026-07-09,False,3692.0,3438.0,0.0,0.0,,,0.0,0.0,0.0,False,True,False,0.0,,,0.0,0.0,0.0,0.0,0.0,0.0,0.0,0.0,0.0,0.0,-0.0,-0.0,-0.0,-0.0,0.0,0.0,0.0,0.0,0.0,48.43999999998839
27.09,29.03,-0.030000000000001137,-0.05999999999999872,1.0716131413805834,1.0,1.073574694861541,1.0,1.073768675204189,1.0,29.08839341128148,29.03,0.005368843376020945,0.005,29.083024567905458,29.025000000000002,29.093762254657502,29.035,29.035,29.083024567905458,0.048024567905457616,0.0016543082296058428,ANGL,FALN,2026-07-10,False,3699.0,3445.0,0.0,0.0,,,0.0,0.0,0.0,False,True,False,0.0,,,0.0,0.0,0.0,0.0,0.0,0.0,0.0,0.0,0.0,0.0,-0.0,-0.0,-0.0,-0.0,0.0,-0.0,-0.0,0.0,0.0,48.43999999998839
27.0,28.96,-0.08999999999999986,-0.07000000000000028,1.0725925925925925,1.0,1.0734561708722636,1.0,1.073574694861541,1.0,28.98651676126161,28.96,0.0053678734743077055,0.005,28.9811488877873,28.955000000000002,28.991884634735918,28.965,28.965,28.9811488877873,0.01614888778729906,0.0005576273407216526,ANGL,FALN,2026-07-13,False,3707.0,3453.0,0.0,0.0,,,0.0,0.0,0.0,False,True,False,0.0,,,0.0,0.0,0.0,0.0,0.0,0.0,0.0,0.0,0.0,0.0,-0.0,-0.0,-0.0,-0.0,0.0,-0.0,-0.0,0.0,0.0,48.43999999998839
27.07,29.03,0.07000000000000028,0.07000000000000028,1.0724048762467677,1.0,1.0733296446587621,1.0,1.0734561708722636,1.0,29.058458545512178,29.03,0.005367280854361318,0.005,29.053091264657816,29.025000000000002,29.06382582636654,29.035,29.035,29.053091264657816,0.018091264657815742,0.0006231920309271698,ANGL,FALN,2026-07-14,False,3698.0,3445.0,0.0,0.0,,,0.0,0.0,0.0,False,True,False,0.0,,,0.0,0.0,0.0,0.0,0.0,0.0,0.0,0.0,0.0,0.0,-0.0,-0.0,-0.0,-0.0,0.0,0.0,0.0,0.0,0.0,48.43999999998839
27.14,29.07,0.07000000000000028,0.03999999999999915,1.0711127487103906,1.0,1.0731467922231952,1.0,1.0733296446587621,1.0,29.130166556038805,29.07,0.00536664822329381,0.005,29.12479990781551,29.065,29.1355332042621,29.075,29.075,29.12479990781551,0.0497999078155118,0.0017131031240286137,ANGL,FALN,2026-07-15,False,3692.0,3440.0,0.0,0.0,,,0.0,0.0,0.0,False,True,False,0.0,,,0.0,0.0,0.0,0.0,0.0,0.0,0.0,0.0,0.0,0.0,-0.0,-0.0,-0.0,-0.0,0.0,0.0,0.0,0.0,0.0,48.43999999998839
27.12,29.06,-0.019999999999999574,-0.010000000000001563,1.0715339233038348,1.0,1.0730245557420859,1.0,1.0731467922231952,1.0,29.103741005093056,29.06,0.005365733961115976,0.005,29.09837527113194,29.055,29.109106739054173,29.064999999999998,29.064999999999998,29.09837527113194,0.033375271131941275,0.0011484952213331478,ANGL,FALN,2026-07-16,False,3693.0,3441.0,0.0,0.0,,,0.0,0.0,0.0,False,True,False,0.0,,,0.0,0.0,0.0,0.0,0.0,0.0,0.0,0.0,0.0,0.0,-0.0,-0.0,-0.0,-0.0,0.0,-0.0,-0.0,0.0,0.0,48.43999999998839
27.12,29.05,0.0,-0.00999999999999801,1.071165191740413,1.0,1.0729112286132394,1.0,1.0730245557420859,1.0,29.10042595172537,29.05,0.005365122778710429,0.005,29.09506082894666,29.045,29.10579107450408,29.055,29.055,29.09506082894666,0.040060828946661076,0.0013790302563394519,ANGL,FALN,2026-07-17,False,3693.0,3442.0,0.0,0.0,,,0.0,0.0,0.0,False,True,False,0.0,,,0.0,0.0,0.0,0.0,0.0,0.0,0.0,0.0,0.0,0.0,-0.0,-0.0,-0.0,-0.0,0.0,0.0,-0.0,0.0,0.0,48.43999999998839
27.07,29.03,-0.05000000000000071,-0.019999999999999574,1.0724048762467677,1.0,1.072872038810278,1.0,1.0729112286132394,1.0,29.043706958560392,29.03,0.005364556143066197,0.005,29.038342402417324,29.025000000000002,29.04907151470346,29.035,29.035,29.038342402417324,0.0033424024173243083,0.00011513614940834682,ANGL,FALN,2026-07-20,False,3696.0,3445.0,0.0,0.0,,,0.0,0.0,0.0,False,True,False,0.0,,,0.0,0.0,0.0,0.0,0.0,0.0,0.0,0.0,0.0,0.0,-0.0,-0.0,-0.0,-0.0,0.0,-0.0,-0.0,0.0,0.0,48.43999999998839
27.04,28.99,-0.030000000000001137,-0.0400000000000027,1.0721153846153846,1.0,1.072777513490237,1.0,1.072872038810278,1.0,29.010459929429913,28.99,0.00536436019405139,0.005,29.005095569235863,28.985,29.015824289623964,28.994999999999997,28.994999999999997,29.005095569235863,0.010095569235865298,0.00034824316094740594,ANGL,FALN,2026-07-21,False,3700.0,3449.0,0.0,0.0,,,0.0,0.0,0.0,False,True,False,0.0,,,0.0,0.0,0.0,0.0,0.0,0.0,0.0,0.0,0.0,0.0,-0.0,-0.0,-0.0,-0.0,0.0,-0.0,-0.0,0.0,0.0,48.43999999998839
26.98,28.94,-0.05999999999999872,-0.04999999999999716,1.072646404744255,1.0,1.0727463580278918,1.0,1.072777513490237,1.0,28.943537313966598,28.94,0.005363887567451185,0.005,28.938173426399146,28.935000000000002,28.94890120153405,28.945,28.945,28.938173426399146,-0.006826573600854147,-0.00023588713202675005,ANGL,FALN,2026-07-22,False,3706.0,3455.0,0.0,0.0,,,0.0,0.0,0.0,False,True,False,0.0,,,0.0,0.0,0.0,0.0,0.0,0.0,0.0,0.0,0.0,0.0,-0.0,-0.0,-0.0,-0.0,0.0,-0.0,-0.0,0.0,0.0,48.43999999998839
26.86,28.82,-0.120000000000001,-0.120000000000001,1.0729709605361133,1.0,1.072697334310768,1.0,1.0727463580278918,1.0,28.813967176629173,28.82,0.005363731790139459,0.005,28.808603444839033,28.815,28.819330908419314,28.825,28.819330908419314,28.815,-0.004330908419312607,-0.0001502744073321515,FALN,ANGL,2026-07-23,False,3722.0,3470.0,0.0,0.0,,,0.0,0.0,0.0,False,True,False,0.0,,,0.0,0.0,0.0,0.0,0.0,0.0,0.0,0.0,0.0,0.0,-0.0,-0.0,-0.0,-0.0,0.0,-0.0,-0.0,0.0,0.0,48.43999999998839
26.87,28.82,0.010000000000001563,0.0,1.0725716412355786,1.0,1.0726154093923854,1.0,1.072697334310768,1.0,28.823377372930338,28.82,0.00536348667155384,0.005,28.818013886258782,28.815,28.828740859601893,28.825,28.825,28.818013886258782,-0.006986113741216826,-0.00024240505694714872,ANGL,FALN,2026-07-24,False,3722.0,3470.0,0.0,0.0,,,0.0,0.0,0.0,False,True,False,0.0,,,0.0,0.0,0.0,0.0,0.0,0.0,0.0,0.0,0.0,0.0,-0.0,-0.0,-0.0,-0.0,0.0,0.0,0.0,0.0,0.0,48.43999999998839
26.89,28.89,0.019999999999999574,0.07000000000000028,1.0743770918557085,1.0,1.0726012739152921,1.0,1.0726154093923854,1.0,28.842628358561246,28.89,0.005363077046961927,0.005,28.837265281514284,28.885,28.847991435608208,28.895,28.847991435608208,28.885,0.0370085643917939,0.0012810164206228417,FALN,ANGL,2026-07-27,False,3712.0,3461.0,0.0,0.0,,,0.0,0.0,0.0,False,True,False,0.0,,,0.0,0.0,0.0,0.0,0.0,0.0,0.0,0.0,0.0,0.0,-0.0,-0.0,-0.0,-0.0,0.0,0.0,0.0,0.0,0.0,48.43999999998839
26.95,28.92,0.05999999999999872,0.030000000000001137,1.0730983302411874,1.0,1.0725470461012407,1.0,1.0726012739152921,1.0,28.90660433201712,28.92,0.005363006369576461,0.005,28.901241325647543,28.915000000000003,28.9119673383867,28.925,28.9119673383867,28.915000000000003,0.003032661613303844,0.00010486381788740817,FALN,ANGL,2026-07-28,False,3709.0,3458.0,0.0,0.0,,,0.0,0.0,0.0,False,True,False,0.0,,,0.0,0.0,0.0,0.0,0.0,0.0,0.0,0.0,0.0,0.0,-0.0,-0.0,-0.0,-0.0,0.0,0.0,0.0,0.0,0.0,48.43999999998839
26.86,28.84,-0.08999999999999986,-0.08000000000000185,1.0737155621742367,1.0,1.0725617522569422,1.0,1.0725470461012407,1.0,28.808613658279327,28.84,0.005362735230506204,0.005,28.80325092304882,28.835,28.813976393509833,28.845,28.813976393509833,28.835,0.02102360649016788,0.0007289738727520069,FALN,ANGL,2026-07-29,False,3719.0,3467.0,0.0,0.0,,,0.0,0.0,0.0,False,True,False,0.0,,,0.0,0.0,0.0,0.0,0.0,0.0,0.0,0.0,0.0,0.0,-0.0,-0.0,-0.0,-0.0,0.0,-0.0,-0.0,0.0,0.0,48.43999999998839
26.95,28.93,0.08999999999999986,0.08999999999999986,1.073469387755102,1.0,1.07256634258865,1.0,1.0725617522569422,1.0,28.905539223324592,28.93,0.005362808761284711,0.005,28.900176414563308,28.925,28.910902032085875,28.935,28.910902032085875,28.925,0.01409796791412532,0.0004873130976192644,FALN,ANGL,2026-07-30,False,3708.0,3457.0,0.0,0.0,,,0.0,0.0,0.0,False,True,False,0.0,,,0.0,0.0,0.0,0.0,0.0,0.0,0.0,0.0,0.0,0.0,-0.0,-0.0,-0.0,-0.0,0.0,0.0,0.0,0.0,0.0,48.43999999998839
26.92,28.92,-0.029999999999997584,-0.00999999999999801,1.074294205052006,1.0,1.0726189254949126,1.0,1.07256634258865,1.0,28.87348594248646,28.92,0.005362831712943251,0.005,28.868123110773517,28.915000000000003,28.878848774199405,28.925,28.878848774199405,28.915000000000003,0.03615122580059804,0.0012500423859127952,FALN,ANGL,2026-07-31,False,3709.0,3458.0,0.0,0.0,,,0.0,0.0,0.0,False,True,False,0.0,,,0.0,0.0,0.0,0.0,0.0,0.0,0.0,0.0,0.0,0.0,-0.0,-0.0,-0.0,-0.0,0.0,-0.0,-0.0,0.0,0.0,48.43999999998839
