CMF_price,VTEC_price,CMF_price_chg,VTEC_price_chg,VTEC/CMF,VTEC/VTEC,VTEC/CMF_moving_avg,VTEC/VTEC_moving_avg,VTEC/CMF_prev_moving_avg,VTEC/VTEC_prev_moving_avg,CMF_scaled_price,VTEC_scaled_price,CMF_scaled_comm,VTEC_scaled_comm,CMF_scaled_price_minus_comm,VTEC_scaled_price_minus_comm,CMF_scaled_price_plus_comm,VTEC_scaled_price_plus_comm,min_price_plus_comm,max_price_minus_comm,tgt_max-min,tgt_pct_diff,tgt_min_price_etf,tgt_max_price_etf,date,ex_div_date,CMF_shs_per_unit,VTEC_shs_per_unit,CMF_current_shs,VTEC_current_shs,current_long_etf,current_short_etf,current_max-min,current_pct_diff,current_position,open_trade,exit_trade,flatten_for_div,tgt_position,tgt_long_etf,tgt_short_etf,CMF_tgt_shs,VTEC_tgt_shs,CMF_tgt_inv_amt,VTEC_tgt_inv_amt,gross_inv_amt,net_inv_amt,CMF_shs_to_trade,VTEC_shs_to_trade,CMF_shs_to_buy,VTEC_shs_to_buy,CMF_shs_to_sell,VTEC_shs_to_sell,CMF_daily_comm,VTEC_daily_comm,daily_comm,CMF_daily_profit,VTEC_daily_profit,daily_gross_profit,daily_net_profit,cumulative_net_profit
57.5,100.3,,,1.7443478260869565,1.0,,,,,,,,,,,,,,,,,,,2026-01-02,False,,,,,,,,,,False,False,False,,,,,,,,,,,,,,,,,,,,,,,
57.56,100.41,0.060000000000002274,0.10999999999999943,1.7444405837387074,1.0,,,,,,,,,,,,,,,,,,,2026-01-05,False,,,,,,,,,,False,False,False,,,,,,,,,,,,,,,,,,,,,,,
57.62,100.48,0.05999999999999517,0.07000000000000739,1.7438389448108298,1.0,,,,,,,,,,,,,,,,,,,2026-01-06,False,,,,,,,,,,False,False,False,,,,,,,,,,,,,,,,,,,,,,,
57.72,100.68,0.10000000000000142,0.20000000000000284,1.7442827442827444,1.0,,,,,,,,,,,,,,,,,,,2026-01-07,False,,,,,,,,,,False,False,False,,,,,,,,,,,,,,,,,,,,,,,
57.69,100.67,-0.030000000000001137,-0.010000000000005116,1.7450164673253599,1.0,,,,,,,,,,,,,,,,,,,2026-01-08,False,,,,,,,,,,False,False,False,,,,,,,,,,,,,,,,,,,,,,,
57.78,100.7,0.09000000000000341,0.030000000000001137,1.7428175839390794,1.0,,,,,,,,,,,,,,,,,,,2026-01-09,False,,,,,,,,,,False,False,False,,,,,,,,,,,,,,,,,,,,,,,
57.78,100.8,0.0,0.09999999999999432,1.7445482866043613,1.0,,,,,,,,,,,,,,,,,,,2026-01-12,False,,,,,,,,,,False,False,False,,,,,,,,,,,,,,,,,,,,,,,
57.79,100.82,0.00999999999999801,0.01999999999999602,1.7445924900501817,1.0,,,,,,,,,,,,,,,,,,,2026-01-13,False,,,,,,,,,,False,False,False,,,,,,,,,,,,,,,,,,,,,,,
57.83,100.92,0.03999999999999915,0.10000000000000853,1.7451149922185718,1.0,,,,,,,,,,,,,,,,,,,2026-01-14,False,,,,,,,,,,False,False,False,,,,,,,,,,,,,,,,,,,,,,,
57.87,100.91,0.03999999999999915,-0.010000000000005116,1.7437359599101434,1.0,,,,,,,,,,,,,,,,,,,2026-01-15,False,,,,,,,,,,False,False,False,,,,,,,,,,,,,,,,,,,,,,,
57.85,100.9,-0.01999999999999602,-0.009999999999990905,1.7441659464131374,1.0,,,,,,,,,,,,,,,,,,,2026-01-16,False,,,,,,,,,,False,False,False,,,,,,,,,,,,,,,,,,,,,,,
57.6,100.61,-0.25,-0.29000000000000625,1.746701388888889,1.0,,,,,,,,,,,,,,,,,,,2026-01-20,False,,,,,,,,,,False,False,False,,,,,,,,,,,,,,,,,,,,,,,
57.76,100.7,0.1599999999999966,0.09000000000000341,1.743421052631579,1.0,,,,,,,,,,,,,,,,,,,2026-01-21,False,,,,,,,,,,False,False,False,,,,,,,,,,,,,,,,,,,,,,,
57.74,100.64,-0.01999999999999602,-0.060000000000002274,1.7429857984066504,1.0,,,,,,,,,,,,,,,,,,,2026-01-22,False,,,,,,,,,,False,False,False,,,,,,,,,,,,,,,,,,,,,,,
57.74,100.66,0.0,0.01999999999999602,1.743332178732248,1.0,,,,,,,,,,,,,,,,,,,2026-01-23,False,,,,,,,,,,False,False,False,,,,,,,,,,,,,,,,,,,,,,,
57.79,100.75,0.04999999999999716,0.09000000000000341,1.7433812078214224,1.0,,,,,,,,,,,,,,,,,,,2026-01-26,False,,,,,,,,,,False,False,False,,,,,,,,,,,,,,,,,,,,,,,
57.78,100.79,-0.00999999999999801,0.04000000000000625,1.7443752163378332,1.0,,,,,,,,,,,,,,,,,,,2026-01-27,False,,,,,,,,,,False,False,False,,,,,,,,,,,,,,,,,,,,,,,
57.82,100.86,0.03999999999999915,0.06999999999999318,1.7443791075752335,1.0,,,,,,,,,,,,,,,,,,,2026-01-28,False,,,,,,,,,,False,False,False,,,,,,,,,,,,,,,,,,,,,,,
57.83,100.85,0.00999999999999801,-0.010000000000005116,1.7439045478125539,1.0,,,,,,,,,,,,,,,,,,,2026-01-29,False,,,,,,,,,,False,False,False,,,,,,,,,,,,,,,,,,,,,,,
57.9,100.96,0.07000000000000028,0.10999999999999943,1.7436960276338513,1.0,1.7441539175610168,1.0,,,,,,,,,,,,,,,,,2026-01-30,False,,,,,,,,,,False,False,False,0.0,,,0.0,0.0,,,,,,,,,,,,,,,,,,
57.75,100.75,-0.14999999999999858,-0.20999999999999375,1.7445887445887447,1.0,1.7441659634861062,1.0,1.7441539175610168,1.0,100.72488873914872,100.75,0.008720769587805084,0.005,100.71616796956091,100.745,100.73360950873654,100.755,100.73360950873654,100.745,0.011390491263469471,0.00011305698524535455,CMF,VTEC,2026-02-02,True,1732.0,993.0,0.0,0.0,,,0.0,0.0,0.0,False,True,False,0.0,,,0.0,0.0,0.0,0.0,,,0.0,0.0,0.0,0.0,-0.0,-0.0,-0.0,-0.0,0.0,-0.0,-0.0,0.0,0.0,0.0
57.79,100.81,0.03999999999999915,0.060000000000002274,1.7444194497317875,1.0,1.74416490678576,1.0,1.7441659634861062,1.0,100.79535102986208,100.81,0.00872082981743053,0.005,100.78663020004464,100.805,100.80407185967951,100.815,100.80407185967951,100.805,0.0009281403204965955,9.206827898984182e-06,CMF,VTEC,2026-02-03,False,1730.0,992.0,0.0,0.0,,,0.0,0.0,0.0,False,True,True,0.0,,,0.0,0.0,0.0,0.0,0.0,0.0,0.0,0.0,0.0,0.0,-0.0,-0.0,-0.0,-0.0,0.0,0.0,0.0,0.0,0.0,0.0
57.83,100.9,0.03999999999999915,0.09000000000000341,1.7447691509597096,1.0,1.744211417093204,1.0,1.74416490678576,1.0,100.86505655942051,100.9,0.0087208245339288,0.005,100.85633573488658,100.89500000000001,100.87377738395443,100.905,100.87377738395443,100.89500000000001,0.02122261604557707,0.00021033316199779058,CMF,VTEC,2026-02-04,False,1728.0,991.0,0.0,0.0,,,0.0,0.0,0.0,False,False,False,-0.0,,,0.0,0.0,0.0,0.0,0.0,0.0,0.0,0.0,0.0,0.0,-0.0,-0.0,-0.0,-0.0,0.0,0.0,0.0,0.0,0.0,0.0
57.92,101.04,0.09000000000000341,0.14000000000000057,1.744475138121547,1.0,1.744221036785144,1.0,1.744211417093204,1.0,101.02472527803837,101.04,0.00872105708546602,0.005,101.01600422095291,101.03500000000001,101.03344633512384,101.045,101.03344633512384,101.03500000000001,0.0015536648761695915,1.537673076177347e-05,CMF,VTEC,2026-02-05,False,1727.0,990.0,0.0,0.0,,,0.0,0.0,-0.0,False,True,False,0.0,,,0.0,0.0,0.0,0.0,0.0,0.0,0.0,0.0,0.0,0.0,-0.0,-0.0,-0.0,-0.0,0.0,0.0,0.0,0.0,0.0,0.0
57.93,101.03,0.00999999999999801,-0.010000000000005116,1.7440013809770414,1.0,1.7441702824677283,1.0,1.744221036785144,1.0,101.0427246609634,101.03,0.00872110518392572,0.005,101.03400355577948,101.025,101.05144576614732,101.035,101.035,101.03400355577948,-0.0009964442205188107,-9.86285480074048e-06,VTEC,CMF,2026-02-06,False,1727.0,990.0,0.0,0.0,,,0.0,0.0,0.0,False,True,False,0.0,,,0.0,0.0,0.0,0.0,0.0,0.0,0.0,0.0,0.0,0.0,-0.0,-0.0,-0.0,-0.0,0.0,0.0,-0.0,0.0,0.0,0.0
57.96,101.09,0.030000000000001137,0.060000000000002274,1.7441338854382333,1.0,1.7442360975426863,1.0,1.7441702824677283,1.0,101.09210957182954,101.09,0.008720851412338642,0.005,101.0833887204172,101.08500000000001,101.10083042324187,101.095,101.095,101.08500000000001,-0.009999999999990905,-9.89217528933713e-05,VTEC,VTEC,2026-02-09,False,1725.0,989.0,0.0,0.0,,,0.0,0.0,0.0,False,True,False,0.0,,,0.0,0.0,0.0,0.0,0.0,0.0,0.0,0.0,0.0,0.0,-0.0,-0.0,-0.0,-0.0,0.0,0.0,0.0,0.0,0.0,0.0
58.05,101.16,0.0899999999999963,0.06999999999999318,1.7426356589147287,1.0,1.7441404661582045,1.0,1.7442360975426863,1.0,101.25290546235293,101.16,0.008721180487713432,0.005,101.24418428186522,101.155,101.26162664284064,101.16499999999999,101.16499999999999,101.24418428186522,0.0791842818652242,0.0007827627705142764,VTEC,CMF,2026-02-10,False,1725.0,989.0,0.0,0.0,,,0.0,0.0,0.0,True,False,False,1.0,VTEC,CMF,-1725.0,989.0,0.0,0.0,0.0,0.0,-1725.0,989.0,0.0,989.0,1725.0,-0.0,-8.625,-4.945,-13.57,0.0,0.0,0.0,-13.57,-13.57
58.0,101.11,-0.04999999999999716,-0.04999999999999716,1.7432758620689655,1.0,1.7440746347591436,1.0,1.7441404661582045,1.0,101.16014703717586,101.11,0.008720702330791023,0.005,101.15142633484507,101.105,101.16886773950665,101.115,101.115,101.15142633484507,0.03642633484507485,0.00036026441346132773,VTEC,CMF,2026-02-11,False,1725.0,989.0,-1725.0,989.0,VTEC,CMF,0.03642633484507485,0.00036026441346132773,1.0,False,False,False,-1.0,VTEC,CMF,-1725.0,989.0,-100136.25,100047.23999999999,200183.49,-89.01000000000931,0.0,0.0,0.0,0.0,-0.0,-0.0,-0.0,-0.0,0.0,86.2499999999951,-49.44999999999719,36.79999999999791,36.79999999999791,23.229999999997908
58.11,101.29,0.10999999999999943,0.18000000000000682,1.743073481328515,1.0,1.7439725592146407,1.0,1.7440746347591436,1.0,101.34817702585383,101.29,0.008720373173795717,0.005,101.33945665268003,101.28500000000001,101.35689739902763,101.295,101.295,101.33945665268003,0.044456652680025854,0.0004389046567284614,VTEC,CMF,2026-02-12,False,1721.0,987.0,-1725.0,989.0,VTEC,CMF,0.0,0.0,-1.0,False,False,False,1.0,VTEC,CMF,-1721.0,987.0,-100050.0,99997.79,200047.78999999998,-52.2100000000064,4.0,-2.0,4.0,0.0,-0.0,2.0,-0.02,-0.01,-0.03,-189.74999999999903,178.02000000000675,-11.729999999992287,-11.759999999992287,11.470000000005621
58.16,101.41,0.04999999999999716,0.11999999999999034,1.7436382393397525,1.0,1.7439676731861211,1.0,1.7439725592146407,1.0,101.4294440439235,101.41,0.008719862796073204,0.005,101.42072418112743,101.405,101.43816390671957,101.41499999999999,101.41499999999999,101.42072418112743,0.005724181127433781,5.644592374947028e-05,VTEC,CMF,2026-02-13,False,1720.0,986.0,-1721.0,987.0,VTEC,CMF,0.005724181127433781,5.644592374947028e-05,1.0,False,True,False,0.0,,,0.0,0.0,-100007.31,99973.23000000001,199980.54,-34.079999999987194,1721.0,-987.0,1721.0,0.0,-0.0,987.0,-8.605,-4.9350000000000005,-13.540000000000001,-86.04999999999511,118.43999999999046,32.389999999995354,18.849999999995354,30.320000000000974
58.18,101.47,0.020000000000003126,0.060000000000002274,1.7440701271914747,1.0,1.7439628822250377,1.0,1.7439676731861211,1.0,101.46403922596852,101.47,0.008719838365930606,0.005,101.45531938760259,101.465,101.47275906433445,101.475,101.47275906433445,101.465,-0.007759064334450727,-7.646658455159877e-05,CMF,VTEC,2026-02-17,False,1720.0,986.0,0.0,0.0,,,0.0,0.0,0.0,False,True,False,0.0,,,0.0,0.0,0.0,0.0,0.0,0.0,0.0,0.0,0.0,0.0,-0.0,-0.0,-0.0,-0.0,0.0,0.0,0.0,0.0,0.0,30.320000000000974
58.16,101.47,-0.020000000000003126,0.0,1.7446698762035764,1.0,1.7438613065907724,1.0,1.7439628822250377,1.0,101.42888123020819,101.47,0.008719814411125189,0.005,101.42016141579707,101.465,101.43760104461931,101.475,101.43760104461931,101.465,0.027398955380689927,0.0002700202560430662,CMF,VTEC,2026-02-18,False,1720.0,986.0,0.0,0.0,,,0.0,0.0,0.0,False,False,False,-0.0,,,0.0,0.0,0.0,0.0,0.0,0.0,0.0,0.0,0.0,0.0,-0.0,-0.0,-0.0,-0.0,0.0,-0.0,0.0,0.0,0.0,30.320000000000974
58.18,101.46,0.020000000000003126,-0.010000000000005116,1.743898246820213,1.0,1.743885166300204,1.0,1.7438613065907724,1.0,101.45785081745115,101.46,0.008719306532953863,0.005,101.44913151091819,101.455,101.4665701239841,101.46499999999999,101.46499999999999,101.455,-0.009999999999990905,-9.856100926464524e-05,VTEC,VTEC,2026-02-19,False,1719.0,986.0,0.0,0.0,,,0.0,0.0,-0.0,False,True,False,0.0,,,0.0,0.0,0.0,0.0,0.0,0.0,0.0,0.0,0.0,0.0,-0.0,-0.0,-0.0,-0.0,0.0,0.0,-0.0,0.0,0.0,30.320000000000974
58.22,101.55,0.03999999999999915,0.09000000000000341,1.7442459635863965,1.0,1.7439481745591916,1.0,1.743885166300204,1.0,101.52899438199788,101.55,0.00871942583150102,0.005,101.52027495616638,101.545,101.53771380782938,101.55499999999999,101.53771380782938,101.545,0.007286192170624872,7.174979980920603e-05,CMF,VTEC,2026-02-20,False,1718.0,985.0,0.0,0.0,,,0.0,0.0,0.0,False,True,False,0.0,,,0.0,0.0,0.0,0.0,0.0,0.0,0.0,0.0,0.0,0.0,-0.0,-0.0,-0.0,-0.0,0.0,0.0,0.0,0.0,0.0,30.320000000000974
58.24,101.62,0.020000000000003126,0.07000000000000739,1.7448489010989012,1.0,1.7440240106775238,1.0,1.7439481745591916,1.0,101.56754168632732,101.62,0.008719740872795959,0.005,101.55882194545453,101.61500000000001,101.57626142720011,101.625,101.57626142720011,101.61500000000001,0.03873857279990034,0.00038121012399035953,CMF,VTEC,2026-02-23,False,1716.0,984.0,0.0,0.0,,,0.0,0.0,0.0,False,False,False,-0.0,,,0.0,0.0,0.0,0.0,0.0,0.0,0.0,0.0,0.0,0.0,-0.0,-0.0,-0.0,-0.0,0.0,0.0,0.0,0.0,0.0,30.320000000000974
58.28,101.7,0.03999999999999915,0.0799999999999983,1.7450240219629376,1.0,1.7441061513846,1.0,1.7440240106775238,1.0,101.64171934228608,101.7,0.008720120053387619,0.005,101.6329992222327,101.69500000000001,101.65043946233946,101.705,101.65043946233946,101.69500000000001,0.04456053766054424,0.00043815671249306036,CMF,VTEC,2026-02-24,False,1714.0,983.0,0.0,0.0,,,0.0,0.0,-0.0,False,False,False,0.0,,,0.0,0.0,0.0,0.0,0.0,0.0,0.0,0.0,0.0,0.0,-0.0,-0.0,-0.0,-0.0,0.0,0.0,0.0,0.0,0.0,30.320000000000974
58.33,101.69,0.04999999999999716,-0.010000000000005116,1.743356763243614,1.0,1.744055228729889,1.0,1.7441061513846,1.0,101.73371181026371,101.69,0.008720530756922999,0.005,101.7249912795068,101.685,101.74243234102063,101.695,101.695,101.7249912795068,0.02999127950680247,0.0002949285033612201,VTEC,CMF,2026-02-25,False,1714.0,983.0,0.0,0.0,,,0.0,0.0,0.0,False,False,False,-0.0,,,0.0,0.0,0.0,0.0,0.0,0.0,0.0,0.0,0.0,0.0,-0.0,-0.0,-0.0,-0.0,0.0,0.0,-0.0,0.0,0.0,30.320000000000974
58.37,101.76,0.03999999999999915,0.07000000000000739,1.7433613157443895,1.0,1.7440043391383468,1.0,1.744055228729889,1.0,101.80050370096362,101.76,0.008720276143649446,0.005,101.79178342481997,101.75500000000001,101.80922397710727,101.765,101.765,101.79178342481997,0.02678342481996765,0.000263201894850311,VTEC,CMF,2026-02-26,False,1714.0,983.0,0.0,0.0,,,0.0,0.0,-0.0,False,False,False,0.0,,,0.0,0.0,0.0,0.0,0.0,0.0,0.0,0.0,0.0,0.0,-0.0,-0.0,-0.0,-0.0,0.0,0.0,0.0,0.0,0.0,30.320000000000974
58.41,101.83,0.03999999999999915,0.06999999999999318,1.74336586200993,1.0,1.7439774048482157,1.0,1.7440043391383468,1.0,101.86729344907083,101.83,0.008720021695691735,0.005,101.85857342737513,101.825,101.87601347076652,101.835,101.835,101.85857342737513,0.023573427375140454,0.0002314978628610474,VTEC,CMF,2026-02-27,False,1713.0,982.0,0.0,0.0,,,0.0,0.0,0.0,False,False,False,-0.0,,,0.0,0.0,0.0,0.0,0.0,0.0,0.0,0.0,0.0,0.0,-0.0,-0.0,-0.0,-0.0,0.0,0.0,0.0,0.0,0.0,30.320000000000974
58.09,101.34,-0.3199999999999932,-0.4899999999999949,1.7445343432604579,1.0,1.7440193206295458,1.0,1.7439774048482157,1.0,101.30764744763286,101.34,0.008719887024241079,0.005,101.29892756060862,101.33500000000001,101.3163673346571,101.345,101.3163673346571,101.33500000000001,0.018632665342906307,0.0001838628906937666,CMF,VTEC,2026-03-02,True,1721.0,987.0,0.0,0.0,,,0.0,0.0,-0.0,False,True,False,0.0,,,0.0,0.0,0.0,0.0,0.0,0.0,0.0,0.0,0.0,0.0,-0.0,-0.0,-0.0,-0.0,0.0,-0.0,-0.0,0.0,0.0,30.320000000000974
57.77,100.82,-0.3200000000000003,-0.5200000000000102,1.7451964687554091,1.0,1.7440497068378789,1.0,1.7440193206295458,1.0,100.75199615276887,100.82,0.00872009660314773,0.005,100.74327605616573,100.815,100.76071624937201,100.82499999999999,100.76071624937201,100.815,0.05428375062798807,0.0005384224422534028,CMF,VTEC,2026-03-03,False,1730.0,992.0,0.0,0.0,,,0.0,0.0,0.0,False,False,True,0.0,,,0.0,0.0,0.0,0.0,0.0,0.0,0.0,0.0,0.0,0.0,-0.0,-0.0,-0.0,-0.0,0.0,-0.0,-0.0,0.0,0.0,30.320000000000974
57.82,100.81,0.04999999999999716,-0.009999999999990905,1.7435143548945002,1.0,1.7440044520960147,1.0,1.7440497068378789,1.0,100.84095404936616,100.81,0.008720248534189394,0.005,100.83223380083197,100.805,100.84967429790035,100.815,100.815,100.83223380083197,0.017233800831974122,0.00017095328669749154,VTEC,CMF,2026-03-04,False,1730.0,992.0,0.0,0.0,,,0.0,0.0,0.0,False,True,False,0.0,,,0.0,0.0,0.0,0.0,0.0,0.0,0.0,0.0,0.0,0.0,-0.0,-0.0,-0.0,-0.0,0.0,0.0,-0.0,0.0,0.0,30.320000000000974
57.78,100.74,-0.03999999999999915,-0.07000000000000739,1.743509865005192,1.0,1.743941487798289,1.0,1.7440044520960147,1.0,100.76857724210774,100.74,0.008720022260480074,0.005,100.75985721984726,100.735,100.77729726436822,100.74499999999999,100.74499999999999,100.75985721984726,0.014857219847272063,0.00014748084025483486,VTEC,CMF,2026-03-05,False,1732.0,993.0,0.0,0.0,,,0.0,0.0,0.0,False,True,False,0.0,,,0.0,0.0,0.0,0.0,0.0,0.0,0.0,0.0,0.0,0.0,-0.0,-0.0,-0.0,-0.0,0.0,-0.0,-0.0,0.0,0.0,30.320000000000974
57.73,100.73,-0.05000000000000426,-0.009999999999990905,1.7448467001558983,1.0,1.7439600659000063,1.0,1.743941487798289,1.0,100.67774209059522,100.73,0.008719707438991446,0.005,100.66902238315623,100.72500000000001,100.6864617980342,100.735,100.6864617980342,100.72500000000001,0.03853820196580671,0.0003825891190887194,CMF,VTEC,2026-03-06,False,1732.0,993.0,0.0,0.0,,,0.0,0.0,0.0,False,False,False,-0.0,,,0.0,0.0,0.0,0.0,0.0,0.0,0.0,0.0,0.0,0.0,-0.0,-0.0,-0.0,-0.0,0.0,-0.0,-0.0,0.0,0.0,30.320000000000974
57.73,100.65,0.0,-0.0799999999999983,1.7434609388532827,1.0,1.7439330437938185,1.0,1.7439600659000063,1.0,100.67881460440736,100.65,0.008719800329500031,0.005,100.67009480407786,100.64500000000001,100.68753440473687,100.655,100.655,100.67009480407786,0.015094804077861568,0.00014997321488188341,VTEC,CMF,2026-03-09,False,1733.0,994.0,0.0,0.0,,,0.0,0.0,-0.0,False,True,False,0.0,,,0.0,0.0,0.0,0.0,0.0,0.0,0.0,0.0,0.0,0.0,-0.0,-0.0,-0.0,-0.0,0.0,0.0,-0.0,0.0,0.0,30.320000000000974
57.61,100.55,-0.11999999999999744,-0.10000000000000853,1.745356708904704,1.0,1.7439941849671416,1.0,1.7439330437938185,1.0,100.46798265296188,100.55,0.008719665218969093,0.005,100.4592629877429,100.545,100.47670231818086,100.55499999999999,100.47670231818086,100.545,0.0682976818191463,0.0006792409927314401,CMF,VTEC,2026-03-10,False,1735.0,995.0,0.0,0.0,,,0.0,0.0,0.0,False,False,False,-0.0,,,0.0,0.0,0.0,0.0,0.0,0.0,0.0,0.0,0.0,0.0,-0.0,-0.0,-0.0,-0.0,0.0,-0.0,-0.0,0.0,0.0,30.320000000000974
57.49,100.25,-0.11999999999999744,-0.29999999999999716,1.7437815272221255,1.0,1.7440514783825116,1.0,1.7439941849671416,1.0,100.26222569376098,100.25,0.008719970924835709,0.005,100.25350572283615,100.245,100.27094566468581,100.255,100.255,100.25350572283615,-0.001494277163843094,-1.4905507868759043e-05,VTEC,CMF,2026-03-11,False,1741.0,998.0,0.0,0.0,,,0.0,0.0,-0.0,False,True,False,0.0,,,0.0,0.0,0.0,0.0,0.0,0.0,0.0,0.0,0.0,0.0,-0.0,-0.0,-0.0,-0.0,0.0,-0.0,-0.0,0.0,0.0,30.320000000000974
57.24,99.87,-0.25,-0.37999999999999545,1.7447589098532494,1.0,1.744125630771726,1.0,1.7440514783825116,1.0,99.82950662261497,99.87,0.008720257391912558,0.005,99.82078636522306,99.86500000000001,99.83822688000689,99.875,99.83822688000689,99.86500000000001,0.026773119993123373,0.00026807970354584333,CMF,VTEC,2026-03-12,False,1746.0,1001.0,0.0,0.0,,,0.0,0.0,0.0,False,False,False,-0.0,,,0.0,0.0,0.0,0.0,0.0,0.0,0.0,0.0,0.0,0.0,-0.0,-0.0,-0.0,-0.0,0.0,-0.0,-0.0,0.0,0.0,30.320000000000974
57.44,100.17,0.19999999999999574,0.29999999999999716,1.7439066852367688,1.0,1.7441672909671386,1.0,1.744125630771726,1.0,100.18257623152795,100.17,0.00872062815385863,0.005,100.1738556033741,100.165,100.1912968596818,100.175,100.175,100.1738556033741,-0.0011443966259037097,-1.1424544533330435e-05,VTEC,CMF,2026-03-13,False,1741.0,998.0,0.0,0.0,,,0.0,0.0,-0.0,False,True,False,0.0,,,0.0,0.0,0.0,0.0,0.0,0.0,0.0,0.0,0.0,0.0,-0.0,-0.0,-0.0,-0.0,0.0,0.0,0.0,0.0,0.0,30.320000000000974
57.5,100.23,0.060000000000002274,0.060000000000002274,1.7431304347826089,1.0,1.7441419007392813,1.0,1.7441672909671386,1.0,100.28961923061047,100.23,0.008720836454835693,0.005,100.28089839415563,100.22500000000001,100.29834006706531,100.235,100.235,100.28089839415563,0.04589839415562835,0.00045793070094411205,VTEC,CMF,2026-03-16,False,1741.0,998.0,0.0,0.0,,,0.0,0.0,0.0,False,False,False,-0.0,,,0.0,0.0,0.0,0.0,0.0,0.0,0.0,0.0,0.0,0.0,-0.0,-0.0,-0.0,-0.0,0.0,0.0,0.0,0.0,0.0,30.320000000000974
57.51,100.24,0.00999999999999801,0.009999999999990905,1.743001217179621,1.0,1.744088455238689,1.0,1.7441419007392813,1.0,100.30560071151606,100.24,0.008720709503696408,0.005,100.29688000201237,100.235,100.31432142101976,100.24499999999999,100.24499999999999,100.29688000201237,0.051880002012381965,0.0005175578812089183,VTEC,CMF,2026-03-17,False,1741.0,998.0,0.0,0.0,,,0.0,0.0,-0.0,False,False,False,0.0,,,0.0,0.0,0.0,0.0,0.0,0.0,0.0,0.0,0.0,0.0,-0.0,-0.0,-0.0,-0.0,0.0,0.0,0.0,0.0,0.0,30.320000000000974
57.39,100.09,-0.11999999999999744,-0.14999999999999147,1.7440320613347273,1.0,1.7440565644952464,1.0,1.744088455238689,1.0,100.09323644614837,100.09,0.008720442276193445,0.005,100.08451600387217,100.08500000000001,100.10195688842457,100.095,100.095,100.08500000000001,-0.009999999999990905,-9.991008092707468e-05,VTEC,VTEC,2026-03-18,False,1742.0,999.0,0.0,0.0,,,0.0,0.0,0.0,False,True,False,0.0,,,0.0,0.0,0.0,0.0,0.0,0.0,0.0,0.0,0.0,0.0,-0.0,-0.0,-0.0,-0.0,0.0,-0.0,-0.0,0.0,0.0,30.320000000000974
57.3,99.93,-0.09000000000000341,-0.1599999999999966,1.7439790575916232,1.0,1.7440606050338172,1.0,1.7440565644952464,1.0,99.93444114557761,99.93,0.008720282822476232,0.005,99.92572086275513,99.92500000000001,99.94316142840009,99.935,99.935,99.92572086275513,-0.009279137244874391,-9.285637190908027e-05,VTEC,CMF,2026-03-19,False,1746.0,1001.0,0.0,0.0,,,0.0,0.0,0.0,False,True,False,0.0,,,0.0,0.0,0.0,0.0,0.0,0.0,0.0,0.0,0.0,0.0,-0.0,-0.0,-0.0,-0.0,0.0,-0.0,-0.0,0.0,0.0,30.320000000000974
56.8,99.14,-0.5,-0.7900000000000063,1.7454225352112678,1.0,1.7441194336150603,1.0,1.7440606050338172,1.0,99.06264236592081,99.14,0.008720303025169086,0.005,99.05392206289564,99.135,99.07136266894598,99.145,99.07136266894598,99.135,0.06363733105402503,0.0006418935954612167,CMF,VTEC,2026-03-20,False,1760.0,1009.0,0.0,0.0,,,0.0,0.0,0.0,False,False,False,-0.0,,,0.0,0.0,0.0,0.0,0.0,0.0,0.0,0.0,0.0,0.0,-0.0,-0.0,-0.0,-0.0,0.0,-0.0,-0.0,0.0,0.0,30.320000000000974
57.01,99.34,0.21000000000000085,0.20000000000000284,1.742501315558674,1.0,1.7440020543380492,1.0,1.7441194336150603,1.0,99.43224891039458,99.34,0.008720597168075302,0.005,99.4235283132265,99.33500000000001,99.44096950756266,99.345,99.345,99.4235283132265,0.07852831322649934,0.0007905004351368969,VTEC,CMF,2026-03-23,False,1756.0,1007.0,0.0,0.0,,,0.0,0.0,-0.0,True,False,False,1.0,VTEC,CMF,-1756.0,1007.0,0.0,0.0,0.0,0.0,-1756.0,1007.0,0.0,1007.0,1756.0,-0.0,-8.78,-5.035,-13.815,0.0,0.0,0.0,-13.815,16.505000000000976
56.57,98.8,-0.4399999999999977,-0.5400000000000063,1.746508750220965,1.0,1.7440762907509506,1.0,1.7440020543380492,1.0,98.65819621390345,98.8,0.008720010271690247,0.005,98.64947620363176,98.795,98.66691622417514,98.80499999999999,98.66691622417514,98.795,0.1280837758248623,0.0012963944921544769,CMF,VTEC,2026-03-24,False,1765.0,1012.0,-1756.0,1007.0,VTEC,CMF,-0.15552379636822877,-0.0015741274936055545,1.0,True,False,False,1.0,CMF,VTEC,1765.0,-1012.0,-100109.56,100035.38,200144.94,-74.17999999999302,3521.0,-2019.0,3521.0,0.0,-0.0,2019.0,-17.605,-10.095,-27.700000000000003,772.639999999996,-543.7800000000063,228.85999999998967,201.15999999998968,217.66499999999064
56.72,98.98,0.14999999999999858,0.18000000000000682,1.7450634696755996,1.0,1.7441616260725499,1.0,1.7440762907509506,1.0,98.92400721139391,98.98,0.008720381453754754,0.005,98.91528682994016,98.97500000000001,98.93272759284767,98.985,98.93272759284767,98.97500000000001,0.04227240715233904,0.0004270802904863512,CMF,VTEC,2026-03-25,False,1762.0,1010.0,1765.0,-1012.0,CMF,VTEC,0.04227240715233904,0.0004270802904863512,1.0,False,False,False,-1.0,CMF,VTEC,1762.0,-1010.0,99846.05,-99985.59999999999,199831.65,-139.54999999998836,-3.0,2.0,0.0,2.0,3.0,-0.0,-0.015,-0.01,-0.025,264.7499999999975,-182.1600000000069,82.5899999999906,82.56499999999059,300.22999999998126
56.61,98.73,-0.10999999999999943,-0.25,1.7440381558028617,1.0,1.7441954680754734,1.0,1.7441616260725499,1.0,98.73698965196705,98.73,0.00872080813036275,0.005,98.72826884383669,98.72500000000001,98.74571046009741,98.735,98.735,98.72826884383669,-0.00673115616331188,-6.817741480109268e-05,VTEC,CMF,2026-03-26,False,1767.0,1013.0,1762.0,-1010.0,CMF,VTEC,0.0,0.0,-1.0,False,True,False,0.0,,,0.0,0.0,99940.64,-99969.8,199910.44,-29.160000000003492,-1762.0,1010.0,0.0,1010.0,1762.0,-0.0,-8.81,-5.05,-13.86,-193.819999999999,252.5,58.680000000001,44.820000000001,345.0499999999823
56.57,98.67,-0.03999999999999915,-0.060000000000002274,1.744210712391727,1.0,1.7442377105945635,1.0,1.7441954680754734,1.0,98.66913762902954,98.67,0.008720977340377368,0.005,98.66041665168916,98.665,98.67785860636991,98.675,98.675,98.665,-0.009999999999990905,-0.00010134792743479178,VTEC,VTEC,2026-03-27,False,1767.0,1013.0,0.0,0.0,,,0.0,0.0,0.0,False,True,False,0.0,,,0.0,0.0,0.0,0.0,0.0,0.0,0.0,0.0,0.0,0.0,-0.0,-0.0,-0.0,-0.0,0.0,-0.0,-0.0,0.0,0.0,345.0499999999823
56.72,98.83,0.14999999999999858,0.1599999999999966,1.7424188998589563,1.0,1.7441319384244882,1.0,1.7442377105945635,1.0,98.93316294492364,98.83,0.008721188552972818,0.005,98.92444175637067,98.825,98.9418841334766,98.835,98.835,98.92444175637067,0.08944175637067531,0.0009050061354920096,VTEC,CMF,2026-03-30,False,1765.0,1012.0,0.0,0.0,,,0.0,0.0,0.0,True,False,False,1.0,VTEC,CMF,-1765.0,1012.0,0.0,0.0,0.0,0.0,-1765.0,1012.0,0.0,1012.0,1765.0,-0.0,-8.825000000000001,-5.0600000000000005,-13.885000000000002,0.0,0.0,0.0,-13.885000000000002,331.1649999999823
56.86,99.08,0.14000000000000057,0.25,1.7425255012310938,1.0,1.7439983900482723,1.0,1.7441319384244882,1.0,99.1713420188164,99.08,0.008720659692122441,0.005,99.16262135912429,99.075,99.18006267850852,99.085,99.085,99.16262135912429,0.07762135912429358,0.0007834210650413158,VTEC,CMF,2026-03-31,False,1760.0,1009.0,-1765.0,1012.0,VTEC,CMF,0.07762135912429358,0.0007834210650413158,1.0,True,False,False,1.0,VTEC,CMF,-1760.0,1009.0,-100110.8,100015.95999999999,200126.76,-94.84000000001106,5.0,-3.0,5.0,0.0,-0.0,3.0,-0.025,-0.015,-0.04,-247.100000000001,253.0,5.899999999999011,5.859999999999011,337.0249999999813
56.88,99.11,0.020000000000003126,0.030000000000001137,1.7424402250351616,1.0,1.7439446835553052,1.0,1.7439983900482723,1.0,99.19862842594573,99.11,0.008719991950241361,0.005,99.18990843399548,99.105,99.20734841789597,99.115,99.115,99.18990843399548,0.07490843399548908,0.0007558110583744231,VTEC,CMF,2026-04-01,True,1760.0,1009.0,-1760.0,1009.0,VTEC,CMF,0.07490843399548908,0.0007558110583744231,1.0,True,False,False,1.0,VTEC,CMF,-1760.0,1009.0,-100073.6,99971.72,200045.32,-101.88000000000466,0.0,0.0,0.0,0.0,-0.0,-0.0,-0.0,-0.0,0.0,-35.2000000000055,30.270000000001147,-4.930000000004355,-4.930000000004355,332.09499999997695
56.97,99.34,0.0899999999999963,0.23000000000000398,1.74372476742145,1.0,1.7439554286761179,1.0,1.7439446835553052,1.0,99.35252862214574,99.34,0.008719723417776526,0.005,99.34380889872796,99.33500000000001,99.36124834556352,99.345,99.345,99.34380889872796,-0.0011911012720418057,-1.1990147695206419e-05,VTEC,CMF,2026-04-02,False,1756.0,1007.0,-1760.0,1009.0,VTEC,CMF,-0.0011911012720418057,-1.1990147695206419e-05,1.0,False,True,True,0.0,,,0.0,0.0,-100108.8,100001.99,200110.79,-106.80999999999767,1760.0,-1009.0,1760.0,0.0,-0.0,1009.0,-8.8,-5.045,-13.845,-158.3999999999935,232.07000000000403,73.67000000001053,59.82500000001053,391.91999999998745
56.94,99.25,-0.030000000000001137,-0.09000000000000341,1.7430628731998596,1.0,1.7438662373283162,1.0,1.7439554286761179,1.0,99.30082210881815,99.25,0.00871977714338059,0.005,99.29210233167477,99.245,99.30954188596154,99.255,99.255,99.29210233167477,0.037102331674773836,0.0003738270193931873,VTEC,CMF,2026-04-06,False,1758.0,1008.0,0.0,0.0,,,0.0,0.0,0.0,False,False,False,-0.0,,,0.0,0.0,0.0,0.0,0.0,0.0,0.0,0.0,0.0,0.0,-0.0,-0.0,-0.0,-0.0,0.0,-0.0,-0.0,0.0,0.0,391.91999999998745
56.98,99.4,0.03999999999999915,0.15000000000000568,1.7444717444717446,1.0,1.7439167776092392,1.0,1.7438662373283162,1.0,99.36549820296746,99.4,0.008719331186641581,0.005,99.35677887178082,99.39500000000001,99.3742175341541,99.405,99.3742175341541,99.39500000000001,0.020782465845911702,0.00020907913325866903,CMF,VTEC,2026-04-07,False,1754.0,1006.0,0.0,0.0,,,0.0,0.0,-0.0,False,False,False,0.0,,,0.0,0.0,0.0,0.0,0.0,0.0,0.0,0.0,0.0,0.0,-0.0,-0.0,-0.0,-0.0,0.0,0.0,0.0,0.0,0.0,391.91999999998745
57.21,99.73,0.23000000000000398,0.3299999999999983,1.7432267086173747,1.0,1.7438102775948732,1.0,1.7439167776092392,1.0,99.76947884702457,99.73,0.008719583888046197,0.005,99.76075926313652,99.72500000000001,99.77819843091262,99.735,99.735,99.76075926313652,0.025759263136521326,0.0002582900144041043,VTEC,CMF,2026-04-08,False,1749.0,1003.0,0.0,0.0,,,0.0,0.0,0.0,False,False,False,-0.0,,,0.0,0.0,0.0,0.0,0.0,0.0,0.0,0.0,0.0,0.0,-0.0,-0.0,-0.0,-0.0,0.0,0.0,0.0,0.0,0.0,391.91999999998745
57.3,99.92,0.0899999999999963,0.18999999999999773,1.7438045375218152,1.0,1.7438114281098573,1.0,1.7438102775948732,1.0,99.92032890618623,99.92,0.008719051387974366,0.005,99.91160985479826,99.915,99.9290479575742,99.925,99.925,99.915,-0.009999999999990905,-0.00010008006405114997,VTEC,VTEC,2026-04-09,False,1746.0,1001.0,0.0,0.0,,,0.0,0.0,-0.0,False,True,False,0.0,,,0.0,0.0,0.0,0.0,0.0,0.0,0.0,0.0,0.0,0.0,-0.0,-0.0,-0.0,-0.0,0.0,0.0,0.0,0.0,0.0,391.91999999998745
57.25,99.86,-0.04999999999999716,-0.060000000000002274,1.7442794759825326,1.0,1.7437874564163216,1.0,1.7438114281098573,1.0,99.83320425928933,99.86,0.008719057140549286,0.005,99.82448520214878,99.855,99.84192331642988,99.865,99.84192331642988,99.855,0.013076683570119485,0.00013095016593350176,CMF,VTEC,2026-04-10,False,1746.0,1001.0,0.0,0.0,,,0.0,0.0,0.0,False,True,False,0.0,,,0.0,0.0,0.0,0.0,0.0,0.0,0.0,0.0,0.0,0.0,-0.0,-0.0,-0.0,-0.0,0.0,-0.0,-0.0,0.0,0.0,391.91999999998745
57.34,100.01,0.09000000000000341,0.15000000000000568,1.7441576560865015,1.0,1.7438000049588083,1.0,1.7437874564163216,1.0,99.98877275091189,100.01,0.008718937282081608,0.005,99.98005381362981,100.00500000000001,99.99749168819397,100.015,99.99749168819397,100.00500000000001,0.00750831180603484,7.507561049929846e-05,CMF,VTEC,2026-04-13,False,1744.0,1000.0,0.0,0.0,,,0.0,0.0,0.0,False,True,False,0.0,,,0.0,0.0,0.0,0.0,0.0,0.0,0.0,0.0,0.0,0.0,-0.0,-0.0,-0.0,-0.0,0.0,0.0,0.0,0.0,0.0,391.91999999998745
57.37,100.06,0.02999999999999403,0.04999999999999716,1.7441171343907966,1.0,1.7438493399392179,1.0,1.7438000049588083,1.0,100.04180628448682,100.06,0.008719000024794041,0.005,100.03308728446203,100.055,100.05052528451162,100.065,100.05052528451162,100.055,0.004474715488385073,4.4720322690236584e-05,CMF,VTEC,2026-04-14,False,1742.0,999.0,0.0,0.0,,,0.0,0.0,0.0,False,True,False,0.0,,,0.0,0.0,0.0,0.0,0.0,0.0,0.0,0.0,0.0,0.0,-0.0,-0.0,-0.0,-0.0,0.0,0.0,0.0,0.0,0.0,391.91999999998745
57.27,99.96,-0.09999999999999432,-0.10000000000000853,1.7454164484023047,1.0,1.7439701015003517,1.0,1.7438493399392179,1.0,99.87025169831901,99.96,0.00871924669969609,0.005,99.86153245161931,99.955,99.87897094501871,99.96499999999999,99.87897094501871,99.955,0.07602905498129076,0.0007605947877279988,CMF,VTEC,2026-04-15,False,1744.0,1000.0,0.0,0.0,,,0.0,0.0,0.0,True,False,False,1.0,CMF,VTEC,1744.0,-1000.0,0.0,0.0,0.0,0.0,1744.0,-1000.0,1744.0,0.0,-0.0,1000.0,-8.72,-5.0,-13.72,-0.0,-0.0,0.0,-13.72,378.1999999999874
57.32,99.97,0.04999999999999716,0.010000000000005116,1.7440683879972085,1.0,1.7439719178334758,1.0,1.7439701015003517,1.0,99.96436621800017,99.97,0.008719850507501759,0.005,99.95564636749266,99.965,99.97308606850767,99.975,99.97308606850767,99.965,-0.0080860685076658,-8.088495056182655e-05,CMF,VTEC,2026-04-16,False,1744.0,1000.0,1744.0,-1000.0,CMF,VTEC,-0.0080860685076658,-8.088495056182655e-05,1.0,False,True,False,0.0,,,0.0,0.0,99878.88,-99960.0,199838.88,-81.11999999999534,-1744.0,1000.0,0.0,1000.0,1744.0,-0.0,-8.72,-5.0,-13.72,87.19999999999504,-10.000000000005116,77.19999999998993,63.47999999998993,441.6799999999773
57.46,100.2,0.14000000000000057,0.23000000000000398,1.7438217890706578,1.0,1.7439640544074275,1.0,1.7439719178334758,1.0,100.20862639871152,100.2,0.00871985958916738,0.005,100.19990653912235,100.19500000000001,100.21734625830068,100.205,100.205,100.19990653912235,-0.005093460877645839,-5.083294289067703e-05,VTEC,CMF,2026-04-17,False,1740.0,998.0,0.0,0.0,,,0.0,0.0,0.0,False,True,False,0.0,,,0.0,0.0,0.0,0.0,0.0,0.0,0.0,0.0,0.0,0.0,-0.0,-0.0,-0.0,-0.0,0.0,0.0,0.0,0.0,0.0,441.6799999999773
57.47,100.26,0.00999999999999801,0.060000000000002274,1.7445623803723682,1.0,1.7439210466654829,1.0,1.7439640544074275,1.0,100.22561420679486,100.26,0.008719820272037137,0.005,100.21689438652282,100.25500000000001,100.2343340270669,100.265,100.2343340270669,100.25500000000001,0.02066597293311645,0.0002061238074318417,CMF,VTEC,2026-04-20,False,1739.0,997.0,0.0,0.0,,,0.0,0.0,0.0,False,False,False,-0.0,,,0.0,0.0,0.0,0.0,0.0,0.0,0.0,0.0,0.0,0.0,-0.0,-0.0,-0.0,-0.0,0.0,0.0,0.0,0.0,0.0,441.6799999999773
57.42,100.17,-0.04999999999999716,-0.09000000000000341,1.744514106583072,1.0,1.7440216862167026,1.0,1.7439210466654829,1.0,100.13594649953203,100.17,0.008719605233327415,0.005,100.1272268942987,100.165,100.14466610476535,100.175,100.14466610476535,100.165,0.020333895234657007,0.00020299386277984434,CMF,VTEC,2026-04-21,False,1740.0,998.0,0.0,0.0,,,0.0,0.0,-0.0,False,False,False,0.0,,,0.0,0.0,0.0,0.0,0.0,0.0,0.0,0.0,0.0,0.0,-0.0,-0.0,-0.0,-0.0,0.0,-0.0,-0.0,0.0,0.0,441.6799999999773
57.44,100.21,0.01999999999999602,0.03999999999999204,1.7446030640668524,1.0,1.7439264019089968,1.0,1.7440216862167026,1.0,100.17660565628739,100.21,0.008720108431083513,0.005,100.16788554785632,100.205,100.18532576471847,100.21499999999999,100.18532576471847,100.205,0.019674235281527785,0.000196330059689929,CMF,VTEC,2026-04-22,False,1741.0,998.0,0.0,0.0,,,0.0,0.0,0.0,False,True,False,0.0,,,0.0,0.0,0.0,0.0,0.0,0.0,0.0,0.0,0.0,0.0,-0.0,-0.0,-0.0,-0.0,0.0,0.0,0.0,0.0,0.0,441.6799999999773
57.48,100.19,0.03999999999999915,-0.01999999999999602,1.7430410577592206,1.0,1.7438252813131778,1.0,1.7439264019089968,1.0,100.24088958172914,100.19,0.008719632009544984,0.005,100.23216994971959,100.185,100.24960921373868,100.195,100.195,100.23216994971959,0.03716994971959764,0.00037099460744183694,VTEC,CMF,2026-04-23,False,1740.0,998.0,0.0,0.0,,,0.0,0.0,0.0,False,False,False,-0.0,,,0.0,0.0,0.0,0.0,0.0,0.0,0.0,0.0,0.0,0.0,-0.0,-0.0,-0.0,-0.0,0.0,0.0,-0.0,0.0,0.0,441.6799999999773
57.48,100.25,0.0,0.060000000000002274,1.7440848990953377,1.0,1.7438276184778014,1.0,1.7438252813131778,1.0,100.23507716988145,100.25,0.00871912640656589,0.005,100.22635804347489,100.245,100.24379629628801,100.255,100.24379629628801,100.245,0.0012037037119938532,1.2007019571011004e-05,CMF,VTEC,2026-04-24,False,1740.0,998.0,0.0,0.0,,,0.0,0.0,-0.0,False,True,False,0.0,,,0.0,0.0,0.0,0.0,0.0,0.0,0.0,0.0,0.0,0.0,-0.0,-0.0,-0.0,-0.0,0.0,0.0,0.0,0.0,0.0,441.6799999999773
57.48,100.23,0.0,-0.01999999999999602,1.7437369519832988,1.0,1.7438039304573802,1.0,1.7438276184778014,1.0,100.23521151010402,100.23,0.008719138092389007,0.005,100.22649237201163,100.22500000000001,100.24393064819641,100.235,100.235,100.22649237201163,-0.00850762798836513,-8.48810534606917e-05,VTEC,CMF,2026-04-27,False,1740.0,998.0,0.0,0.0,,,0.0,0.0,0.0,False,True,False,0.0,,,0.0,0.0,0.0,0.0,0.0,0.0,0.0,0.0,0.0,0.0,-0.0,-0.0,-0.0,-0.0,0.0,0.0,-0.0,0.0,0.0,441.6799999999773
57.42,100.1,-0.05999999999999517,-0.13000000000000966,1.743295019157088,1.0,1.7438477364222869,1.0,1.7438039304573802,1.0,100.12922168686278,100.1,0.008719019652286901,0.005,100.12050266721049,100.095,100.13794070651507,100.10499999999999,100.10499999999999,100.12050266721049,0.015502667210498089,0.0001548718003046762,VTEC,CMF,2026-04-28,False,1742.0,999.0,0.0,0.0,,,0.0,0.0,0.0,False,True,False,0.0,,,0.0,0.0,0.0,0.0,0.0,0.0,0.0,0.0,0.0,0.0,-0.0,-0.0,-0.0,-0.0,0.0,-0.0,-0.0,0.0,0.0,441.6799999999773
57.28,99.92,-0.14000000000000057,-0.1799999999999926,1.744413407821229,1.0,1.7439421317517936,1.0,1.7438477364222869,1.0,99.88759834226859,99.92,0.008719238682111434,0.005,99.87887910358648,99.915,99.8963175809507,99.925,99.8963175809507,99.915,0.01868241904931267,0.0001869737695087337,CMF,VTEC,2026-04-29,False,1746.0,1001.0,0.0,0.0,,,0.0,0.0,0.0,False,True,False,0.0,,,0.0,0.0,0.0,0.0,0.0,0.0,0.0,0.0,0.0,0.0,-0.0,-0.0,-0.0,-0.0,0.0,-0.0,-0.0,0.0,0.0,441.6799999999773
57.31,99.98,0.030000000000001137,0.060000000000002274,1.7445471994416333,1.0,1.7440474804721173,1.0,1.7439421317517936,1.0,99.9453235706953,99.98,0.008719710658758968,0.005,99.93660386003654,99.97500000000001,99.95404328135405,99.985,99.95404328135405,99.97500000000001,0.02095671864596227,0.00020960910828127894,CMF,VTEC,2026-04-30,False,1744.0,1000.0,0.0,0.0,,,0.0,0.0,0.0,False,False,False,-0.0,,,0.0,0.0,0.0,0.0,0.0,0.0,0.0,0.0,0.0,0.0,-0.0,-0.0,-0.0,-0.0,0.0,0.0,0.0,0.0,0.0,441.6799999999773
57.14,99.69,-0.1700000000000017,-0.29000000000000625,1.7446622331116555,1.0,1.7440943537566276,1.0,1.7440474804721173,1.0,99.65487303417679,99.69,0.008720237402360586,0.005,99.64615279677443,99.685,99.66359327157915,99.695,99.66359327157915,99.685,0.02140672842085678,0.0002147329563733251,CMF,VTEC,2026-05-01,True,1749.0,1003.0,0.0,0.0,,,0.0,0.0,-0.0,False,False,False,0.0,,,0.0,0.0,0.0,0.0,0.0,0.0,0.0,0.0,0.0,0.0,-0.0,-0.0,-0.0,-0.0,0.0,-0.0,-0.0,0.0,0.0,441.6799999999773
57.11,99.59,-0.030000000000001137,-0.09999999999999432,1.7438277009280336,1.0,1.7441325951430364,1.0,1.7440943537566276,1.0,99.605228543041,99.59,0.008720471768783138,0.005,99.59650807127221,99.58500000000001,99.61394901480978,99.595,99.595,99.59650807127221,0.001508071272212419,1.5142798194722552e-05,VTEC,CMF,2026-05-04,False,1751.0,1004.0,0.0,0.0,,,0.0,0.0,0.0,False,True,True,0.0,,,0.0,0.0,0.0,0.0,0.0,0.0,0.0,0.0,0.0,0.0,-0.0,-0.0,-0.0,-0.0,0.0,-0.0,-0.0,0.0,0.0,441.6799999999773
57.12,99.63,0.00999999999999801,0.03999999999999204,1.7442226890756303,1.0,1.7441201423732307,1.0,1.7441325951430364,1.0,99.62485383457023,99.63,0.008720662975715183,0.005,99.61613317159451,99.625,99.63357449754595,99.63499999999999,99.63357449754595,99.625,-0.008574497545950521,-8.606341007678933e-05,CMF,VTEC,2026-05-05,False,1751.0,1004.0,0.0,0.0,,,0.0,0.0,0.0,False,True,False,0.0,,,0.0,0.0,0.0,0.0,0.0,0.0,0.0,0.0,0.0,0.0,-0.0,-0.0,-0.0,-0.0,0.0,0.0,0.0,0.0,0.0,441.6799999999773
57.24,99.77,0.12000000000000455,0.14000000000000057,1.7430118798043326,1.0,1.7441094009325784,1.0,1.7441201423732307,1.0,99.83343694944372,99.77,0.008720600711866153,0.005,99.82471634873185,99.765,99.84215755015559,99.77499999999999,99.77499999999999,99.82471634873185,0.049716348731863036,0.000498309599397244,VTEC,CMF,2026-05-06,False,1748.0,1002.0,0.0,0.0,,,0.0,0.0,0.0,False,False,False,-0.0,,,0.0,0.0,0.0,0.0,0.0,0.0,0.0,0.0,0.0,0.0,-0.0,-0.0,-0.0,-0.0,0.0,0.0,0.0,0.0,0.0,441.6799999999773
57.23,99.74,-0.010000000000005116,-0.030000000000001137,1.7427922418312074,1.0,1.744058786148048,1.0,1.7441094009325784,1.0,99.81538101537146,99.74,0.008720547004662892,0.005,99.8066604683668,99.735,99.82410156237611,99.74499999999999,99.74499999999999,99.8066604683668,0.06166046836681005,0.000618212034958994,VTEC,CMF,2026-05-07,False,1749.0,1003.0,0.0,0.0,,,0.0,0.0,-0.0,False,False,False,0.0,,,0.0,0.0,0.0,0.0,0.0,0.0,0.0,0.0,0.0,0.0,-0.0,-0.0,-0.0,-0.0,0.0,-0.0,-0.0,0.0,0.0,441.6799999999773
57.27,99.75,0.04000000000000625,0.010000000000005116,1.7417496071241487,1.0,1.7439322927051286,1.0,1.744058786148048,1.0,99.88224668269872,99.75,0.00872029393074024,0.005,99.87352638876798,99.745,99.89096697662946,99.755,99.755,99.87352638876798,0.11852638876798949,0.0011882344738645564,VTEC,CMF,2026-05-08,False,1749.0,1003.0,0.0,0.0,,,0.0,0.0,0.0,True,False,False,1.0,VTEC,CMF,-1749.0,1003.0,0.0,0.0,0.0,0.0,-1749.0,1003.0,0.0,1003.0,1749.0,-0.0,-8.745000000000001,-5.015,-13.760000000000002,0.0,0.0,0.0,-13.760000000000002,427.91999999997734
57.24,99.7,-0.030000000000001137,-0.04999999999999716,1.7417889587700908,1.0,1.7438138578393083,1.0,1.7439322927051286,1.0,99.82268443444157,99.7,0.008719661463525643,0.005,99.81396477297804,99.69500000000001,99.8314040959051,99.705,99.705,99.81396477297804,0.10896477297804097,0.0010929265093083346,VTEC,CMF,2026-05-11,False,1749.0,1003.0,-1749.0,1003.0,VTEC,CMF,0.10896477297804097,0.0010929265093083346,1.0,True,False,False,1.0,VTEC,CMF,-1749.0,1003.0,-100165.23000000001,100049.25,200214.48,-115.98000000001048,0.0,0.0,0.0,0.0,-0.0,-0.0,-0.0,-0.0,0.0,52.47000000000199,-50.14999999999715,2.320000000004839,2.320000000004839,430.23999999998216
57.12,99.58,-0.12000000000000455,-0.12000000000000455,1.7433473389355743,1.0,1.7437753680665469,1.0,1.7438138578393083,1.0,99.60664755978128,99.58,0.008719069289196541,0.005,99.59792849049208,99.575,99.61536662907048,99.585,99.585,99.59792849049208,0.012928490492086553,0.0001298301917261152,VTEC,CMF,2026-05-12,False,1751.0,1004.0,-1749.0,1003.0,VTEC,CMF,0.012928490492086553,0.0001298301917261152,1.0,False,True,False,0.0,,,0.0,0.0,-100112.76000000001,99999.1,200111.86000000002,-113.66000000000349,1749.0,-1003.0,1749.0,0.0,-0.0,1003.0,-8.745000000000001,-5.015,-13.760000000000002,209.88000000000795,-120.36000000000456,89.52000000000339,75.76000000000339,505.99999999998556
57.02,99.44,-0.09999999999999432,-0.14000000000000057,1.7439494914065239,1.0,1.7437020202167581,1.0,1.7437753680665469,1.0,99.4300714871545,99.44,0.008718876840332734,0.005,99.42135261031417,99.435,99.43879036399484,99.445,99.43879036399484,99.435,-0.0037903639948382306,-3.8117095684213903e-05,CMF,VTEC,2026-05-13,False,1754.0,1006.0,0.0,0.0,,,0.0,0.0,0.0,False,True,False,0.0,,,0.0,0.0,0.0,0.0,0.0,0.0,0.0,0.0,0.0,0.0,-0.0,-0.0,-0.0,-0.0,0.0,-0.0,-0.0,0.0,0.0,505.99999999998556
57.04,99.41,0.01999999999999602,-0.030000000000001137,1.7428120617110798,1.0,1.7436392039024515,1.0,1.7437020202167581,1.0,99.46076323316389,99.41,0.008718510101083791,0.005,99.4520447230628,99.405,99.46948174326498,99.41499999999999,99.41499999999999,99.4520447230628,0.03704472306280593,0.0003726458410904932,VTEC,CMF,2026-05-14,False,1754.0,1006.0,0.0,0.0,,,0.0,0.0,0.0,False,False,False,-0.0,,,0.0,0.0,0.0,0.0,0.0,0.0,0.0,0.0,0.0,0.0,-0.0,-0.0,-0.0,-0.0,0.0,0.0,-0.0,0.0,0.0,505.99999999998556
56.79,98.99,-0.25,-0.4200000000000017,1.743088571931678,1.0,1.7436025430455024,1.0,1.7436392039024515,1.0,99.02127038962023,98.99,0.008718196019512257,0.005,99.01255219360071,98.985,99.02998858563974,98.99499999999999,98.99499999999999,99.01255219360071,0.017552193600721466,0.0001773127952391299,VTEC,CMF,2026-05-15,False,1761.0,1010.0,0.0,0.0,,,0.0,0.0,-0.0,False,True,False,0.0,,,0.0,0.0,0.0,0.0,0.0,0.0,0.0,0.0,0.0,0.0,-0.0,-0.0,-0.0,-0.0,0.0,-0.0,-0.0,0.0,0.0,505.99999999998556
56.8,98.93,0.00999999999999801,-0.05999999999998806,1.7417253521126763,1.0,1.7434606916325184,1.0,1.7436025430455024,1.0,99.03662444498454,98.93,0.008718012715227512,0.005,99.02790643226932,98.92500000000001,99.04534245769976,98.935,98.935,99.02790643226932,0.0929064322693165,0.0009391128299738855,VTEC,CMF,2026-05-18,False,1763.0,1011.0,0.0,0.0,,,0.0,0.0,0.0,True,False,False,1.0,VTEC,CMF,-1763.0,1011.0,0.0,0.0,0.0,0.0,-1763.0,1011.0,0.0,1011.0,1763.0,-0.0,-8.815,-5.055,-13.87,0.0,-0.0,0.0,-13.87,492.12999999998556
56.66,98.67,-0.14000000000000057,-0.2600000000000051,1.7414401694316979,1.0,1.7433069947749495,1.0,1.7434606916325184,1.0,98.78448278789848,98.67,0.008717303458162592,0.005,98.77576548444031,98.665,98.79320009135665,98.675,98.675,98.77576548444031,0.1007654844403163,0.0010212373004998105,VTEC,CMF,2026-05-19,False,1766.0,1013.0,-1763.0,1011.0,VTEC,CMF,0.1007654844403163,0.0010212373004998105,1.0,True,False,False,1.0,VTEC,CMF,-1766.0,1013.0,-100138.4,100018.23000000001,200156.63,-120.1699999999837,-3.0,2.0,0.0,2.0,3.0,-0.0,-0.015,-0.01,-0.025,246.82000000000102,-262.8600000000052,-16.04000000000417,-16.06500000000417,476.0649999999814
56.75,98.96,0.09000000000000341,0.28999999999999204,1.7437885462555065,1.0,1.743266268884382,1.0,1.7433069947749495,1.0,98.93267195347839,98.96,0.008716534973874748,0.005,98.92395541850452,98.955,98.94138848845226,98.96499999999999,98.94138848845226,98.955,0.013611511547736654,0.00013754558960930331,CMF,VTEC,2026-05-20,False,1762.0,1011.0,-1766.0,1013.0,VTEC,CMF,-0.041044581495469856,-0.00041475931179739146,1.0,False,True,False,0.0,,,0.0,0.0,-100061.56,99952.71,200014.27000000002,-108.84999999999127,1766.0,-1013.0,1766.0,0.0,-0.0,1013.0,-8.83,-5.065,-13.895,-158.94000000000602,293.7699999999919,134.8299999999859,120.93499999998589,596.9999999999673
56.77,98.97,0.020000000000003126,0.010000000000005116,1.743350361106218,1.0,1.7432817340517317,1.0,1.743266268884382,1.0,98.96522608456638,98.97,0.00871633134442191,0.005,98.95650975322197,98.965,98.9739424159108,98.975,98.9739424159108,98.965,-0.00894241591079492,-9.035481368894535e-05,CMF,VTEC,2026-05-21,False,1761.0,1010.0,0.0,0.0,,,0.0,0.0,0.0,False,True,False,0.0,,,0.0,0.0,0.0,0.0,0.0,0.0,0.0,0.0,0.0,0.0,-0.0,-0.0,-0.0,-0.0,0.0,0.0,0.0,0.0,0.0,596.9999999999673
56.84,99.08,0.07000000000000028,0.10999999999999943,1.7431386347642503,1.0,1.743234420835178,1.0,1.7432817340517317,1.0,99.08813376350044,99.08,0.00871640867025866,0.005,99.07941735483018,99.075,99.09685017217069,99.085,99.085,99.07941735483018,-0.0055826451698095525,-5.6344824079628106e-05,VTEC,CMF,2026-05-22,False,1759.0,1009.0,0.0,0.0,,,0.0,0.0,0.0,False,True,False,0.0,,,0.0,0.0,0.0,0.0,0.0,0.0,0.0,0.0,0.0,0.0,-0.0,-0.0,-0.0,-0.0,0.0,0.0,0.0,0.0,0.0,596.9999999999673
57.08,99.49,0.23999999999999488,0.4099999999999966,1.7429922915206728,1.0,1.7431971878120465,1.0,1.743234420835178,1.0,99.50382074127195,99.49,0.00871617210417589,0.005,99.49510456916778,99.485,99.51253691337612,99.49499999999999,99.49499999999999,99.49510456916778,0.00010456916778878167,1.051052043308691e-06,VTEC,CMF,2026-05-26,False,1752.0,1005.0,0.0,0.0,,,0.0,0.0,0.0,False,True,False,0.0,,,0.0,0.0,0.0,0.0,0.0,0.0,0.0,0.0,0.0,0.0,-0.0,-0.0,-0.0,-0.0,0.0,0.0,0.0,0.0,0.0,596.9999999999673
57.14,99.66,0.060000000000002274,0.1700000000000017,1.744137206860343,1.0,1.7432392971972093,1.0,1.7431971878120465,1.0,99.60628731158033,99.66,0.008715985939060233,0.005,99.59757132564127,99.655,99.6150032975194,99.66499999999999,99.6150032975194,99.655,0.03999670248060738,0.0004013315520831566,CMF,VTEC,2026-05-27,False,1748.0,1003.0,0.0,0.0,,,0.0,0.0,0.0,False,False,False,-0.0,,,0.0,0.0,0.0,0.0,0.0,0.0,0.0,0.0,0.0,0.0,-0.0,-0.0,-0.0,-0.0,0.0,0.0,0.0,0.0,0.0,596.9999999999673
57.25,99.83,0.10999999999999943,0.1700000000000017,1.743755458515284,1.0,1.7432063997319118,1.0,1.7432392971972093,1.0,99.80044976454023,99.83,0.008716196485986047,0.005,99.79173356805424,99.825,99.80916596102622,99.835,99.80916596102622,99.825,0.015834038973778775,0.00015861002678331938,CMF,VTEC,2026-05-28,False,1747.0,1002.0,0.0,0.0,,,0.0,0.0,-0.0,False,True,False,0.0,,,0.0,0.0,0.0,0.0,0.0,0.0,0.0,0.0,0.0,0.0,-0.0,-0.0,-0.0,-0.0,0.0,0.0,0.0,0.0,0.0,596.9999999999673
57.35,100.05,0.10000000000000142,0.21999999999999886,1.7445510026155187,1.0,1.743206589890606,1.0,1.7432063997319118,1.0,99.97288702462515,100.05,0.008716031998659559,0.005,99.96417099262649,100.045,99.98160305662381,100.05499999999999,99.98160305662381,100.045,0.0633969433761905,0.000633652607458176,CMF,VTEC,2026-05-29,False,1743.0,1000.0,0.0,0.0,,,0.0,0.0,0.0,False,False,False,-0.0,,,0.0,0.0,0.0,0.0,0.0,0.0,0.0,0.0,0.0,0.0,-0.0,-0.0,-0.0,-0.0,0.0,0.0,0.0,0.0,0.0,596.9999999999673
57.24,99.84,-0.10999999999999943,-0.20999999999999375,1.7442348008385744,1.0,1.743185218276952,1.0,1.743206589890606,1.0,99.78114520533829,99.84,0.00871603294945303,0.005,99.77242917238884,99.83500000000001,99.78986123828774,99.845,99.78986123828774,99.83500000000001,0.04513876171226627,0.00045211099471420546,CMF,VTEC,2026-06-01,True,1747.0,1002.0,0.0,0.0,,,0.0,0.0,-0.0,False,False,False,0.0,,,0.0,0.0,0.0,0.0,0.0,0.0,0.0,0.0,0.0,0.0,-0.0,-0.0,-0.0,-0.0,0.0,-0.0,-0.0,0.0,0.0,596.9999999999673
57.33,100.0,0.0899999999999963,0.1599999999999966,1.744287458573173,1.0,1.7432082061592091,1.0,1.743185218276952,1.0,99.93680856381766,100.0,0.00871592609138476,0.005,99.92809263772628,99.995,99.94552448990905,100.005,99.94552448990905,99.995,0.04947551009095719,0.0004947551009095719,CMF,VTEC,2026-06-02,False,1743.0,1000.0,0.0,0.0,,,0.0,0.0,0.0,False,False,True,0.0,,,0.0,0.0,0.0,0.0,0.0,0.0,0.0,0.0,0.0,0.0,-0.0,-0.0,-0.0,-0.0,0.0,0.0,0.0,0.0,0.0,596.9999999999673
57.31,99.95,-0.01999999999999602,-0.04999999999999716,1.74402373058803,1.0,1.743198258234829,1.0,1.7432082061592091,1.0,99.90326229498427,99.95,0.008716041030796045,0.005,99.89454625395348,99.94500000000001,99.91197833601507,99.955,99.91197833601507,99.94500000000001,0.033021663984939664,0.000330381830764779,CMF,VTEC,2026-06-03,False,1745.0,1001.0,0.0,0.0,,,0.0,0.0,0.0,False,False,False,-0.0,,,0.0,0.0,0.0,0.0,0.0,0.0,0.0,0.0,0.0,0.0,-0.0,-0.0,-0.0,-0.0,0.0,-0.0,-0.0,0.0,0.0,596.9999999999673
57.38,100.0,0.07000000000000028,0.04999999999999716,1.7427675148135238,1.0,1.7431860399852883,1.0,1.743198258234829,1.0,100.0247160575145,100.0,0.008715991291174145,0.005,100.01600006622333,99.995,100.03343204880566,100.005,100.005,100.01600006622333,0.011000066223331828,0.00011000066223331828,VTEC,CMF,2026-06-04,False,1743.0,1000.0,0.0,0.0,,,0.0,0.0,-0.0,False,True,False,0.0,,,0.0,0.0,0.0,0.0,0.0,0.0,0.0,0.0,0.0,0.0,-0.0,-0.0,-0.0,-0.0,0.0,0.0,0.0,0.0,0.0,596.9999999999673
57.28,99.87,-0.10000000000000142,-0.12999999999999545,1.7435405027932962,1.0,1.7432234530333932,1.0,1.7431860399852883,1.0,99.84969637035732,99.87,0.008715930199926442,0.005,99.8409804401574,99.86500000000001,99.85841230055725,99.875,99.85841230055725,99.86500000000001,0.0065876994427611635,6.596274599740826e-05,CMF,VTEC,2026-06-05,False,1745.0,1001.0,0.0,0.0,,,0.0,0.0,0.0,False,True,False,0.0,,,0.0,0.0,0.0,0.0,0.0,0.0,0.0,0.0,0.0,0.0,-0.0,-0.0,-0.0,-0.0,0.0,-0.0,-0.0,0.0,0.0,596.9999999999673
57.29,99.92,0.00999999999999801,0.04999999999999716,1.7441089195322046,1.0,1.7433414186537959,1.0,1.7432234530333932,1.0,99.8692716242831,99.92,0.008716117265166965,0.005,99.86055550701793,99.915,99.87798774154827,99.925,99.87798774154827,99.915,0.037012258451738944,0.0003704189196531119,CMF,VTEC,2026-06-08,False,1745.0,1001.0,0.0,0.0,,,0.0,0.0,0.0,False,False,False,-0.0,,,0.0,0.0,0.0,0.0,0.0,0.0,0.0,0.0,0.0,0.0,-0.0,-0.0,-0.0,-0.0,0.0,0.0,0.0,0.0,0.0,596.9999999999673
57.37,100.0,0.0799999999999983,0.0799999999999983,1.743071291615827,1.0,1.7434055352960827,1.0,1.7433414186537959,1.0,100.01549718816827,100.0,0.00871670709326898,0.005,100.006780481075,99.995,100.02421389526154,100.005,100.005,100.006780481075,0.0017804810750021716,1.7804810750021715e-05,VTEC,CMF,2026-06-09,False,1743.0,1000.0,0.0,0.0,,,0.0,0.0,-0.0,False,True,False,0.0,,,0.0,0.0,0.0,0.0,0.0,0.0,0.0,0.0,0.0,0.0,-0.0,-0.0,-0.0,-0.0,0.0,0.0,0.0,0.0,0.0,596.9999999999673
57.22,99.83,-0.14999999999999858,-0.1700000000000017,1.7446696959105208,1.0,1.7434716531448302,1.0,1.7434055352960827,1.0,99.75766472964185,99.83,0.008717027676480414,0.005,99.74894770196536,99.825,99.76638175731833,99.835,99.76638175731833,99.825,0.058618242681674815,0.0005871806338943686,CMF,VTEC,2026-06-10,False,1747.0,1002.0,0.0,0.0,,,0.0,0.0,0.0,False,False,False,-0.0,,,0.0,0.0,0.0,0.0,0.0,0.0,0.0,0.0,0.0,0.0,-0.0,-0.0,-0.0,-0.0,0.0,-0.0,-0.0,0.0,0.0,596.9999999999673
57.33,99.96,0.10999999999999943,0.12999999999999545,1.7435897435897436,1.0,1.7434536657539907,1.0,1.7434716531448302,1.0,99.95322987479311,99.96,0.00871735826572415,0.005,99.94451251652738,99.955,99.96194723305884,99.96499999999999,99.96194723305884,99.955,-0.006947233058838265,-6.950013064063891e-05,CMF,VTEC,2026-06-11,False,1743.0,1000.0,0.0,0.0,,,0.0,0.0,-0.0,False,True,False,0.0,,,0.0,0.0,0.0,0.0,0.0,0.0,0.0,0.0,0.0,0.0,-0.0,-0.0,-0.0,-0.0,0.0,0.0,0.0,0.0,0.0,596.9999999999673
57.31,99.96,-0.01999999999999602,0.0,1.7441982202058977,1.0,1.743522973678732,1.0,1.7434536657539907,1.0,99.91732958436121,99.96,0.008717268328769954,0.005,99.90861231603245,99.955,99.92604685268998,99.96499999999999,99.92604685268998,99.955,0.028953147310019745,0.00028964733203301065,CMF,VTEC,2026-06-12,False,1743.0,1000.0,0.0,0.0,,,0.0,0.0,0.0,False,False,False,-0.0,,,0.0,0.0,0.0,0.0,0.0,0.0,0.0,0.0,0.0,0.0,-0.0,-0.0,-0.0,-0.0,0.0,-0.0,0.0,0.0,0.0,596.9999999999673
57.38,100.07,0.07000000000000028,0.10999999999999943,1.7439874520738932,1.0,1.7435679176858425,1.0,1.743522973678732,1.0,100.04334822968565,100.07,0.008717614868393661,0.005,100.03463061481726,100.065,100.05206584455404,100.07499999999999,100.05206584455404,100.065,0.012934155445961437,0.0001292510787045212,CMF,VTEC,2026-06-15,False,1742.0,999.0,0.0,0.0,,,0.0,0.0,-0.0,False,True,False,0.0,,,0.0,0.0,0.0,0.0,0.0,0.0,0.0,0.0,0.0,0.0,-0.0,-0.0,-0.0,-0.0,0.0,0.0,0.0,0.0,0.0,596.9999999999673
57.4,100.09,0.01999999999999602,0.020000000000010232,1.7437282229965159,1.0,1.7436680612300344,1.0,1.7435679176858425,1.0,100.08079847516736,100.09,0.008717839588429213,0.005,100.07208063557893,100.08500000000001,100.08951631475578,100.095,100.08951631475578,100.08500000000001,-0.004516314755775852,-4.5122537274211726e-05,CMF,VTEC,2026-06-16,False,1742.0,999.0,0.0,0.0,,,0.0,0.0,0.0,False,True,False,0.0,,,0.0,0.0,0.0,0.0,0.0,0.0,0.0,0.0,0.0,0.0,-0.0,-0.0,-0.0,-0.0,0.0,0.0,0.0,0.0,0.0,596.9999999999673
57.33,100.0,-0.07000000000000028,-0.09000000000000341,1.744287458573173,1.0,1.743810425687108,1.0,1.7436680612300344,1.0,99.96448995031787,100.0,0.008718340306150173,0.005,99.95577161001172,99.995,99.97320829062402,100.005,99.97320829062402,99.995,0.0217917093759894,0.00021791709375989398,CMF,VTEC,2026-06-17,False,1744.0,1000.0,0.0,0.0,,,0.0,0.0,0.0,False,False,False,-0.0,,,0.0,0.0,0.0,0.0,0.0,0.0,0.0,0.0,0.0,0.0,-0.0,-0.0,-0.0,-0.0,0.0,-0.0,-0.0,0.0,0.0,596.9999999999673
57.5,100.24,0.1700000000000017,0.23999999999999488,1.7433043478260868,1.0,1.7437862157656376,1.0,1.743810425687108,1.0,100.26909947700871,100.24,0.008719052128435541,0.005,100.26038042488027,100.235,100.27781852913715,100.24499999999999,100.24499999999999,100.26038042488027,0.015380424880277133,0.0001534360023970185,VTEC,CMF,2026-06-18,False,1740.0,998.0,0.0,0.0,,,0.0,0.0,-0.0,False,True,False,0.0,,,0.0,0.0,0.0,0.0,0.0,0.0,0.0,0.0,0.0,0.0,-0.0,-0.0,-0.0,-0.0,0.0,0.0,0.0,0.0,0.0,596.9999999999673
57.49,100.28,-0.00999999999999801,0.04000000000000625,1.7443033571055835,1.0,1.7438338655656054,1.0,1.7437862157656376,1.0,100.25026954436652,100.28,0.008718931078828188,0.005,100.24155061328769,100.275,100.25898847544535,100.285,100.25898847544535,100.275,0.016011524554656376,0.0001596681746575227,CMF,VTEC,2026-06-22,False,1739.0,997.0,0.0,0.0,,,0.0,0.0,0.0,False,True,False,0.0,,,0.0,0.0,0.0,0.0,0.0,0.0,0.0,0.0,0.0,0.0,-0.0,-0.0,-0.0,-0.0,0.0,-0.0,0.0,0.0,0.0,596.9999999999673
57.45,100.24,-0.03999999999999915,-0.04000000000000625,1.7448215839860746,1.0,1.7439180130266965,1.0,1.7438338655656054,1.0,100.18325557674403,100.24,0.008719169327828027,0.005,100.1745364074162,100.235,100.19197474607186,100.24499999999999,100.19197474607186,100.235,0.0430252539281355,0.00042922240550813547,CMF,VTEC,2026-06-23,False,1740.0,998.0,0.0,0.0,,,0.0,0.0,0.0,False,False,False,-0.0,,,0.0,0.0,0.0,0.0,0.0,0.0,0.0,0.0,0.0,0.0,-0.0,-0.0,-0.0,-0.0,0.0,-0.0,-0.0,0.0,0.0,596.9999999999673
57.51,100.34,0.05999999999999517,0.10000000000000853,1.744740045209529,1.0,1.7440054007111396,1.0,1.7439180130266965,1.0,100.29272492916532,100.34,0.008719590065133483,0.005,100.28400533910019,100.33500000000001,100.30144451923044,100.345,100.30144451923044,100.33500000000001,0.03355548076956438,0.0003344177872190989,CMF,VTEC,2026-06-24,False,1739.0,997.0,0.0,0.0,,,0.0,0.0,-0.0,False,False,False,0.0,,,0.0,0.0,0.0,0.0,0.0,0.0,0.0,0.0,0.0,0.0,-0.0,-0.0,-0.0,-0.0,0.0,0.0,0.0,0.0,0.0,596.9999999999673
57.55,100.43,0.03999999999999915,0.09000000000000341,1.7450912250217205,1.0,1.7440531016192087,1.0,1.7440054007111396,1.0,100.36751081092608,100.43,0.008720027003555699,0.005,100.35879078392252,100.42500000000001,100.37623083792964,100.435,100.37623083792964,100.42500000000001,0.04876916207037141,0.0004856035255438754,CMF,VTEC,2026-06-25,False,1737.0,996.0,0.0,0.0,,,0.0,0.0,0.0,False,False,False,-0.0,,,0.0,0.0,0.0,0.0,0.0,0.0,0.0,0.0,0.0,0.0,-0.0,-0.0,-0.0,-0.0,0.0,0.0,0.0,0.0,0.0,596.9999999999673
57.6,100.5,0.05000000000000426,0.06999999999999318,1.7447916666666665,1.0,1.7441049120267778,1.0,1.7440531016192087,1.0,100.45745865326643,100.5,0.008720265508096044,0.005,100.44873838775833,100.495,100.46617891877453,100.505,100.46617891877453,100.495,0.028821081225473222,0.00028677692761664895,CMF,VTEC,2026-06-26,False,1735.0,995.0,0.0,0.0,,,0.0,0.0,-0.0,False,False,False,0.0,,,0.0,0.0,0.0,0.0,0.0,0.0,0.0,0.0,0.0,0.0,-0.0,-0.0,-0.0,-0.0,0.0,0.0,0.0,0.0,0.0,596.9999999999673
57.65,100.61,0.04999999999999716,0.10999999999999943,1.7451864700780573,1.0,1.7441366853999045,1.0,1.7441049120267778,1.0,100.54764817834374,100.61,0.00872052456013389,0.005,100.5389276537836,100.605,100.55636870290387,100.615,100.55636870290387,100.605,0.04863129709613645,0.00048336444782960393,CMF,VTEC,2026-06-29,False,1734.0,994.0,0.0,0.0,,,0.0,0.0,0.0,False,False,False,-0.0,,,0.0,0.0,0.0,0.0,0.0,0.0,0.0,0.0,0.0,0.0,-0.0,-0.0,-0.0,-0.0,0.0,0.0,0.0,0.0,0.0,596.9999999999673
57.64,100.6,-0.00999999999999801,-0.010000000000005116,1.7453157529493406,1.0,1.7441907330054427,1.0,1.7441366853999045,1.0,100.5320385464505,100.6,0.008720683426999522,0.005,100.5233178630235,100.595,100.5407592298775,100.60499999999999,100.5407592298775,100.595,0.0542407701225045,0.0005391726652336432,CMF,VTEC,2026-06-30,False,1734.0,994.0,0.0,0.0,,,0.0,0.0,-0.0,False,False,False,0.0,,,0.0,0.0,0.0,0.0,0.0,0.0,0.0,0.0,0.0,0.0,-0.0,-0.0,-0.0,-0.0,0.0,-0.0,-0.0,0.0,0.0,596.9999999999673
57.51,100.3,-0.13000000000000256,-0.29999999999999716,1.7440445139975655,1.0,1.7441785857766625,1.0,1.7441907330054427,1.0,100.308409055143,100.3,0.008720953665027214,0.005,100.29968810147797,100.295,100.31713000880804,100.30499999999999,100.30499999999999,100.29968810147797,-0.005311898522023739,-5.296010490552083e-05,VTEC,CMF,2026-07-01,True,1739.0,997.0,0.0,0.0,,,0.0,0.0,0.0,False,True,False,0.0,,,0.0,0.0,0.0,0.0,0.0,0.0,0.0,0.0,0.0,0.0,-0.0,-0.0,-0.0,-0.0,0.0,-0.0,-0.0,0.0,0.0,596.9999999999673
57.58,100.39,0.07000000000000028,0.09000000000000341,1.743487321986801,1.0,1.7441517653466012,1.0,1.7441785857766625,1.0,100.42980296902023,100.39,0.008720892928883313,0.005,100.42108207609135,100.385,100.43852386194911,100.395,100.395,100.42108207609135,0.026082076091356043,0.00025980751161824926,VTEC,CMF,2026-07-02,False,1737.0,996.0,0.0,0.0,,,0.0,0.0,0.0,False,False,True,0.0,,,0.0,0.0,0.0,0.0,0.0,0.0,0.0,0.0,0.0,0.0,-0.0,-0.0,-0.0,-0.0,0.0,0.0,0.0,0.0,0.0,596.9999999999673
57.58,100.43,0.0,0.04000000000000625,1.7441820076415424,1.0,1.7442224899880021,1.0,1.7441517653466012,1.0,100.42825864865729,100.43,0.008720758826733007,0.005,100.41953788983056,100.42500000000001,100.43697940748402,100.435,100.435,100.42500000000001,-0.009999999999990905,-9.957184108325106e-05,VTEC,VTEC,2026-07-06,False,1737.0,996.0,0.0,0.0,,,0.0,0.0,0.0,False,True,False,0.0,,,0.0,0.0,0.0,0.0,0.0,0.0,0.0,0.0,0.0,0.0,-0.0,-0.0,-0.0,-0.0,0.0,0.0,0.0,0.0,0.0,596.9999999999673
57.48,100.23,-0.10000000000000142,-0.20000000000000284,1.7437369519832988,1.0,1.744232312447502,1.0,1.7442224899880021,1.0,100.25790872451036,100.23,0.00872111244994001,0.005,100.24918761206042,100.22500000000001,100.26662983696029,100.235,100.235,100.24918761206042,0.014187612060425181,0.00014155055432929443,VTEC,CMF,2026-07-07,False,1741.0,998.0,0.0,0.0,,,0.0,0.0,0.0,False,True,False,0.0,,,0.0,0.0,0.0,0.0,0.0,0.0,0.0,0.0,0.0,0.0,-0.0,-0.0,-0.0,-0.0,0.0,-0.0,-0.0,0.0,0.0,596.9999999999673
57.33,100.01,-0.14999999999999858,-0.21999999999999886,1.7444618873190303,1.0,1.7442499608368434,1.0,1.744232312447502,1.0,99.9968384726153,100.01,0.00872116156223751,0.005,99.98811731105306,100.00500000000001,100.00555963417753,100.015,100.00555963417753,100.00500000000001,-0.0005596341775202518,-5.595782196982819e-06,CMF,VTEC,2026-07-08,False,1744.0,1000.0,0.0,0.0,,,0.0,0.0,0.0,False,True,False,0.0,,,0.0,0.0,0.0,0.0,0.0,0.0,0.0,0.0,0.0,0.0,-0.0,-0.0,-0.0,-0.0,0.0,-0.0,-0.0,0.0,0.0,596.9999999999673
57.36,100.05,0.030000000000001137,0.03999999999999204,1.7442468619246863,1.0,1.7443087393522863,1.0,1.7442499608368434,1.0,100.05017775360133,100.05,0.008721249804184218,0.005,100.04145650379715,100.045,100.05889900340551,100.05499999999999,100.05499999999999,100.045,-0.009999999999990905,-9.995002498741535e-05,VTEC,VTEC,2026-07-09,False,1744.0,1000.0,0.0,0.0,,,0.0,0.0,0.0,False,True,False,0.0,,,0.0,0.0,0.0,0.0,0.0,0.0,0.0,0.0,0.0,0.0,-0.0,-0.0,-0.0,-0.0,0.0,0.0,0.0,0.0,0.0,596.9999999999673
57.35,100.09,-0.00999999999999801,0.04000000000000625,1.7452484742807324,1.0,1.7443376782707969,1.0,1.7443087393522863,1.0,100.03610620185361,100.09,0.008721543696761432,0.005,100.02738465815685,100.08500000000001,100.04482774555038,100.095,100.04482774555038,100.08500000000001,0.04017225444962946,0.0004013613193089166,CMF,VTEC,2026-07-10,False,1743.0,999.0,0.0,0.0,,,0.0,0.0,0.0,False,False,False,-0.0,,,0.0,0.0,0.0,0.0,0.0,0.0,0.0,0.0,0.0,0.0,-0.0,-0.0,-0.0,-0.0,0.0,-0.0,0.0,0.0,0.0,596.9999999999673
57.33,99.97,-0.020000000000003126,-0.12000000000000455,1.743764172335601,1.0,1.7443463997080901,1.0,1.7443376782707969,1.0,100.00287909526479,99.97,0.008721688391353984,0.005,99.99415740687344,99.965,100.01160078365614,99.975,99.975,99.99415740687344,0.019157406873446803,0.0001916315582019286,VTEC,CMF,2026-07-13,False,1744.0,1000.0,0.0,0.0,,,0.0,0.0,-0.0,False,True,False,0.0,,,0.0,0.0,0.0,0.0,0.0,0.0,0.0,0.0,0.0,0.0,-0.0,-0.0,-0.0,-0.0,0.0,-0.0,-0.0,0.0,0.0,596.9999999999673
57.34,100.02,0.010000000000005116,0.04999999999999716,1.7443320544122776,1.0,1.7443530914184087,1.0,1.7443463997080901,1.0,100.02082255926189,100.02,0.008721731998540452,0.005,100.01210082726335,100.015,100.02954429126042,100.02499999999999,100.02499999999999,100.015,-0.009999999999990905,-9.998000399910923e-05,VTEC,VTEC,2026-07-14,False,1744.0,1000.0,0.0,0.0,,,0.0,0.0,0.0,False,True,False,0.0,,,0.0,0.0,0.0,0.0,0.0,0.0,0.0,0.0,0.0,0.0,-0.0,-0.0,-0.0,-0.0,0.0,0.0,0.0,0.0,0.0,596.9999999999673
57.25,99.85,-0.09000000000000341,-0.1700000000000017,1.7441048034934497,1.0,1.7443589589893869,1.0,1.7443530914184087,1.0,99.86421448370389,99.85,0.008721765457092044,0.005,99.8554927182468,99.845,99.87293624916099,99.85499999999999,99.85499999999999,99.8554927182468,0.0004927182468037472,4.9345843445543036e-06,VTEC,CMF,2026-07-15,False,1748.0,1002.0,0.0,0.0,,,0.0,0.0,0.0,False,True,False,0.0,,,0.0,0.0,0.0,0.0,0.0,0.0,0.0,0.0,0.0,0.0,-0.0,-0.0,-0.0,-0.0,0.0,-0.0,-0.0,0.0,0.0,596.9999999999673
57.12,99.69,-0.13000000000000256,-0.1599999999999966,1.7452731092436975,1.0,1.744436203301746,1.0,1.7443589589893869,1.0,99.63778373747377,99.69,0.008721794794946934,0.005,99.62906194267882,99.685,99.64650553226872,99.695,99.64650553226872,99.685,0.038494467731283066,0.0003861417166343973,CMF,VTEC,2026-07-16,False,1750.0,1003.0,0.0,0.0,,,0.0,0.0,0.0,False,False,False,-0.0,,,0.0,0.0,0.0,0.0,0.0,0.0,0.0,0.0,0.0,0.0,-0.0,-0.0,-0.0,-0.0,0.0,-0.0,-0.0,0.0,0.0,596.9999999999673
57.11,99.63,-0.00999999999999801,-0.060000000000002274,1.7445281036596043,1.0,1.7444482355560673,1.0,1.744436203301746,1.0,99.62475157056271,99.63,0.008722181016508731,0.005,99.6160293895462,99.625,99.63347375157922,99.63499999999999,99.63347375157922,99.625,-0.008473751579217037,-8.505220896534214e-05,CMF,VTEC,2026-07-17,False,1751.0,1004.0,0.0,0.0,,,0.0,0.0,-0.0,False,True,False,0.0,,,0.0,0.0,0.0,0.0,0.0,0.0,0.0,0.0,0.0,0.0,-0.0,-0.0,-0.0,-0.0,0.0,-0.0,-0.0,0.0,0.0,596.9999999999673
57.06,99.52,-0.04999999999999716,-0.10999999999999943,1.7441289870311951,1.0,1.744489467516323,1.0,1.7444482355560673,1.0,99.5382163208292,99.52,0.008722241177780336,0.005,99.52949407965143,99.515,99.54693856200699,99.52499999999999,99.52499999999999,99.52949407965143,0.004494079651436778,4.515755276765251e-05,VTEC,CMF,2026-07-20,False,1753.0,1005.0,0.0,0.0,,,0.0,0.0,0.0,False,True,False,0.0,,,0.0,0.0,0.0,0.0,0.0,0.0,0.0,0.0,0.0,0.0,-0.0,-0.0,-0.0,-0.0,0.0,-0.0,-0.0,0.0,0.0,596.9999999999673
57.0,99.39,-0.060000000000002274,-0.12999999999999545,1.7436842105263157,1.0,1.7444585101873593,1.0,1.744489467516323,1.0,99.43589964843041,99.39,0.008722447337581615,0.005,99.42717720109283,99.385,99.44462209576798,99.395,99.395,99.42717720109283,0.03217720109283562,0.00032374686681593335,VTEC,CMF,2026-07-21,False,1755.0,1006.0,0.0,0.0,,,0.0,0.0,0.0,False,False,False,-0.0,,,0.0,0.0,0.0,0.0,0.0,0.0,0.0,0.0,0.0,0.0,-0.0,-0.0,-0.0,-0.0,0.0,-0.0,-0.0,0.0,0.0,596.9999999999673
56.81,99.08,-0.18999999999999773,-0.3100000000000023,1.7440591445168103,1.0,1.744420388213896,1.0,1.7444585101873593,1.0,99.10268796374389,99.08,0.008722292550936797,0.005,99.09396567119295,99.075,99.11141025629483,99.085,99.085,99.09396567119295,0.00896567119295355,9.048921268624899e-05,VTEC,CMF,2026-07-22,False,1760.0,1009.0,0.0,0.0,,,0.0,0.0,-0.0,False,True,False,0.0,,,0.0,0.0,0.0,0.0,0.0,0.0,0.0,0.0,0.0,0.0,-0.0,-0.0,-0.0,-0.0,0.0,-0.0,-0.0,0.0,0.0,596.9999999999673
56.47,98.44,-0.3400000000000034,-0.6400000000000006,1.7432264919426244,1.0,1.744344710550551,1.0,1.744420388213896,1.0,98.50741932243871,98.44,0.00872210194106948,0.005,98.49869722049763,98.435,98.51614142437978,98.445,98.445,98.49869722049763,0.053697220497639364,0.0005454817198053572,VTEC,CMF,2026-07-23,False,1772.0,1016.0,0.0,0.0,,,0.0,0.0,0.0,False,False,False,-0.0,,,0.0,0.0,0.0,0.0,0.0,0.0,0.0,0.0,0.0,0.0,-0.0,-0.0,-0.0,-0.0,0.0,-0.0,-0.0,0.0,0.0,596.9999999999673
56.52,98.59,0.05000000000000426,0.15000000000000568,1.7443382873319178,1.0,1.7443070636660607,1.0,1.744344710550551,1.0,98.59036304031714,98.59,0.008721723552752756,0.005,98.58164131676439,98.58500000000001,98.5990847638699,98.595,98.595,98.58500000000001,-0.009999999999990905,-0.00010143016533107723,VTEC,VTEC,2026-07-24,False,1769.0,1014.0,0.0,0.0,,,0.0,0.0,-0.0,False,True,False,0.0,,,0.0,0.0,0.0,0.0,0.0,0.0,0.0,0.0,0.0,0.0,-0.0,-0.0,-0.0,-0.0,0.0,0.0,0.0,0.0,0.0,596.9999999999673
56.67,98.77,0.14999999999999858,0.1799999999999926,1.7428974766190224,1.0,1.7442123541636783,1.0,1.7443070636660607,1.0,98.84988129795566,98.77,0.008721535318330304,0.005,98.84115976263733,98.765,98.85860283327399,98.77499999999999,98.77499999999999,98.84115976263733,0.06615976263734069,0.0006698366167595494,VTEC,CMF,2026-07-27,False,1765.0,1012.0,0.0,0.0,,,0.0,0.0,0.0,False,False,False,-0.0,,,0.0,0.0,0.0,0.0,0.0,0.0,0.0,0.0,0.0,0.0,-0.0,-0.0,-0.0,-0.0,0.0,0.0,0.0,0.0,0.0,596.9999999999673
56.74,98.87,0.07000000000000028,0.10000000000000853,1.742509693338033,1.0,1.7440785153266773,1.0,1.7442123541636783,1.0,98.96660897524711,98.87,0.008721061770818392,0.005,98.9578879134763,98.86500000000001,98.97533003701793,98.875,98.875,98.9578879134763,0.08288791347629854,0.0008383525182188584,VTEC,CMF,2026-07-28,False,1763.0,1011.0,0.0,0.0,,,0.0,0.0,-0.0,True,False,False,1.0,VTEC,CMF,-1763.0,1011.0,0.0,0.0,0.0,0.0,-1763.0,1011.0,0.0,1011.0,1763.0,-0.0,-8.815,-5.055,-13.87,0.0,0.0,0.0,-13.87,583.1299999999673
56.59,98.86,-0.14999999999999858,-0.010000000000005116,1.7469517582611769,1.0,1.7441603155922691,1.0,1.7440785153266773,1.0,98.69740318233667,98.86,0.008720392576633387,0.005,98.68868278976004,98.855,98.7061235749133,98.865,98.7061235749133,98.855,0.14887642508669785,0.0015059318742332375,CMF,VTEC,2026-07-29,False,1765.0,1012.0,-1763.0,1011.0,VTEC,CMF,-0.17631721023995794,-0.0017835040485530847,1.0,True,False,False,1.0,CMF,VTEC,1765.0,-1012.0,-100032.62000000001,99957.57,199990.19,-75.05000000000291,3528.0,-2023.0,3528.0,0.0,-0.0,2023.0,-17.64,-10.115,-27.755000000000003,264.4499999999975,-10.110000000005172,254.3399999999923,226.5849999999923,809.7149999999596
56.56,98.72,-0.030000000000001137,-0.14000000000000057,1.7454031117397453,1.0,1.7442282454793783,1.0,1.7441603155922691,1.0,98.64970744989874,98.72,0.008720801577961346,0.005,98.64098664832078,98.715,98.6584282514767,98.725,98.6584282514767,98.715,0.056571748523296606,0.0005730525579750467,CMF,VTEC,2026-07-30,False,1767.0,1013.0,1765.0,-1012.0,CMF,VTEC,0.056571748523296606,0.0005730525579750467,1.0,False,False,False,-1.0,CMF,VTEC,1767.0,-1013.0,99881.35,-100046.31999999999,199927.66999999998,-164.9699999999866,2.0,-1.0,2.0,0.0,-0.0,1.0,-0.01,-0.005,-0.015,-52.95000000000201,141.68000000000058,88.72999999999857,88.71499999999857,898.4299999999581
56.53,98.66,-0.030000000000001137,-0.060000000000002274,1.745267999292411,1.0,1.7443172793446586,1.0,1.7442282454793783,1.0,98.60122271694925,98.66,0.008721141227396891,0.005,98.59250157572185,98.655,98.60994385817665,98.66499999999999,98.60994385817665,98.655,0.045056141823351936,0.0004566809428679499,CMF,VTEC,2026-07-31,False,1769.0,1014.0,1767.0,-1013.0,CMF,VTEC,0.0,0.0,-1.0,False,False,False,1.0,CMF,VTEC,1769.0,-1014.0,99941.52,-100003.36,199944.88,-61.83999999999651,2.0,-1.0,2.0,0.0,-0.0,1.0,-0.01,-0.005,-0.015,-53.01000000000201,60.7800000000023,7.7700000000002944,7.755000000000295,906.1849999999584
