BWX_price,IGOV_price,BWX_price_chg,IGOV_price_chg,IGOV/BWX,IGOV/IGOV,IGOV/BWX_moving_avg,IGOV/IGOV_moving_avg,IGOV/BWX_prev_moving_avg,IGOV/IGOV_prev_moving_avg,BWX_scaled_price,IGOV_scaled_price,BWX_scaled_comm,IGOV_scaled_comm,BWX_scaled_price_minus_comm,IGOV_scaled_price_minus_comm,BWX_scaled_price_plus_comm,IGOV_scaled_price_plus_comm,min_price_plus_comm,max_price_minus_comm,tgt_max-min,tgt_pct_diff,tgt_min_price_etf,tgt_max_price_etf,date,ex_div_date,BWX_shs_per_unit,IGOV_shs_per_unit,BWX_current_shs,IGOV_current_shs,current_long_etf,current_short_etf,current_max-min,current_pct_diff,current_position,open_trade,exit_trade,flatten_for_div,tgt_position,tgt_long_etf,tgt_short_etf,BWX_tgt_shs,IGOV_tgt_shs,BWX_tgt_inv_amt,IGOV_tgt_inv_amt,gross_inv_amt,net_inv_amt,BWX_shs_to_trade,IGOV_shs_to_trade,BWX_shs_to_buy,IGOV_shs_to_buy,BWX_shs_to_sell,IGOV_shs_to_sell,BWX_daily_comm,IGOV_daily_comm,daily_comm,BWX_daily_profit,IGOV_daily_profit,daily_gross_profit,daily_net_profit,cumulative_net_profit
22.48,41.6,,,1.8505338078291815,1.0,,,,,,,,,,,,,,,,,,,2026-01-02,False,,,,,,,,,,False,False,False,,,,,,,,,,,,,,,,,,,,,,,
22.52,41.73,0.03999999999999915,0.12999999999999545,1.853019538188277,1.0,,,,,,,,,,,,,,,,,,,2026-01-05,False,,,,,,,,,,False,False,False,,,,,,,,,,,,,,,,,,,,,,,
22.48,41.69,-0.03999999999999915,-0.03999999999999915,1.8545373665480425,1.0,,,,,,,,,,,,,,,,,,,2026-01-06,False,,,,,,,,,,False,False,False,,,,,,,,,,,,,,,,,,,,,,,
22.49,41.7,0.00999999999999801,0.010000000000005116,1.8541574032903516,1.0,,,,,,,,,,,,,,,,,,,2026-01-07,False,,,,,,,,,,False,False,False,,,,,,,,,,,,,,,,,,,,,,,
22.45,41.57,-0.03999999999999915,-0.13000000000000256,1.8516703786191537,1.0,,,,,,,,,,,,,,,,,,,2026-01-08,False,,,,,,,,,,False,False,False,,,,,,,,,,,,,,,,,,,,,,,
22.39,41.55,-0.05999999999999872,-0.020000000000003126,1.8557391692719962,1.0,,,,,,,,,,,,,,,,,,,2026-01-09,False,,,,,,,,,,False,False,False,,,,,,,,,,,,,,,,,,,,,,,
22.44,41.69,0.05000000000000071,0.14000000000000057,1.8578431372549018,1.0,,,,,,,,,,,,,,,,,,,2026-01-12,False,,,,,,,,,,False,False,False,,,,,,,,,,,,,,,,,,,,,,,
22.33,41.54,-0.11000000000000298,-0.14999999999999858,1.8602776533811018,1.0,,,,,,,,,,,,,,,,,,,2026-01-13,False,,,,,,,,,,False,False,False,,,,,,,,,,,,,,,,,,,,,,,
22.4,41.65,0.07000000000000028,0.10999999999999943,1.859375,1.0,,,,,,,,,,,,,,,,,,,2026-01-14,False,,,,,,,,,,False,False,False,,,,,,,,,,,,,,,,,,,,,,,
22.32,41.52,-0.0799999999999983,-0.12999999999999545,1.860215053763441,1.0,,,,,,,,,,,,,,,,,,,2026-01-15,False,,,,,,,,,,False,False,False,,,,,,,,,,,,,,,,,,,,,,,
22.34,41.51,0.019999999999999574,-0.010000000000005116,1.8581020590868396,1.0,,,,,,,,,,,,,,,,,,,2026-01-16,False,,,,,,,,,,False,False,False,,,,,,,,,,,,,,,,,,,,,,,
22.33,41.64,-0.010000000000001563,0.13000000000000256,1.8647559337214512,1.0,,,,,,,,,,,,,,,,,,,2026-01-20,False,,,,,,,,,,False,False,False,,,,,,,,,,,,,,,,,,,,,,,
22.32,41.63,-0.00999999999999801,-0.00999999999999801,1.8651433691756274,1.0,,,,,,,,,,,,,,,,,,,2026-01-21,False,,,,,,,,,,False,False,False,,,,,,,,,,,,,,,,,,,,,,,
22.46,41.86,0.14000000000000057,0.22999999999999687,1.8637577916295636,1.0,,,,,,,,,,,,,,,,,,,2026-01-22,False,,,,,,,,,,False,False,False,,,,,,,,,,,,,,,,,,,,,,,
22.64,42.14,0.17999999999999972,0.28000000000000114,1.8613074204946995,1.0,,,,,,,,,,,,,,,,,,,2026-01-23,False,,,,,,,,,,False,False,False,,,,,,,,,,,,,,,,,,,,,,,
22.81,42.41,0.16999999999999815,0.269999999999996,1.8592722490135905,1.0,,,,,,,,,,,,,,,,,,,2026-01-26,False,,,,,,,,,,False,False,False,,,,,,,,,,,,,,,,,,,,,,,
23.04,42.91,0.23000000000000043,0.5,1.8624131944444444,1.0,,,,,,,,,,,,,,,,,,,2026-01-27,False,,,,,,,,,,False,False,False,,,,,,,,,,,,,,,,,,,,,,,
22.99,42.73,-0.05000000000000071,-0.17999999999999972,1.8586341887777293,1.0,,,,,,,,,,,,,,,,,,,2026-01-28,False,,,,,,,,,,False,False,False,,,,,,,,,,,,,,,,,,,,,,,
22.99,42.84,0.0,0.11000000000000654,1.863418877772945,1.0,,,,,,,,,,,,,,,,,,,2026-01-29,False,,,,,,,,,,False,False,False,,,,,,,,,,,,,,,,,,,,,,,
22.84,42.41,-0.14999999999999858,-0.4300000000000068,1.856830122591944,1.0,1.858550185742764,1.0,,,,,,,,,,,,,,,,,2026-01-30,False,,,,,,,,,,False,False,False,0.0,,,0.0,0.0,,,,,,,,,,,,,,,,,,
22.69,42.22,-0.14999999999999858,-0.18999999999999773,1.8607315998237108,1.0,1.8590600753424904,1.0,1.858550185742764,1.0,42.17050371450332,42.22,0.00929275092871382,0.005,42.161210963574604,42.214999999999996,42.179796465432034,42.225,42.179796465432034,42.214999999999996,0.035203534567962436,0.0008338118088101003,BWX,IGOV,2026-02-02,True,4403.0,2369.0,0.0,0.0,,,0.0,0.0,0.0,True,False,False,1.0,BWX,IGOV,4403.0,-2369.0,0.0,0.0,,,4403.0,-2369.0,4403.0,0.0,-0.0,2369.0,-22.015,-11.845,-33.86,-0.0,-0.0,0.0,-33.86,-33.86
22.7,42.38,0.00999999999999801,0.1600000000000037,1.8669603524229077,1.0,1.859757116054222,1.0,1.8590600753424904,1.0,42.20066371027453,42.38,0.009295300376712452,0.005,42.19136840989782,42.375,42.20995901065125,42.385000000000005,42.20995901065125,42.375,0.16504098934875344,0.0038943131040291043,BWX,IGOV,2026-02-03,False,4387.0,2360.0,4403.0,-2369.0,BWX,IGOV,0.16504098934875344,0.0038943131040291043,1.0,True,False,True,0.0,,,0.0,0.0,99904.07,-100019.18,199923.25,-115.10999999998603,-4403.0,2369.0,0.0,2369.0,4403.0,-0.0,-22.015,-11.845,-33.86,44.02999999999124,-379.0400000000088,-335.01000000001756,-368.87000000001757,-402.7300000000176
22.64,42.27,-0.05999999999999872,-0.10999999999999943,1.8670494699646645,1.0,1.8603827212250532,1.0,1.859757116054222,1.0,42.10490110746758,42.27,0.00929878558027111,0.005,42.09560232188731,42.265,42.114199893047854,42.275000000000006,42.114199893047854,42.265,0.15080010695214696,0.003567544522170498,BWX,IGOV,2026-02-04,False,4400.0,2366.0,0.0,0.0,,,0.0,0.0,0.0,True,False,False,1.0,BWX,IGOV,4400.0,-2366.0,0.0,0.0,0.0,0.0,4400.0,-2366.0,4400.0,0.0,-0.0,2366.0,-22.0,-11.83,-33.83,-0.0,-0.0,0.0,-33.83,-436.56000000001757
22.64,42.18,0.0,-0.09000000000000341,1.8630742049469964,1.0,1.8608285613078857,1.0,1.8603827212250532,1.0,42.11906480853521,42.18,0.009301913606125266,0.005,42.109762894929084,42.175,42.12836672214133,42.185,42.12836672214133,42.175,0.046633277858667554,0.0011055779482851483,BWX,IGOV,2026-02-05,False,4411.0,2371.0,4400.0,-2366.0,BWX,IGOV,0.046633277858667554,0.0011055779482851483,1.0,True,False,False,1.0,BWX,IGOV,4411.0,-2371.0,99616.0,-100010.82,199626.82,-394.820000000007,11.0,-5.0,11.0,0.0,-0.0,5.0,-0.055,-0.025,-0.08,0.0,212.94000000000807,212.94000000000807,212.86000000000806,-223.7000000000095
22.68,42.36,0.03999999999999915,0.17999999999999972,1.8677248677248677,1.0,1.8616312857631712,1.0,1.8608285613078857,1.0,42.20359177046284,42.36,0.009304142806539429,0.005,42.1942876276563,42.355,42.212895913269385,42.365,42.212895913269385,42.355,0.1421040867306118,0.003354676268428041,BWX,IGOV,2026-02-06,False,4393.0,2361.0,4411.0,-2371.0,BWX,IGOV,0.1421040867306118,0.003354676268428041,1.0,True,False,False,1.0,BWX,IGOV,4393.0,-2361.0,99865.04000000001,-100008.78,199873.82,-143.7399999999907,-18.0,10.0,0.0,10.0,18.0,-0.0,-0.09,-0.05,-0.14,176.43999999999625,-426.77999999999935,-250.3400000000031,-250.4800000000031,-474.18000000001257
22.83,42.7,0.14999999999999858,0.3400000000000034,1.8703460359176525,1.0,1.8623616290954537,1.0,1.8616312857631712,1.0,42.501042253973196,42.7,0.009308156428815856,0.005,42.49173409754438,42.695,42.51035041040201,42.705000000000005,42.51035041040201,42.695,0.1846495895979885,0.0043243463606086295,BWX,IGOV,2026-02-09,False,4360.0,2342.0,4393.0,-2361.0,BWX,IGOV,0.1846495895979885,0.0043243463606086295,1.0,True,False,False,1.0,BWX,IGOV,4360.0,-2342.0,99633.24,-100011.95999999999,199645.2,-378.7199999999866,-33.0,19.0,0.0,19.0,33.0,-0.0,-0.165,-0.095,-0.26,658.9499999999938,-802.7400000000081,-143.7900000000143,-144.05000000001428,-618.2300000000268
22.93,42.79,0.10000000000000142,0.0899999999999963,1.86611426079372,1.0,1.862775185272395,1.0,1.8623616290954537,1.0,42.70395215515875,42.79,0.009311808145477269,0.005,42.69464034701328,42.785,42.71326396330423,42.795,42.71326396330423,42.785,0.07173603669576778,0.0016764673217052532,BWX,IGOV,2026-02-10,False,4352.0,2337.0,4360.0,-2342.0,BWX,IGOV,0.07173603669576778,0.0016764673217052532,1.0,True,False,False,1.0,BWX,IGOV,4352.0,-2337.0,99538.79999999999,-100003.40000000001,199542.2,-464.6000000000204,-8.0,5.0,0.0,5.0,8.0,-0.0,-0.04,-0.025,-0.065,436.0000000000062,-210.77999999999133,225.22000000001486,225.15500000001487,-393.075000000012
22.97,42.86,0.03999999999999915,0.07000000000000028,1.8659120592076623,1.0,1.8630569055637227,1.0,1.862775185272395,1.0,42.787946005706914,42.86,0.009313875926361976,0.005,42.778632129780554,42.855,42.79725988163327,42.865,42.79725988163327,42.855,0.057740118366723436,0.0013471796165824414,BWX,IGOV,2026-02-11,False,4346.0,2333.0,4352.0,-2337.0,BWX,IGOV,0.057740118366723436,0.0013471796165824414,1.0,True,False,False,1.0,BWX,IGOV,4346.0,-2333.0,99791.36,-100000.23,199791.59,-208.86999999999534,-6.0,4.0,0.0,4.0,6.0,-0.0,-0.03,-0.02,-0.05,174.0799999999963,-163.59000000000066,10.489999999995632,10.439999999995631,-382.63500000001636
23.04,42.88,0.07000000000000028,0.020000000000003126,1.8611111111111114,1.0,1.8631437111192786,1.0,1.8630569055637227,1.0,42.92483110418817,42.88,0.009315284527818614,0.005,42.91551581966036,42.875,42.93414638871599,42.885000000000005,42.885000000000005,42.91551581966036,0.03051581966035144,0.0007116562420790913,IGOV,BWX,2026-02-12,False,4345.0,2332.0,4346.0,-2333.0,BWX,IGOV,-0.05914638871598754,-0.0013793467517720975,1.0,True,False,False,1.0,IGOV,BWX,-4345.0,2332.0,99827.62,-99992.38,199820.0,-164.7600000000093,-8691.0,4665.0,0.0,4665.0,8691.0,-0.0,-43.455,-23.325,-66.78,304.2200000000012,-46.660000000007294,257.5599999999939,190.77999999999392,-191.85500000002244
23.08,42.94,0.03999999999999915,0.05999999999999517,1.8604852686308493,1.0,1.8631572218626489,1.0,1.8631437111192786,1.0,43.001356852632945,42.94,0.009315718555596392,0.005,42.99204113407735,42.934999999999995,43.01067257118854,42.945,42.945,42.99204113407735,0.04704113407734667,0.001095508478745847,IGOV,BWX,2026-02-13,False,4339.0,2329.0,-4345.0,2332.0,IGOV,BWX,0.04704113407734667,0.001095508478745847,1.0,True,False,False,1.0,IGOV,BWX,-4339.0,2329.0,-100108.8,99996.16,200104.96000000002,-112.63999999999942,6.0,-3.0,6.0,0.0,-0.0,3.0,-0.03,-0.015,-0.045,-173.7999999999963,139.91999999998873,-33.880000000007556,-33.92500000000756,-225.78000000003
23.07,42.97,-0.00999999999999801,0.030000000000001137,1.8625921109666232,1.0,1.863381724456638,1.0,1.8631572218626489,1.0,42.98303710837131,42.97,0.009315786109313244,0.005,42.973721322262,42.964999999999996,42.992352894480625,42.975,42.975,42.973721322262,-0.0012786777380000558,-2.9757452594834904e-05,IGOV,BWX,2026-02-17,False,4336.0,2327.0,-4339.0,2329.0,IGOV,BWX,-0.0012786777380000558,-2.9757452594834904e-05,1.0,False,True,False,0.0,,,0.0,0.0,-100144.12,100007.26,200151.38,-136.86000000000058,4339.0,-2329.0,4339.0,0.0,-0.0,2329.0,-21.695,-11.645,-33.34,43.38999999999137,69.87000000000265,113.25999999999402,79.91999999999402,-145.86000000003597
22.93,42.67,-0.14000000000000057,-0.29999999999999716,1.8608809419973835,1.0,1.8631879748704345,1.0,1.863381724456638,1.0,42.72734294179071,42.67,0.00931690862228319,0.005,42.71802603316843,42.665,42.73665985041299,42.675000000000004,42.675000000000004,42.71802603316843,0.043026033168423794,0.0010083438755196577,IGOV,BWX,2026-02-18,False,4368.0,2344.0,0.0,0.0,,,0.0,0.0,0.0,True,False,False,1.0,IGOV,BWX,-4368.0,2344.0,0.0,0.0,0.0,0.0,-4368.0,2344.0,0.0,2344.0,4368.0,-0.0,-21.84,-11.72,-33.56,-0.0,-0.0,0.0,-33.56,-179.42000000003597
22.92,42.67,-0.00999999999999801,0.0,1.861692844677138,1.0,1.8630154486455102,1.0,1.8631879748704345,1.0,42.704268384030364,42.67,0.009315939874352173,0.005,42.69495244415601,42.665,42.71358432390472,42.675000000000004,42.675000000000004,42.69495244415601,0.01995244415600439,0.000467598878743951,IGOV,BWX,2026-02-19,False,4367.0,2344.0,-4368.0,2344.0,IGOV,BWX,0.01995244415600439,0.000467598878743951,1.0,False,False,False,-1.0,IGOV,BWX,-4367.0,2344.0,-100158.24,100018.48000000001,200176.72000000003,-139.75999999999476,1.0,0.0,1.0,0.0,-0.0,-0.0,-0.005,-0.0,-0.005,43.67999999999131,0.0,43.67999999999131,43.67499999999131,-135.74500000004466
22.93,42.77,0.00999999999999801,0.10000000000000142,1.8652420409943307,1.0,1.8630896611137486,1.0,1.8630154486455102,1.0,42.71894423744155,42.77,0.00931507724322755,0.005,42.70962916019832,42.765,42.72825931468478,42.775000000000006,42.72825931468478,42.765,0.03674068531522323,0.0008590293503676228,BWX,IGOV,2026-02-20,False,4356.0,2338.0,-4367.0,2344.0,IGOV,BWX,0.0,0.0,-1.0,True,False,False,1.0,BWX,IGOV,4356.0,-2338.0,-100091.64000000001,100018.48000000001,200110.12000000002,-73.16000000000349,8723.0,-4682.0,8723.0,0.0,-0.0,4682.0,-43.615,-23.41,-67.025,-43.66999999999131,234.40000000000333,190.730000000012,123.705000000012,-12.040000000032649
23.05,42.82,0.120000000000001,0.04999999999999716,1.857700650759219,1.0,1.8629093226269746,1.0,1.8630896611137486,1.0,42.94421668867191,42.82,0.009315448305568743,0.005,42.93490124036634,42.815,42.95353213697748,42.825,42.825,42.93490124036634,0.10990124036633375,0.0025665866503113907,IGOV,BWX,2026-02-23,False,4350.0,2335.0,4356.0,-2338.0,BWX,IGOV,-0.13853213697748146,-0.003235220387143425,1.0,True,False,False,1.0,IGOV,BWX,-4350.0,2335.0,99883.08,-99996.26000000001,199879.34000000003,-113.18000000000757,-8706.0,4673.0,0.0,4673.0,8706.0,-0.0,-43.53,-23.365000000000002,-66.89500000000001,522.7200000000043,-116.89999999999336,405.82000000001096,338.925000000011,326.88499999997833
22.99,42.74,-0.060000000000002274,-0.0799999999999983,1.8590691605045675,1.0,1.8628991682015237,1.0,1.8629093226269746,1.0,42.828285327194145,42.74,0.009314546613134873,0.005,42.81897078058101,42.735,42.83759987380728,42.745000000000005,42.745000000000005,42.81897078058101,0.07397078058100703,0.0017307155025972631,IGOV,BWX,2026-02-24,False,4359.0,2340.0,-4350.0,2335.0,IGOV,BWX,0.07397078058100703,0.0017307155025972631,1.0,True,False,False,1.0,IGOV,BWX,-4359.0,2340.0,-100267.5,99984.7,200252.2,-282.8000000000029,-9.0,5.0,0.0,5.0,9.0,-0.0,-0.045,-0.025,-0.07,261.0000000000099,-186.79999999999603,74.20000000001386,74.13000000001387,401.0149999999922
22.98,42.81,-0.00999999999999801,0.07000000000000028,1.8629242819843344,1.0,1.862924722578518,1.0,1.8628991682015237,1.0,42.80942288527101,42.81,0.009314495841007618,0.005,42.80010838943,42.805,42.81873738111202,42.815000000000005,42.815000000000005,42.805,-0.010000000000005116,-0.0002335902826443615,IGOV,IGOV,2026-02-25,False,4352.0,2336.0,-4359.0,2340.0,IGOV,BWX,-0.014891610570003877,-0.0003478535522075187,1.0,False,True,False,0.0,,,0.0,0.0,-100213.40999999999,100011.6,200225.01,-201.80999999998312,4359.0,-2340.0,4359.0,0.0,-0.0,2340.0,-21.795,-11.700000000000001,-33.495000000000005,43.58999999999133,163.80000000000067,207.389999999992,173.894999999992,574.9099999999842
23.03,42.86,0.05000000000000071,0.04999999999999716,1.8610508033000432,1.0,1.8630455533046333,1.0,1.862924722578518,1.0,42.90315636098327,42.86,0.00931462361289259,0.005,42.89384173737037,42.855,42.91247098459616,42.865,42.865,42.89384173737037,0.02884173737037088,0.0006729290100413178,IGOV,BWX,2026-02-26,False,4346.0,2333.0,0.0,0.0,,,0.0,0.0,0.0,True,False,False,1.0,IGOV,BWX,-4346.0,2333.0,0.0,0.0,0.0,0.0,-4346.0,2333.0,0.0,2333.0,4346.0,-0.0,-21.73,-11.665000000000001,-33.395,0.0,0.0,0.0,-33.395,541.5149999999842
23.03,42.99,0.0,0.13000000000000256,1.8666956144159792,1.0,1.8632093901367852,1.0,1.8630455533046333,1.0,42.905939092605706,42.99,0.009315227766523167,0.005,42.896623864839185,42.985,42.91525432037223,42.995000000000005,42.91525432037223,42.985,0.069745679627772,0.001622369844795813,BWX,IGOV,2026-02-27,False,4333.0,2326.0,-4346.0,2333.0,IGOV,BWX,-0.09837613516081944,-0.0022883492710123153,1.0,True,False,False,1.0,BWX,IGOV,4333.0,-2326.0,-100088.38,99992.38,200080.76,-96.0,8679.0,-4659.0,8679.0,0.0,-0.0,4659.0,-43.395,-23.295,-66.69,-0.0,303.290000000006,303.290000000006,236.600000000006,778.1149999999902
22.72,42.49,-0.3100000000000023,-0.5,1.8701584507042255,1.0,1.8638758065423993,1.0,1.8632093901367852,1.0,42.33211734390776,42.49,0.009316046950683927,0.005,42.322801296957074,42.485,42.34143339085845,42.495000000000005,42.34143339085845,42.485,0.14356660914155128,0.0033788328816557137,BWX,IGOV,2026-03-02,True,4384.0,2353.0,4333.0,-2326.0,BWX,IGOV,0.14356660914155128,0.0033788328816557137,1.0,True,False,False,1.0,BWX,IGOV,4384.0,-2353.0,99788.99,-99994.74,199783.73,-205.75,51.0,-27.0,51.0,0.0,-0.0,27.0,-0.255,-0.135,-0.39,-1343.2300000000098,1163.0,-180.2300000000098,-180.62000000000978,597.4949999999805
22.49,42.13,-0.23000000000000043,-0.35999999999999943,1.873277012005336,1.0,1.8645030771514808,1.0,1.8638758065423993,1.0,41.91856688913855,42.13,0.009319379032711997,0.005,41.90924751010584,42.125,41.927886268171264,42.135000000000005,41.927886268171264,42.125,0.19711373182873615,0.004678702393276433,BWX,IGOV,2026-03-03,False,4425.0,2374.0,4384.0,-2353.0,BWX,IGOV,0.19711373182873615,0.004678702393276433,1.0,True,False,True,0.0,,,0.0,0.0,99604.48,-99978.97,199583.45,-374.49000000000524,-4384.0,2353.0,0.0,2353.0,4384.0,-0.0,-21.92,-11.765,-33.685,-1008.3200000000019,847.0799999999987,-161.2400000000032,-194.9250000000032,402.56999999997726
22.57,42.22,0.08000000000000185,0.0899999999999963,1.8706247230837394,1.0,1.8646862956845223,1.0,1.8645030771514808,1.0,42.08183445130892,42.22,0.009322515385757403,0.005,42.07251193592317,42.214999999999996,42.091156966694676,42.225,42.091156966694676,42.214999999999996,0.1238430333053202,0.0029332788561184323,BWX,IGOV,2026-03-04,False,4417.0,2369.0,0.0,0.0,,,0.0,0.0,0.0,True,False,False,1.0,BWX,IGOV,4417.0,-2369.0,0.0,0.0,0.0,0.0,4417.0,-2369.0,4417.0,0.0,-0.0,2369.0,-22.085,-11.845,-33.93,0.0,0.0,0.0,-33.93,368.63999999997725
22.4,41.88,-0.1700000000000017,-0.3399999999999963,1.8696428571428574,1.0,1.8648159650434315,1.0,1.8646862956845223,1.0,41.768973023333295,41.88,0.009323431478422612,0.005,41.759649591854874,41.875,41.778296454811716,41.885000000000005,41.778296454811716,41.875,0.09670354518828361,0.0023090626835788825,BWX,IGOV,2026-03-05,False,4453.0,2388.0,4417.0,-2369.0,BWX,IGOV,0.09670354518828361,0.0023090626835788825,1.0,True,False,False,1.0,BWX,IGOV,4453.0,-2388.0,99691.69,-100019.18,199710.87,-327.4899999999907,36.0,-19.0,36.0,0.0,-0.0,19.0,-0.18,-0.095,-0.275,-750.8900000000075,805.4599999999913,54.56999999998379,54.294999999983794,422.93499999996106
22.36,41.83,-0.03999999999999915,-0.05000000000000426,1.8707513416815742,1.0,1.8651998218801604,1.0,1.8648159650434315,1.0,41.69728497837113,41.83,0.009324079825217158,0.005,41.68796089854591,41.824999999999996,41.70660905819635,41.835,41.70660905819635,41.824999999999996,0.1183909418036464,0.0028302878748182264,BWX,IGOV,2026-03-06,False,4459.0,2391.0,4453.0,-2388.0,BWX,IGOV,0.1183909418036464,0.0028302878748182264,1.0,True,False,False,1.0,BWX,IGOV,4459.0,-2391.0,99747.2,-100009.44,199756.64,-262.24000000000524,6.0,-3.0,6.0,0.0,-0.0,3.0,-0.03,-0.015,-0.045,-178.1199999999962,119.40000000001018,-58.719999999986015,-58.76499999998602,364.16999999997506
22.41,41.84,0.05000000000000071,0.010000000000005116,1.8670236501561803,1.0,1.8651647610017263,1.0,1.8651998218801604,1.0,41.79912800833439,41.84,0.009325999109400802,0.005,41.78980200922499,41.835,41.80845400744379,41.845000000000006,41.80845400744379,41.835,0.026545992556208375,0.0006344644492401618,BWX,IGOV,2026-03-09,False,4458.0,2390.0,4459.0,-2391.0,BWX,IGOV,0.026545992556208375,0.0006344644492401618,1.0,True,False,False,1.0,BWX,IGOV,4458.0,-2390.0,99703.23999999999,-100015.53,199718.77,-312.29000000000815,-1.0,1.0,0.0,1.0,1.0,-0.0,-0.005,-0.005,-0.01,222.95000000000317,-23.910000000012232,199.03999999999093,199.02999999999093,563.1999999999659
22.39,41.85,-0.019999999999999574,0.00999999999999801,1.8691380080393032,1.0,1.865104359607809,1.0,1.8651647610017263,1.0,41.76103899882865,41.85,0.009325823805008631,0.005,41.751713175023646,41.845,41.77036482263366,41.855000000000004,41.77036482263366,41.845,0.07463517736633918,0.0017833973086341499,BWX,IGOV,2026-03-10,False,4456.0,2389.0,4458.0,-2390.0,BWX,IGOV,0.07463517736633918,0.0017833973086341499,1.0,True,False,False,1.0,BWX,IGOV,4456.0,-2389.0,99903.78,-99997.6,199901.38,-93.82000000000698,-2.0,1.0,0.0,1.0,2.0,-0.0,-0.01,-0.005,-0.015,-89.15999999999809,-23.899999999995245,-113.05999999999334,-113.07499999999334,450.1249999999726
22.28,41.52,-0.10999999999999943,-0.3299999999999983,1.8635547576301617,1.0,1.864976384449631,1.0,1.865104359607809,1.0,41.55452513206198,41.52,0.009325521798039044,0.005,41.54519961026394,41.515,41.56385065386002,41.525000000000006,41.525000000000006,41.54519961026394,0.020199610263937018,0.0004865031373780592,IGOV,BWX,2026-03-11,False,4491.0,2408.0,4456.0,-2389.0,BWX,IGOV,-0.048850653860021964,-0.0011765571738926292,1.0,False,False,False,-1.0,,,0.0,0.0,99769.84,-99979.65000000001,199749.49,-209.81000000001222,-4456.0,2389.0,0.0,2389.0,4456.0,-0.0,-22.28,-11.945,-34.225,-490.15999999999747,788.3699999999959,298.20999999999844,263.9849999999984,714.109999999971
22.07,41.21,-0.21000000000000085,-0.3100000000000023,1.8672405980969642,1.0,1.8650428113940962,1.0,1.864976384449631,1.0,41.16002880480335,41.21,0.009324881922248155,0.005,41.15070392288111,41.205,41.1693536867256,41.215,41.1693536867256,41.205,0.03564631327439827,0.0008649918290317463,BWX,IGOV,2026-03-12,False,4526.0,2427.0,0.0,0.0,,,0.0,0.0,-1.0,True,False,False,1.0,BWX,IGOV,4526.0,-2427.0,0.0,0.0,0.0,0.0,4526.0,-2427.0,4526.0,0.0,-0.0,2427.0,-22.63,-12.135,-34.765,-0.0,-0.0,0.0,-34.765,679.344999999971
21.9,40.8,-0.1700000000000017,-0.4100000000000037,1.8630136986301369,1.0,1.8651379407700475,1.0,1.8650428113940962,1.0,40.844437569530704,40.8,0.00932521405697048,0.005,40.83511235547373,40.794999999999995,40.853762783587676,40.805,40.805,40.83511235547373,0.030112355473733032,0.0007380479282777704,IGOV,BWX,2026-03-13,False,4571.0,2451.0,4526.0,-2427.0,BWX,IGOV,-0.05876278358768161,-0.0014402643036196473,1.0,True,False,False,1.0,IGOV,BWX,-4571.0,2451.0,99888.82,-100016.67,199905.49,-127.84999999999127,-9097.0,4878.0,0.0,4878.0,9097.0,-0.0,-45.485,-24.39,-69.875,-769.4200000000077,995.0700000000089,225.65000000000123,155.77500000000123,835.1199999999723
22.09,41.24,0.19000000000000128,0.44000000000000483,1.8669081032141241,1.0,1.8654590824992112,1.0,1.8651379407700475,1.0,41.200897111610345,41.24,0.009325689703850238,0.005,41.191571421906495,41.235,41.210222801314195,41.245000000000005,41.210222801314195,41.235,0.02477719868580408,0.0006008050117799243,BWX,IGOV,2026-03-16,False,4523.0,2425.0,-4571.0,2451.0,IGOV,BWX,-0.053428578093509316,-0.0012955523301044936,1.0,True,False,False,1.0,BWX,IGOV,4523.0,-2425.0,-100104.9,100000.79999999999,200105.69999999998,-104.10000000000582,9094.0,-4876.0,9094.0,0.0,-0.0,4876.0,-45.47,-24.38,-69.85,-868.4900000000058,1078.4400000000119,209.95000000000607,140.10000000000608,975.2199999999783
22.16,41.44,0.07000000000000028,0.19999999999999574,1.8700361010830324,1.0,1.8658312820050316,1.0,1.8654590824992112,1.0,41.33857326818252,41.44,0.009327295412496056,0.005,41.329245972770025,41.434999999999995,41.34790056359502,41.445,41.34790056359502,41.434999999999995,0.08709943640497642,0.0021018203765679638,BWX,IGOV,2026-03-17,False,4501.0,2413.0,4523.0,-2425.0,BWX,IGOV,0.08709943640497642,0.0021018203765679638,1.0,True,False,False,1.0,BWX,IGOV,4501.0,-2413.0,99913.06999999999,-100007.0,199920.07,-93.93000000000757,-22.0,12.0,0.0,12.0,22.0,-0.0,-0.11,-0.06,-0.16999999999999998,316.61000000000126,-484.99999999998965,-168.3899999999884,-168.55999999998838,806.65999999999
21.97,41.04,-0.19000000000000128,-0.3999999999999986,1.8680018206645426,1.0,1.8661873259383897,1.0,1.8658312820050316,1.0,40.992313265650544,41.04,0.009329156410025158,0.005,40.98298410924052,41.035,41.00164242206057,41.045,41.00164242206057,41.035,0.03335757793942662,0.0008128064800055219,BWX,IGOV,2026-03-18,False,4547.0,2437.0,4501.0,-2413.0,BWX,IGOV,0.03335757793942662,0.0008128064800055219,1.0,True,False,False,1.0,BWX,IGOV,4547.0,-2437.0,99742.16,-99994.72,199736.88,-252.55999999999767,46.0,-24.0,46.0,0.0,-0.0,24.0,-0.23,-0.12,-0.35,-855.1900000000057,965.1999999999965,110.00999999999078,109.65999999999079,916.3199999999807
22.19,41.49,0.22000000000000242,0.45000000000000284,1.8697611536728256,1.0,1.866590741388174,1.0,1.8661873259383897,1.0,41.41069676257287,41.49,0.009330936629691948,0.005,41.401365825943174,41.485,41.420027699202564,41.495000000000005,41.420027699202564,41.485,0.06497230079743588,0.001565974952938922,BWX,IGOV,2026-03-19,False,4498.0,2410.0,4547.0,-2437.0,BWX,IGOV,0.06497230079743588,0.001565974952938922,1.0,True,False,False,1.0,BWX,IGOV,4498.0,-2410.0,99897.59,-100014.48,199912.07,-116.88999999999942,-49.0,27.0,0.0,27.0,49.0,-0.0,-0.245,-0.135,-0.38,1000.340000000011,-1096.650000000007,-96.30999999999597,-96.68999999999596,819.6299999999848
21.92,40.95,-0.2699999999999996,-0.5399999999999991,1.8681569343065694,1.0,1.8667364860537858,1.0,1.866590741388174,1.0,40.915669051228775,40.95,0.00933295370694087,0.005,40.90633609752184,40.945,40.92500200493571,40.955000000000005,40.92500200493571,40.945,0.01999799506428701,0.0004883515278214166,BWX,IGOV,2026-03-20,False,4558.0,2442.0,4498.0,-2410.0,BWX,IGOV,0.01999799506428701,0.0004883515278214166,1.0,False,False,False,-1.0,BWX,IGOV,4558.0,-2442.0,99810.62000000001,-99990.90000000001,199801.52000000002,-180.27999999999884,60.0,-32.0,60.0,0.0,-0.0,32.0,-0.3,-0.16,-0.45999999999999996,-1214.459999999998,1301.399999999998,86.94000000000005,86.48000000000006,906.1099999999848
22.12,41.26,0.1999999999999993,0.30999999999999517,1.8652802893309222,1.0,1.8671154679823707,1.0,1.8667364860537858,1.0,41.29221107150975,41.26,0.00933368243026893,0.005,41.28287738907948,41.254999999999995,41.301544753940014,41.265,41.265,41.28287738907948,0.01787738907948011,0.00043328621133010447,IGOV,BWX,2026-03-23,False,4525.0,2424.0,4558.0,-2442.0,BWX,IGOV,0.0,0.0,-1.0,False,False,False,1.0,IGOV,BWX,-4525.0,2424.0,99911.36,-99999.90000000001,199911.26,-88.54000000000815,-9083.0,4866.0,0.0,4866.0,9083.0,-0.0,-45.415,-24.330000000000002,-69.745,911.5999999999967,-757.0199999999882,154.58000000000857,84.83500000000856,990.9449999999933
21.98,41.07,-0.14000000000000057,-0.18999999999999773,1.8685168334849864,1.0,1.867587851631392,1.0,1.8671154679823707,1.0,41.03919798625251,41.07,0.009335577339911853,0.005,41.0298624089126,41.065,41.04853356359242,41.075,41.04853356359242,41.065,0.016466436407576168,0.0004009358755192639,BWX,IGOV,2026-03-24,False,4546.0,2435.0,-4525.0,2424.0,IGOV,BWX,-0.04513759108740345,-0.0010990404452740066,1.0,False,False,False,-1.0,,,0.0,0.0,-100093.0,100014.23999999999,200107.24,-78.76000000000931,4525.0,-2424.0,4525.0,0.0,-0.0,2424.0,-22.625,-12.120000000000001,-34.745000000000005,633.5000000000026,-460.5599999999945,172.94000000000813,138.19500000000812,1129.1400000000015
22.04,41.22,0.05999999999999872,0.14999999999999858,1.8702359346642468,1.0,1.8679534342653874,1.0,1.867587851631392,1.0,41.161636249955876,41.22,0.00933793925815696,0.005,41.15229831069772,41.214999999999996,41.170974189214036,41.225,41.170974189214036,41.214999999999996,0.04402581078596057,0.0010680691602610523,BWX,IGOV,2026-03-25,False,4531.0,2426.0,0.0,0.0,,,0.0,0.0,-1.0,True,False,False,1.0,BWX,IGOV,4531.0,-2426.0,0.0,0.0,0.0,0.0,4531.0,-2426.0,4531.0,0.0,-0.0,2426.0,-22.655,-12.13,-34.785000000000004,0.0,0.0,0.0,-34.785000000000004,1094.3550000000014
21.8,40.69,-0.23999999999999844,-0.5300000000000011,1.8665137614678897,1.0,1.86822658217378,1.0,1.8679534342653874,1.0,40.721384866985446,40.69,0.009339767171326938,0.005,40.71204509981412,40.684999999999995,40.73072463415677,40.695,40.695,40.71204509981412,0.01704509981411917,0.000418901445419493,IGOV,BWX,2026-03-26,False,4591.0,2458.0,4531.0,-2426.0,BWX,IGOV,-0.045724634156776744,-0.001123731485789549,1.0,False,False,False,-1.0,,,0.0,0.0,99863.23999999999,-99999.72,199862.96,-136.48000000001048,-4531.0,2426.0,0.0,2426.0,4531.0,-0.0,-22.655,-12.13,-34.785000000000004,-1087.439999999993,1285.7800000000027,198.3400000000097,163.5550000000097,1257.910000000011
21.73,40.54,-0.07000000000000028,-0.14999999999999858,1.8656235618959962,1.0,1.8681729795477806,1.0,1.86822658217378,1.0,40.59656363063624,40.54,0.0093411329108689,0.005,40.58722249772537,40.535,40.60590476354711,40.545,40.545,40.58722249772537,0.042222497725369124,0.0010415021639212907,IGOV,BWX,2026-03-27,False,4609.0,2467.0,0.0,0.0,,,0.0,0.0,-1.0,True,False,False,1.0,IGOV,BWX,-4609.0,2467.0,0.0,0.0,0.0,0.0,-4609.0,2467.0,0.0,2467.0,4609.0,-0.0,-23.045,-12.335,-35.38,-0.0,-0.0,0.0,-35.38,1222.530000000011
21.72,40.56,-0.010000000000001563,0.020000000000003126,1.8674033149171272,1.0,1.8680352227584258,1.0,1.8681729795477806,1.0,40.57671711577779,40.56,0.009340864897738903,0.005,40.56737625088005,40.555,40.58605798067553,40.565000000000005,40.565000000000005,40.56737625088005,0.002376250880047337,5.8586067062311065e-05,IGOV,BWX,2026-03-30,False,4605.0,2465.0,-4609.0,2467.0,IGOV,BWX,0.002376250880047337,5.8586067062311065e-05,1.0,False,True,False,0.0,,,0.0,0.0,-100153.57,100012.18,200165.75,-141.39000000001397,4609.0,-2467.0,4609.0,0.0,-0.0,2467.0,-23.045,-12.335,-35.38,46.09000000000721,49.34000000000771,95.43000000001493,60.050000000014926,1282.5800000000258
21.95,41.06,0.23000000000000043,0.5,1.870615034168565,1.0,1.8679021238665872,1.0,1.8680352227584258,1.0,41.00337313954744,41.06,0.009340176113792129,0.005,40.994032963433646,41.055,41.01271331566124,41.065000000000005,41.01271331566124,41.055,0.04228668433876237,0.0010298754101013728,BWX,IGOV,2026-03-31,False,4549.0,2435.0,0.0,0.0,,,0.0,0.0,0.0,True,False,False,1.0,BWX,IGOV,4549.0,-2435.0,0.0,0.0,0.0,0.0,4549.0,-2435.0,4549.0,0.0,-0.0,2435.0,-22.745,-12.175,-34.92,0.0,0.0,0.0,-34.92,1247.6600000000258
21.96,41.16,0.010000000000001563,0.09999999999999432,1.8743169398907102,1.0,1.8680867347069359,1.0,1.8679021238665872,1.0,41.019130640110255,41.16,0.009339510619332936,0.005,41.00979112949092,41.154999999999994,41.02847015072959,41.165,41.02847015072959,41.154999999999994,0.12652984927040478,0.003074097406958328,BWX,IGOV,2026-04-01,True,4539.0,2430.0,4549.0,-2435.0,BWX,IGOV,0.12652984927040478,0.003074097406958328,1.0,True,False,False,1.0,BWX,IGOV,4539.0,-2430.0,99850.55,-99981.1,199831.65000000002,-130.5500000000029,-10.0,5.0,0.0,5.0,10.0,-0.0,-0.05,-0.025,-0.07500000000000001,45.490000000007115,-243.49999999998616,-198.00999999997904,-198.08499999997903,1049.5750000000467
21.88,40.99,-0.08000000000000185,-0.1699999999999946,1.8734003656307132,1.0,1.8682746101313288,1.0,1.8680867347069359,1.0,40.87373775538776,40.99,0.00934043367353468,0.005,40.86439732171422,40.985,40.883078189061294,40.995000000000005,40.883078189061294,40.985,0.10192181093870545,0.002486504292234824,BWX,IGOV,2026-04-02,False,4558.0,2440.0,4539.0,-2430.0,BWX,IGOV,0.10192181093870545,0.002486504292234824,1.0,True,False,True,0.0,,,0.0,0.0,99676.44,-100018.79999999999,199695.24,-342.35999999998603,-4539.0,2430.0,0.0,2430.0,4539.0,-0.0,-22.695,-12.15,-34.845,-363.12000000000836,413.0999999999869,49.97999999997853,15.134999999978533,1064.7100000000253
21.86,40.89,-0.019999999999999574,-0.10000000000000142,1.8705397987191217,1.0,1.868264032983206,1.0,1.8682746101313288,1.0,40.84048297747085,40.89,0.009341373050656644,0.005,40.83114160442019,40.885,40.84982435052151,40.895,40.84982435052151,40.885,0.03517564947848939,0.0008602506597820834,BWX,IGOV,2026-04-06,False,4570.0,2446.0,0.0,0.0,,,0.0,0.0,0.0,True,False,False,1.0,BWX,IGOV,4570.0,-2446.0,0.0,0.0,0.0,0.0,4570.0,-2446.0,4570.0,0.0,-0.0,2446.0,-22.85,-12.23,-35.08,-0.0,-0.0,0.0,-35.08,1029.6300000000253
21.93,41.1,0.07000000000000028,0.21000000000000085,1.8741450068399454,1.0,1.8686201008173942,1.0,1.868264032983206,1.0,40.97103024332171,41.1,0.00934132016491603,0.005,40.96168892315679,41.095,40.98037156348662,41.105000000000004,40.98037156348662,41.095,0.11462843651337806,0.0027890130538534806,BWX,IGOV,2026-04-07,False,4545.0,2433.0,4570.0,-2446.0,BWX,IGOV,0.11462843651337806,0.0027890130538534806,1.0,True,False,False,1.0,BWX,IGOV,4545.0,-2433.0,99900.2,-100016.94,199917.14,-116.74000000000524,-25.0,13.0,0.0,13.0,25.0,-0.0,-0.125,-0.065,-0.19,319.9000000000013,-513.6600000000021,-193.76000000000084,-193.95000000000084,835.6800000000245
22.25,41.68,0.3200000000000003,0.5799999999999983,1.8732584269662922,1.0,1.8688261217637436,1.0,1.8686201008173942,1.0,41.57679724318702,41.68,0.009343100504086972,0.005,41.567454142682934,41.675,41.58614034369111,41.685,41.58614034369111,41.675,0.08885965630888393,0.002131949527564394,BWX,IGOV,2026-04-08,False,4483.0,2399.0,4545.0,-2433.0,BWX,IGOV,0.08885965630888393,0.002131949527564394,1.0,True,False,False,1.0,BWX,IGOV,4483.0,-2399.0,99671.85,-99996.3,199668.15000000002,-324.4499999999971,-62.0,34.0,0.0,34.0,62.0,-0.0,-0.31,-0.17,-0.48,1454.4000000000012,-1411.1399999999958,43.26000000000545,42.78000000000545,878.4600000000299
22.22,41.7,-0.030000000000001137,0.020000000000003126,1.876687668766877,1.0,1.8694827673205794,1.0,1.8688261217637436,1.0,41.52531642559038,41.7,0.009344130608818719,0.005,41.515972294981566,41.695,41.5346605561992,41.705000000000005,41.5346605561992,41.695,0.160339443800801,0.0038450705947434293,BWX,IGOV,2026-04-09,False,4481.0,2398.0,4483.0,-2399.0,BWX,IGOV,0.160339443800801,0.0038450705947434293,1.0,True,False,False,1.0,BWX,IGOV,4481.0,-2398.0,99746.75,-99990.31999999999,199737.07,-243.56999999999243,-2.0,1.0,0.0,1.0,2.0,-0.0,-0.01,-0.005,-0.015,-134.4900000000051,-47.9800000000075,-182.4700000000126,-182.48500000001258,695.9750000000174
22.17,41.62,-0.04999999999999716,-0.0800000000000054,1.8773116824537661,1.0,1.8699863215384194,1.0,1.8694827673205794,1.0,41.44643295149725,41.62,0.009347413836602897,0.005,41.43708553766065,41.614999999999995,41.45578036533385,41.625,41.45578036533385,41.614999999999995,0.15921963466614386,0.0038255558545445428,BWX,IGOV,2026-04-10,False,4492.0,2403.0,4481.0,-2398.0,BWX,IGOV,0.15921963466614386,0.0038255558545445428,1.0,True,False,False,1.0,BWX,IGOV,4492.0,-2403.0,99567.81999999999,-99996.6,199564.41999999998,-428.7800000000134,11.0,-5.0,11.0,0.0,-0.0,5.0,-0.055,-0.025,-0.08,-224.04999999998728,191.84000000001294,-32.20999999997434,-32.28999999997434,663.685000000043
22.21,41.69,0.03999999999999915,0.07000000000000028,1.8770823953174245,1.0,1.8706897563727836,1.0,1.8699863215384194,1.0,41.53239620136829,41.69,0.009349931607692097,0.005,41.5230462697606,41.684999999999995,41.54174613297599,41.695,41.54174613297599,41.684999999999995,0.14325386702400777,0.003436168554185843,BWX,IGOV,2026-04-13,False,4486.0,2399.0,4492.0,-2403.0,BWX,IGOV,0.14325386702400777,0.003436168554185843,1.0,True,False,False,1.0,BWX,IGOV,4486.0,-2399.0,99587.64000000001,-100012.86,199600.5,-425.2199999999866,-6.0,4.0,0.0,4.0,6.0,-0.0,-0.03,-0.02,-0.05,179.67999999999617,-168.2100000000007,11.46999999999548,11.419999999995479,675.1050000000386
22.38,41.98,0.16999999999999815,0.28999999999999915,1.8757819481680071,1.0,1.871133448620478,1.0,1.8706897563727836,1.0,41.86603674762289,41.98,0.009353448781863918,0.005,41.85668329884103,41.974999999999994,41.87539019640476,41.985,41.87539019640476,41.974999999999994,0.09960980359523575,0.002372791891263358,BWX,IGOV,2026-04-14,False,4456.0,2382.0,4486.0,-2399.0,BWX,IGOV,0.09960980359523575,0.002372791891263358,1.0,True,False,False,1.0,BWX,IGOV,4456.0,-2382.0,99634.06,-100014.31,199648.37,-380.25,-30.0,17.0,0.0,17.0,30.0,-0.0,-0.15,-0.085,-0.235,762.6199999999917,-695.709999999998,66.90999999999372,66.67499999999372,741.7800000000323
22.34,41.97,-0.03999999999999915,-0.00999999999999801,1.878692927484333,1.0,1.871566289940543,1.0,1.871133448620478,1.0,41.80112124218148,41.97,0.00935566724310239,0.005,41.79176557493838,41.964999999999996,41.81047690942458,41.975,41.81047690942458,41.964999999999996,0.1545230905754167,0.003681751026338258,BWX,IGOV,2026-04-15,False,4459.0,2383.0,4456.0,-2382.0,BWX,IGOV,0.1545230905754167,0.003681751026338258,1.0,True,False,False,1.0,BWX,IGOV,4459.0,-2383.0,99725.28,-99996.35999999999,199721.63999999998,-271.0799999999872,3.0,-1.0,3.0,0.0,-0.0,1.0,-0.015,-0.005,-0.02,-178.2399999999962,23.81999999999526,-154.42000000000093,-154.44000000000094,587.3400000000313
22.27,41.86,-0.07000000000000028,-0.10999999999999943,1.8796587337224966,1.0,1.8721491355934408,1.0,1.871566289940543,1.0,41.67978127697589,41.86,0.009357831449702715,0.005,41.67042344552618,41.855,41.68913910842559,41.865,41.68913910842559,41.855,0.16586089157440398,0.003962276435126708,BWX,IGOV,2026-04-16,False,4471.0,2389.0,4459.0,-2383.0,BWX,IGOV,0.16586089157440398,0.003962276435126708,1.0,True,False,False,1.0,BWX,IGOV,4471.0,-2389.0,99614.06,-100014.51,199628.57,-400.4499999999971,12.0,-6.0,12.0,0.0,-0.0,6.0,-0.06,-0.03,-0.09,-312.13000000000125,262.12999999999863,-50.000000000002615,-50.09000000000262,537.2500000000286
22.42,42.13,0.15000000000000213,0.2700000000000031,1.8791257805530777,1.0,1.8726173669374533,1.0,1.8721491355934408,1.0,41.973583620004945,42.13,0.009360745677967203,0.005,41.96422287432698,42.125,41.98294436568291,42.135000000000005,41.98294436568291,42.125,0.14205563431708867,0.003371840358820049,BWX,IGOV,2026-04-17,False,4444.0,2374.0,4471.0,-2389.0,BWX,IGOV,0.14205563431708867,0.003371840358820049,1.0,True,False,False,1.0,BWX,IGOV,4444.0,-2374.0,99569.17,-100003.54,199572.71,-434.36999999999534,-27.0,15.0,0.0,15.0,27.0,-0.0,-0.135,-0.075,-0.21000000000000002,670.6500000000095,-645.0300000000075,25.62000000000205,25.41000000000205,562.6600000000307
22.45,42.11,0.029999999999997584,-0.020000000000003126,1.8757238307349666,1.0,1.8729957117588731,1.0,1.8726173669374533,1.0,42.040259887745826,42.11,0.009363086834687267,0.005,42.03089680091114,42.105,42.049622974580515,42.115,42.049622974580515,42.105,0.05537702541948164,0.001315056409866579,BWX,IGOV,2026-04-20,False,4447.0,2375.0,4444.0,-2374.0,BWX,IGOV,0.05537702541948164,0.001315056409866579,1.0,True,False,False,1.0,BWX,IGOV,4447.0,-2375.0,99634.48000000001,-100016.62000000001,199651.10000000003,-382.1399999999994,3.0,-1.0,3.0,0.0,-0.0,1.0,-0.015,-0.005,-0.02,133.31999999998925,47.48000000000742,180.79999999999666,180.77999999999665,743.4400000000273
22.24,41.76,-0.21000000000000085,-0.3500000000000014,1.8776978417266188,1.0,1.873616589378658,1.0,1.8729957117588731,1.0,41.655424629517334,41.76,0.009364978558794366,0.005,41.64605965095854,41.754999999999995,41.66478960807613,41.765,41.66478960807613,41.754999999999995,0.09021039192386837,0.0021602105345753923,BWX,IGOV,2026-04-21,False,4486.0,2395.0,4447.0,-2375.0,BWX,IGOV,0.09021039192386837,0.0021602105345753923,1.0,True,False,False,1.0,BWX,IGOV,4486.0,-2395.0,99835.15,-100011.25,199846.4,-176.10000000000582,39.0,-20.0,39.0,0.0,-0.0,20.0,-0.195,-0.1,-0.29500000000000004,-933.8700000000038,831.2500000000034,-102.62000000000035,-102.91500000000035,640.525000000027
22.25,41.73,0.010000000000001563,-0.030000000000001137,1.875505617977528,1.0,1.873966028603285,1.0,1.873616589378658,1.0,41.687969113675145,41.73,0.009368082946893291,0.005,41.67860103072825,41.724999999999994,41.69733719662204,41.735,41.69733719662204,41.724999999999994,0.027662803377957346,0.0006628996735671543,BWX,IGOV,2026-04-22,False,4489.0,2396.0,4486.0,-2395.0,BWX,IGOV,0.027662803377957346,0.0006628996735671543,1.0,True,False,False,1.0,BWX,IGOV,4489.0,-2396.0,99768.64,-100015.2,199783.84,-246.55999999999767,3.0,-1.0,3.0,0.0,-0.0,1.0,-0.015,-0.005,-0.02,44.86000000000701,71.85000000000272,116.71000000000973,116.69000000000973,757.2150000000368
22.17,41.65,-0.0799999999999983,-0.0799999999999983,1.8786648624267026,1.0,1.874387474991408,1.0,1.873966028603285,1.0,41.54582685413483,41.65,0.009369830143016426,0.005,41.536457023991815,41.644999999999996,41.555196684277846,41.655,41.555196684277846,41.644999999999996,0.0898033157221505,0.00215614203414527,BWX,IGOV,2026-04-23,False,4499.0,2401.0,4489.0,-2396.0,BWX,IGOV,0.0898033157221505,0.00215614203414527,1.0,True,False,False,1.0,BWX,IGOV,4499.0,-2401.0,99880.25,-99985.07999999999,199865.33,-104.8299999999872,10.0,-5.0,10.0,0.0,-0.0,5.0,-0.05,-0.025,-0.07500000000000001,-359.11999999999233,191.6799999999959,-167.43999999999642,-167.5149999999964,589.7000000000403
22.25,41.83,0.0799999999999983,0.17999999999999972,1.88,1.0,1.8750617869180133,1.0,1.874387474991408,1.0,41.70512131855883,41.83,0.00937193737495704,0.005,41.69574938118387,41.824999999999996,41.71449325593379,41.835,41.71449325593379,41.824999999999996,0.11050674406620686,0.0026418059781545987,BWX,IGOV,2026-04-24,False,4482.0,2391.0,4499.0,-2401.0,BWX,IGOV,0.11050674406620686,0.0026418059781545987,1.0,True,False,False,1.0,BWX,IGOV,4482.0,-2391.0,99742.83,-100001.65,199744.47999999998,-258.81999999999243,-17.0,10.0,0.0,10.0,17.0,-0.0,-0.085,-0.05,-0.135,359.91999999999234,-432.1799999999993,-72.26000000000698,-72.39500000000699,517.3050000000333
22.19,41.71,-0.05999999999999872,-0.11999999999999744,1.8796755295178007,1.0,1.8757643852991037,1.0,1.8750617869180133,1.0,41.607621051710716,41.71,0.009375308934590067,0.005,41.59824574277613,41.705,41.6169963606453,41.715,41.6169963606453,41.705,0.0880036393546959,0.0021098930557347374,BWX,IGOV,2026-04-27,False,4496.0,2398.0,4482.0,-2391.0,BWX,IGOV,0.0880036393546959,0.0021098930557347374,1.0,True,False,False,1.0,BWX,IGOV,4496.0,-2398.0,99724.5,-100015.53,199740.03,-291.02999999999884,14.0,-7.0,14.0,0.0,-0.0,7.0,-0.07,-0.035,-0.10500000000000001,-268.9199999999943,286.9199999999939,17.999999999999602,17.8949999999996,535.2000000000329
22.13,41.6,-0.060000000000002274,-0.10999999999999943,1.8798011748757344,1.0,1.876384278297034,1.0,1.8757643852991037,1.0,41.51066584666916,41.6,0.009378821926495518,0.005,41.501287024742666,41.595,41.52004466859566,41.605000000000004,41.52004466859566,41.595,0.07495533140433963,0.0018018108510658565,BWX,IGOV,2026-04-28,False,4509.0,2404.0,4496.0,-2398.0,BWX,IGOV,0.07495533140433963,0.0018018108510658565,1.0,True,False,False,1.0,BWX,IGOV,4509.0,-2404.0,99766.24,-100020.58,199786.82,-254.3399999999965,13.0,-6.0,13.0,0.0,-0.0,6.0,-0.065,-0.03,-0.095,-269.7600000000102,263.7799999999986,-5.980000000011614,-6.075000000011614,529.1250000000213
21.98,41.31,-0.14999999999999858,-0.28999999999999915,1.8794358507734306,1.0,1.8768253191272772,1.0,1.876384278297034,1.0,41.24292643696881,41.31,0.00938192139148517,0.005,41.23354451557732,41.305,41.252308358360295,41.315000000000005,41.252308358360295,41.305,0.0526916416397043,0.0012755178319947785,BWX,IGOV,2026-04-29,False,4543.0,2421.0,4509.0,-2404.0,BWX,IGOV,0.0526916416397043,0.0012755178319947785,1.0,True,False,False,1.0,BWX,IGOV,4543.0,-2421.0,99784.17,-100006.40000000001,199790.57,-222.23000000001048,34.0,-17.0,34.0,0.0,-0.0,17.0,-0.17,-0.085,-0.255,-676.3499999999935,697.1599999999979,20.81000000000438,20.55500000000438,549.6800000000256
22.27,41.88,0.28999999999999915,0.5700000000000003,1.8805568028738215,1.0,1.8771373122764328,1.0,1.8768253191272772,1.0,41.796899856964465,41.88,0.009384126595636387,0.005,41.78751573036883,41.875,41.8062839835601,41.885000000000005,41.8062839835601,41.875,0.06871601643990033,0.0016407835826146209,BWX,IGOV,2026-04-30,False,4482.0,2388.0,4543.0,-2421.0,BWX,IGOV,0.06871601643990033,0.0016407835826146209,1.0,True,False,False,1.0,BWX,IGOV,4482.0,-2388.0,99855.14,-100011.51000000001,199866.65000000002,-156.3700000000099,-61.0,33.0,0.0,33.0,61.0,-0.0,-0.305,-0.165,-0.47,1317.4699999999962,-1379.9700000000007,-62.50000000000455,-62.970000000004546,486.71000000002107
22.23,41.82,-0.03999999999999915,-0.060000000000002274,1.8812415654520918,1.0,1.8775293722675017,1.0,1.8771373122764328,1.0,41.7287624519051,41.82,0.009385686561382164,0.005,41.71937676534372,41.815,41.73814813846648,41.825,41.73814813846648,41.815,0.07685186153351964,0.0018376820070186428,BWX,IGOV,2026-05-01,True,4488.0,2391.0,4482.0,-2388.0,BWX,IGOV,0.07685186153351964,0.0018376820070186428,1.0,True,False,False,1.0,BWX,IGOV,4488.0,-2391.0,99814.14,-100009.44,199823.58000000002,-195.3000000000029,6.0,-3.0,6.0,0.0,-0.0,3.0,-0.03,-0.015,-0.045,-179.27999999999616,143.28000000000543,-35.999999999990735,-36.044999999990736,450.6650000000303
22.13,41.63,-0.10000000000000142,-0.18999999999999773,1.8811568007230006,1.0,1.8780602223676959,1.0,1.8775293722675017,1.0,41.549725008279815,41.63,0.00938764686133751,0.005,41.54033736141848,41.625,41.55911265514115,41.635000000000005,41.55911265514115,41.625,0.06588734485885084,0.001582689042970234,BWX,IGOV,2026-05-04,False,4510.0,2402.0,4488.0,-2391.0,BWX,IGOV,0.06588734485885084,0.001582689042970234,1.0,True,False,True,0.0,,,0.0,0.0,99768.24,-99991.62,199759.86,-223.3799999999901,-4488.0,2391.0,0.0,2391.0,4488.0,-0.0,-22.44,-11.955,-34.395,-448.8000000000064,454.28999999999456,5.489999999988186,-28.905000000011817,421.7600000000185
22.13,41.78,0.0,0.14999999999999858,1.8879349299593313,1.0,1.878749718523665,1.0,1.8780602223676959,1.0,41.56147272099711,41.78,0.00939030111183848,0.005,41.552082419885274,41.775,41.570863022108945,41.785000000000004,41.570863022108945,41.775,0.20413697789105356,0.0048859975560328756,BWX,IGOV,2026-05-05,False,4494.0,2393.0,0.0,0.0,,,0.0,0.0,0.0,True,False,False,1.0,BWX,IGOV,4494.0,-2393.0,0.0,0.0,0.0,0.0,4494.0,-2393.0,4494.0,0.0,-0.0,2393.0,-22.47,-11.965,-34.435,0.0,0.0,0.0,-34.435,387.3250000000185
22.34,42.18,0.21000000000000085,0.3999999999999986,1.8880931065353626,1.0,1.8794914525021187,1.0,1.878749718523665,1.0,41.971268711818674,42.18,0.009393748592618325,0.005,41.96187496322605,42.175,41.980662460411295,42.185,41.980662460411295,42.175,0.1943375395887017,0.004607338539324365,BWX,IGOV,2026-05-06,False,4455.0,2371.0,4494.0,-2393.0,BWX,IGOV,0.1943375395887017,0.004607338539324365,1.0,True,False,False,1.0,BWX,IGOV,4455.0,-2371.0,99452.22,-99979.54000000001,199431.76,-527.320000000007,-39.0,22.0,0.0,22.0,39.0,-0.0,-0.195,-0.11,-0.305,943.7400000000039,-957.1999999999966,-13.45999999999276,-13.76499999999276,373.56000000002575
22.31,42.06,-0.030000000000001137,-0.11999999999999744,1.8852532496638281,1.0,1.8799197315469662,1.0,1.8794914525021187,1.0,41.93145430532226,42.06,0.009397457262510593,0.005,41.92205684805975,42.055,41.94085176258477,42.065000000000005,41.94085176258477,42.055,0.11414823741522895,0.0027139381220929373,BWX,IGOV,2026-05-07,False,4469.0,2378.0,4455.0,-2371.0,BWX,IGOV,0.11414823741522895,0.0027139381220929373,1.0,True,False,False,1.0,BWX,IGOV,4469.0,-2378.0,99524.7,-100008.78,199533.47999999998,-484.08000000000175,14.0,-7.0,14.0,0.0,-0.0,7.0,-0.07,-0.035,-0.10500000000000001,-133.65000000000506,284.51999999999396,150.8699999999889,150.7649999999889,524.3250000000146
22.39,42.27,0.08000000000000185,0.21000000000000085,1.8878963823135329,1.0,1.8804489665399544,1.0,1.8799197315469662,1.0,42.09140278933658,42.27,0.009399598657734832,0.005,42.08200319067884,42.265,42.100802387994314,42.275000000000006,42.100802387994314,42.265,0.16419761200568672,0.003884495197674159,BWX,IGOV,2026-05-08,False,4448.0,2366.0,4469.0,-2378.0,BWX,IGOV,0.16419761200568672,0.003884495197674159,1.0,True,False,False,1.0,BWX,IGOV,4448.0,-2366.0,99703.39,-100018.68000000001,199722.07,-315.29000000000815,-21.0,12.0,0.0,12.0,21.0,-0.0,-0.105,-0.06,-0.16499999999999998,357.5200000000083,-499.38000000000204,-141.85999999999376,-142.02499999999375,382.3000000000209
22.29,42.07,-0.10000000000000142,-0.20000000000000284,1.8873934499775684,1.0,1.8809645192729618,1.0,1.8804489665399544,1.0,41.91520746417558,42.07,0.009402244832699773,0.005,41.90580521934288,42.065,41.92460970900828,42.075,41.92460970900828,42.065,0.14039029099171785,0.0033370642023227443,BWX,IGOV,2026-05-11,False,4470.0,2377.0,4448.0,-2366.0,BWX,IGOV,0.14039029099171785,0.0033370642023227443,1.0,True,False,False,1.0,BWX,IGOV,4470.0,-2377.0,99590.72,-100010.82,199601.54,-420.1000000000058,22.0,-11.0,22.0,0.0,-0.0,11.0,-0.11,-0.055,-0.165,-444.8000000000063,473.20000000000675,28.400000000000432,28.235000000000433,410.5350000000213
22.14,41.71,-0.14999999999999858,-0.35999999999999943,1.8839205058717254,1.0,1.8813714471581473,1.0,1.8809645192729618,1.0,41.644554456703375,41.71,0.00940482259636481,0.005,41.63514963410701,41.705,41.65395927929974,41.715,41.65395927929974,41.705,0.051040720700257225,0.0012237046439764379,BWX,IGOV,2026-05-12,False,4511.0,2398.0,4470.0,-2377.0,BWX,IGOV,0.051040720700257225,0.0012237046439764379,1.0,True,False,False,1.0,BWX,IGOV,4511.0,-2398.0,99636.3,-100000.39,199636.69,-364.0899999999965,41.0,-21.0,41.0,0.0,-0.0,21.0,-0.20500000000000002,-0.105,-0.31,-670.4999999999936,855.7199999999987,185.22000000000503,184.91000000000503,595.4450000000263
22.11,41.74,-0.030000000000001137,0.030000000000001137,1.8878335594753506,1.0,1.8818284787576984,1.0,1.8813714471581473,1.0,41.59712269666664,41.74,0.009406857235790737,0.005,41.58771583943085,41.735,41.606529553902426,41.745000000000005,41.606529553902426,41.735,0.1284704460975732,0.003077873648720009,BWX,IGOV,2026-05-13,False,4508.0,2396.0,4511.0,-2398.0,BWX,IGOV,0.1284704460975732,0.003077873648720009,1.0,True,False,False,1.0,BWX,IGOV,4508.0,-2396.0,99873.54000000001,-100020.58,199894.12,-147.0399999999936,-3.0,2.0,0.0,2.0,3.0,-0.0,-0.015,-0.01,-0.025,-135.33000000000513,-71.94000000000273,-207.27000000000785,-207.29500000000786,388.15000000001845
22.05,41.52,-0.05999999999999872,-0.21999999999999886,1.8829931972789116,1.0,1.8819952019355193,1.0,1.8818284787576984,1.0,41.494317956607254,41.52,0.009409142393788492,0.005,41.48490881421347,41.515,41.50372709900104,41.525000000000006,41.50372709900104,41.515,0.011272900998960722,0.000271505322711,BWX,IGOV,2026-05-14,False,4531.0,2408.0,4508.0,-2396.0,BWX,IGOV,0.011272900998960722,0.000271505322711,1.0,False,False,False,-1.0,BWX,IGOV,4531.0,-2408.0,99671.88,-100009.04000000001,199680.92,-337.1600000000035,23.0,-12.0,23.0,0.0,-0.0,12.0,-0.115,-0.06,-0.175,-270.4799999999942,527.1199999999973,256.64000000000306,256.46500000000304,644.6150000000215
21.81,41.01,-0.240000000000002,-0.5100000000000051,1.8803301237964236,1.0,1.8820554190976864,1.0,1.8819952019355193,1.0,41.046315354213675,41.01,0.009409976009677596,0.005,41.036905378204,41.004999999999995,41.05572533022335,41.015,41.015,41.036905378204,0.021905378203996406,0.0005341472373566546,IGOV,BWX,2026-05-15,False,4588.0,2438.0,4531.0,-2408.0,BWX,IGOV,0.0,0.0,-1.0,False,False,False,1.0,IGOV,BWX,-4588.0,2438.0,99908.55,-99980.16,199888.71000000002,-71.61000000000058,-9119.0,4846.0,0.0,4846.0,9119.0,-0.0,-45.595,-24.23,-69.825,-1087.440000000009,1228.0800000000122,140.64000000000328,70.81500000000328,715.4300000000247
21.9,41.27,0.08999999999999986,0.2600000000000051,1.884474885844749,1.0,1.8824929718531755,1.0,1.8820554190976864,1.0,41.217013678239326,41.27,0.009410277095488431,0.005,41.207603401143835,41.265,41.226423955334816,41.275000000000006,41.226423955334816,41.265,0.038576044665184384,0.0009347236410270022,BWX,IGOV,2026-05-18,False,4560.0,2423.0,-4588.0,2438.0,IGOV,BWX,-0.06739659885617044,-0.001633065152802773,1.0,True,False,False,1.0,BWX,IGOV,4560.0,-2423.0,-100064.28,99982.37999999999,200046.65999999997,-81.90000000000873,9148.0,-4861.0,9148.0,0.0,-0.0,4861.0,-45.74,-24.305,-70.045,-412.91999999999933,633.8800000000125,220.96000000001317,150.91500000001315,866.3450000000379
21.74,41.03,-0.16000000000000014,-0.240000000000002,1.8873045078196875,1.0,1.882973305157829,1.0,1.8824929718531755,1.0,40.925397208088036,41.03,0.009412464859265878,0.005,40.91598474322877,41.025,40.9348096729473,41.035000000000004,40.9348096729473,41.025,0.0901903270526958,0.002198155667869749,BWX,IGOV,2026-05-19,False,4588.0,2437.0,4560.0,-2423.0,BWX,IGOV,0.0901903270526958,0.002198155667869749,1.0,True,False,False,1.0,BWX,IGOV,4588.0,-2437.0,99864.0,-99997.21,199861.21000000002,-133.2100000000064,28.0,-14.0,28.0,0.0,-0.0,14.0,-0.14,-0.07,-0.21000000000000002,-729.6000000000006,581.5200000000049,-148.07999999999572,-148.28999999999573,718.0550000000421
21.95,41.42,0.21000000000000085,0.39000000000000057,1.8870159453302964,1.0,1.8835488215254674,1.0,1.882973305157829,1.0,41.331264048214344,41.42,0.009414866525789146,0.005,41.321849181688556,41.415,41.34067891474013,41.425000000000004,41.34067891474013,41.415,0.07432108525986791,0.0017943284707838704,BWX,IGOV,2026-05-20,False,4545.0,2414.0,4588.0,-2437.0,BWX,IGOV,0.07432108525986791,0.0017943284707838704,1.0,True,False,False,1.0,BWX,IGOV,4545.0,-2414.0,99743.12,-99990.11,199733.22999999998,-246.99000000000524,-43.0,23.0,0.0,23.0,43.0,-0.0,-0.215,-0.115,-0.33,963.4800000000039,-950.4300000000014,13.050000000002456,12.720000000002456,730.7750000000445
21.94,41.43,-0.00999999999999801,0.00999999999999801,1.888331814038286,1.0,1.8840321691060467,1.0,1.8835488215254674,1.0,41.32506114426876,41.43,0.009417744107627338,0.005,41.31564340016113,41.425,41.33447888837639,41.435,41.33447888837639,41.425,0.09052111162360887,0.0021849170075696083,BWX,IGOV,2026-05-21,False,4547.0,2414.0,4545.0,-2414.0,BWX,IGOV,0.09052111162360887,0.0021849170075696083,1.0,True,False,False,1.0,BWX,IGOV,4547.0,-2414.0,99762.75,-99987.88,199750.63,-225.13000000000466,2.0,0.0,2.0,0.0,-0.0,-0.0,-0.01,-0.0,-0.01,-45.44999999999096,-24.139999999995197,-69.58999999998616,-69.59999999998617,661.1750000000584
21.93,41.43,-0.010000000000001563,0.0,1.8891928864569083,1.0,1.8844918134288922,1.0,1.8840321691060467,1.0,41.3168254684956,41.43,0.009420160845530233,0.005,41.30740530765007,41.425,41.32624562934113,41.435,41.32624562934113,41.425,0.09875437065886672,0.002383643993697,BWX,IGOV,2026-05-22,False,4548.0,2414.0,4547.0,-2414.0,BWX,IGOV,0.09875437065886672,0.002383643993697,1.0,True,False,False,1.0,BWX,IGOV,4548.0,-2414.0,99761.18000000001,-100012.02,199773.2,-250.8399999999965,1.0,0.0,1.0,0.0,-0.0,-0.0,-0.005,-0.0,-0.005,-45.470000000007104,-0.0,-45.470000000007104,-45.47500000000711,615.7000000000513
22.04,41.68,0.10999999999999943,0.25,1.8911070780399275,1.0,1.8850633908549983,1.0,1.8844918134288922,1.0,41.534199567972784,41.68,0.009422459067144461,0.005,41.52477710890564,41.675,41.54362202703993,41.685,41.54362202703993,41.675,0.1313779729600668,0.0031520626909804896,BWX,IGOV,2026-05-26,False,4521.0,2399.0,4548.0,-2414.0,BWX,IGOV,0.1313779729600668,0.0031520626909804896,1.0,True,False,False,1.0,BWX,IGOV,4521.0,-2399.0,99737.64,-100012.02,199749.66,-274.38000000000466,-27.0,15.0,0.0,15.0,27.0,-0.0,-0.135,-0.075,-0.21000000000000002,500.2799999999974,-603.5,-103.22000000000259,-103.43000000000258,512.2700000000488
22.04,41.68,0.0,0.0,1.8911070780399275,1.0,1.8856286860132083,1.0,1.8850633908549983,1.0,41.54679713444416,41.68,0.009425316954274992,0.005,41.537371817489884,41.675,41.55622245139844,41.685,41.55622245139844,41.675,0.11877754860155676,0.002849749246678425,BWX,IGOV,2026-05-27,False,4522.0,2399.0,4521.0,-2399.0,BWX,IGOV,0.11877754860155676,0.002849749246678425,1.0,True,False,False,1.0,BWX,IGOV,4522.0,-2399.0,99642.84,-99990.31999999999,199633.15999999997,-347.4799999999959,1.0,0.0,1.0,0.0,-0.0,-0.0,-0.005,-0.0,-0.005,0.0,-0.0,0.0,-0.005,512.2650000000488
22.11,41.93,0.07000000000000028,0.25,1.8964269561284488,1.0,1.8864782412809589,1.0,1.8856286860132083,1.0,41.69125024775204,41.93,0.009428143430066042,0.005,41.681822104321974,41.925,41.7006783911821,41.935,41.7006783911821,41.925,0.22432160881789542,0.005349907198137263,BWX,IGOV,2026-05-28,False,4497.0,2385.0,4522.0,-2399.0,BWX,IGOV,0.22432160881789542,0.005349907198137263,1.0,True,False,False,1.0,BWX,IGOV,4497.0,-2385.0,99664.87999999999,-99990.31999999999,199655.19999999998,-325.4400000000023,-25.0,14.0,0.0,14.0,25.0,-0.0,-0.125,-0.07,-0.195,316.54000000000127,-599.75,-283.20999999999873,-283.4049999999987,228.86000000005004
22.17,41.98,0.060000000000002274,0.04999999999999716,1.893549842129003,1.0,1.887127893243718,1.0,1.8864782412809589,1.0,41.82322260919886,41.98,0.009432391206404794,0.005,41.813790217992455,41.974999999999994,41.83265500040526,41.985,41.83265500040526,41.974999999999994,0.14234499959473368,0.0033907813147864146,BWX,IGOV,2026-05-29,False,4494.0,2382.0,4497.0,-2385.0,BWX,IGOV,0.14234499959473368,0.0033907813147864146,1.0,True,False,False,1.0,BWX,IGOV,4494.0,-2382.0,99428.67,-100003.05,199431.72,-574.3800000000047,-3.0,3.0,0.0,3.0,3.0,-0.0,-0.015,-0.015,-0.03,269.8200000000102,-119.24999999999322,150.570000000017,150.540000000017,379.40000000006705
22.03,41.77,-0.14000000000000057,-0.20999999999999375,1.8960508397639584,1.0,1.8878683569593115,1.0,1.887127893243718,1.0,41.57342748815911,41.77,0.00943563946621859,0.005,41.56399184869289,41.765,41.58286312762533,41.775000000000006,41.58286312762533,41.765,0.18213687237467013,0.004360470968988991,BWX,IGOV,2026-06-01,True,4518.0,2394.0,4494.0,-2382.0,BWX,IGOV,0.18213687237467013,0.004360470968988991,1.0,True,False,False,1.0,BWX,IGOV,4518.0,-2394.0,99631.98000000001,-99996.35999999999,199628.34,-364.37999999997555,24.0,-12.0,24.0,0.0,-0.0,12.0,-0.12,-0.06,-0.18,-629.1600000000026,500.21999999998513,-128.94000000001745,-129.12000000001746,250.2800000000496
22.02,41.8,-0.010000000000001563,0.02999999999999403,1.8982742960944594,1.0,1.888724231727884,1.0,1.8878683569593115,1.0,41.57086122024404,41.8,0.009439341784796558,0.005,41.56142187845924,41.794999999999995,41.58030056202884,41.805,41.58030056202884,41.794999999999995,0.21469943797115576,0.005136350190697507,BWX,IGOV,2026-06-02,False,4516.0,2392.0,4518.0,-2394.0,BWX,IGOV,0.21469943797115576,0.005136350190697507,1.0,True,False,True,0.0,,,0.0,0.0,99531.54000000001,-99997.38,199528.92,-465.8399999999965,-4518.0,2394.0,0.0,2394.0,4518.0,-0.0,-22.59,-11.97,-34.56,-45.18000000000706,-71.81999999998571,-116.99999999999278,-151.55999999999278,98.72000000005681
21.89,41.45,-0.129999999999999,-0.3499999999999943,1.893558702603929,1.0,1.8890054203601143,1.0,1.888724231727884,1.0,41.344173432523384,41.45,0.00944362115863942,0.005,41.334729811364745,41.445,41.35361705368202,41.455000000000005,41.35361705368202,41.445,0.09138294631797805,0.002204654917200918,BWX,IGOV,2026-06-03,False,4557.0,2413.0,0.0,0.0,,,0.0,0.0,0.0,True,False,False,1.0,BWX,IGOV,4557.0,-2413.0,0.0,0.0,0.0,0.0,4557.0,-2413.0,4557.0,0.0,-0.0,2413.0,-22.785,-12.065,-34.85,-0.0,-0.0,0.0,-34.85,63.87000000005681
21.93,41.54,0.03999999999999915,0.0899999999999963,1.8942088463292293,1.0,1.8893112073498073,1.0,1.8890054203601143,1.0,41.4258888684973,41.54,0.009445027101800571,0.005,41.416443841395505,41.535,41.4353338955991,41.545,41.4353338955991,41.535,0.09966610440089596,0.0023992803177875772,BWX,IGOV,2026-06-04,False,4547.0,2407.0,4557.0,-2413.0,BWX,IGOV,0.09966610440089596,0.0023992803177875772,1.0,True,False,False,1.0,BWX,IGOV,4547.0,-2407.0,99752.73,-100018.85,199771.58000000002,-266.1200000000099,-10.0,6.0,0.0,6.0,10.0,-0.0,-0.05,-0.03,-0.08,182.2799999999961,-217.1699999999911,-34.889999999994984,-34.96999999999498,28.90000000006183
21.74,41.17,-0.19000000000000128,-0.36999999999999744,1.893744250229991,1.0,1.8897357573781157,1.0,1.8893112073498073,1.0,41.07362564778481,41.17,0.009446556036749036,0.005,41.06417909174806,41.165,41.08307220382156,41.175000000000004,41.08307220382156,41.165,0.08192779617844081,0.0019899877624105127,BWX,IGOV,2026-06-05,False,4589.0,2429.0,4547.0,-2407.0,BWX,IGOV,0.08192779617844081,0.0019899877624105127,1.0,True,False,False,1.0,BWX,IGOV,4589.0,-2429.0,99715.70999999999,-99986.78,199702.49,-271.070000000007,42.0,-22.0,42.0,0.0,-0.0,22.0,-0.21,-0.11,-0.32,-863.9300000000059,890.5899999999939,26.65999999998803,26.33999999998803,55.24000000004986
21.7,41.08,-0.03999999999999915,-0.09000000000000341,1.8930875576036865,1.0,1.8899953161426235,1.0,1.8897357573781157,1.0,41.00726593510511,41.08,0.009448678786890579,0.005,40.99781725631822,41.074999999999996,41.016714613892,41.085,41.016714613892,41.074999999999996,0.05828538610799683,0.0014188263414799617,BWX,IGOV,2026-06-08,False,4600.0,2434.0,4589.0,-2429.0,BWX,IGOV,0.05828538610799683,0.0014188263414799617,1.0,True,False,False,1.0,BWX,IGOV,4600.0,-2434.0,99764.85999999999,-100001.93000000001,199766.78999999998,-237.07000000002154,11.0,-5.0,11.0,0.0,-0.0,5.0,-0.055,-0.025,-0.08,-183.55999999999608,218.61000000000828,35.050000000012204,34.970000000012206,90.21000000006207
21.78,41.15,0.08000000000000185,0.07000000000000028,1.889348025711662,1.0,1.890093044929328,1.0,1.8899953161426235,1.0,41.164097985586345,41.15,0.009449976580713117,0.005,41.15464800900563,41.144999999999996,41.173547962167056,41.155,41.155,41.15464800900563,-0.000351990994367668,-8.553851624973706e-06,IGOV,BWX,2026-06-09,False,4593.0,2430.0,4600.0,-2434.0,BWX,IGOV,-0.028547962167060348,-0.0006937536371096076,1.0,False,True,False,0.0,,,0.0,0.0,99820.0,-99988.72,199808.72,-168.72000000000116,-4600.0,2434.0,0.0,2434.0,4600.0,-0.0,-23.0,-12.17,-35.17,368.0000000000085,-170.38000000000068,197.62000000000785,162.45000000000783,252.66000000006989
21.72,41.08,-0.060000000000002274,-0.07000000000000028,1.8913443830570902,1.0,1.8904642387885964,1.0,1.890093044929328,1.0,41.052820935865,41.08,0.00945046522464664,0.005,41.043370470640355,41.074999999999996,41.062271401089646,41.085,41.062271401089646,41.074999999999996,0.012728598910349831,0.00030984904845058014,BWX,IGOV,2026-06-10,False,4600.0,2434.0,0.0,0.0,,,0.0,0.0,0.0,False,False,False,-0.0,,,0.0,0.0,0.0,0.0,0.0,0.0,0.0,0.0,0.0,0.0,-0.0,-0.0,-0.0,-0.0,0.0,-0.0,-0.0,0.0,0.0,252.66000000006989
21.94,41.5,0.22000000000000242,0.4200000000000017,1.8915223336371922,1.0,1.8906486774966882,1.0,1.8904642387885964,1.0,41.47678539902181,41.5,0.009452321193942983,0.005,41.46733307782787,41.495,41.48623772021575,41.505,41.48623772021575,41.495,0.008762279784249927,0.0002111392719096368,BWX,IGOV,2026-06-11,False,4556.0,2410.0,0.0,0.0,,,0.0,0.0,-0.0,False,False,False,0.0,,,0.0,0.0,0.0,0.0,0.0,0.0,0.0,0.0,0.0,0.0,-0.0,-0.0,-0.0,-0.0,0.0,0.0,0.0,0.0,0.0,252.66000000006989
21.94,41.49,0.0,-0.00999999999999801,1.8910665451230628,1.0,1.8910523448888958,1.0,1.8906486774966882,1.0,41.480831984277344,41.49,0.009453243387483441,0.005,41.47137874088986,41.485,41.49028522766483,41.495000000000005,41.49028522766483,41.485,-0.005285227664828085,-0.00012738557881002857,BWX,IGOV,2026-06-12,False,4556.0,2410.0,0.0,0.0,,,0.0,0.0,0.0,False,True,False,0.0,,,0.0,0.0,0.0,0.0,0.0,0.0,0.0,0.0,0.0,0.0,-0.0,-0.0,-0.0,-0.0,0.0,0.0,-0.0,0.0,0.0,252.66000000006989
22.0,41.58,0.05999999999999872,0.0899999999999963,1.89,1.0,1.891535838699075,1.0,1.8910523448888958,1.0,41.60315158755571,41.58,0.00945526172444448,0.005,41.59369632583126,41.574999999999996,41.612606849280155,41.585,41.585,41.59369632583126,0.008696325831259344,0.0002091468453886326,IGOV,BWX,2026-06-15,False,4548.0,2405.0,0.0,0.0,,,0.0,0.0,0.0,False,False,False,-0.0,,,0.0,0.0,0.0,0.0,0.0,0.0,0.0,0.0,0.0,0.0,-0.0,-0.0,-0.0,-0.0,0.0,0.0,0.0,0.0,0.0,252.66000000006989
22.06,41.72,0.05999999999999872,0.14000000000000057,1.8912058023572076,1.0,1.8918723845246976,1.0,1.891535838699075,1.0,41.727280601701594,41.72,0.009457679193495376,0.005,41.7178229225081,41.714999999999996,41.73673828089509,41.725,41.725,41.7178229225081,-0.0071770774919031055,-0.00017202966183852122,IGOV,BWX,2026-06-16,False,4534.0,2397.0,0.0,0.0,,,0.0,0.0,-0.0,False,True,False,0.0,,,0.0,0.0,0.0,0.0,0.0,0.0,0.0,0.0,0.0,0.0,-0.0,-0.0,-0.0,-0.0,0.0,0.0,0.0,0.0,0.0,252.66000000006989
21.87,41.33,-0.18999999999999773,-0.39000000000000057,1.889803383630544,1.0,1.8919973283152405,1.0,1.8918723845246976,1.0,41.37524904955514,41.33,0.00945936192262349,0.005,41.365789687632514,41.324999999999996,41.38470841147776,41.335,41.335,41.365789687632514,0.030789687632513107,0.0007449718759378928,IGOV,BWX,2026-06-17,False,4578.0,2420.0,0.0,0.0,,,0.0,0.0,0.0,True,False,False,1.0,IGOV,BWX,-4578.0,2420.0,0.0,0.0,0.0,0.0,-4578.0,2420.0,0.0,2420.0,4578.0,-0.0,-22.89,-12.1,-34.99,-0.0,-0.0,0.0,-34.99,217.67000000006988
21.82,41.2,-0.05000000000000071,-0.12999999999999545,1.8881759853345557,1.0,1.8920553303154535,1.0,1.8919973283152405,1.0,41.28338170383855,41.2,0.009459986641576202,0.005,41.27392171719698,41.195,41.292841690480124,41.205000000000005,41.205000000000005,41.27392171719698,0.0689217171969716,0.0016728572135187281,IGOV,BWX,2026-06-18,False,4592.0,2427.0,-4578.0,2420.0,IGOV,BWX,0.0689217171969716,0.0016728572135187281,1.0,True,False,False,1.0,IGOV,BWX,-4592.0,2427.0,-100120.86,100018.59999999999,200139.46,-102.26000000000931,-14.0,7.0,0.0,7.0,14.0,-0.0,-0.07,-0.035,-0.10500000000000001,228.90000000000325,-314.599999999989,-85.69999999998575,-85.80499999998575,131.86500000008414
21.72,41.02,-0.10000000000000142,-0.17999999999999972,1.888581952117864,1.0,1.892067837219432,1.0,1.8920553303154535,1.0,41.09544177445165,41.02,0.009460276651577268,0.005,41.08598149780007,41.015,41.10490205110323,41.025000000000006,41.025000000000006,41.08598149780007,0.06098149780006423,0.0014866284202843547,IGOV,BWX,2026-06-22,False,4613.0,2438.0,-4592.0,2427.0,IGOV,BWX,0.06098149780006423,0.0014866284202843547,1.0,True,False,False,1.0,IGOV,BWX,-4613.0,2438.0,-100197.44,99992.40000000001,200189.84000000003,-205.0399999999936,-21.0,11.0,0.0,11.0,21.0,-0.0,-0.105,-0.055,-0.16,459.2000000000065,-436.85999999999933,22.340000000007194,22.180000000007194,154.04500000009133
21.67,40.91,-0.04999999999999716,-0.11000000000000654,1.8878634056299028,1.0,1.8920013631780823,1.0,1.892067837219432,1.0,41.00111003254509,40.91,0.00946033918609716,0.005,40.991649693358994,40.904999999999994,41.01057037173119,40.915,40.915,40.991649693358994,0.07664969335899485,0.0018736175350524287,IGOV,BWX,2026-06-23,False,4624.0,2444.0,-4613.0,2438.0,IGOV,BWX,0.07664969335899485,0.0018736175350524287,1.0,True,False,False,1.0,IGOV,BWX,-4624.0,2444.0,-100194.36,100006.76000000001,200201.12,-187.59999999999127,-11.0,6.0,0.0,6.0,11.0,-0.0,-0.055,-0.03,-0.08499999999999999,230.6499999999869,-268.1800000000159,-37.53000000002902,-37.61500000002902,116.43000000006231
21.66,40.97,-0.010000000000001563,0.060000000000002274,1.891505078485688,1.0,1.8920212632003701,1.0,1.8920013631780823,1.0,40.980749526437265,40.97,0.009460006815890412,0.005,40.97128951962137,40.964999999999996,40.99020953325316,40.975,40.975,40.97128951962137,-0.0037104803786291995,-9.056578908052721e-05,IGOV,BWX,2026-06-24,False,4618.0,2441.0,-4624.0,2444.0,IGOV,BWX,-0.0037104803786291995,-9.056578908052721e-05,1.0,False,True,False,0.0,,,0.0,0.0,-100202.08,99984.04,200186.12,-218.04000000000815,4624.0,-2444.0,4624.0,0.0,-0.0,2444.0,-23.12,-12.22,-35.34,46.24000000000723,146.64000000000556,192.88000000001279,157.54000000001278,273.97000000007506
21.68,41.0,0.019999999999999574,0.030000000000001137,1.8911439114391144,1.0,1.8920231048703293,1.0,1.8920212632003701,1.0,41.019020986184024,41.0,0.00946010631600185,0.005,41.009560879868026,40.995,41.02848109250002,41.005,41.005,41.009560879868026,0.004560879868023449,0.00011124097239081582,IGOV,BWX,2026-06-25,False,4615.0,2439.0,0.0,0.0,,,0.0,0.0,0.0,False,True,False,0.0,,,0.0,0.0,0.0,0.0,0.0,0.0,0.0,0.0,0.0,0.0,-0.0,-0.0,-0.0,-0.0,0.0,0.0,0.0,0.0,0.0,273.97000000007506
21.73,41.04,0.05000000000000071,0.03999999999999915,1.888633225954901,1.0,1.891633418361652,1.0,1.8920231048703293,1.0,41.113662068832255,41.04,0.009460115524351647,0.005,41.10420195330791,41.035,41.1231221843566,41.045,41.045,41.10420195330791,0.05920195330790534,0.0014425427219275182,IGOV,BWX,2026-06-26,False,4611.0,2437.0,0.0,0.0,,,0.0,0.0,0.0,True,False,False,1.0,IGOV,BWX,-4611.0,2437.0,0.0,0.0,0.0,0.0,-4611.0,2437.0,0.0,2437.0,4611.0,-0.0,-23.055,-12.185,-35.24,0.0,0.0,0.0,-35.24,238.73000000007505
21.75,41.16,0.019999999999999574,0.11999999999999744,1.8924137931034481,1.0,1.8915766159103744,1.0,1.891633418361652,1.0,41.14302684936593,41.16,0.00945816709180826,0.005,41.133568682274124,41.154999999999994,41.15248501645774,41.165,41.15248501645774,41.154999999999994,0.0025149835422553224,6.110261278560065e-05,BWX,IGOV,2026-06-29,False,4597.0,2430.0,-4611.0,2437.0,IGOV,BWX,-0.031431317725875374,-0.000763637456896875,1.0,False,True,False,0.0,,,0.0,0.0,-100197.03,100014.48,200211.51,-182.5500000000029,4611.0,-2437.0,4611.0,0.0,-0.0,2437.0,-23.055,-12.185,-35.24,-92.21999999999804,292.43999999999374,200.2199999999957,164.9799999999957,403.71000000007075
21.68,41.03,-0.07000000000000028,-0.12999999999999545,1.8925276752767528,1.0,1.891400457686014,1.0,1.8915766159103744,1.0,41.009381032936915,41.03,0.009457883079551872,0.005,40.999923149857366,41.025,41.01883891601646,41.035000000000004,41.01883891601646,41.025,0.00616108398353532,0.00015016046754899636,BWX,IGOV,2026-06-30,False,4610.0,2437.0,0.0,0.0,,,0.0,0.0,0.0,False,True,False,0.0,,,0.0,0.0,0.0,0.0,0.0,0.0,0.0,0.0,0.0,0.0,-0.0,-0.0,-0.0,-0.0,0.0,-0.0,-0.0,0.0,0.0,403.71000000007075
21.59,40.9,-0.08999999999999986,-0.13000000000000256,1.8943955534969894,1.0,1.8912065205561408,1.0,1.891400457686014,1.0,40.83533588144104,40.9,0.00945700228843007,0.005,40.82587887915261,40.894999999999996,40.84479288372947,40.905,40.84479288372947,40.894999999999996,0.05020711627052776,0.0012275578550251288,BWX,IGOV,2026-07-01,True,4624.0,2445.0,0.0,0.0,,,0.0,0.0,0.0,True,False,False,1.0,BWX,IGOV,4624.0,-2445.0,0.0,0.0,0.0,0.0,4624.0,-2445.0,4624.0,0.0,-0.0,2445.0,-23.12,-12.225,-35.345,-0.0,-0.0,0.0,-35.345,368.3650000000707
21.68,41.04,0.08999999999999986,0.14000000000000057,1.8929889298892988,1.0,1.891178031920409,1.0,1.8912065205561408,1.0,41.001357365657135,41.04,0.009456032602780703,0.005,40.99190133305436,41.035,41.01081339825991,41.045,41.01081339825991,41.035,0.024186601740083802,0.0005893421476628606,BWX,IGOV,2026-07-02,False,4609.0,2437.0,4624.0,-2445.0,BWX,IGOV,0.024186601740083802,0.0005893421476628606,1.0,False,False,True,0.0,,,0.0,0.0,99832.16,-100000.5,199832.66,-168.3399999999965,-4624.0,2445.0,0.0,2445.0,4624.0,-0.0,-23.12,-12.225,-35.345,416.15999999999934,-342.3000000000014,73.85999999999797,38.51499999999797,406.88000000006866
21.67,40.97,-0.00999999999999801,-0.07000000000000028,1.8906322104291646,1.0,1.8909992001254057,1.0,1.891178031920409,1.0,40.98182795171527,40.97,0.009455890159602045,0.005,40.97237206155567,40.964999999999996,40.99128384187487,40.975,40.975,40.97237206155567,-0.002627938444334177,-6.41429935156011e-05,IGOV,BWX,2026-07-06,False,4616.0,2441.0,0.0,0.0,,,0.0,0.0,0.0,False,True,False,0.0,,,0.0,0.0,0.0,0.0,0.0,0.0,0.0,0.0,0.0,0.0,-0.0,-0.0,-0.0,-0.0,0.0,-0.0,-0.0,0.0,0.0,406.88000000006866
21.55,40.75,-0.120000000000001,-0.21999999999999886,1.8909512761020881,1.0,1.8908595514190103,1.0,1.8909992001254057,1.0,40.75103276270249,40.75,0.009454996000627028,0.005,40.741577766701866,40.745,40.76048775870312,40.755,40.755,40.745,-0.010000000000005116,-0.00024539877300626053,IGOV,IGOV,2026-07-07,False,4641.0,2454.0,0.0,0.0,,,0.0,0.0,0.0,False,True,False,0.0,,,0.0,0.0,0.0,0.0,0.0,0.0,0.0,0.0,0.0,0.0,-0.0,-0.0,-0.0,-0.0,0.0,-0.0,-0.0,0.0,0.0,406.88000000006866
21.5,40.66,-0.05000000000000071,-0.09000000000000341,1.8911627906976742,1.0,1.89076331307371,1.0,1.8908595514190103,1.0,40.65348035550872,40.66,0.009454297757095052,0.005,40.644026057751624,40.654999999999994,40.662934653265815,40.665,40.662934653265815,40.654999999999994,-0.007934653265820657,-0.0001951464157850629,BWX,IGOV,2026-07-08,False,4650.0,2459.0,0.0,0.0,,,0.0,0.0,0.0,False,True,False,0.0,,,0.0,0.0,0.0,0.0,0.0,0.0,0.0,0.0,0.0,0.0,-0.0,-0.0,-0.0,-0.0,0.0,-0.0,-0.0,0.0,0.0,406.88000000006866
21.52,40.75,0.019999999999999574,0.09000000000000341,1.8935873605947955,1.0,1.8909752798178665,1.0,1.89076331307371,1.0,40.68922649734624,40.75,0.009453816565368551,0.005,40.67977268078087,40.745,40.69868031391161,40.755,40.69868031391161,40.745,0.04631968608838832,0.0011366794132119833,BWX,IGOV,2026-07-09,False,4640.0,2454.0,0.0,0.0,,,0.0,0.0,0.0,True,False,False,1.0,BWX,IGOV,4640.0,-2454.0,0.0,0.0,0.0,0.0,4640.0,-2454.0,4640.0,0.0,-0.0,2454.0,-23.2,-12.27,-35.47,0.0,0.0,0.0,-35.47,371.41000000006864
21.59,40.84,0.07000000000000028,0.09000000000000341,1.8916164891153313,1.0,1.890988885120779,1.0,1.8909752798178665,1.0,40.826156291267736,40.84,0.009454876399089332,0.005,40.816701414868646,40.835,40.835611167666826,40.845000000000006,40.835611167666826,40.835,-0.0006111676668254518,-1.4964928178879817e-05,BWX,IGOV,2026-07-10,False,4631.0,2449.0,4640.0,-2454.0,BWX,IGOV,-0.0006111676668254518,-1.4964928178879817e-05,1.0,False,True,False,0.0,,,0.0,0.0,99852.8,-100000.5,199853.3,-147.6999999999971,-4640.0,2454.0,0.0,2454.0,4640.0,-0.0,-23.2,-12.27,-35.47,324.8000000000013,-220.86000000000837,103.93999999999295,68.46999999999295,439.8800000000616
21.45,40.58,-0.14000000000000057,-0.2600000000000051,1.8918414918414919,1.0,1.8910048430309938,1.0,1.890988885120779,1.0,40.56171158584071,40.58,0.009454944425603896,0.005,40.552256641415106,40.574999999999996,40.57116653026632,40.585,40.57116653026632,40.574999999999996,0.00383346973367793,9.44669722444044e-05,BWX,IGOV,2026-07-13,False,4659.0,2464.0,0.0,0.0,,,0.0,0.0,0.0,False,True,False,0.0,,,0.0,0.0,0.0,0.0,0.0,0.0,0.0,0.0,0.0,0.0,-0.0,-0.0,-0.0,-0.0,0.0,-0.0,-0.0,0.0,0.0,439.8800000000616
21.59,40.8,0.14000000000000057,0.21999999999999886,1.889763779527559,1.0,1.8909397047512182,1.0,1.8910048430309938,1.0,40.82679456103916,40.8,0.00945502421515497,0.005,40.817339536824,40.794999999999995,40.836249585254315,40.805,40.805,40.817339536824,0.01233953682400113,0.0003024396280392434,IGOV,BWX,2026-07-14,False,4635.0,2451.0,0.0,0.0,,,0.0,0.0,0.0,False,False,False,-0.0,,,0.0,0.0,0.0,0.0,0.0,0.0,0.0,0.0,0.0,0.0,-0.0,-0.0,-0.0,-0.0,0.0,0.0,0.0,0.0,0.0,439.8800000000616
21.66,41.0,0.07000000000000028,0.20000000000000284,1.8928901200369344,1.0,1.8910842107530652,1.0,1.8909397047512182,1.0,40.957754004911386,41.0,0.009454698523756092,0.005,40.94829930638763,40.995,40.96720870343514,41.005,40.96720870343514,40.995,0.027791296564856793,0.0006778365015818731,BWX,IGOV,2026-07-15,False,4612.0,2439.0,0.0,0.0,,,0.0,0.0,-0.0,True,False,False,1.0,BWX,IGOV,4612.0,-2439.0,0.0,0.0,0.0,0.0,4612.0,-2439.0,4612.0,0.0,-0.0,2439.0,-23.06,-12.195,-35.254999999999995,0.0,0.0,0.0,-35.254999999999995,404.6250000000616
21.59,40.85,-0.07000000000000028,-0.14999999999999858,1.8920796665122743,1.0,1.8911279039608186,1.0,1.8910842107530652,1.0,40.82850811015868,40.85,0.009455421053765326,0.005,40.819052689104915,40.845,40.837963531212445,40.855000000000004,40.837963531212445,40.845,0.007036468787553929,0.00017225137790829692,BWX,IGOV,2026-07-16,False,4629.0,2448.0,4612.0,-2439.0,BWX,IGOV,0.007036468787553929,0.00017225137790829692,1.0,False,True,False,0.0,,,0.0,0.0,99895.92,-99999.0,199894.91999999998,-103.08000000000175,-4612.0,2439.0,0.0,2439.0,4612.0,-0.0,-23.06,-12.195,-35.254999999999995,-322.8400000000013,365.84999999999656,43.00999999999527,7.7549999999952774,412.3800000000569
21.56,40.77,-0.030000000000001137,-0.0799999999999983,1.8910018552875698,1.0,1.89118782754367,1.0,1.8911279039608186,1.0,40.77271760939525,40.77,0.009455639519804094,0.005,40.763261969875444,40.765,40.78217324891506,40.775000000000006,40.775000000000006,40.765,-0.010000000000005116,-0.0002452783909738807,IGOV,IGOV,2026-07-17,False,4639.0,2453.0,0.0,0.0,,,0.0,0.0,0.0,False,True,False,0.0,,,0.0,0.0,0.0,0.0,0.0,0.0,0.0,0.0,0.0,0.0,-0.0,-0.0,-0.0,-0.0,0.0,-0.0,-0.0,0.0,0.0,412.3800000000569
21.51,40.68,-0.04999999999999716,-0.09000000000000341,1.8912133891213387,1.0,1.891339697733009,1.0,1.89118782754367,1.0,40.67945017046434,40.68,0.00945593913771835,0.005,40.669994231326626,40.675,40.68890610960206,40.685,40.685,40.675,-0.010000000000005116,-0.00024582104228134505,IGOV,IGOV,2026-07-20,False,4649.0,2458.0,0.0,0.0,,,0.0,0.0,0.0,False,True,False,0.0,,,0.0,0.0,0.0,0.0,0.0,0.0,0.0,0.0,0.0,0.0,-0.0,-0.0,-0.0,-0.0,0.0,-0.0,-0.0,0.0,0.0,412.3800000000569
21.46,40.58,-0.05000000000000071,-0.10000000000000142,1.8909599254426839,1.0,1.89145859639925,1.0,1.891339697733009,1.0,40.58814991335038,40.58,0.009456698488665045,0.005,40.578693214861715,40.574999999999996,40.59760661183904,40.585,40.585,40.578693214861715,-0.00630678513828542,-0.00015541609507849728,IGOV,BWX,2026-07-21,False,4660.0,2464.0,0.0,0.0,,,0.0,0.0,0.0,False,True,False,0.0,,,0.0,0.0,0.0,0.0,0.0,0.0,0.0,0.0,0.0,0.0,-0.0,-0.0,-0.0,-0.0,0.0,-0.0,-0.0,0.0,0.0,412.3800000000569
21.46,40.55,0.0,-0.030000000000001137,1.8895619757688722,1.0,1.8915435249061985,1.0,1.89145859639925,1.0,40.59070147872791,40.55,0.00945729298199625,0.005,40.58124418574591,40.544999999999995,40.60015877170991,40.555,40.555,40.58124418574591,0.026244185745909476,0.0006472055671001105,IGOV,BWX,2026-07-22,False,4664.0,2466.0,0.0,0.0,,,0.0,0.0,0.0,True,False,False,1.0,IGOV,BWX,-4664.0,2466.0,0.0,0.0,0.0,0.0,-4664.0,2466.0,0.0,2466.0,4664.0,-0.0,-23.32,-12.33,-35.65,0.0,-0.0,0.0,-35.65,376.7300000000569
21.36,40.35,-0.10000000000000142,-0.19999999999999574,1.8890449438202248,1.0,1.8914205181729256,1.0,1.8915435249061985,1.0,40.403369691996396,40.35,0.009457717624530992,0.005,40.39391197437187,40.345,40.412827409620924,40.355000000000004,40.355000000000004,40.39391197437187,0.03891197437186378,0.0009643611988070329,IGOV,BWX,2026-07-23,False,4687.0,2478.0,-4664.0,2466.0,IGOV,BWX,0.03891197437186378,0.0009643611988070329,1.0,True,False,False,1.0,IGOV,BWX,-4687.0,2478.0,-100089.44,99996.29999999999,200085.74,-93.14000000001397,-23.0,12.0,0.0,12.0,23.0,-0.0,-0.115,-0.06,-0.175,466.4000000000066,-493.1999999999895,-26.799999999982845,-26.974999999982845,349.75500000007406
21.4,40.44,0.03999999999999915,0.0899999999999963,1.8897196261682243,1.0,1.8913493039093807,1.0,1.8914205181729256,1.0,40.47639908890061,40.44,0.009457102590864628,0.005,40.46694198630974,40.434999999999995,40.48585619149147,40.445,40.445,40.46694198630974,0.021941986309741424,0.0005425812638412815,IGOV,BWX,2026-07-24,False,4677.0,2473.0,-4687.0,2478.0,IGOV,BWX,0.021941986309741424,0.0005425812638412815,1.0,False,False,False,-1.0,IGOV,BWX,-4677.0,2473.0,-100114.31999999999,99987.3,200101.62,-127.01999999998952,10.0,-5.0,10.0,0.0,-0.0,5.0,-0.05,-0.025,-0.07500000000000001,-187.479999999996,223.01999999999083,35.53999999999482,35.46499999999482,385.22000000006886
21.44,40.55,0.0400000000000027,0.10999999999999943,1.8913246268656714,1.0,1.8914838739549196,1.0,1.8913493039093807,1.0,40.550529075817124,40.55,0.009456746519546904,0.005,40.54107232929758,40.544999999999995,40.55998582233667,40.555,40.555,40.544999999999995,-0.010000000000005116,-0.0002466091245377341,IGOV,IGOV,2026-07-27,False,4664.0,2466.0,-4677.0,2473.0,IGOV,BWX,0.0,0.0,-1.0,False,True,False,0.0,,,0.0,0.0,-100087.79999999999,100008.12,200095.91999999998,-79.67999999999302,4677.0,-2473.0,4677.0,0.0,-0.0,2473.0,-23.385,-12.365,-35.75,-187.08000000001263,272.0299999999986,84.94999999998598,49.19999999998598,434.42000000005487
21.47,40.66,0.029999999999997584,0.10999999999999943,1.893805309734513,1.0,1.8915534497864726,1.0,1.8914838739549196,1.0,40.610158773812124,40.66,0.009457419369774598,0.005,40.60070135444235,40.654999999999994,40.6196161931819,40.665,40.6196161931819,40.654999999999994,0.035383806818096275,0.0008702362719649847,BWX,IGOV,2026-07-28,False,4651.0,2459.0,0.0,0.0,,,0.0,0.0,0.0,True,False,False,1.0,BWX,IGOV,4651.0,-2459.0,0.0,0.0,0.0,0.0,4651.0,-2459.0,4651.0,0.0,-0.0,2459.0,-23.255,-12.295,-35.55,0.0,0.0,0.0,-35.55,398.87000000005486
21.5,40.68,0.030000000000001137,0.020000000000003126,1.892093023255814,1.0,1.8915317171854256,1.0,1.8915534497864726,1.0,40.66839917040916,40.68,0.009457767248932363,0.005,40.65894140316023,40.675,40.67785693765809,40.685,40.67785693765809,40.675,-0.0028569376580946937,-7.022953928453033e-05,BWX,IGOV,2026-07-29,False,4649.0,2458.0,4651.0,-2459.0,BWX,IGOV,-0.0028569376580946937,-7.022953928453033e-05,1.0,False,True,False,0.0,,,0.0,0.0,99856.97,-99982.93999999999,199839.90999999997,-125.96999999998661,-4651.0,2459.0,0.0,2459.0,4651.0,-0.0,-23.255,-12.295,-35.55,139.5300000000053,-49.18000000000769,90.3499999999976,54.79999999999761,453.6700000000525
21.77,41.15,0.2699999999999996,0.46999999999999886,1.8902158934313276,1.0,1.8913227341821426,1.0,1.8915317171854256,1.0,41.178645483126715,41.15,0.009457658585927129,0.005,41.169187824540785,41.144999999999996,41.188103141712645,41.155,41.155,41.169187824540785,0.014187824540783822,0.00034478309941151454,IGOV,BWX,2026-07-30,False,4596.0,2430.0,0.0,0.0,,,0.0,0.0,0.0,False,False,False,-0.0,,,0.0,0.0,0.0,0.0,0.0,0.0,0.0,0.0,0.0,0.0,-0.0,-0.0,-0.0,-0.0,0.0,0.0,0.0,0.0,0.0,453.6700000000525
21.72,41.01,-0.05000000000000071,-0.14000000000000057,1.888121546961326,1.0,1.8910793650357438,1.0,1.8913227341821426,1.0,41.07952978643613,41.01,0.009456613670910713,0.005,41.07007317276522,41.004999999999995,41.088986400107046,41.015,41.015,41.07007317276522,0.05507317276521917,0.0013429205746212918,IGOV,BWX,2026-07-31,False,4611.0,2438.0,0.0,0.0,,,0.0,0.0,-0.0,True,False,False,1.0,IGOV,BWX,-4611.0,2438.0,0.0,0.0,0.0,0.0,-4611.0,2438.0,0.0,2438.0,4611.0,-0.0,-23.055,-12.19,-35.245,-0.0,-0.0,0.0,-35.245,418.4250000000525
