,bop date,eop date,day count,bop CMF price,eop CMF price,bop VTEC price,eop VTEC price,eop VTEC / eop CMF,bop VTEC / CMF moving avg,eop VTEC / CMF moving avg,eop CMF unit price,eop VTEC / eop VTEC,bop VTEC / VTEC moving avg,eop VTEC / VTEC moving avg,eop VTEC unit price,CMF unit price pct diff,VTEC unit price pct diff,unit price pct diff,month end liquidation,go long,exit long,current_position,new_position,CMF shares per unit,bop CMF shares,eop CMF shares,eop CMF shares bought,eop CMF shares sold,eop CMF shares traded,VTEC shares per unit,bop VTEC shares,eop VTEC shares,eop VTEC shares bought,eop VTEC shares sold,eop VTEC shares traded,CMF daily commission,VTEC daily commission,daily total commissions,CMF cop,CMF pct cop,CMF daily position pnl,VTEC cop,VTEC pct cop,VTEC daily position pnl,daily position pnl,short CMF investment amount,long CMF investment amount,CMF investment amount,daily CMF borrow cost,short VTEC investment amount,long VTEC investment amount,VTEC investment amount,daily VTEC borrow cost,net investment amount,gross investment amount,short investment amount,daily borrow cost,daily net profit,cumulative net profit,drawdown
0,2024-01-02,2024-01-03,1,,58.03,,,,,,,,,,,,,,False,False,False,0,0,,,,,,,,,,,,,,,0.0,,,,,,,0.0,,,,,,,,,0.0,0.0,0.0,0.0,0.0,0.0,0.0
1,2024-01-03,2024-01-04,1,58.03,57.9,,,,,,,,,,,,,,False,False,False,0,0,,,,,,,,,,,,,,,0.0,-0.13000000000000256,-0.002242733623567378,,,,,0.0,,,,,,,,,0.0,0.0,0.0,0.0,0.0,0.0,0.0
2,2024-01-04,2024-01-05,1,57.9,57.86,,,,,,,,,,,,,,False,False,False,0,0,,,,,,,,,,,,,,,0.0,-0.03999999999999915,-0.0006910850309605548,,,,,0.0,,,,,,,,,0.0,0.0,0.0,0.0,0.0,0.0,0.0
3,2024-01-05,2024-01-08,3,57.86,57.94,,,,,,,,,,,,,,False,False,False,0,0,,,,,,,,,,,,,,,0.0,0.0799999999999983,0.0013816927932151948,,,,,0.0,,,,,,,,,0.0,0.0,0.0,0.0,0.0,0.0,0.0
4,2024-01-08,2024-01-09,1,57.94,58.02,,,,,,,,,,,,,,False,False,False,0,0,,,,,,,,,,,,,,,0.0,0.0800000000000054,0.00137978635205374,,,,,0.0,,,,,,,,,0.0,0.0,0.0,0.0,0.0,0.0,0.0
5,2024-01-09,2024-01-10,1,58.02,57.93,,,,,,,,,,,,,,False,False,False,0,0,,,,,,,,,,,,,,,0.0,-0.09000000000000341,-0.0015523935847253066,,,,,0.0,,,,,,,,,0.0,0.0,0.0,0.0,0.0,0.0,0.0
6,2024-01-10,2024-01-11,1,57.93,58.04,,,,,,,,,,,,,,False,False,False,0,0,,,,,,,,,,,,,,,0.0,0.10999999999999943,0.0018970429074543548,,,,,0.0,,,,,,,,,0.0,0.0,0.0,0.0,0.0,0.0,0.0
7,2024-01-11,2024-01-12,1,58.04,57.94,,,,,,,,,,,,,,False,False,False,0,0,,,,,,,,,,,,,,,0.0,-0.10000000000000142,-0.0017244356747827812,,,,,0.0,,,,,,,,,0.0,0.0,0.0,0.0,0.0,0.0,0.0
8,2024-01-12,2024-01-16,4,57.94,57.77,,,,,,,,,,,,,,False,False,False,0,0,,,,,,,,,,,,,,,0.0,-0.1699999999999946,-0.0029383825480301,,,,,0.0,,,,,,,,,0.0,0.0,0.0,0.0,0.0,0.0,0.0
9,2024-01-16,2024-01-17,1,57.77,57.6,,,,,,,,,,,,,,False,False,False,0,0,,,,,,,,,,,,,,,0.0,-0.1700000000000017,-0.0029470420913286187,,,,,0.0,,,,,,,,,0.0,0.0,0.0,0.0,0.0,0.0,0.0
10,2024-01-17,2024-01-18,1,57.6,57.44,,,,,,,,,,,,,,False,False,False,0,0,,,,,,,,,,,,,,,0.0,-0.1600000000000037,-0.002781642961876914,,,,,0.0,,,,,,,,,0.0,0.0,0.0,0.0,0.0,0.0,0.0
11,2024-01-18,2024-01-19,1,57.44,57.33,,,,,,,,,,,,,,False,False,False,0,0,,,,,,,,,,,,,,,0.0,-0.10999999999999943,-0.0019168778196774084,,,,,0.0,,,,,,,,,0.0,0.0,0.0,0.0,0.0,0.0,0.0
12,2024-01-19,2024-01-22,3,57.33,57.49,,,,,,,,,,,,,,False,False,False,0,0,,,,,,,,,,,,,,,0.0,0.1600000000000037,0.0027869727149082996,,,,,0.0,,,,,,,,,0.0,0.0,0.0,0.0,0.0,0.0,0.0
13,2024-01-22,2024-01-23,1,57.49,57.42,,,,,,,,,,,,,,False,False,False,0,0,,,,,,,,,,,,,,,0.0,-0.07000000000000028,-0.0012183449422816161,,,,,0.0,,,,,,,,,0.0,0.0,0.0,0.0,0.0,0.0,0.0
14,2024-01-23,2024-01-24,1,57.42,57.34,,,,,,,,,,,,,,False,False,False,0,0,,,,,,,,,,,,,,,0.0,-0.0799999999999983,-0.0013942142376940393,,,,,0.0,,,,,,,,,0.0,0.0,0.0,0.0,0.0,0.0,0.0
15,2024-01-24,2024-01-25,1,57.34,57.49,,,,,,,,,,,,,,False,False,False,0,0,,,,,,,,,,,,,,,0.0,0.14999999999999858,0.0026125591799756828,,,,,0.0,,,,,,,,,0.0,0.0,0.0,0.0,0.0,0.0,0.0
16,2024-01-25,2024-01-26,1,57.49,57.46,,,,,,,,,,,,,,False,False,False,0,0,,,,,,,,,,,,,,,0.0,-0.030000000000001137,-0.0005219660840561156,,,,,0.0,,,,,,,,,0.0,0.0,0.0,0.0,0.0,0.0,0.0
17,2024-01-26,2024-01-29,3,57.46,57.67,,,,,,,,,,,,,,False,False,False,0,0,,,,,,,,,,,,,,,0.0,0.21000000000000085,0.0036480540761777997,,,,,0.0,,,,,,,,,0.0,0.0,0.0,0.0,0.0,0.0,0.0
18,2024-01-29,2024-01-30,1,57.67,57.7,,100.66,1.7445407279029461,,,,1.0,,,,,,,False,False,False,0,0,,,,,,,,,,,,,,,0.0,0.030000000000001137,0.0005200658867326158,,,,,0.0,,,,,,,,,0.0,0.0,0.0,0.0,0.0,0.0,0.0
19,2024-01-30,2024-01-31,1,57.7,57.95,100.66,101.11,1.7447799827437445,,,,1.0,,,,,,,True,False,False,0,0,,,,,,,,,,,,,,,0.0,0.25,0.004323396271706801,,0.45000000000000284,0.004460531755093823,,0.0,,,,,,,,,0.0,0.0,0.0,0.0,0.0,0.0,0.0
20,2024-01-31,2024-02-01,1,57.95,58.0,101.11,101.37,1.7477586206896552,,,,1.0,,,,,,,False,False,False,0,0,,0.0,,,,,,0.0,,,,,,,0.0,0.04999999999999716,0.0008624407606584821,0.0,0.2600000000000051,0.002568156291000543,0.0,0.0,0.0,0.0,0.0,0.0,0.0,0.0,0.0,0.0,0.0,0.0,0.0,0.0,0.0,0.0,0.0
21,2024-02-01,2024-02-02,1,58.0,57.74,101.37,101.03,1.7497402147558019,,,,1.0,,,,,,,False,False,False,0,0,,,,,,,,,,,,,,,0.0,-0.259999999999998,-0.004492836311630232,,-0.3400000000000034,-0.0033596869546673926,,0.0,,,,,,,,,0.0,0.0,0.0,0.0,0.0,0.0,0.0
22,2024-02-02,2024-02-05,3,57.74,57.47,101.03,100.74,1.7529145641204107,,,,1.0,,,,,,,False,False,False,0,0,,,,,,,,,,,,,,,0.0,-0.2700000000000031,-0.004687101715138901,,-0.29000000000000625,-0.0028745621221364683,,0.0,,,,,,,,,0.0,0.0,0.0,0.0,0.0,0.0,0.0
23,2024-02-05,2024-02-06,1,57.47,57.54,100.74,100.82,1.7521724018074383,,,,1.0,,,,,,,False,False,False,0,0,,,,,,,,,,,,,,,0.0,0.07000000000000028,0.0012172856037517249,,0.0799999999999983,0.000793808336980341,,0.0,,,,,,,,,0.0,0.0,0.0,0.0,0.0,0.0,0.0
24,2024-02-06,2024-02-07,1,57.54,57.5,100.82,100.87,1.7542608695652175,,,,1.0,,,,,,,False,False,False,0,0,,,,,,,,,,,,,,,0.0,-0.03999999999999915,-0.0006954103200970963,,0.05000000000001137,0.0004958104122594156,,0.0,,,,,,,,,0.0,0.0,0.0,0.0,0.0,0.0,0.0
25,2024-02-07,2024-02-08,1,57.5,57.56,100.87,100.76,1.7505211952744961,,,,1.0,,,,,,,False,False,False,0,0,,,,,,,,,,,,,,,0.0,0.060000000000002274,0.0010429342158624476,,-0.10999999999999943,-0.001091107582334568,,0.0,,,,,,,,,0.0,0.0,0.0,0.0,0.0,0.0,0.0
26,2024-02-08,2024-02-09,1,57.56,57.59,100.76,100.8,1.7503038722000346,,,,1.0,,,,,,,False,False,False,0,0,,,,,,,,,,,,,,,0.0,0.030000000000001137,0.0005210594994138829,,0.03999999999999204,0.000396904152858668,,0.0,,,,,,,,,0.0,0.0,0.0,0.0,0.0,0.0,0.0
27,2024-02-09,2024-02-12,3,57.59,57.67,100.8,101.08,1.7527310560083231,,,,1.0,,,,,,,False,False,False,0,0,,,,,,,,,,,,,,,0.0,0.0799999999999983,0.0013881661087403138,,0.28000000000000114,0.0027739268827252244,,0.0,,,,,,,,,0.0,0.0,0.0,0.0,0.0,0.0,0.0
28,2024-02-12,2024-02-13,1,57.67,57.42,101.08,100.42,1.7488679902473006,,,,1.0,,,,,,,False,False,False,0,0,,,,,,,,,,,,,,,0.0,-0.25,-0.004344432934403307,,-0.6599999999999966,-0.006550891913434038,,0.0,,,,,,,,,0.0,0.0,0.0,0.0,0.0,0.0,0.0
29,2024-02-13,2024-02-14,1,57.42,57.53,100.42,100.69,1.7502172779419432,,,,1.0,,,,,,,False,False,False,0,0,,,,,,,,,,,,,,,0.0,0.10999999999999943,0.0019138761822841976,,0.269999999999996,0.00268509932096394,,0.0,,,,,,,,,0.0,0.0,0.0,0.0,0.0,0.0,0.0
30,2024-02-14,2024-02-15,1,57.53,57.69,100.69,100.8,1.7472698907956319,,,,1.0,,,,,,,False,False,False,0,0,,,,,,,,,,,,,,,0.0,0.1599999999999966,0.0027772973935958926,,0.10999999999999943,0.0010918657097447547,,0.0,,,,,,,,,0.0,0.0,0.0,0.0,0.0,0.0,0.0
31,2024-02-15,2024-02-16,1,57.69,57.67,100.8,100.85,1.7487428472342639,,,,1.0,,,,,,,False,False,False,0,0,,,,,,,,,,,,,,,0.0,-0.01999999999999602,-0.00034674064147675464,,0.04999999999999716,0.0004959087629524246,,0.0,,,,,,,,,0.0,0.0,0.0,0.0,0.0,0.0,0.0
32,2024-02-16,2024-02-20,4,57.67,57.74,100.85,100.82,1.7461032213370278,,,,1.0,,,,,,,False,False,False,0,0,,,,,,,,,,,,,,,0.0,0.07000000000000028,0.0012130666074677654,,-0.030000000000001137,-0.00029751574573596835,,0.0,,,,,,,,,0.0,0.0,0.0,0.0,0.0,0.0,0.0
33,2024-02-20,2024-02-21,1,57.74,57.72,100.82,100.79,1.7461884961884964,,,,1.0,,,,,,,False,False,False,0,0,,,,,,,,,,,,,,,0.0,-0.020000000000003126,-0.00034644032911893517,,-0.029999999999986926,-0.00029760428769809737,,0.0,,,,,,,,,0.0,0.0,0.0,0.0,0.0,0.0,0.0
34,2024-02-21,2024-02-22,1,57.72,57.71,100.79,100.84,1.7473574770403744,,,,1.0,,,,,,,False,False,False,0,0,,,,,,,,,,,,,,,0.0,-0.00999999999999801,-0.0001732651827949894,,0.04999999999999716,0.0004959579529324375,,0.0,,,,,,,,,0.0,0.0,0.0,0.0,0.0,0.0,0.0
35,2024-02-22,2024-02-23,1,57.71,57.74,100.84,100.95,1.7483546934534118,,,,1.0,,,,,,,False,False,False,0,0,,,,,,,,,,,,,,,0.0,0.030000000000001137,0.0005197055119140711,,0.10999999999999943,0.0010902424391275275,,0.0,,,,,,,,,0.0,0.0,0.0,0.0,0.0,0.0,0.0
36,2024-02-23,2024-02-26,3,57.74,57.71,100.95,100.9,1.7483971582048172,,,,1.0,,,,,,,False,False,False,0,0,,,,,,,,,,,,,,,0.0,-0.030000000000001137,-0.0005197055119139589,,-0.04999999999999716,-0.0004954173992832283,,0.0,,,,,,,,,0.0,0.0,0.0,0.0,0.0,0.0,0.0
37,2024-02-26,2024-02-27,1,57.71,57.7,100.9,100.9,1.7487001733102254,,1.7489961365410782,,1.0,,1.0,,,,,False,False,False,0,0,,,,,,,,,,,,,,,0.0,-0.00999999999999801,-0.0001732952088211702,,0.0,0.0,,0.0,,,,,,,,,0.0,0.0,0.0,0.0,0.0,0.0,0.0
38,2024-02-27,2024-02-28,1,57.7,57.82,100.9,101.17,1.74974057419578,1.7489961365410782,1.7492561288557198,101.12695661480514,1.0,1.0,1.0,101.17,-0.000425546548645174,0.0,-0.000425546548645174,False,False,True,0,0,1728.0,,0.0,,,,988.0,,0.0,,,,,,0.0,0.11999999999999744,0.0020775630741461516,,0.269999999999996,0.002672342858235771,,0.0,,,,,,,,,0.0,0.0,0.0,0.0,0.0,0.0,0.0
39,2024-02-28,2024-02-29,1,57.82,57.83,101.17,101.17,1.749438007954349,1.7492561288557198,1.74948903011625,101.15948193172628,1.0,1.0,1.0,101.17,-0.00010396970508484463,0.0,-0.00010396970508484463,True,False,True,0,0,1728.0,0.0,0.0,0.0,-0.0,0.0,988.0,0.0,0.0,0.0,-0.0,0.0,-0.0,-0.0,0.0,0.00999999999999801,0.00017293558192674647,0.0,0.0,0.0,0.0,0.0,0.0,0.0,0.0,0.0,0.0,0.0,0.0,0.0,0.0,0.0,0.0,0.0,0.0,0.0,0.0
40,2024-02-29,2024-03-01,1,57.83,57.74,101.17,100.8,1.7457568410114304,1.74948903011625,1.7493889411323387,101.01549659891228,1.0,1.0,1.0,100.8,0.0021355811069549055,0.0,0.0021355811069549055,False,False,True,0,0,1735.0,0.0,0.0,0.0,-0.0,0.0,992.0,0.0,0.0,0.0,-0.0,0.0,-0.0,-0.0,0.0,-0.0899999999999963,-0.001557497935337787,-0.0,-0.37000000000000455,-0.003663914580530778,-0.0,0.0,0.0,0.0,0.0,0.0,0.0,0.0,0.0,0.0,0.0,0.0,0.0,0.0,0.0,0.0,0.0
41,2024-03-01,2024-03-04,3,57.74,57.65,100.8,100.71,1.746921075455334,1.7493889411323387,1.7492479841673152,100.85227245627932,1.0,1.0,1.0,100.71,0.001411697518323734,0.0,0.001411697518323734,False,False,True,0,0,1737.0,0.0,0.0,0.0,-0.0,0.0,993.0,0.0,0.0,0.0,-0.0,0.0,-0.0,-0.0,0.0,-0.09000000000000341,-0.001559927519721048,-0.0,-0.09000000000000341,-0.0008932559772149909,-0.0,0.0,0.0,0.0,0.0,0.0,0.0,0.0,0.0,0.0,0.0,0.0,0.0,0.0,0.0,0.0,0.0
42,2024-03-04,2024-03-05,1,57.65,57.75,100.71,100.8,1.7454545454545454,1.7492479841673152,1.7488749832340218,101.01907108566245,1.0,1.0,1.0,100.8,0.002170966009563473,0.0,0.002170966009563473,False,False,True,0,0,1735.0,0.0,0.0,0.0,-0.0,0.0,992.0,0.0,0.0,0.0,-0.0,0.0,-0.0,-0.0,0.0,0.10000000000000142,0.0017331026868348742,0.0,0.09000000000000341,0.0008932559772149207,0.0,0.0,0.0,0.0,0.0,0.0,0.0,0.0,0.0,0.0,0.0,0.0,0.0,0.0,0.0,0.0,0.0
43,2024-03-05,2024-03-06,1,57.75,57.79,100.8,100.92,1.7463228932341237,1.7488749832340218,1.7485825078053565,101.06748528109412,1.0,1.0,1.0,100.92,0.0014603410414206007,0.0,0.0014603410414206007,False,False,True,0,0,1733.0,0.0,0.0,0.0,-0.0,0.0,991.0,0.0,0.0,0.0,-0.0,0.0,-0.0,-0.0,0.0,0.03999999999999915,0.0006924009277836259,0.0,0.12000000000000455,0.0011897681355887508,0.0,0.0,0.0,0.0,0.0,0.0,0.0,0.0,0.0,0.0,0.0,0.0,0.0,0.0,0.0,0.0,0.0
44,2024-03-06,2024-03-07,1,57.79,57.9,100.92,100.99,1.7442141623488774,1.7485825078053565,1.7480801724445392,101.24292720193014,1.0,1.0,1.0,100.99,0.002501346712471479,0.0,0.002501346712471479,False,False,True,0,0,1731.0,0.0,0.0,0.0,-0.0,0.0,990.0,0.0,0.0,0.0,-0.0,0.0,-0.0,-0.0,0.0,0.10999999999999943,0.001901634249262864,0.0,0.06999999999999318,0.0006933782656085409,0.0,0.0,0.0,0.0,0.0,0.0,0.0,0.0,0.0,0.0,0.0,0.0,0.0,0.0,0.0,0.0,0.0
45,2024-03-07,2024-03-08,1,57.9,57.83,100.99,101.06,1.747535881030607,1.7480801724445392,1.747930906732345,101.0914763724677,1.0,1.0,1.0,101.06,0.00031141373080137706,0.0,0.00031141373080137706,False,False,True,0,0,1731.0,0.0,0.0,0.0,-0.0,0.0,990.0,0.0,0.0,0.0,-0.0,0.0,-0.0,-0.0,0.0,-0.07000000000000028,-0.0012097124088227258,-0.0,0.07000000000000739,0.0006928978252970437,0.0,0.0,0.0,0.0,0.0,0.0,0.0,0.0,0.0,0.0,0.0,0.0,0.0,0.0,0.0,0.0,0.0
46,2024-03-08,2024-03-11,3,57.83,57.85,101.06,101.0,1.745894554883319,1.747930906732345,1.7477104408665087,101.11780295446616,1.0,1.0,1.0,101.0,0.0011656862095631,0.0,0.0011656862095631,False,False,True,0,0,1730.0,0.0,0.0,0.0,-0.0,0.0,990.0,0.0,0.0,0.0,-0.0,0.0,-0.0,-0.0,0.0,0.020000000000003126,0.0003457814695586764,0.0,-0.060000000000002274,-0.0005938830225030706,-0.0,0.0,0.0,0.0,0.0,0.0,0.0,0.0,0.0,0.0,0.0,0.0,0.0,0.0,0.0,0.0,0.0
47,2024-03-11,2024-03-12,1,57.85,57.79,101.0,100.91,1.7461498529157293,1.7477104408665087,1.7473813807118794,101.00018637767553,1.0,1.0,1.0,100.91,0.0008933316866396599,0.0,0.0008933316866396599,False,False,True,0,0,1732.0,0.0,0.0,0.0,-0.0,0.0,991.0,0.0,0.0,0.0,-0.0,0.0,-0.0,-0.0,0.0,-0.060000000000002274,-0.0010377033099990094,-0.0,-0.09000000000000341,-0.0008914863648220449,-0.0,0.0,0.0,0.0,0.0,0.0,0.0,0.0,0.0,0.0,0.0,0.0,0.0,0.0,0.0,0.0,0.0
48,2024-03-12,2024-03-13,1,57.79,57.85,100.91,100.98,1.7455488331892826,1.7473813807118794,1.7472154228589787,101.08601287418223,1.0,1.0,1.0,100.98,0.0010492896098761623,0.0,0.0010492896098761623,False,False,True,0,0,1730.0,0.0,0.0,0.0,-0.0,0.0,990.0,0.0,0.0,0.0,-0.0,0.0,-0.0,-0.0,0.0,0.060000000000002274,0.0010377033099990267,0.0,0.07000000000000739,0.0006934469543323256,0.0,0.0,0.0,0.0,0.0,0.0,0.0,0.0,0.0,0.0,0.0,0.0,0.0,0.0,0.0,0.0,0.0
49,2024-03-13,2024-03-14,1,57.85,57.71,100.98,100.7,1.7449315543233408,1.7472154228589787,1.7469511366780484,100.83180205319167,1.0,1.0,1.0,100.7,0.0013080027136186192,0.0,0.0013080027136186192,False,False,True,0,0,1735.0,0.0,0.0,0.0,-0.0,0.0,993.0,0.0,0.0,0.0,-0.0,0.0,-0.0,-0.0,0.0,-0.14000000000000057,-0.002422984916810534,-0.0,-0.28000000000000114,-0.002776677706253037,-0.0,0.0,0.0,0.0,0.0,0.0,0.0,0.0,0.0,0.0,0.0,0.0,0.0,0.0,0.0,0.0,0.0
50,2024-03-14,2024-03-15,1,57.71,57.71,100.7,100.69,1.7447582741292669,1.7469511366780484,1.74682555584473,100.81655009769017,1.0,1.0,1.0,100.69,0.0012560397095411032,0.0,0.0012560397095411032,False,False,True,0,0,1735.0,0.0,0.0,0.0,-0.0,0.0,993.0,0.0,0.0,0.0,-0.0,0.0,-0.0,-0.0,0.0,0.0,0.0,0.0,-0.010000000000005116,-9.930979699310837e-05,-0.0,0.0,0.0,0.0,0.0,0.0,0.0,0.0,0.0,0.0,0.0,0.0,0.0,0.0,0.0,0.0,0.0
51,2024-03-15,2024-03-18,3,57.71,57.65,100.69,100.7,1.7467476149176064,1.74682555584473,1.7467257942288974,100.70449329444868,1.0,1.0,1.0,100.7,4.4619604815499876e-05,0.0,4.4619604815499876e-05,False,False,True,0,0,1735.0,0.0,0.0,0.0,-0.0,0.0,993.0,0.0,0.0,0.0,-0.0,0.0,-0.0,-0.0,0.0,-0.060000000000002274,-0.0010402220078070917,-0.0,0.010000000000005116,9.930979699318943e-05,0.0,0.0,0.0,0.0,0.0,0.0,0.0,0.0,0.0,0.0,0.0,0.0,0.0,0.0,0.0,0.0,0.0
52,2024-03-18,2024-03-19,1,57.65,57.72,100.7,100.83,1.746881496881497,1.7467257942288974,1.7467647080061206,100.82101284289196,1.0,1.0,1.0,100.83,-8.913574980141508e-05,0.0,-8.913574980141508e-05,False,False,True,0,0,1733.0,0.0,0.0,0.0,-0.0,0.0,992.0,0.0,0.0,0.0,-0.0,0.0,-0.0,-0.0,0.0,0.07000000000000028,0.0012134871906021682,0.0,0.12999999999999545,0.001290130680607346,0.0,0.0,0.0,0.0,0.0,0.0,0.0,0.0,0.0,0.0,0.0,0.0,0.0,0.0,0.0,0.0,0.0
53,2024-03-19,2024-03-20,1,57.72,57.68,100.83,100.69,1.7456657420249653,1.7467647080061206,1.746738570297944,100.75338835779304,1.0,1.0,1.0,100.69,0.0006293416766069615,0.0,0.0006293416766069615,False,False,True,0,0,1735.0,0.0,0.0,0.0,-0.0,0.0,993.0,0.0,0.0,0.0,-0.0,0.0,-0.0,-0.0,0.0,-0.03999999999999915,-0.0006932409289765051,-0.0,-0.14000000000000057,-0.00138944047760045,-0.0,0.0,0.0,0.0,0.0,0.0,0.0,0.0,0.0,0.0,0.0,0.0,0.0,0.0,0.0,0.0,0.0
54,2024-03-20,2024-03-21,1,57.68,57.62,100.69,100.63,1.7464422075668171,1.746738570297944,1.7466928068242662,100.64707642056753,1.0,1.0,1.0,100.63,0.00016968072978991604,0.0,0.00016968072978991604,False,False,True,0,0,1736.0,0.0,0.0,0.0,-0.0,0.0,994.0,0.0,0.0,0.0,-0.0,0.0,-0.0,-0.0,0.0,-0.060000000000002274,-0.001040763320311211,-0.0,-0.060000000000002274,-0.0005960659822817451,-0.0,0.0,0.0,0.0,0.0,0.0,0.0,0.0,0.0,0.0,0.0,0.0,0.0,0.0,0.0,0.0,0.0
55,2024-03-21,2024-03-22,1,57.62,57.7,100.63,100.69,1.745060658578856,1.7466928068242662,1.7465281050805384,100.78417495376017,1.0,1.0,1.0,100.69,0.0009348588784697978,0.0,0.0009348588784697978,False,False,True,0,0,1734.0,0.0,0.0,0.0,-0.0,0.0,993.0,0.0,0.0,0.0,-0.0,0.0,-0.0,-0.0,0.0,0.0800000000000054,0.0013874438576716374,0.0,0.060000000000002274,0.0005960659822817912,0.0,0.0,0.0,0.0,0.0,0.0,0.0,0.0,0.0,0.0,0.0,0.0,0.0,0.0,0.0,0.0,0.0
56,2024-03-22,2024-03-25,3,57.7,57.62,100.69,100.69,1.747483512669212,1.7465281050805384,1.746482422803758,100.63494941474062,1.0,1.0,1.0,100.69,-0.0005468829053871487,0.0,-0.0005468829053871487,False,False,True,0,0,1734.0,0.0,0.0,0.0,-0.0,0.0,993.0,0.0,0.0,0.0,-0.0,0.0,-0.0,-0.0,0.0,-0.0800000000000054,-0.001387443857671508,-0.0,0.0,0.0,0.0,0.0,0.0,0.0,0.0,0.0,0.0,0.0,0.0,0.0,0.0,0.0,0.0,0.0,0.0,0.0,0.0
57,2024-03-25,2024-03-26,1,57.62,57.53,100.69,100.45,1.7460455414566314,1.746482422803758,1.7463496912110785,100.4751337839002,1.0,1.0,1.0,100.45,0.00025018058774399596,0.0,0.00025018058774399596,False,False,True,0,0,1739.0,0.0,0.0,0.0,-0.0,0.0,996.0,0.0,0.0,0.0,-0.0,0.0,-0.0,-0.0,0.0,-0.0899999999999963,-0.0015631787811803057,-0.0,-0.23999999999999488,-0.002386398666580057,-0.0,0.0,0.0,0.0,0.0,0.0,0.0,0.0,0.0,0.0,0.0,0.0,0.0,0.0,0.0,0.0,0.0
58,2024-03-26,2024-03-27,1,57.53,57.48,100.45,100.52,1.7487821851078635,1.7463496912110785,1.7463017717566829,100.38018025081278,1.0,1.0,1.0,100.52,-0.0013919327656893674,0.0,-0.0013919327656893674,False,False,True,0,0,1738.0,0.0,0.0,0.0,-0.0,0.0,995.0,0.0,0.0,0.0,-0.0,0.0,-0.0,-0.0,0.0,-0.05000000000000426,-0.0008694896643779423,-0.0,0.06999999999999318,0.0006966214144479138,0.0,0.0,0.0,0.0,0.0,0.0,0.0,0.0,0.0,0.0,0.0,0.0,0.0,0.0,0.0,0.0,0.0
59,2024-03-27,2024-03-28,1,57.48,57.54,100.52,100.48,1.7462634688912062,1.7463017717566829,1.7461430448035256,100.48220394687954,1.0,1.0,1.0,100.48,2.1933944158037626e-05,0.0,2.1933944158037626e-05,True,False,True,0,0,1738.0,0.0,0.0,0.0,-0.0,0.0,995.0,0.0,0.0,0.0,-0.0,0.0,-0.0,-0.0,0.0,0.060000000000002274,0.0010432969125776675,0.0,-0.03999999999999204,-0.0003980099555028136,-0.0,0.0,0.0,0.0,0.0,0.0,0.0,0.0,0.0,0.0,0.0,0.0,0.0,0.0,0.0,0.0,0.0
60,2024-03-28,2024-04-01,4,57.54,57.24,100.48,99.91,1.745457721872816,1.7461430448035256,1.7461280888465947,99.9492278845538,1.0,1.0,1.0,99.91,0.00039255515467330373,0.0,0.00039255515467330373,False,False,True,0,0,1748.0,0.0,0.0,0.0,-0.0,0.0,1001.0,0.0,0.0,0.0,-0.0,0.0,-0.0,-0.0,0.0,-0.29999999999999716,-0.0052274034351516875,-0.0,-0.5700000000000074,-0.0056889219749613655,-0.0,0.0,0.0,0.0,0.0,0.0,0.0,0.0,0.0,0.0,0.0,0.0,0.0,0.0,0.0,0.0,0.0
61,2024-04-01,2024-04-02,1,57.24,56.98,99.91,99.65,1.7488592488592491,1.7461280888465947,1.7462249975167907,99.49437850247895,1.0,1.0,1.0,99.65,-0.001562901552821543,0.0,-0.001562901552821543,False,False,True,0,0,1753.0,0.0,0.0,0.0,-0.0,0.0,1004.0,0.0,0.0,0.0,-0.0,0.0,-0.0,-0.0,0.0,-0.2600000000000051,-0.004552625618488022,-0.0,-0.2599999999999909,-0.0026057340861233964,-0.0,0.0,0.0,0.0,0.0,0.0,0.0,0.0,0.0,0.0,0.0,0.0,0.0,0.0,0.0,0.0,0.0
62,2024-04-02,2024-04-03,1,56.98,56.92,99.65,99.46,1.7473647224174278,1.7462249975167907,1.7463205063649347,99.39512685865573,1.0,1.0,1.0,99.46,-0.0006524663927002661,0.0,-0.0006524663927002661,False,False,True,0,0,1755.0,0.0,0.0,0.0,-0.0,0.0,1005.0,0.0,0.0,0.0,-0.0,0.0,-0.0,-0.0,0.0,-0.05999999999999517,-0.0010535558481105523,-0.0,-0.19000000000001194,-0.001908493372211386,-0.0,0.0,0.0,0.0,0.0,0.0,0.0,0.0,0.0,0.0,0.0,0.0,0.0,0.0,0.0,0.0,0.0
63,2024-04-03,2024-04-04,1,56.92,57.02,99.46,99.74,1.7492108032269378,1.7463205063649347,1.746464901864575,99.57519527292858,1.0,1.0,1.0,99.74,-0.00165370998838437,0.0,-0.00165370998838437,False,False,True,0,0,1752.0,0.0,0.0,0.0,-0.0,0.0,1003.0,0.0,0.0,0.0,-0.0,0.0,-0.0,-0.0,0.0,0.10000000000000142,0.0017553102628744294,0.0,0.28000000000000114,0.002811246831384064,0.0,0.0,0.0,0.0,0.0,0.0,0.0,0.0,0.0,0.0,0.0,0.0,0.0,0.0,0.0,0.0,0.0
64,2024-04-04,2024-04-05,1,57.02,56.81,99.74,99.5,1.7514522091181128,1.746464901864575,1.746826804203037,99.21667107492651,1.0,1.0,1.0,99.5,-0.0028515888026201712,0.0,-0.0028515888026201712,False,False,True,0,0,1755.0,0.0,0.0,0.0,-0.0,0.0,1005.0,0.0,0.0,0.0,-0.0,0.0,-0.0,-0.0,0.0,-0.21000000000000085,-0.003689716915490485,-0.0,-0.23999999999999488,-0.0024091559534293577,-0.0,0.0,0.0,0.0,0.0,0.0,0.0,0.0,0.0,0.0,0.0,0.0,0.0,0.0,0.0,0.0,0.0
65,2024-04-05,2024-04-08,3,56.81,56.83,99.5,99.42,1.7494281189512582,1.746826804203037,1.7469214160990696,99.27216728285859,1.0,1.0,1.0,99.42,-0.0014880580995424097,0.0,-0.0014880580995424097,False,False,True,0,0,1757.0,0.0,0.0,0.0,-0.0,0.0,1006.0,0.0,0.0,0.0,-0.0,0.0,-0.0,-0.0,0.0,0.01999999999999602,0.0003519887399945697,0.0,-0.0799999999999983,-0.0008043434980205404,-0.0,0.0,0.0,0.0,0.0,0.0,0.0,0.0,0.0,0.0,0.0,0.0,0.0,0.0,0.0,0.0,0.0
66,2024-04-08,2024-04-09,1,56.83,57.03,99.42,99.73,1.7487287392600386,1.7469214160990696,1.7470631253179056,99.62692836012994,1.0,1.0,1.0,99.73,-0.0010340413037254735,0.0,-0.0010340413037254735,False,False,True,0,0,1752.0,0.0,0.0,0.0,-0.0,0.0,1003.0,0.0,0.0,0.0,-0.0,0.0,-0.0,-0.0,0.0,0.20000000000000284,0.0035130898594175185,0.0,0.3100000000000023,0.003113233747250006,0.0,0.0,0.0,0.0,0.0,0.0,0.0,0.0,0.0,0.0,0.0,0.0,0.0,0.0,0.0,0.0,0.0
67,2024-04-09,2024-04-10,1,57.03,56.76,99.73,99.09,1.745771670190275,1.7470631253179056,1.7470442161816329,99.16330299304433,1.0,1.0,1.0,99.09,0.0007394882736186144,0.0,0.0007394882736186144,False,False,True,0,0,1763.0,0.0,0.0,0.0,-0.0,0.0,1009.0,0.0,0.0,0.0,-0.0,0.0,-0.0,-0.0,0.0,-0.2700000000000031,-0.004745592876605648,-0.0,-0.6400000000000006,-0.006438006342968576,-0.0,0.0,0.0,0.0,0.0,0.0,0.0,0.0,0.0,0.0,0.0,0.0,0.0,0.0,0.0,0.0,0.0
68,2024-04-10,2024-04-11,1,56.76,56.7,99.09,99.15,1.7486772486772486,1.7470442161816329,1.7472006369560311,99.0574070574986,1.0,1.0,1.0,99.15,-0.0009343036227712044,0.0,-0.0009343036227712044,False,False,True,0,0,1763.0,0.0,0.0,0.0,-0.0,0.0,1009.0,0.0,0.0,0.0,-0.0,0.0,-0.0,-0.0,0.0,-0.05999999999999517,-0.001057641558135424,-0.0,0.060000000000002274,0.000605326894996941,0.0,0.0,0.0,0.0,0.0,0.0,0.0,0.0,0.0,0.0,0.0,0.0,0.0,0.0,0.0,0.0,0.0
69,2024-04-11,2024-04-12,1,56.7,56.91,99.15,99.39,1.746441750131787,1.7472006369560311,1.7472761467464537,99.43318824916773,1.0,1.0,1.0,99.39,0.0004344387616688018,0.0,0.0004344387616688018,False,False,True,0,0,1758.0,0.0,0.0,0.0,-0.0,0.0,1006.0,0.0,0.0,0.0,-0.0,0.0,-0.0,-0.0,0.0,0.20999999999999375,0.0036968618813259814,0.0,0.23999999999999488,0.002417650014109225,0.0,0.0,0.0,0.0,0.0,0.0,0.0,0.0,0.0,0.0,0.0,0.0,0.0,0.0,0.0,0.0,0.0
70,2024-04-12,2024-04-15,3,56.91,56.84,99.39,99.29,1.7468332160450386,1.7472761467464537,1.7473798938422422,99.31517618106844,1.0,1.0,1.0,99.29,0.00025352996016919763,0.0,0.00025352996016919763,False,False,True,0,0,1760.0,0.0,0.0,0.0,-0.0,0.0,1007.0,0.0,0.0,0.0,-0.0,0.0,-0.0,-0.0,0.0,-0.06999999999999318,-0.0012307693861325125,-0.0,-0.09999999999999432,-0.0010066439344114438,-0.0,0.0,0.0,0.0,0.0,0.0,0.0,0.0,0.0,0.0,0.0,0.0,0.0,0.0,0.0,0.0,0.0
71,2024-04-15,2024-04-16,1,56.84,56.81,99.29,99.2,1.746171448688611,1.7473798938422422,1.7473510855307925,99.26865176917778,1.0,1.0,1.0,99.2,0.0006918147657466689,0.0,0.0006918147657466689,False,False,True,0,0,1761.0,0.0,0.0,0.0,-0.0,0.0,1008.0,0.0,0.0,0.0,-0.0,0.0,-0.0,-0.0,0.0,-0.030000000000001137,-0.0005279366598643488,-0.0,-0.09000000000000341,-0.0009068467546756244,-0.0,0.0,0.0,0.0,0.0,0.0,0.0,0.0,0.0,0.0,0.0,0.0,0.0,0.0,0.0,0.0,0.0
72,2024-04-16,2024-04-17,1,56.81,56.93,99.2,99.38,1.745652555770244,1.7473510855307925,1.74728963847523,99.47669729926803,1.0,1.0,1.0,99.38,0.0009725325644327411,0.0,0.0009725325644327411,False,False,True,0,0,1758.0,0.0,0.0,0.0,-0.0,0.0,1006.0,0.0,0.0,0.0,-0.0,0.0,-0.0,-0.0,0.0,0.11999999999999744,0.0021100763939550056,0.0,0.1799999999999926,0.0018128718833473137,0.0,0.0,0.0,0.0,0.0,0.0,0.0,0.0,0.0,0.0,0.0,0.0,0.0,0.0,0.0,0.0,0.0
73,2024-04-17,2024-04-18,1,56.93,56.85,99.38,99.27,1.746174142480211,1.74728963847523,1.747315058497992,99.33341594731682,1.0,1.0,1.0,99.27,0.0006386189197160069,0.0,0.0006386189197160069,False,False,True,0,0,1760.0,0.0,0.0,0.0,-0.0,0.0,1007.0,0.0,0.0,0.0,-0.0,0.0,-0.0,-0.0,0.0,-0.0799999999999983,-0.0014062227664454654,-0.0,-0.10999999999999943,-0.001107475572544046,-0.0,0.0,0.0,0.0,0.0,0.0,0.0,0.0,0.0,0.0,0.0,0.0,0.0,0.0,0.0,0.0,0.0
74,2024-04-18,2024-04-19,1,56.85,56.91,99.27,99.23,1.7436302934457917,1.747315058497992,1.747174462791941,99.43969997912072,1.0,1.0,1.0,99.23,0.0021110421671755994,0.0,0.0021110421671755994,False,False,True,0,0,1761.0,0.0,0.0,0.0,-0.0,0.0,1008.0,0.0,0.0,0.0,-0.0,0.0,-0.0,-0.0,0.0,0.05999999999999517,0.0010548524184874532,0.0,-0.03999999999999204,-0.0004030226754802572,-0.0,0.0,0.0,0.0,0.0,0.0,0.0,0.0,0.0,0.0,0.0,0.0,0.0,0.0,0.0,0.0,0.0
75,2024-04-19,2024-04-22,3,56.91,56.93,99.23,99.31,1.7444229755840506,1.747174462791941,1.7471425786422006,99.4666421667452,1.0,1.0,1.0,99.31,0.0015760624333151826,0.0,0.0015760624333151826,False,False,True,0,0,1759.0,0.0,0.0,0.0,-0.0,0.0,1007.0,0.0,0.0,0.0,-0.0,0.0,-0.0,-0.0,0.0,0.020000000000003126,0.00035137034795794907,0.0,0.0799999999999983,0.0008058829891169358,0.0,0.0,0.0,0.0,0.0,0.0,0.0,0.0,0.0,0.0,0.0,0.0,0.0,0.0,0.0,0.0,0.0
76,2024-04-22,2024-04-23,1,56.93,56.92,99.31,99.23,1.7433239634574842,1.7471425786422006,1.7469346011816143,99.44735557631407,1.0,1.0,1.0,99.23,0.0021880265357735297,0.0,0.0021880265357735297,False,False,True,0,0,1761.0,0.0,0.0,0.0,-0.0,0.0,1008.0,0.0,0.0,0.0,-0.0,0.0,-0.0,-0.0,0.0,-0.00999999999999801,-0.00017566974133889377,-0.0,-0.0799999999999983,-0.0008058829891170624,-0.0,0.0,0.0,0.0,0.0,0.0,0.0,0.0,0.0,0.0,0.0,0.0,0.0,0.0,0.0,0.0,0.0
77,2024-04-23,2024-04-24,1,56.92,56.89,99.23,99.11,1.7421339426964317,1.7469346011816143,1.746739021243604,99.38310946122203,1.0,1.0,1.0,99.11,0.0027518298676293984,0.0,0.0027518298676293984,False,False,True,0,0,1763.0,0.0,0.0,0.0,-0.0,0.0,1009.0,0.0,0.0,0.0,-0.0,0.0,-0.0,-0.0,0.0,-0.030000000000001137,-0.0005271944590956324,-0.0,-0.12000000000000455,-0.0012100435075331052,-0.0,0.0,0.0,0.0,0.0,0.0,0.0,0.0,0.0,0.0,0.0,0.0,0.0,0.0,0.0,0.0,0.0
78,2024-04-24,2024-04-25,1,56.89,56.75,99.11,98.92,1.7430837004405286,1.746739021243604,1.7464540970102373,99.12743945557453,1.0,1.0,1.0,98.92,0.00209484689128112,0.0,0.00209484689128112,False,False,True,0,0,1766.0,0.0,0.0,0.0,-0.0,0.0,1011.0,0.0,0.0,0.0,-0.0,0.0,-0.0,-0.0,0.0,-0.14000000000000057,-0.0024639224010439354,-0.0,-0.18999999999999773,-0.0019189017654015963,-0.0,0.0,0.0,0.0,0.0,0.0,0.0,0.0,0.0,0.0,0.0,0.0,0.0,0.0,0.0,0.0,0.0
79,2024-04-25,2024-04-26,1,56.75,56.68,98.92,98.88,1.744530698659139,1.7464540970102373,1.746367458498634,98.98901821854025,1.0,1.0,1.0,98.88,0.0011019231868932163,0.0,0.0011019231868932163,False,False,True,0,0,1766.0,0.0,0.0,0.0,-0.0,0.0,1011.0,0.0,0.0,0.0,-0.0,0.0,-0.0,-0.0,0.0,-0.07000000000000028,-0.001234241539032414,-0.0,-0.04000000000000625,-0.00040444894383492077,-0.0,0.0,0.0,0.0,0.0,0.0,0.0,0.0,0.0,0.0,0.0,0.0,0.0,0.0,0.0,0.0,0.0
80,2024-04-26,2024-04-29,3,56.68,56.81,98.88,98.89,1.7407146629114592,1.746367458498634,1.7461303055505664,99.2111353173074,1.0,1.0,1.0,98.89,0.0032421378917692773,0.0,0.0032421378917692773,False,False,True,0,0,1766.0,0.0,0.0,0.0,-0.0,0.0,1011.0,0.0,0.0,0.0,-0.0,0.0,-0.0,-0.0,0.0,0.13000000000000256,0.002290951746555984,0.0,0.010000000000005116,0.00010112757251891427,0.0,0.0,0.0,0.0,0.0,0.0,0.0,0.0,0.0,0.0,0.0,0.0,0.0,0.0,0.0,0.0,0.0
81,2024-04-29,2024-04-30,1,56.81,56.75,98.89,98.82,1.7413215859030835,1.7461303055505664,1.745753422402758,99.09289483999464,1.0,1.0,1.0,98.82,0.0027577284760940952,0.0,0.0027577284760940952,True,False,True,0,0,1767.0,0.0,0.0,0.0,-0.0,0.0,1012.0,0.0,0.0,0.0,-0.0,0.0,-0.0,-0.0,0.0,-0.060000000000002274,-0.0010567102075234678,-0.0,-0.07000000000000739,-0.0007081078642956154,-0.0,0.0,0.0,0.0,0.0,0.0,0.0,0.0,0.0,0.0,0.0,0.0,0.0,0.0,0.0,0.0,0.0
82,2024-04-30,2024-05-01,1,56.75,56.72,98.82,98.85,1.742771509167842,1.745753422402758,1.7455237617402788,99.01913411868443,1.0,1.0,1.0,98.85,0.0017095557690704336,0.0,0.0017095557690704336,False,False,True,0,0,1767.0,0.0,0.0,0.0,-0.0,0.0,1012.0,0.0,0.0,0.0,-0.0,0.0,-0.0,-0.0,0.0,-0.030000000000001137,-0.000528774137640032,-0.0,0.030000000000001137,0.00030353619902187545,0.0,0.0,0.0,0.0,0.0,0.0,0.0,0.0,0.0,0.0,0.0,0.0,0.0,0.0,0.0,0.0,0.0
83,2024-05-01,2024-05-02,1,56.72,56.77,98.85,98.84,1.7410604192355117,1.7455237617402788,1.7451162425407076,99.09338395399563,1.0,1.0,1.0,98.84,0.0025602966750468926,0.0,0.0025602966750468926,False,False,True,0,0,1766.0,0.0,0.0,0.0,-0.0,0.0,1012.0,0.0,0.0,0.0,-0.0,0.0,-0.0,-0.0,0.0,0.05000000000000426,0.0008811349587627698,0.0,-0.009999999999990905,-0.00010116849621653453,-0.0,0.0,0.0,0.0,0.0,0.0,0.0,0.0,0.0,0.0,0.0,0.0,0.0,0.0,0.0,0.0,0.0
84,2024-05-02,2024-05-03,1,56.77,56.95,98.84,99.14,1.7408252853380157,1.7451162425407076,1.7445848963517026,99.38437001269331,1.0,1.0,1.0,99.14,0.0024618653730060997,0.0,0.0024618653730060997,False,False,True,0,0,1761.0,0.0,0.0,0.0,-0.0,0.0,1009.0,0.0,0.0,0.0,-0.0,0.0,-0.0,-0.0,0.0,0.17999999999999972,0.0031656727105563464,0.0,0.29999999999999716,0.003030611472018428,0.0,0.0,0.0,0.0,0.0,0.0,0.0,0.0,0.0,0.0,0.0,0.0,0.0,0.0,0.0,0.0,0.0
85,2024-05-03,2024-05-06,3,56.95,57.09,99.14,99.35,1.7402347171133297,1.7445848963517026,1.7441252262598064,99.59835173271871,1.0,1.0,1.0,99.35,0.002496646587506608,0.0,0.002496646587506608,False,False,True,0,0,1757.0,0.0,0.0,0.0,-0.0,0.0,1007.0,0.0,0.0,0.0,-0.0,0.0,-0.0,-0.0,0.0,0.14000000000000057,0.0024552800829767585,0.0,0.20999999999999375,0.002115976405397856,0.0,0.0,0.0,0.0,0.0,0.0,0.0,0.0,0.0,0.0,0.0,0.0,0.0,0.0,0.0,0.0,0.0
86,2024-05-06,2024-05-07,1,57.09,57.21,99.35,99.56,1.7402552001398357,1.7441252262598064,1.7437015493037957,99.78140419432353,1.0,1.0,1.0,99.56,0.002221357738100843,0.0,0.002221357738100843,False,False,True,0,0,1751.0,0.0,0.0,0.0,-0.0,0.0,1004.0,0.0,0.0,0.0,-0.0,0.0,-0.0,-0.0,0.0,0.11999999999999744,0.0020997383042694736,0.0,0.21000000000000796,0.0021115085015654942,0.0,0.0,0.0,0.0,0.0,0.0,0.0,0.0,0.0,0.0,0.0,0.0,0.0,0.0,0.0,0.0,0.0
87,2024-05-07,2024-05-08,1,57.21,57.19,99.56,99.61,1.7417380660954713,1.7437015493037957,1.7434998690990557,99.72229160468407,1.0,1.0,1.0,99.61,0.001126677626175814,0.0,0.001126677626175814,False,False,True,0,0,1751.0,0.0,0.0,0.0,-0.0,0.0,1004.0,0.0,0.0,0.0,-0.0,0.0,-0.0,-0.0,0.0,-0.020000000000003126,-0.00034965035321264946,-0.0,0.04999999999999716,0.000502083657683074,0.0,0.0,0.0,0.0,0.0,0.0,0.0,0.0,0.0,0.0,0.0,0.0,0.0,0.0,0.0,0.0,0.0
88,2024-05-08,2024-05-09,1,57.19,57.24,99.61,99.6,1.740041928721174,1.7434998690990557,1.7430681031012523,99.79793250722996,1.0,1.0,1.0,99.6,0.001985302151857722,0.0,0.001985302151857722,False,False,True,0,0,1750.0,0.0,0.0,0.0,-0.0,0.0,1004.0,0.0,0.0,0.0,-0.0,0.0,-0.0,-0.0,0.0,0.05000000000000426,0.0008738967610253501,0.0,-0.010000000000005116,-0.00010039656652181071,-0.0,0.0,0.0,0.0,0.0,0.0,0.0,0.0,0.0,0.0,0.0,0.0,0.0,0.0,0.0,0.0,0.0
89,2024-05-09,2024-05-10,1,57.24,57.14,99.6,99.59,1.7429121456072805,1.7430681031012523,1.7428916228750269,99.59891141120555,1.0,1.0,1.0,99.59,8.947698090566512e-05,0.0,8.947698090566512e-05,False,False,True,0,0,1750.0,0.0,0.0,0.0,-0.0,0.0,1004.0,0.0,0.0,0.0,-0.0,0.0,-0.0,-0.0,0.0,-0.10000000000000142,-0.0017485578856231575,-0.0,-0.009999999999990905,-0.00010040664700433703,-0.0,0.0,0.0,0.0,0.0,0.0,0.0,0.0,0.0,0.0,0.0,0.0,0.0,0.0,0.0,0.0,0.0
90,2024-05-10,2024-05-13,3,57.14,57.14,99.59,99.55,1.7422121106055302,1.7428916228750269,1.742660567603051,99.58882733107903,1.0,1.0,1.0,99.55,0.0003899523974448087,0.0,0.0003899523974448087,False,False,True,0,0,1752.0,0.0,0.0,0.0,-0.0,0.0,1005.0,0.0,0.0,0.0,-0.0,0.0,-0.0,-0.0,0.0,0.0,0.0,0.0,-0.04000000000000625,-0.00040172743334294844,-0.0,0.0,0.0,0.0,0.0,0.0,0.0,0.0,0.0,0.0,0.0,0.0,0.0,0.0,0.0,0.0,0.0
91,2024-05-13,2024-05-14,1,57.14,57.15,99.55,99.6,1.742782152230971,1.742660567603051,1.742491102780169,99.59305143851437,1.0,1.0,1.0,99.6,-6.976710721849317e-05,0.0,-6.976710721849317e-05,False,False,True,0,0,1750.0,0.0,0.0,0.0,-0.0,0.0,1004.0,0.0,0.0,0.0,-0.0,0.0,-0.0,-0.0,0.0,0.00999999999999801,0.00017499343819264894,0.0,0.04999999999999716,0.0005021340803472812,0.0,0.0,0.0,0.0,0.0,0.0,0.0,0.0,0.0,0.0,0.0,0.0,0.0,0.0,0.0,0.0,0.0
92,2024-05-14,2024-05-15,1,57.15,57.26,99.6,99.64,1.7401327279077892,1.742491102780169,1.7422151113870463,99.77504054519248,1.0,1.0,1.0,99.64,0.0013543669069841682,0.0,0.0013543669069841682,False,False,True,0,0,1749.0,0.0,0.0,0.0,-0.0,0.0,1004.0,0.0,0.0,0.0,-0.0,0.0,-0.0,-0.0,0.0,0.10999999999999943,0.0019229094291493805,0.0,0.04000000000000625,0.00040152580342717143,0.0,0.0,0.0,0.0,0.0,0.0,0.0,0.0,0.0,0.0,0.0,0.0,0.0,0.0,0.0,0.0,0.0
93,2024-05-15,2024-05-16,1,57.26,57.22,99.64,99.64,1.7413491786088782,1.7422151113870463,1.7419738631934798,99.68954867356679,1.0,1.0,1.0,99.64,0.0004971533314257044,0.0,0.0004971533314257044,False,False,True,0,0,1749.0,0.0,0.0,0.0,-0.0,0.0,1004.0,0.0,0.0,0.0,-0.0,0.0,-0.0,-0.0,0.0,-0.03999999999999915,-0.0006988120480047944,-0.0,0.0,0.0,0.0,0.0,0.0,0.0,0.0,0.0,0.0,0.0,0.0,0.0,0.0,0.0,0.0,0.0,0.0,0.0,0.0
94,2024-05-16,2024-05-17,1,57.22,57.03,99.64,99.43,1.7434683499912327,1.7419738631934798,1.741965766020752,99.34476941792416,1.0,1.0,1.0,99.43,-0.0008575594130855875,0.0,-0.0008575594130855875,False,False,True,0,0,1752.0,0.0,0.0,0.0,-0.0,0.0,1006.0,0.0,0.0,0.0,-0.0,0.0,-0.0,-0.0,0.0,-0.18999999999999773,-0.0033260424535166673,-0.0,-0.20999999999999375,-0.002109811401997446,-0.0,0.0,0.0,0.0,0.0,0.0,0.0,0.0,0.0,0.0,0.0,0.0,0.0,0.0,0.0,0.0,0.0
95,2024-05-17,2024-05-20,3,57.03,56.99,99.43,99.3,1.742410949289349,1.741965766020752,1.7418651647060166,99.27462900552266,1.0,1.0,1.0,99.3,-0.00025553107909562396,0.0,-0.00025553107909562396,False,False,True,0,0,1754.0,0.0,0.0,0.0,-0.0,0.0,1007.0,0.0,0.0,0.0,-0.0,0.0,-0.0,-0.0,0.0,-0.03999999999999915,-0.0007016313215392408,-0.0,-0.13000000000000966,-0.00130830794085537,-0.0,0.0,0.0,0.0,0.0,0.0,0.0,0.0,0.0,0.0,0.0,0.0,0.0,0.0,0.0,0.0,0.0
96,2024-05-20,2024-05-21,1,56.99,56.93,99.3,99.17,1.7419638152116634,1.7418651647060166,1.7417971572937254,99.16438382671352,1.0,1.0,1.0,99.17,-5.663338025035533e-05,0.0,-5.663338025035533e-05,False,False,True,0,0,1756.0,0.0,0.0,0.0,-0.0,0.0,1008.0,0.0,0.0,0.0,-0.0,0.0,-0.0,-0.0,0.0,-0.060000000000002274,-0.0010533708839177375,-0.0,-0.12999999999999545,-0.0013100218530931419,-0.0,0.0,0.0,0.0,0.0,0.0,0.0,0.0,0.0,0.0,0.0,0.0,0.0,0.0,0.0,0.0,0.0
97,2024-05-21,2024-05-22,1,56.93,56.77,99.17,98.94,1.7428219129822087,1.7417971572937254,1.7418315558080149,98.8818246195648,1.0,1.0,1.0,98.94,-0.0005881593926670117,0.0,-0.0005881593926670117,False,False,True,0,0,1761.0,0.0,0.0,0.0,-0.0,0.0,1011.0,0.0,0.0,0.0,-0.0,0.0,-0.0,-0.0,0.0,-0.1599999999999966,-0.00281442578035565,-0.0,-0.23000000000000398,-0.0023219433984712364,-0.0,0.0,0.0,0.0,0.0,0.0,0.0,0.0,0.0,0.0,0.0,0.0,0.0,0.0,0.0,0.0,0.0
98,2024-05-22,2024-05-23,1,56.77,56.56,98.94,98.6,1.743281471004243,1.7418315558080149,1.7418414443362003,98.51799279650132,1.0,1.0,1.0,98.6,-0.0008320621275264508,0.0,-0.0008320621275264508,False,False,True,0,0,1766.0,0.0,0.0,0.0,-0.0,0.0,1014.0,0.0,0.0,0.0,-0.0,0.0,-0.0,-0.0,0.0,-0.21000000000000085,-0.003705995594317536,-0.0,-0.3400000000000034,-0.00344234419097279,-0.0,0.0,0.0,0.0,0.0,0.0,0.0,0.0,0.0,0.0,0.0,0.0,0.0,0.0,0.0,0.0,0.0
99,2024-05-23,2024-05-24,1,56.56,56.56,98.6,98.6,1.743281471004243,1.7418414443362003,1.7417789829534556,98.5185520916555,1.0,1.0,1.0,98.6,-0.0008263850572702567,0.0,-0.0008263850572702567,False,False,True,0,0,1766.0,0.0,0.0,0.0,-0.0,0.0,1014.0,0.0,0.0,0.0,-0.0,0.0,-0.0,-0.0,0.0,0.0,0.0,0.0,0.0,0.0,0.0,0.0,0.0,0.0,0.0,0.0,0.0,0.0,0.0,0.0,0.0,0.0,0.0,0.0,0.0,0.0,0.0
100,2024-05-24,2024-05-28,4,56.56,56.52,98.6,98.53,1.7432767162066525,1.7417789829534556,1.7419070856182153,98.44534811652932,1.0,1.0,1.0,98.53,-0.0008595175943756044,0.0,-0.0008595175943756044,False,False,True,0,0,1768.0,0.0,0.0,0.0,-0.0,0.0,1015.0,0.0,0.0,0.0,-0.0,0.0,-0.0,-0.0,0.0,-0.03999999999999915,-0.000707463771990594,-0.0,-0.06999999999999318,-0.0007101912742064561,-0.0,0.0,0.0,0.0,0.0,0.0,0.0,0.0,0.0,0.0,0.0,0.0,0.0,0.0,0.0,0.0,0.0
101,2024-05-28,2024-05-29,1,56.52,56.39,98.53,98.21,1.7416208547614824,1.7419070856182153,1.7419220490611351,98.22614055801117,1.0,1.0,1.0,98.21,0.00016433389499155245,0.0,0.00016433389499155245,False,False,True,0,0,1773.0,0.0,0.0,0.0,-0.0,0.0,1018.0,0.0,0.0,0.0,-0.0,0.0,-0.0,-0.0,0.0,-0.13000000000000256,-0.002302719997235957,-0.0,-0.3200000000000074,-0.0032530271647003557,-0.0,0.0,0.0,0.0,0.0,0.0,0.0,0.0,0.0,0.0,0.0,0.0,0.0,0.0,0.0,0.0,0.0
102,2024-05-29,2024-05-30,1,56.39,56.38,98.21,98.3,1.7435260730755586,1.7419220490611351,1.7419597772565212,98.2095651260668,1.0,1.0,1.0,98.3,-0.0009204119937832474,0.0,-0.0009204119937832474,False,False,True,0,0,1772.0,0.0,0.0,0.0,-0.0,0.0,1017.0,0.0,0.0,0.0,-0.0,0.0,-0.0,-0.0,0.0,-0.00999999999999801,-0.0001773521331242008,-0.0,0.09000000000000341,0.0009159839834379732,0.0,0.0,0.0,0.0,0.0,0.0,0.0,0.0,0.0,0.0,0.0,0.0,0.0,0.0,0.0,0.0,0.0
103,2024-05-30,2024-05-31,1,56.38,56.43,98.3,98.41,1.7439305334042177,1.7419597772565212,1.742103282964956,98.2987902305855,1.0,1.0,1.0,98.41,-0.0011307047451468233,0.0,-0.0011307047451468233,True,False,True,0,0,1770.0,0.0,0.0,0.0,-0.0,0.0,1016.0,0.0,0.0,0.0,-0.0,0.0,-0.0,-0.0,0.0,0.04999999999999716,0.0008864462950821248,0.0,0.10999999999999943,0.0011183977577733652,0.0,0.0,0.0,0.0,0.0,0.0,0.0,0.0,0.0,0.0,0.0,0.0,0.0,0.0,0.0,0.0,0.0
104,2024-05-31,2024-06-03,3,56.43,56.4,98.41,98.42,1.745035460992908,1.742103282964956,1.742313791747701,98.25462515922352,1.0,1.0,1.0,98.42,-0.0016817103845297567,0.0,-0.0016817103845297567,False,False,True,0,0,1770.0,0.0,0.0,0.0,-0.0,0.0,1016.0,0.0,0.0,0.0,-0.0,0.0,-0.0,-0.0,0.0,-0.030000000000001137,-0.0005317734770355123,-0.0,0.010000000000005116,0.0001016105269379845,0.0,0.0,0.0,0.0,0.0,0.0,0.0,0.0,0.0,0.0,0.0,0.0,0.0,0.0,0.0,0.0,0.0
105,2024-06-03,2024-06-04,1,56.4,56.54,98.42,98.61,1.7440749911567033,1.742313791747701,1.7425058054498694,98.510421785415,1.0,1.0,1.0,98.61,-0.0010103288350699878,0.0,-0.0010103288350699878,False,False,True,0,0,1767.0,0.0,0.0,0.0,-0.0,0.0,1014.0,0.0,0.0,0.0,-0.0,0.0,-0.0,-0.0,0.0,0.14000000000000057,0.0024791937614309914,0.0,0.18999999999999773,0.0019286409064054647,0.0,0.0,0.0,0.0,0.0,0.0,0.0,0.0,0.0,0.0,0.0,0.0,0.0,0.0,0.0,0.0,0.0
106,2024-06-04,2024-06-05,1,56.54,56.76,98.61,99.11,1.746124031007752,1.7425058054498694,1.7427992469932654,98.90462951733458,1.0,1.0,1.0,99.11,-0.00207429680123565,0.0,-0.00207429680123565,False,False,True,0,0,1758.0,0.0,0.0,0.0,-0.0,0.0,1009.0,0.0,0.0,0.0,-0.0,0.0,-0.0,-0.0,0.0,0.21999999999999886,0.003883500026397612,0.0,0.5,0.0050576680743794405,0.0,0.0,0.0,0.0,0.0,0.0,0.0,0.0,0.0,0.0,0.0,0.0,0.0,0.0,0.0,0.0,0.0
107,2024-06-05,2024-06-06,1,56.76,56.87,99.11,99.23,1.7448566906980836,1.7427992469932654,1.742955178223396,99.112993176507,1.0,1.0,1.0,99.23,-0.0011798434135958011,0.0,-0.0011798434135958011,False,False,True,0,0,1757.0,0.0,0.0,0.0,-0.0,0.0,1008.0,0.0,0.0,0.0,-0.0,0.0,-0.0,-0.0,0.0,0.10999999999999943,0.0019361090268664007,0.0,0.12000000000000455,0.001210043507533084,0.0,0.0,0.0,0.0,0.0,0.0,0.0,0.0,0.0,0.0,0.0,0.0,0.0,0.0,0.0,0.0,0.0
108,2024-06-06,2024-06-07,1,56.87,56.61,99.23,99.03,1.7493375728669847,1.742955178223396,1.7434199604306866,98.66869263922645,1.0,1.0,1.0,99.03,-0.0036551355823967314,0.0,-0.0036551355823967314,False,False,False,0,0,1760.0,0.0,0.0,0.0,-0.0,0.0,1010.0,0.0,0.0,0.0,-0.0,0.0,-0.0,-0.0,0.0,-0.259999999999998,-0.004582313270139697,-0.0,-0.20000000000000284,-0.0020175533929388595,-0.0,0.0,0.0,0.0,0.0,0.0,0.0,0.0,0.0,0.0,0.0,0.0,0.0,0.0,0.0,0.0,0.0
109,2024-06-07,2024-06-10,3,56.61,56.67,99.03,98.95,1.7460737603670373,1.7434199604306866,1.7435780411686743,98.79960915760701,1.0,1.0,1.0,98.95,-0.0015210231972430956,0.0,-0.0015210231972430956,False,False,True,0,0,1763.0,0.0,0.0,0.0,-0.0,0.0,1011.0,0.0,0.0,0.0,-0.0,0.0,-0.0,-0.0,0.0,0.060000000000002274,0.0010593221329593383,0.0,-0.0799999999999983,-0.000808162484636619,-0.0,0.0,0.0,0.0,0.0,0.0,0.0,0.0,0.0,0.0,0.0,0.0,0.0,0.0,0.0,0.0,0.0
110,2024-06-10,2024-06-11,1,56.67,56.73,98.95,99.04,1.7458135025559671,1.7435780411686743,1.7437581107661964,98.91318227549888,1.0,1.0,1.0,99.04,-0.0012812902565455526,0.0,-0.0012812902565455526,False,False,True,0,0,1761.0,0.0,0.0,0.0,-0.0,0.0,1010.0,0.0,0.0,0.0,-0.0,0.0,-0.0,-0.0,0.0,0.05999999999999517,0.0010582011569479043,0.0,0.09000000000000341,0.0009091368877112673,0.0,0.0,0.0,0.0,0.0,0.0,0.0,0.0,0.0,0.0,0.0,0.0,0.0,0.0,0.0,0.0,0.0
111,2024-06-11,2024-06-12,1,56.73,57.06,99.04,99.42,1.7423764458464774,1.7437581107661964,1.7437378254469713,99.49883780031917,1.0,1.0,1.0,99.42,0.0007926630310017336,0.0,0.0007926630310017336,False,False,True,0,0,1754.0,0.0,0.0,0.0,-0.0,0.0,1006.0,0.0,0.0,0.0,-0.0,0.0,-0.0,-0.0,0.0,0.3300000000000054,0.00580017444687817,0.0,0.37999999999999545,0.0038294917302404475,0.0,0.0,0.0,0.0,0.0,0.0,0.0,0.0,0.0,0.0,0.0,0.0,0.0,0.0,0.0,0.0,0.0
112,2024-06-12,2024-06-13,1,57.06,57.16,99.42,99.69,1.7440517844646606,1.7437378254469713,1.743933778274815,99.67205410254887,1.0,1.0,1.0,99.69,-0.00018003323230573708,0.0,-0.00018003323230573708,False,False,True,0,0,1749.0,0.0,0.0,0.0,-0.0,0.0,1003.0,0.0,0.0,0.0,-0.0,0.0,-0.0,-0.0,0.0,0.09999999999999432,0.0017510072763125602,0.0,0.269999999999996,0.0027120703680860968,0.0,0.0,0.0,0.0,0.0,0.0,0.0,0.0,0.0,0.0,0.0,0.0,0.0,0.0,0.0,0.0,0.0
113,2024-06-13,2024-06-14,1,57.16,57.26,99.69,99.85,1.7438002095703806,1.743933778274815,1.7440563298228906,99.8576481440159,1.0,1.0,1.0,99.85,7.659340131149646e-05,0.0,7.659340131149646e-05,False,False,True,0,0,1747.0,0.0,0.0,0.0,-0.0,0.0,1002.0,0.0,0.0,0.0,-0.0,0.0,-0.0,-0.0,0.0,0.10000000000000142,0.0017479466083022888,0.0,0.1599999999999966,0.0016036888272116777,0.0,0.0,0.0,0.0,0.0,0.0,0.0,0.0,0.0,0.0,0.0,0.0,0.0,0.0,0.0,0.0,0.0
114,2024-06-14,2024-06-17,3,57.26,57.14,99.85,99.7,1.7448372418620932,1.7440563298228906,1.7441247744164332,99.65537868607997,1.0,1.0,1.0,99.7,-0.0004476559896129362,0.0,-0.0004476559896129362,False,False,True,0,0,1749.0,0.0,0.0,0.0,-0.0,0.0,1003.0,0.0,0.0,0.0,-0.0,0.0,-0.0,-0.0,0.0,-0.11999999999999744,-0.002097902867341988,-0.0,-0.14999999999999147,-0.0015033828940315109,-0.0,0.0,0.0,0.0,0.0,0.0,0.0,0.0,0.0,0.0,0.0,0.0,0.0,0.0,0.0,0.0,0.0
115,2024-06-17,2024-06-18,1,57.14,57.25,99.7,99.77,1.742707423580786,1.7441247744164332,1.7441395981310053,99.85114333534081,1.0,1.0,1.0,99.77,0.0008129734000535903,0.0,0.0008129734000535903,False,False,True,0,0,1748.0,0.0,0.0,0.0,-0.0,0.0,1002.0,0.0,0.0,0.0,-0.0,0.0,-0.0,-0.0,0.0,0.10999999999999943,0.001923245631722017,0.0,0.06999999999999318,0.0007018599576229923,0.0,0.0,0.0,0.0,0.0,0.0,0.0,0.0,0.0,0.0,0.0,0.0,0.0,0.0,0.0,0.0,0.0
116,2024-06-18,2024-06-20,2,57.25,57.11,99.77,99.69,1.7455787077569602,1.7441395981310053,1.7443203427582703,99.60781244926171,1.0,1.0,1.0,99.69,-0.0008247712745787621,0.0,-0.0008247712745787621,False,False,True,0,0,1749.0,0.0,0.0,0.0,-0.0,0.0,1003.0,0.0,0.0,0.0,-0.0,0.0,-0.0,-0.0,0.0,-0.14000000000000057,-0.0024484097575774503,-0.0,-0.0799999999999983,-0.0008021658908031371,-0.0,0.0,0.0,0.0,0.0,0.0,0.0,0.0,0.0,0.0,0.0,0.0,0.0,0.0,0.0,0.0,0.0
117,2024-06-20,2024-06-21,1,57.11,57.11,99.69,99.67,1.745228506391175,1.7443203427582703,1.744440672428718,99.61813477492481,1.0,1.0,1.0,99.67,-0.0005205049091831938,0.0,-0.0005205049091831938,False,False,True,0,0,1750.0,0.0,0.0,0.0,-0.0,0.0,1003.0,0.0,0.0,0.0,-0.0,0.0,-0.0,-0.0,0.0,0.0,0.0,0.0,-0.01999999999999602,-0.00020064205524767073,-0.0,0.0,0.0,0.0,0.0,0.0,0.0,0.0,0.0,0.0,0.0,0.0,0.0,0.0,0.0,0.0,0.0
118,2024-06-21,2024-06-24,3,57.11,57.18,99.67,99.68,1.7432668765302555,1.744440672428718,1.744439942705019,99.74711764947409,1.0,1.0,1.0,99.68,0.0006731045687191401,0.0,0.0006731045687191401,False,False,True,0,0,1750.0,0.0,0.0,0.0,-0.0,0.0,1003.0,0.0,0.0,0.0,-0.0,0.0,-0.0,-0.0,0.0,0.07000000000000028,0.0012249542173941904,0.0,0.010000000000005116,0.00010032605977810159,0.0,0.0,0.0,0.0,0.0,0.0,0.0,0.0,0.0,0.0,0.0,0.0,0.0,0.0,0.0,0.0,0.0
119,2024-06-24,2024-06-25,1,57.18,57.15,99.68,99.7,1.7445319335083116,1.744439942705019,1.7445024658302224,99.69474272559184,1.0,1.0,1.0,99.7,-5.2732327217015205e-05,0.0,-5.2732327217015205e-05,False,False,True,0,0,1750.0,0.0,0.0,0.0,-0.0,0.0,1003.0,0.0,0.0,0.0,-0.0,0.0,-0.0,-0.0,0.0,-0.030000000000001137,-0.0005247966533460907,-0.0,0.01999999999999602,0.00020062192864959006,0.0,0.0,0.0,0.0,0.0,0.0,0.0,0.0,0.0,0.0,0.0,0.0,0.0,0.0,0.0,0.0,0.0
120,2024-06-25,2024-06-26,1,57.15,56.95,99.7,99.33,1.744161545215101,1.7445024658302224,1.7445467072806449,99.34941542903117,1.0,1.0,1.0,99.33,0.00019544479785231654,0.0,0.00019544479785231654,False,False,True,0,0,1757.0,0.0,0.0,0.0,-0.0,0.0,1007.0,0.0,0.0,0.0,-0.0,0.0,-0.0,-0.0,0.0,-0.19999999999999574,-0.0035057003476283858,-0.0,-0.37000000000000455,-0.0037180367405281324,-0.0,0.0,0.0,0.0,0.0,0.0,0.0,0.0,0.0,0.0,0.0,0.0,0.0,0.0,0.0,0.0,0.0
121,2024-06-26,2024-06-27,1,56.95,57.06,99.33,99.43,1.7425516999649493,1.7445467072806449,1.7445932495408178,99.5438351174336,1.0,1.0,1.0,99.43,0.0011442221012250326,0.0,0.0011442221012250326,False,False,True,0,0,1755.0,0.0,0.0,0.0,-0.0,0.0,1006.0,0.0,0.0,0.0,-0.0,0.0,-0.0,-0.0,0.0,0.10999999999999943,0.0019296558921628314,0.0,0.10000000000000853,0.0010062387647176724,0.0,0.0,0.0,0.0,0.0,0.0,0.0,0.0,0.0,0.0,0.0,0.0,0.0,0.0,0.0,0.0,0.0
122,2024-06-27,2024-06-28,1,57.06,56.88,99.43,99.4,1.7475386779184248,1.7445932495408178,1.7447938797829614,99.23246403388173,1.0,1.0,1.0,99.4,-0.0016868945029876827,0.0,-0.0016868945029876827,True,False,True,0,0,1755.0,0.0,0.0,0.0,-0.0,0.0,1006.0,0.0,0.0,0.0,-0.0,0.0,-0.0,-0.0,0.0,-0.17999999999999972,-0.0031595602903684815,-0.0,-0.030000000000001137,-0.0003017653294538776,-0.0,0.0,0.0,0.0,0.0,0.0,0.0,0.0,0.0,0.0,0.0,0.0,0.0,0.0,0.0,0.0,0.0
123,2024-06-28,2024-07-01,3,56.88,56.65,99.4,98.97,1.7470432480141218,1.7447938797829614,1.7449495155134567,98.84257328970476,1.0,1.0,1.0,98.97,-0.0012883582251828265,0.0,-0.0012883582251828265,False,False,True,0,0,1762.0,0.0,0.0,0.0,-0.0,0.0,1010.0,0.0,0.0,0.0,-0.0,0.0,-0.0,-0.0,0.0,-0.23000000000000398,-0.004051798020970224,-0.0,-0.4300000000000068,-0.004335339753928695,-0.0,0.0,0.0,0.0,0.0,0.0,0.0,0.0,0.0,0.0,0.0,0.0,0.0,0.0,0.0,0.0,0.0
124,2024-07-01,2024-07-02,1,56.65,56.81,98.97,99.09,1.7442351698644605,1.7449495155134567,1.7449095009570343,99.13058197631948,1.0,1.0,1.0,99.09,0.00040946279626317343,0.0,0.00040946279626317343,False,False,True,0,0,1761.0,0.0,0.0,0.0,-0.0,0.0,1009.0,0.0,0.0,0.0,-0.0,0.0,-0.0,-0.0,0.0,0.1600000000000037,0.002820379095020164,0.0,0.12000000000000455,0.0012117541622081714,0.0,0.0,0.0,0.0,0.0,0.0,0.0,0.0,0.0,0.0,0.0,0.0,0.0,0.0,0.0,0.0,0.0
125,2024-07-02,2024-07-03,1,56.81,57.02,99.09,99.4,1.7432479831638021,1.7449095009570343,1.744868150557389,99.4947397445701,1.0,1.0,1.0,99.4,0.000952662215772686,0.0,0.000952662215772686,False,False,True,0,0,1755.0,0.0,0.0,0.0,-0.0,0.0,1006.0,0.0,0.0,0.0,-0.0,0.0,-0.0,-0.0,0.0,0.21000000000000085,0.003689716915490378,0.0,0.3100000000000023,0.003123585591720408,0.0,0.0,0.0,0.0,0.0,0.0,0.0,0.0,0.0,0.0,0.0,0.0,0.0,0.0,0.0,0.0,0.0
126,2024-07-03,2024-07-05,2,57.02,57.05,99.4,99.65,1.7467134092900967,1.744868150557389,1.7448976194715065,99.54472798929905,1.0,1.0,1.0,99.65,-0.0010569759708441357,0.0,-0.0010569759708441357,False,False,True,0,0,1752.0,0.0,0.0,0.0,-0.0,0.0,1004.0,0.0,0.0,0.0,-0.0,0.0,-0.0,-0.0,0.0,0.02999999999999403,0.000525992823558579,0.0,0.25,0.0025119329962754178,0.0,0.0,0.0,0.0,0.0,0.0,0.0,0.0,0.0,0.0,0.0,0.0,0.0,0.0,0.0,0.0,0.0
127,2024-07-05,2024-07-08,3,57.05,57.03,99.65,99.53,1.7452218130808346,1.7448976194715065,1.7449158755906438,99.51151123846002,1.0,1.0,1.0,99.53,-0.00018577794629998445,0.0,-0.00018577794629998445,False,False,True,0,0,1754.0,0.0,0.0,0.0,-0.0,0.0,1005.0,0.0,0.0,0.0,-0.0,0.0,-0.0,-0.0,0.0,-0.01999999999999602,-0.0003506311396371113,-0.0,-0.12000000000000455,-0.0012049404008316299,-0.0,0.0,0.0,0.0,0.0,0.0,0.0,0.0,0.0,0.0,0.0,0.0,0.0,0.0,0.0,0.0,0.0
128,2024-07-08,2024-07-09,1,57.03,57.05,99.53,99.57,1.7453111305872042,1.7449158755906438,1.7447145534766548,99.54745070244623,1.0,1.0,1.0,99.57,-0.00022649243017743503,0.0,-0.00022649243017743503,False,False,True,0,0,1752.0,0.0,0.0,0.0,-0.0,0.0,1004.0,0.0,0.0,0.0,-0.0,0.0,-0.0,-0.0,0.0,0.01999999999999602,0.000350631139637191,0.0,0.03999999999999204,0.0004018081420207421,0.0,0.0,0.0,0.0,0.0,0.0,0.0,0.0,0.0,0.0,0.0,0.0,0.0,0.0,0.0,0.0,0.0
129,2024-07-09,2024-07-10,1,57.05,57.04,99.57,99.63,1.7466690042075736,1.7447145534766548,1.744744315668682,99.5185181303084,1.0,1.0,1.0,99.63,-0.001119585346485986,0.0,-0.001119585346485986,False,False,True,0,0,1752.0,0.0,0.0,0.0,-0.0,0.0,1004.0,0.0,0.0,0.0,-0.0,0.0,-0.0,-0.0,0.0,-0.00999999999999801,-0.00017530020204406847,-0.0,0.060000000000002274,0.000602409656772046,0.0,0.0,0.0,0.0,0.0,0.0,0.0,0.0,0.0,0.0,0.0,0.0,0.0,0.0,0.0,0.0,0.0
130,2024-07-10,2024-07-11,1,57.04,57.23,99.63,99.84,1.7445395771448542,1.744744315668682,1.744680619398126,99.85171718571866,1.0,1.0,1.0,99.84,0.0001173527464958146,0.0,0.0001173527464958146,False,False,True,0,0,1748.0,0.0,0.0,0.0,-0.0,0.0,1002.0,0.0,0.0,0.0,-0.0,0.0,-0.0,-0.0,0.0,0.18999999999999773,0.00332546031497039,0.0,0.21000000000000796,0.0021055805643528133,0.0,0.0,0.0,0.0,0.0,0.0,0.0,0.0,0.0,0.0,0.0,0.0,0.0,0.0,0.0,0.0,0.0
131,2024-07-11,2024-07-12,1,57.23,57.34,99.84,99.97,1.7434600627833972,1.744680619398126,1.7447348002449723,100.03998671628854,1.0,1.0,1.0,99.97,0.0006998322463191922,0.0,0.0006998322463191922,False,False,True,0,0,1745.0,0.0,0.0,0.0,-0.0,0.0,1000.0,0.0,0.0,0.0,-0.0,0.0,-0.0,-0.0,0.0,0.11000000000000654,0.001920224034212963,0.0,0.12999999999999545,0.001301236357971734,0.0,0.0,0.0,0.0,0.0,0.0,0.0,0.0,0.0,0.0,0.0,0.0,0.0,0.0,0.0,0.0,0.0
132,2024-07-12,2024-07-15,3,57.34,57.25,99.97,99.88,1.7446288209606986,1.7447348002449723,1.7447636520697738,99.88606731402466,1.0,1.0,1.0,99.88,6.0744190523414096e-05,0.0,6.0744190523414096e-05,False,False,True,0,0,1746.0,0.0,0.0,0.0,-0.0,0.0,1001.0,0.0,0.0,0.0,-0.0,0.0,-0.0,-0.0,0.0,-0.09000000000000341,-0.0015708180208747634,-0.0,-0.09000000000000341,-0.0009006755675169001,-0.0,0.0,0.0,0.0,0.0,0.0,0.0,0.0,0.0,0.0,0.0,0.0,0.0,0.0,0.0,0.0,0.0
133,2024-07-15,2024-07-16,1,57.25,57.34,99.88,100.0,1.7439832577607255,1.7447636520697738,1.744772804479291,100.04474780968084,1.0,1.0,1.0,100.0,0.00044737800834204083,0.0,0.00044737800834204083,False,False,True,0,0,1745.0,0.0,0.0,0.0,-0.0,0.0,1000.0,0.0,0.0,0.0,-0.0,0.0,-0.0,-0.0,0.0,0.09000000000000341,0.0015708180208748707,0.0,0.12000000000000455,0.0012007205765188873,0.0,0.0,0.0,0.0,0.0,0.0,0.0,0.0,0.0,0.0,0.0,0.0,0.0,0.0,0.0,0.0,0.0
134,2024-07-16,2024-07-17,1,57.34,57.36,100.0,100.0,1.7433751743375174,1.744772804479291,1.7446997011030625,100.08016806493212,1.0,1.0,1.0,100.0,0.0008013594750307777,0.0,0.0008013594750307777,False,False,True,0,0,1745.0,0.0,0.0,0.0,-0.0,0.0,1000.0,0.0,0.0,0.0,-0.0,0.0,-0.0,-0.0,0.0,0.01999999999999602,0.0003487358361410712,0.0,0.0,0.0,0.0,0.0,0.0,0.0,0.0,0.0,0.0,0.0,0.0,0.0,0.0,0.0,0.0,0.0,0.0,0.0,0.0
135,2024-07-17,2024-07-18,1,57.36,57.31,100.0,100.0,1.7448961786773687,1.7446997011030625,1.7448091388578917,99.98873987021652,1.0,1.0,1.0,100.0,-0.00011260763783681662,0.0,-0.00011260763783681662,False,False,True,0,0,1745.0,0.0,0.0,0.0,-0.0,0.0,1000.0,0.0,0.0,0.0,-0.0,0.0,-0.0,-0.0,0.0,-0.04999999999999716,-0.0008720677277187782,-0.0,0.0,0.0,0.0,0.0,0.0,0.0,0.0,0.0,0.0,0.0,0.0,0.0,0.0,0.0,0.0,0.0,0.0,0.0,0.0
136,2024-07-18,2024-07-19,1,57.31,57.25,100.0,99.85,1.7441048034934497,1.7448091388578917,1.744735443644716,99.8903231996143,1.0,1.0,1.0,99.85,0.00040375623225355077,0.0,0.00040375623225355077,False,False,True,0,0,1748.0,0.0,0.0,0.0,-0.0,0.0,1002.0,0.0,0.0,0.0,-0.0,0.0,-0.0,-0.0,0.0,-0.060000000000002274,-0.0010474861292970733,-0.0,-0.15000000000000568,-0.0015011261262672026,-0.0,0.0,0.0,0.0,0.0,0.0,0.0,0.0,0.0,0.0,0.0,0.0,0.0,0.0,0.0,0.0,0.0
137,2024-07-19,2024-07-22,3,57.25,57.25,99.85,99.89,1.7448034934497816,1.744735443644716,1.7447141929976464,99.88610414866,1.0,1.0,1.0,99.89,-3.9002175531456595e-05,0.0,-3.9002175531456595e-05,False,False,True,0,0,1746.0,0.0,0.0,0.0,-0.0,0.0,1001.0,0.0,0.0,0.0,-0.0,0.0,-0.0,-0.0,0.0,0.0,0.0,0.0,0.04000000000000625,0.00040052068223429176,0.0,0.0,0.0,0.0,0.0,0.0,0.0,0.0,0.0,0.0,0.0,0.0,0.0,0.0,0.0,0.0,0.0
138,2024-07-22,2024-07-23,1,57.25,57.26,99.89,99.87,1.7441494935382467,1.7447141929976464,1.7447583238480462,99.90233469104523,1.0,1.0,1.0,99.87,0.0003237154071167974,0.0,0.0003237154071167974,False,False,True,0,0,1746.0,0.0,0.0,0.0,-0.0,0.0,1001.0,0.0,0.0,0.0,-0.0,0.0,-0.0,-0.0,0.0,0.00999999999999801,0.00017465723561997632,0.0,-0.01999999999999602,-0.00020024028901499682,-0.0,0.0,0.0,0.0,0.0,0.0,0.0,0.0,0.0,0.0,0.0,0.0,0.0,0.0,0.0,0.0,0.0
139,2024-07-23,2024-07-24,1,57.26,57.16,99.87,99.8,1.7459762071378586,1.7447583238480462,1.7448305375295234,99.73038579115432,1.0,1.0,1.0,99.8,-0.0006977805550190464,0.0,-0.0006977805550190464,False,False,True,0,0,1748.0,0.0,0.0,0.0,-0.0,0.0,1002.0,0.0,0.0,0.0,-0.0,0.0,-0.0,-0.0,0.0,-0.10000000000000142,-0.0017479466083023987,-0.0,-0.07000000000000739,-0.0007011569376250389,-0.0,0.0,0.0,0.0,0.0,0.0,0.0,0.0,0.0,0.0,0.0,0.0,0.0,0.0,0.0,0.0,0.0
140,2024-07-24,2024-07-25,1,57.16,57.21,99.8,99.87,1.745673833245936,1.7448305375295234,1.744906151931065,99.82175505206403,1.0,1.0,1.0,99.87,-0.0004831941996009136,0.0,-0.0004831941996009136,False,False,True,0,0,1747.0,0.0,0.0,0.0,-0.0,0.0,1001.0,0.0,0.0,0.0,-0.0,0.0,-0.0,-0.0,0.0,0.05000000000000426,0.0008743552187707092,0.0,0.07000000000000739,0.0007011569376251261,0.0,0.0,0.0,0.0,0.0,0.0,0.0,0.0,0.0,0.0,0.0,0.0,0.0,0.0,0.0,0.0,0.0
141,2024-07-25,2024-07-26,1,57.21,57.31,99.87,99.9,1.7431512824986914,1.744906151931065,1.7449361310577522,100.00057156716933,1.0,1.0,1.0,99.9,0.0010062159889423353,0.0,0.0010062159889423353,False,False,True,0,0,1747.0,0.0,0.0,0.0,-0.0,0.0,1001.0,0.0,0.0,0.0,-0.0,0.0,-0.0,-0.0,0.0,0.10000000000000142,0.0017464202832086625,0.0,0.030000000000001137,0.0003003453994645636,0.0,0.0,0.0,0.0,0.0,0.0,0.0,0.0,0.0,0.0,0.0,0.0,0.0,0.0,0.0,0.0,0.0
142,2024-07-26,2024-07-29,3,57.31,57.37,99.9,99.97,1.7425483702283424,1.7449361310577522,1.744686615673248,100.10698583878325,1.0,1.0,1.0,99.97,0.0013693315062077512,0.0,0.0013693315062077512,False,False,True,0,0,1745.0,0.0,0.0,0.0,-0.0,0.0,1000.0,0.0,0.0,0.0,-0.0,0.0,-0.0,-0.0,0.0,0.05999999999999517,0.0010463900501336081,0.0,0.06999999999999318,0.0007004553245815255,0.0,0.0,0.0,0.0,0.0,0.0,0.0,0.0,0.0,0.0,0.0,0.0,0.0,0.0,0.0,0.0,0.0
143,2024-07-29,2024-07-30,1,57.37,57.35,99.97,99.98,1.743330427201395,1.744686615673248,1.7445009746326114,100.05777740886077,1.0,1.0,1.0,99.98,0.0007776272440894733,0.0,0.0007776272440894733,False,False,True,0,0,1745.0,0.0,0.0,0.0,-0.0,0.0,1000.0,0.0,0.0,0.0,-0.0,0.0,-0.0,-0.0,0.0,-0.01999999999999602,-0.0003486750383999411,-0.0,0.010000000000005116,0.00010002500633508514,0.0,0.0,0.0,0.0,0.0,0.0,0.0,0.0,0.0,0.0,0.0,0.0,0.0,0.0,0.0,0.0,0.0
144,2024-07-30,2024-07-31,1,57.35,57.43,99.98,100.14,1.743687967960996,1.7445009746326114,1.7444736145374384,100.18669097315087,1.0,1.0,1.0,100.14,0.00046614830774191653,0.0,0.00046614830774191653,True,False,True,0,0,1743.0,0.0,0.0,0.0,-0.0,0.0,999.0,0.0,0.0,0.0,-0.0,0.0,-0.0,-0.0,0.0,0.0799999999999983,0.001393971300825476,0.0,0.1599999999999966,0.0015990409163742778,0.0,0.0,0.0,0.0,0.0,0.0,0.0,0.0,0.0,0.0,0.0,0.0,0.0,0.0,0.0,0.0,0.0
145,2024-07-31,2024-08-01,1,57.43,57.5,100.14,100.19,1.7424347826086957,1.7444736145374384,1.7444329545096835,100.30723283590271,1.0,1.0,1.0,100.19,0.0011694211197294962,0.0,0.0011694211197294962,False,False,True,0,0,1741.0,0.0,0.0,0.0,-0.0,0.0,998.0,0.0,0.0,0.0,-0.0,0.0,-0.0,-0.0,0.0,0.07000000000000028,0.0012181329270996217,0.0,0.04999999999999716,0.0004991763693728178,0.0,0.0,0.0,0.0,0.0,0.0,0.0,0.0,0.0,0.0,0.0,0.0,0.0,0.0,0.0,0.0,0.0
146,2024-08-01,2024-08-02,1,57.5,57.8,100.19,100.83,1.7444636678200693,1.7444329545096835,1.7443204674361816,100.8282247706597,1.0,1.0,1.0,100.83,-1.7606317246505698e-05,0.0,-1.7606317246505698e-05,False,False,True,0,0,1730.0,0.0,0.0,0.0,-0.0,0.0,992.0,0.0,0.0,0.0,-0.0,0.0,-0.0,-0.0,0.0,0.29999999999999716,0.005203827875027044,0.0,0.6400000000000006,0.006367547133952401,0.0,0.0,0.0,0.0,0.0,0.0,0.0,0.0,0.0,0.0,0.0,0.0,0.0,0.0,0.0,0.0,0.0
147,2024-08-02,2024-08-05,3,57.8,57.95,100.83,101.0,1.7428817946505608,1.7443204674361816,1.7442034665146682,101.08337108792674,1.0,1.0,1.0,101.0,0.0008251158144080447,0.0,0.0008251158144080447,False,False,True,0,0,1727.0,0.0,0.0,0.0,-0.0,0.0,990.0,0.0,0.0,0.0,-0.0,0.0,-0.0,-0.0,0.0,0.15000000000000568,0.0025917941074290246,0.0,0.1700000000000017,0.0016845864361354997,0.0,0.0,0.0,0.0,0.0,0.0,0.0,0.0,0.0,0.0,0.0,0.0,0.0,0.0,0.0,0.0,0.0
148,2024-08-05,2024-08-06,1,57.95,57.89,101.0,101.01,1.7448609431680775,1.7442034665146682,1.744180957143712,100.97193867653414,1.0,1.0,1.0,101.01,-0.00037687848889634233,0.0,-0.00037687848889634233,False,False,True,0,0,1727.0,0.0,0.0,0.0,-0.0,0.0,990.0,0.0,0.0,0.0,-0.0,0.0,-0.0,-0.0,0.0,-0.060000000000002274,-0.0010359116948474743,-0.0,0.010000000000005116,9.900499983335809e-05,0.0,0.0,0.0,0.0,0.0,0.0,0.0,0.0,0.0,0.0,0.0,0.0,0.0,0.0,0.0,0.0,0.0
149,2024-08-06,2024-08-07,1,57.89,57.61,101.01,100.49,1.7443152230515535,1.744180957143712,1.7440632680859107,100.48226494104924,1.0,1.0,1.0,100.49,-7.697638235647285e-05,0.0,-7.697638235647285e-05,False,False,True,0,0,1735.0,0.0,0.0,0.0,-0.0,0.0,995.0,0.0,0.0,0.0,-0.0,0.0,-0.0,-0.0,0.0,-0.28000000000000114,-0.004848494346621521,-0.0,-0.5200000000000102,-0.005161301780225618,-0.0,0.0,0.0,0.0,0.0,0.0,0.0,0.0,0.0,0.0,0.0,0.0,0.0,0.0,0.0,0.0,0.0
150,2024-08-07,2024-08-08,1,57.61,57.38,100.49,100.21,1.7464273265946322,1.7440632680859107,1.7441576555583995,100.07435032276956,1.0,1.0,1.0,100.21,-0.0013545711160494426,0.0,-0.0013545711160494426,False,False,True,0,0,1741.0,0.0,0.0,0.0,-0.0,0.0,998.0,0.0,0.0,0.0,-0.0,0.0,-0.0,-0.0,0.0,-0.22999999999999687,-0.004000353191072913,-0.0,-0.28000000000000114,-0.002790235990629844,-0.0,0.0,0.0,0.0,0.0,0.0,0.0,0.0,0.0,0.0,0.0,0.0,0.0,0.0,0.0,0.0,0.0
151,2024-08-08,2024-08-09,1,57.38,57.51,100.21,100.33,1.744566162406538,1.7441576555583995,1.7442129605395569,100.30650677116355,1.0,1.0,1.0,100.33,-0.00023418698144115488,0.0,-0.00023418698144115488,False,False,True,0,0,1739.0,0.0,0.0,0.0,-0.0,0.0,997.0,0.0,0.0,0.0,-0.0,0.0,-0.0,-0.0,0.0,0.12999999999999545,0.0022630351724441176,0.0,0.12000000000000455,0.001196768867284051,0.0,0.0,0.0,0.0,0.0,0.0,0.0,0.0,0.0,0.0,0.0,0.0,0.0,0.0,0.0,0.0,0.0
152,2024-08-09,2024-08-12,3,57.51,57.58,100.33,100.41,1.7438346648141716,1.7442129605395569,1.7441732527322305,100.43178226786769,1.0,1.0,1.0,100.41,0.0002169097257267112,0.0,0.0002169097257267112,False,False,True,0,0,1737.0,0.0,0.0,0.0,-0.0,0.0,996.0,0.0,0.0,0.0,-0.0,0.0,-0.0,-0.0,0.0,0.07000000000000028,0.0012164394583669873,0.0,0.0799999999999983,0.0007970509538234736,0.0,0.0,0.0,0.0,0.0,0.0,0.0,0.0,0.0,0.0,0.0,0.0,0.0,0.0,0.0,0.0,0.0
153,2024-08-12,2024-08-13,1,57.58,57.65,100.41,100.49,1.7431049436253252,1.7441732527322305,1.7441293370254605,100.55158802001309,1.0,1.0,1.0,100.49,0.0006126893698589154,0.0,0.0006126893698589154,False,False,True,0,0,1735.0,0.0,0.0,0.0,-0.0,0.0,995.0,0.0,0.0,0.0,-0.0,0.0,-0.0,-0.0,0.0,0.07000000000000028,0.0012149615310381298,0.0,0.0799999999999983,0.0007964161695223367,0.0,0.0,0.0,0.0,0.0,0.0,0.0,0.0,0.0,0.0,0.0,0.0,0.0,0.0,0.0,0.0,0.0
154,2024-08-13,2024-08-14,1,57.65,57.73,100.49,100.59,1.742421617876321,1.7441293370254605,1.7440816592024002,100.68858662647983,1.0,1.0,1.0,100.59,0.0009796038020340183,0.0,0.0009796038020340183,False,False,True,0,0,1734.0,0.0,0.0,0.0,-0.0,0.0,994.0,0.0,0.0,0.0,-0.0,0.0,-0.0,-0.0,0.0,0.0799999999999983,0.0013867223577740757,0.0,0.10000000000000853,0.0009946290853795302,0.0,0.0,0.0,0.0,0.0,0.0,0.0,0.0,0.0,0.0,0.0,0.0,0.0,0.0,0.0,0.0,0.0
155,2024-08-14,2024-08-15,1,57.73,57.54,100.59,100.32,1.743482794577685,1.7440816592024002,1.7440109899974163,100.3544586705061,1.0,1.0,1.0,100.32,0.00034342856657571647,0.0,0.00034342856657571647,False,False,True,0,0,1739.0,0.0,0.0,0.0,-0.0,0.0,997.0,0.0,0.0,0.0,-0.0,0.0,-0.0,-0.0,0.0,-0.18999999999999773,-0.003296610949440261,-0.0,-0.27000000000001023,-0.002687772261636404,-0.0,0.0,0.0,0.0,0.0,0.0,0.0,0.0,0.0,0.0,0.0,0.0,0.0,0.0,0.0,0.0,0.0
156,2024-08-15,2024-08-16,1,57.54,57.58,100.32,100.42,1.744008336227857,1.7440109899974163,1.7440061666341369,100.42015280405123,1.0,1.0,1.0,100.42,1.5216484264054955e-06,0.0,1.5216484264054955e-06,False,False,True,0,0,1737.0,0.0,0.0,0.0,-0.0,0.0,996.0,0.0,0.0,0.0,-0.0,0.0,-0.0,-0.0,0.0,0.03999999999999915,0.0006949270606279593,0.0,0.10000000000000853,0.0009963137219489021,0.0,0.0,0.0,0.0,0.0,0.0,0.0,0.0,0.0,0.0,0.0,0.0,0.0,0.0,0.0,0.0,0.0
157,2024-08-16,2024-08-19,3,57.58,57.58,100.42,100.42,1.744008336227857,1.7440061666341369,1.7439664087730407,100.4198750747936,1.0,1.0,1.0,100.42,-1.244027923873742e-06,0.0,-1.244027923873742e-06,False,False,True,0,0,1737.0,0.0,0.0,0.0,-0.0,0.0,996.0,0.0,0.0,0.0,-0.0,0.0,-0.0,-0.0,0.0,0.0,0.0,0.0,0.0,0.0,0.0,0.0,0.0,0.0,0.0,0.0,0.0,0.0,0.0,0.0,0.0,0.0,0.0,0.0,0.0,0.0,0.0
158,2024-08-19,2024-08-20,1,57.58,57.71,100.42,100.64,1.743891873158898,1.7439664087730407,1.7439535277540728,100.64430145029218,1.0,1.0,1.0,100.64,4.274004740399726e-05,0.0,4.274004740399726e-05,False,False,True,0,0,1734.0,0.0,0.0,0.0,-0.0,0.0,994.0,0.0,0.0,0.0,-0.0,0.0,-0.0,-0.0,0.0,0.13000000000000256,0.0022551835388452965,0.0,0.21999999999999886,0.0021884023455710088,0.0,0.0,0.0,0.0,0.0,0.0,0.0,0.0,0.0,0.0,0.0,0.0,0.0,0.0,0.0,0.0,0.0
159,2024-08-20,2024-08-21,1,57.71,57.69,100.64,100.58,1.7434564049228636,1.7439535277540728,1.7438275376433232,100.60867901613246,1.0,1.0,1.0,100.58,0.0002850957267273645,0.0,0.0002850957267273645,False,False,True,0,0,1733.0,0.0,0.0,0.0,-0.0,0.0,994.0,0.0,0.0,0.0,-0.0,0.0,-0.0,-0.0,0.0,-0.020000000000003126,-0.0003466204540770972,-0.0,-0.060000000000002274,-0.0005963622083117356,-0.0,0.0,0.0,0.0,0.0,0.0,0.0,0.0,0.0,0.0,0.0,0.0,0.0,0.0,0.0,0.0,0.0
160,2024-08-21,2024-08-22,1,57.69,57.57,100.58,100.46,1.745006079555324,1.7438275376433232,1.7437941499587928,100.39215134212611,1.0,1.0,1.0,100.46,-0.0006756080032131238,0.0,-0.0006756080032131238,False,False,True,0,0,1735.0,0.0,0.0,0.0,-0.0,0.0,995.0,0.0,0.0,0.0,-0.0,0.0,-0.0,-0.0,0.0,-0.11999999999999744,-0.002082249581079774,-0.0,-0.12000000000000455,-0.0011937924219200945,-0.0,0.0,0.0,0.0,0.0,0.0,0.0,0.0,0.0,0.0,0.0,0.0,0.0,0.0,0.0,0.0,0.0
161,2024-08-22,2024-08-23,1,57.57,57.79,100.46,100.89,1.745803772278941,1.7437941499587928,1.743926774447805,100.77386392611864,1.0,1.0,1.0,100.89,-0.0011517788507979588,0.0,-0.0011517788507979588,False,False,True,0,0,1728.0,0.0,0.0,0.0,-0.0,0.0,991.0,0.0,0.0,0.0,-0.0,0.0,-0.0,-0.0,0.0,0.21999999999999886,0.003814151641968395,0.0,0.4300000000000068,0.004271176098389373,0.0,0.0,0.0,0.0,0.0,0.0,0.0,0.0,0.0,0.0,0.0,0.0,0.0,0.0,0.0,0.0,0.0
162,2024-08-23,2024-08-26,3,57.79,57.76,100.89,100.78,1.7448060941828256,1.743926774447805,1.7440396606455295,100.72921049210522,1.0,1.0,1.0,100.78,-0.0005040911911296434,0.0,-0.0005040911911296434,False,False,True,0,0,1730.0,0.0,0.0,0.0,-0.0,0.0,992.0,0.0,0.0,0.0,-0.0,0.0,-0.0,-0.0,0.0,-0.030000000000001137,-0.0005192557451158431,-0.0,-0.10999999999999943,-0.0010908911678359275,-0.0,0.0,0.0,0.0,0.0,0.0,0.0,0.0,0.0,0.0,0.0,0.0,0.0,0.0,0.0,0.0,0.0
163,2024-08-26,2024-08-27,1,57.76,57.7,100.78,100.64,1.7441941074523397,1.7440396606455295,1.7440828446580763,100.63108841924706,1.0,1.0,1.0,100.64,-8.855301403441854e-05,0.0,-8.855301403441854e-05,False,False,True,0,0,1734.0,0.0,0.0,0.0,-0.0,0.0,994.0,0.0,0.0,0.0,-0.0,0.0,-0.0,-0.0,0.0,-0.05999999999999517,-0.001039321070516819,-0.0,-0.14000000000000057,-0.0013901303003216196,-0.0,0.0,0.0,0.0,0.0,0.0,0.0,0.0,0.0,0.0,0.0,0.0,0.0,0.0,0.0,0.0,0.0
164,2024-08-27,2024-08-28,1,57.7,57.64,100.64,100.65,1.7461832061068703,1.7440828446580763,1.7442076065653702,100.52893516609151,1.0,1.0,1.0,100.65,-0.0012035539249921597,0.0,-0.0012035539249921597,False,False,True,0,0,1734.0,0.0,0.0,0.0,-0.0,0.0,994.0,0.0,0.0,0.0,-0.0,0.0,-0.0,-0.0,0.0,-0.060000000000002274,-0.001040402382732552,-0.0,0.010000000000005116,9.935913367004817e-05,0.0,0.0,0.0,0.0,0.0,0.0,0.0,0.0,0.0,0.0,0.0,0.0,0.0,0.0,0.0,0.0,0.0
165,2024-08-28,2024-08-29,1,57.64,57.69,100.65,100.63,1.7443231062575837,1.7442076065653702,1.7443020227478143,100.6233368227562,1.0,1.0,1.0,100.63,-6.621681261459938e-05,0.0,-6.621681261459938e-05,False,False,True,0,0,1734.0,0.0,0.0,0.0,-0.0,0.0,994.0,0.0,0.0,0.0,-0.0,0.0,-0.0,-0.0,0.0,0.04999999999999716,0.0008670771374766742,0.0,-0.020000000000010232,-0.00019872814055872429,-0.0,0.0,0.0,0.0,0.0,0.0,0.0,0.0,0.0,0.0,0.0,0.0,0.0,0.0,0.0,0.0,0.0
166,2024-08-29,2024-08-30,1,57.69,57.6,100.63,100.54,1.745486111111111,1.7443020227478143,1.7443531449123668,100.4717965102741,1.0,1.0,1.0,100.54,-0.0006786018883197918,0.0,-0.0006786018883197918,True,False,True,0,0,1736.0,0.0,0.0,0.0,-0.0,0.0,995.0,0.0,0.0,0.0,-0.0,0.0,-0.0,-0.0,0.0,-0.0899999999999963,-0.0015612805669524645,-0.0,-0.0899999999999892,-0.0008947656808125102,-0.0,0.0,0.0,0.0,0.0,0.0,0.0,0.0,0.0,0.0,0.0,0.0,0.0,0.0,0.0,0.0,0.0
167,2024-08-30,2024-09-03,4,57.6,57.63,100.54,100.64,1.7463126843657817,1.7443531449123668,1.7445246893981277,100.52707174129971,1.0,1.0,1.0,100.64,-0.0011227311665393013,0.0,-0.0011227311665393013,False,False,True,0,0,1734.0,0.0,0.0,0.0,-0.0,0.0,994.0,0.0,0.0,0.0,-0.0,0.0,-0.0,-0.0,0.0,0.030000000000001137,0.0005206977467293873,0.0,0.09999999999999432,0.000994134687701235,0.0,0.0,0.0,0.0,0.0,0.0,0.0,0.0,0.0,0.0,0.0,0.0,0.0,0.0,0.0,0.0,0.0
168,2024-09-03,2024-09-04,1,57.63,57.73,100.64,100.75,1.7451931404815522,1.7445246893981277,1.7445412992638016,100.71141031895391,1.0,1.0,1.0,100.75,-0.0003830975019678654,0.0,-0.0003830975019678654,False,False,True,0,0,1732.0,0.0,0.0,0.0,-0.0,0.0,993.0,0.0,0.0,0.0,-0.0,0.0,-0.0,-0.0,0.0,0.09999999999999432,0.0017337036242672092,0.0,0.10999999999999943,0.001092407874661881,0.0,0.0,0.0,0.0,0.0,0.0,0.0,0.0,0.0,0.0,0.0,0.0,0.0,0.0,0.0,0.0,0.0
169,2024-09-04,2024-09-05,1,57.73,57.75,100.75,100.91,1.7473593073593072,1.7445412992638016,1.7446935034791893,100.74726003248455,1.0,1.0,1.0,100.91,-0.0016140257268044164,0.0,-0.0016140257268044164,False,False,True,0,0,1729.0,0.0,0.0,0.0,-0.0,0.0,991.0,0.0,0.0,0.0,-0.0,0.0,-0.0,-0.0,0.0,0.020000000000003126,0.00034638032906070276,0.0,0.1599999999999966,0.0015868296496450852,0.0,0.0,0.0,0.0,0.0,0.0,0.0,0.0,0.0,0.0,0.0,0.0,0.0,0.0,0.0,0.0,0.0
170,2024-09-05,2024-09-06,1,57.75,57.89,100.91,101.06,1.7457246501986527,1.7446935034791893,1.74465836965939,101.00030691641027,1.0,1.0,1.0,101.06,-0.0005908442507808527,0.0,-0.0005908442507808527,False,False,True,0,0,1727.0,0.0,0.0,0.0,-0.0,0.0,990.0,0.0,0.0,0.0,-0.0,0.0,-0.0,-0.0,0.0,0.14000000000000057,0.0024213086890103454,0.0,0.15000000000000568,0.001485369387325091,0.0,0.0,0.0,0.0,0.0,0.0,0.0,0.0,0.0,0.0,0.0,0.0,0.0,0.0,0.0,0.0,0.0
171,2024-09-06,2024-09-09,3,57.89,57.87,101.06,101.02,1.7456367720753412,1.74465836965939,1.7447119001428306,100.9633798521889,1.0,1.0,1.0,101.02,-0.0005606416660183434,0.0,-0.0005606416660183434,False,False,True,0,0,1727.0,0.0,0.0,0.0,-0.0,0.0,990.0,0.0,0.0,0.0,-0.0,0.0,-0.0,-0.0,0.0,-0.020000000000003126,-0.00034554250516588255,-0.0,-0.04000000000000625,-0.00039588282385604167,-0.0,0.0,0.0,0.0,0.0,0.0,0.0,0.0,0.0,0.0,0.0,0.0,0.0,0.0,0.0,0.0,0.0
172,2024-09-09,2024-09-10,1,57.87,57.99,101.02,101.27,1.746335575099155,1.7447119001428306,1.7448369456570796,101.17584308928275,1.0,1.0,1.0,101.27,-0.0009301936366745581,0.0,-0.0009301936366745581,False,False,True,0,0,1722.0,0.0,0.0,0.0,-0.0,0.0,987.0,0.0,0.0,0.0,-0.0,0.0,-0.0,-0.0,0.0,0.12000000000000455,0.002071466302601869,0.0,0.25,0.0024717003042871192,0.0,0.0,0.0,0.0,0.0,0.0,0.0,0.0,0.0,0.0,0.0,0.0,0.0,0.0,0.0,0.0,0.0
173,2024-09-10,2024-09-11,1,57.99,57.96,101.27,101.16,1.7453416149068322,1.7448369456570796,1.7449487792211549,101.13074937028433,1.0,1.0,1.0,101.16,-0.0002891939449586927,0.0,-0.0002891939449586927,False,False,True,0,0,1726.0,0.0,0.0,0.0,-0.0,0.0,989.0,0.0,0.0,0.0,-0.0,0.0,-0.0,-0.0,0.0,-0.030000000000001137,-0.0005174644358676277,-0.0,-0.10999999999999943,-0.0010867955424292814,-0.0,0.0,0.0,0.0,0.0,0.0,0.0,0.0,0.0,0.0,0.0,0.0,0.0,0.0,0.0,0.0,0.0
174,2024-09-11,2024-09-12,1,57.96,57.93,101.16,101.15,1.7460728465389264,1.7449487792211549,1.7451313406542852,101.0848827802815,1.0,1.0,1.0,101.15,-0.0006439761634952441,0.0,-0.0006439761634952441,False,False,True,0,0,1726.0,0.0,0.0,0.0,-0.0,0.0,989.0,0.0,0.0,0.0,-0.0,0.0,-0.0,-0.0,0.0,-0.030000000000001137,-0.0005177323439489301,-0.0,-0.009999999999990905,-9.885818800987994e-05,-0.0,0.0,0.0,0.0,0.0,0.0,0.0,0.0,0.0,0.0,0.0,0.0,0.0,0.0,0.0,0.0,0.0
175,2024-09-12,2024-09-13,1,57.93,58.02,101.15,101.29,1.7457773181661496,1.7451313406542852,1.7452460668337086,101.25252038476164,1.0,1.0,1.0,101.29,-0.0003700913328713296,0.0,-0.0003700913328713296,False,False,True,0,0,1722.0,0.0,0.0,0.0,-0.0,0.0,987.0,0.0,0.0,0.0,-0.0,0.0,-0.0,-0.0,0.0,0.09000000000000341,0.0015523935847251513,0.0,0.14000000000000057,0.0013831260849513473,0.0,0.0,0.0,0.0,0.0,0.0,0.0,0.0,0.0,0.0,0.0,0.0,0.0,0.0,0.0,0.0,0.0
176,2024-09-13,2024-09-16,3,58.02,58.06,101.29,101.26,1.7440578711677575,1.7452460668337086,1.7452485435807035,101.32898664036513,1.0,1.0,1.0,101.26,0.0006810502799353705,0.0,0.0006810502799353705,False,False,True,0,0,1724.0,0.0,0.0,0.0,-0.0,0.0,988.0,0.0,0.0,0.0,-0.0,0.0,-0.0,-0.0,0.0,0.03999999999999915,0.0006891799032259499,0.0,-0.030000000000001137,-0.0002962231569426666,-0.0,0.0,0.0,0.0,0.0,0.0,0.0,0.0,0.0,0.0,0.0,0.0,0.0,0.0,0.0,0.0,0.0
177,2024-09-16,2024-09-17,1,58.06,58.02,101.26,101.31,1.7461220268872801,1.7452485435807035,1.7453542281136745,101.25932049855243,1.0,1.0,1.0,101.31,-0.0005003670089845928,0.0,-0.0005003670089845928,False,False,True,0,0,1723.0,0.0,0.0,0.0,-0.0,0.0,987.0,0.0,0.0,0.0,-0.0,0.0,-0.0,-0.0,0.0,-0.03999999999999915,-0.000689179903225818,-0.0,0.04999999999999716,0.0004936565238229682,0.0,0.0,0.0,0.0,0.0,0.0,0.0,0.0,0.0,0.0,0.0,0.0,0.0,0.0,0.0,0.0,0.0
178,2024-09-17,2024-09-18,1,58.02,58.06,101.31,101.29,1.744574578022735,1.7453542281136745,1.7453883633568665,101.33526648427994,1.0,1.0,1.0,101.29,0.0004468000049390714,0.0,0.0004468000049390714,False,False,True,0,0,1723.0,0.0,0.0,0.0,-0.0,0.0,987.0,0.0,0.0,0.0,-0.0,0.0,-0.0,-0.0,0.0,0.03999999999999915,0.0006891799032259499,0.0,-0.01999999999999602,-0.0001974333668801925,-0.0,0.0,0.0,0.0,0.0,0.0,0.0,0.0,0.0,0.0,0.0,0.0,0.0,0.0,0.0,0.0,0.0
179,2024-09-18,2024-09-19,1,58.06,58.04,101.29,101.2,1.7436250861474845,1.7453883633568665,1.7453967974180977,101.30234060923253,1.0,1.0,1.0,101.2,0.00101075985233102,0.0,0.00101075985233102,False,False,True,0,0,1724.0,0.0,0.0,0.0,-0.0,0.0,988.0,0.0,0.0,0.0,-0.0,0.0,-0.0,-0.0,0.0,-0.020000000000003126,-0.0003445305804968187,-0.0,-0.09000000000000341,-0.0008889328453406855,-0.0,0.0,0.0,0.0,0.0,0.0,0.0,0.0,0.0,0.0,0.0,0.0,0.0,0.0,0.0,0.0,0.0
180,2024-09-19,2024-09-20,1,58.04,58.04,101.2,101.28,1.7450034458993797,1.7453967974180977,1.7453966657353004,101.30283012214639,1.0,1.0,1.0,101.28,0.00022539049562355536,0.0,0.00022539049562355536,False,False,True,0,0,1723.0,0.0,0.0,0.0,-0.0,0.0,987.0,0.0,0.0,0.0,-0.0,0.0,-0.0,-0.0,0.0,0.0,0.0,0.0,0.0799999999999983,0.0007902015425008826,0.0,0.0,0.0,0.0,0.0,0.0,0.0,0.0,0.0,0.0,0.0,0.0,0.0,0.0,0.0,0.0,0.0
181,2024-09-20,2024-09-23,3,58.04,58.03,101.28,101.29,1.7454764776839566,1.7453966657353004,1.7453803010055513,101.28536851261948,1.0,1.0,1.0,101.29,-4.572606645448011e-05,0.0,-4.572606645448011e-05,False,False,True,0,0,1723.0,0.0,0.0,0.0,-0.0,0.0,987.0,0.0,0.0,0.0,-0.0,0.0,-0.0,-0.0,0.0,-0.00999999999999801,-0.00017230981347013258,-0.0,0.010000000000005116,9.873130283985592e-05,0.0,0.0,0.0,0.0,0.0,0.0,0.0,0.0,0.0,0.0,0.0,0.0,0.0,0.0,0.0,0.0,0.0
182,2024-09-23,2024-09-24,1,58.03,58.06,101.29,101.23,1.7435411643127798,1.7453803010055513,1.7453170545120487,101.33678027638231,1.0,1.0,1.0,101.23,0.0010542724342762558,0.0,0.0010542724342762558,False,False,True,0,0,1724.0,0.0,0.0,0.0,-0.0,0.0,988.0,0.0,0.0,0.0,-0.0,0.0,-0.0,-0.0,0.0,0.030000000000001137,0.000516840393966851,0.0,-0.060000000000002274,-0.0005925340880455343,-0.0,0.0,0.0,0.0,0.0,0.0,0.0,0.0,0.0,0.0,0.0,0.0,0.0,0.0,0.0,0.0,0.0
183,2024-09-24,2024-09-25,1,58.06,58.0,101.23,101.21,1.7449999999999999,1.7453170545120487,1.7453573491394319,101.22838916169883,1.0,1.0,1.0,101.21,0.00018167662591629525,0.0,0.00018167662591629525,False,False,True,0,0,1724.0,0.0,0.0,0.0,-0.0,0.0,988.0,0.0,0.0,0.0,-0.0,0.0,-0.0,-0.0,0.0,-0.060000000000002274,-0.0010339480500645224,-0.0,-0.020000000000010232,-0.000197589409850609,-0.0,0.0,0.0,0.0,0.0,0.0,0.0,0.0,0.0,0.0,0.0,0.0,0.0,0.0,0.0,0.0,0.0
184,2024-09-25,2024-09-26,1,58.0,58.02,101.21,101.35,1.7468114443295413,1.7453573491394319,1.7453887610505654,101.26563339706985,1.0,1.0,1.0,101.35,-0.000832774908741544,0.0,-0.000832774908741544,False,False,True,0,0,1723.0,0.0,0.0,0.0,-0.0,0.0,987.0,0.0,0.0,0.0,-0.0,0.0,-0.0,-0.0,0.0,0.020000000000003126,0.0003447681468387447,0.0,0.14000000000000057,0.0013823066971991485,0.0,0.0,0.0,0.0,0.0,0.0,0.0,0.0,0.0,0.0,0.0,0.0,0.0,0.0,0.0,0.0,0.0
185,2024-09-26,2024-09-27,1,58.02,58.17,101.35,101.54,1.7455733195805399,1.7453887610505654,1.7454512717167134,101.5292642303114,1.0,1.0,1.0,101.54,-0.00010573505290726385,0.0,-0.00010573505290726385,False,False,True,0,0,1719.0,0.0,0.0,0.0,-0.0,0.0,985.0,0.0,0.0,0.0,-0.0,0.0,-0.0,-0.0,0.0,0.14999999999999858,0.002581979229412173,0.0,0.19000000000001194,0.0018729366212393332,0.0,0.0,0.0,0.0,0.0,0.0,0.0,0.0,0.0,0.0,0.0,0.0,0.0,0.0,0.0,0.0,0.0
186,2024-09-27,2024-09-30,3,58.17,58.11,101.54,101.38,1.744622268112201,1.7454512717167134,1.745408079566768,101.42817339945822,1.0,1.0,1.0,101.38,0.000475063697450997,0.0,0.000475063697450997,True,False,True,0,0,1721.0,0.0,0.0,0.0,-0.0,0.0,986.0,0.0,0.0,0.0,-0.0,0.0,-0.0,-0.0,0.0,-0.060000000000002274,-0.001031991835656006,-0.0,-0.1600000000000108,-0.0015769764750450514,-0.0,0.0,0.0,0.0,0.0,0.0,0.0,0.0,0.0,0.0,0.0,0.0,0.0,0.0,0.0,0.0,0.0
187,2024-09-30,2024-10-01,1,58.11,58.09,101.38,101.36,1.7448786365983817,1.745408079566768,1.7453363771783976,101.39075534203356,1.0,1.0,1.0,101.36,0.00030338079103637666,0.0,0.00030338079103637666,False,False,True,0,0,1723.0,0.0,0.0,0.0,-0.0,0.0,987.0,0.0,0.0,0.0,-0.0,0.0,-0.0,-0.0,0.0,-0.01999999999999602,-0.00034423408257298644,-0.0,-0.01999999999999602,-0.00019729703131970066,-0.0,0.0,0.0,0.0,0.0,0.0,0.0,0.0,0.0,0.0,0.0,0.0,0.0,0.0,0.0,0.0,0.0
188,2024-10-01,2024-10-02,1,58.09,58.1,101.36,101.35,1.744406196213425,1.7453363771783976,1.7452970299649913,101.40404351406491,1.0,1.0,1.0,101.35,0.0005330943285581341,0.0,0.0005330943285581341,False,False,True,0,0,1723.0,0.0,0.0,0.0,-0.0,0.0,987.0,0.0,0.0,0.0,-0.0,0.0,-0.0,-0.0,0.0,0.00999999999999801,0.00017213185342438076,0.0,-0.010000000000005116,-9.866311487467054e-05,-0.0,0.0,0.0,0.0,0.0,0.0,0.0,0.0,0.0,0.0,0.0,0.0,0.0,0.0,0.0,0.0,0.0
189,2024-10-02,2024-10-03,1,58.1,58.1,101.35,101.33,1.7440619621342512,1.7452970299649913,1.7451321627037388,101.401757440966,1.0,1.0,1.0,101.33,0.000707905311613944,0.0,0.000707905311613944,False,False,True,0,0,1723.0,0.0,0.0,0.0,-0.0,0.0,987.0,0.0,0.0,0.0,-0.0,0.0,-0.0,-0.0,0.0,0.0,0.0,0.0,-0.01999999999999602,-0.0001973554377827975,-0.0,0.0,0.0,0.0,0.0,0.0,0.0,0.0,0.0,0.0,0.0,0.0,0.0,0.0,0.0,0.0,0.0
190,2024-10-03,2024-10-04,1,58.1,57.79,101.33,100.87,1.7454576916421527,1.7451321627037388,1.7451188147759136,100.85118768264907,1.0,1.0,1.0,100.87,-0.0001865180115345376,0.0,-0.0001865180115345376,False,False,True,0,0,1729.0,0.0,0.0,0.0,-0.0,0.0,991.0,0.0,0.0,0.0,-0.0,0.0,-0.0,-0.0,0.0,-0.3100000000000023,-0.0053499135281790235,-0.0,-0.45999999999999375,-0.004549958393482085,-0.0,0.0,0.0,0.0,0.0,0.0,0.0,0.0,0.0,0.0,0.0,0.0,0.0,0.0,0.0,0.0,0.0
191,2024-10-04,2024-10-07,3,57.79,57.73,100.87,100.7,1.7443270396674175,1.7451188147759136,1.7450533281555174,100.74570917701348,1.0,1.0,1.0,100.7,0.0004538113815844167,0.0,0.0004538113815844167,False,False,True,0,0,1733.0,0.0,0.0,0.0,-0.0,0.0,993.0,0.0,0.0,0.0,-0.0,0.0,-0.0,-0.0,0.0,-0.060000000000002274,-0.00103878125684445,-0.0,-0.1700000000000017,-0.0016867593422274744,-0.0,0.0,0.0,0.0,0.0,0.0,0.0,0.0,0.0,0.0,0.0,0.0,0.0,0.0,0.0,0.0,0.0
192,2024-10-07,2024-10-08,1,57.73,57.68,100.7,100.71,1.746012482662968,1.7450533281555174,1.7450371735337078,100.65467596801024,1.0,1.0,1.0,100.71,-0.0005494909483586545,0.0,-0.0005494909483586545,False,False,True,0,0,1733.0,0.0,0.0,0.0,-0.0,0.0,993.0,0.0,0.0,0.0,-0.0,0.0,-0.0,-0.0,0.0,-0.04999999999999716,-0.0008664760961485479,-0.0,0.009999999999990905,9.929993553654969e-05,0.0,0.0,0.0,0.0,0.0,0.0,0.0,0.0,0.0,0.0,0.0,0.0,0.0,0.0,0.0,0.0,0.0
193,2024-10-08,2024-10-09,1,57.68,57.59,100.71,100.6,1.7468310470567805,1.7450371735337078,1.7451116451412052,100.49669082380623,1.0,1.0,1.0,100.6,-0.0010274578349242349,0.0,-0.0010274578349242349,False,False,True,0,0,1735.0,0.0,0.0,0.0,-0.0,0.0,994.0,0.0,0.0,0.0,-0.0,0.0,-0.0,-0.0,0.0,-0.0899999999999963,-0.0015615514581125737,-0.0,-0.10999999999999943,-0.0010928419944143753,-0.0,0.0,0.0,0.0,0.0,0.0,0.0,0.0,0.0,0.0,0.0,0.0,0.0,0.0,0.0,0.0,0.0
194,2024-10-09,2024-10-10,1,57.59,57.61,100.6,100.54,1.7451831279291792,1.7451116451412052,1.745067159210718,100.53588187658482,1.0,1.0,1.0,100.54,-4.096088876816077e-05,0.0,-4.096088876816077e-05,False,False,True,0,0,1736.0,0.0,0.0,0.0,-0.0,0.0,995.0,0.0,0.0,0.0,-0.0,0.0,-0.0,-0.0,0.0,0.01999999999999602,0.00034722222571070355,0.0,-0.05999999999998806,-0.000596599401209577,-0.0,0.0,0.0,0.0,0.0,0.0,0.0,0.0,0.0,0.0,0.0,0.0,0.0,0.0,0.0,0.0,0.0
195,2024-10-10,2024-10-11,1,57.61,57.64,100.54,100.59,1.745142262317835,1.745067159210718,1.745035406418302,100.5856710569058,1.0,1.0,1.0,100.59,-4.303644742059354e-05,0.0,-4.303644742059354e-05,False,False,True,0,0,1735.0,0.0,0.0,0.0,-0.0,0.0,994.0,0.0,0.0,0.0,-0.0,0.0,-0.0,-0.0,0.0,0.030000000000001137,0.0005206073870295666,0.0,0.04999999999999716,0.0004971908818176916,0.0,0.0,0.0,0.0,0.0,0.0,0.0,0.0,0.0,0.0,0.0,0.0,0.0,0.0,0.0,0.0,0.0
196,2024-10-11,2024-10-14,3,57.64,57.5,100.59,100.46,1.7471304347826087,1.745035406418302,1.7451890345990448,100.33953586905237,1.0,1.0,1.0,100.46,-0.0011998448589855893,0.0,-0.0011998448589855893,False,False,True,0,0,1736.0,0.0,0.0,0.0,-0.0,0.0,995.0,0.0,0.0,0.0,-0.0,0.0,-0.0,-0.0,0.0,-0.14000000000000057,-0.0024318233280166226,-0.0,-0.13000000000000966,-0.0012932108243482888,-0.0,0.0,0.0,0.0,0.0,0.0,0.0,0.0,0.0,0.0,0.0,0.0,0.0,0.0,0.0,0.0,0.0
197,2024-10-14,2024-10-15,1,57.5,57.69,100.46,100.72,1.7458831686600798,1.7451890345990448,1.745177091687685,100.67995540601889,1.0,1.0,1.0,100.72,-0.0003976623969760836,0.0,-0.0003976623969760836,False,False,True,0,0,1733.0,0.0,0.0,0.0,-0.0,0.0,993.0,0.0,0.0,0.0,-0.0,0.0,-0.0,-0.0,0.0,0.18999999999999773,0.003298900465493359,0.0,0.2600000000000051,0.0025847514141931443,0.0,0.0,0.0,0.0,0.0,0.0,0.0,0.0,0.0,0.0,0.0,0.0,0.0,0.0,0.0,0.0,0.0
198,2024-10-15,2024-10-16,1,57.69,57.79,100.72,100.74,1.7432081675030282,1.745177091687685,1.7451087711616995,100.85378412863132,1.0,1.0,1.0,100.74,0.0011288457251399004,0.0,0.0011288457251399004,False,False,True,0,0,1733.0,0.0,0.0,0.0,-0.0,0.0,993.0,0.0,0.0,0.0,-0.0,0.0,-0.0,-0.0,0.0,0.10000000000000142,0.0017319020608886613,0.0,0.01999999999999602,0.0001985505814127283,0.0,0.0,0.0,0.0,0.0,0.0,0.0,0.0,0.0,0.0,0.0,0.0,0.0,0.0,0.0,0.0,0.0
199,2024-10-16,2024-10-17,1,57.79,57.71,100.74,100.66,1.7442384335470456,1.7451087711616995,1.7451394385316774,100.71022718374168,1.0,1.0,1.0,100.66,0.0004988541303820636,0.0,0.0004988541303820636,False,False,True,0,0,1733.0,0.0,0.0,0.0,-0.0,0.0,993.0,0.0,0.0,0.0,-0.0,0.0,-0.0,-0.0,0.0,-0.0799999999999983,-0.0013852816068115478,-0.0,-0.0799999999999983,-0.0007944389692905272,-0.0,0.0,0.0,0.0,0.0,0.0,0.0,0.0,0.0,0.0,0.0,0.0,0.0,0.0,0.0,0.0,0.0
200,2024-10-17,2024-10-18,1,57.71,57.75,100.66,100.8,1.7454545454545454,1.7451394385316774,1.7451619935094356,100.78180257520437,1.0,1.0,1.0,100.8,-0.0001805463053965616,0.0,-0.0001805463053965616,False,False,True,0,0,1731.0,0.0,0.0,0.0,-0.0,0.0,992.0,0.0,0.0,0.0,-0.0,0.0,-0.0,-0.0,0.0,0.03999999999999915,0.0006928806790278396,0.0,0.14000000000000057,0.0013898542890542977,0.0,0.0,0.0,0.0,0.0,0.0,0.0,0.0,0.0,0.0,0.0,0.0,0.0,0.0,0.0,0.0,0.0
201,2024-10-18,2024-10-21,3,57.75,57.5,100.8,100.35,1.7452173913043478,1.7451619935094356,1.7451490391904554,100.34681462679255,1.0,1.0,1.0,100.35,-3.174313666746471e-05,0.0,-3.174313666746471e-05,False,False,True,0,0,1740.0,0.0,0.0,0.0,-0.0,0.0,997.0,0.0,0.0,0.0,-0.0,0.0,-0.0,-0.0,0.0,-0.25,-0.00433840159859813,-0.0,-0.45000000000000284,-0.004474280394921077,-0.0,0.0,0.0,0.0,0.0,0.0,0.0,0.0,0.0,0.0,0.0,0.0,0.0,0.0,0.0,0.0,0.0
202,2024-10-21,2024-10-22,1,57.5,57.36,100.35,100.18,1.7465132496513252,1.7451490391904554,1.7452976434573828,100.10174888796452,1.0,1.0,1.0,100.18,-0.0007814103526822085,0.0,-0.0007814103526822085,False,False,True,0,0,1742.0,0.0,0.0,0.0,-0.0,0.0,998.0,0.0,0.0,0.0,-0.0,0.0,-0.0,-0.0,0.0,-0.14000000000000057,-0.002437751511939859,-0.0,-0.1699999999999875,-0.0016955073128762951,-0.0,0.0,0.0,0.0,0.0,0.0,0.0,0.0,0.0,0.0,0.0,0.0,0.0,0.0,0.0,0.0,0.0
203,2024-10-22,2024-10-23,1,57.36,56.9,100.18,99.65,1.7513181019332162,1.7452976434573828,1.7456135485540432,99.30743591272508,1.0,1.0,1.0,99.65,-0.0034435951008682303,0.0,-0.0034435951008682303,False,False,False,0,0,1752.0,0.0,0.0,0.0,-0.0,0.0,1004.0,0.0,0.0,0.0,-0.0,0.0,-0.0,-0.0,0.0,-0.46000000000000085,-0.008051855159079744,-0.0,-0.5300000000000011,-0.005304521270667023,-0.0,0.0,0.0,0.0,0.0,0.0,0.0,0.0,0.0,0.0,0.0,0.0,0.0,0.0,0.0,0.0,0.0
204,2024-10-23,2024-10-24,1,56.9,57.02,99.65,100.01,1.7539459838653104,1.7456135485540432,1.7459702755308322,99.53488453855155,1.0,1.0,1.0,100.01,-0.0047619998917248895,0.0,-0.0047619998917248895,False,False,False,0,0,1746.0,0.0,0.0,0.0,-0.0,0.0,1000.0,0.0,0.0,0.0,-0.0,0.0,-0.0,-0.0,0.0,0.12000000000000455,0.002106742352240726,0.0,0.35999999999999943,0.003606134329620879,0.0,0.0,0.0,0.0,0.0,0.0,0.0,0.0,0.0,0.0,0.0,0.0,0.0,0.0,0.0,0.0,0.0
205,2024-10-24,2024-10-25,1,57.02,57.14,100.01,100.51,1.7590129506475325,1.7459702755308322,1.7466422570841815,99.76474154383175,1.0,1.0,1.0,100.51,-0.007442395285219421,0.0,-0.007442395285219421,False,False,False,0,0,1737.0,0.0,0.0,0.0,-0.0,0.0,995.0,0.0,0.0,0.0,-0.0,0.0,-0.0,-0.0,0.0,0.11999999999999744,0.0021023133181009928,0.0,0.5,0.00498704404822374,0.0,0.0,0.0,0.0,0.0,0.0,0.0,0.0,0.0,0.0,0.0,0.0,0.0,0.0,0.0,0.0,0.0
206,2024-10-25,2024-10-28,3,57.14,57.16,100.51,100.33,1.7552484254723584,1.7466422570841815,1.7471735649521893,99.8380714149318,1.0,1.0,1.0,100.33,-0.0049151652604688175,0.0,-0.0049151652604688175,False,False,False,0,0,1741.0,0.0,0.0,0.0,-0.0,0.0,997.0,0.0,0.0,0.0,-0.0,0.0,-0.0,-0.0,0.0,0.01999999999999602,0.00034995625903964386,0.0,-0.18000000000000682,-0.0017924720991271267,-0.0,0.0,0.0,0.0,0.0,0.0,0.0,0.0,0.0,0.0,0.0,0.0,0.0,0.0,0.0,0.0,0.0
207,2024-10-28,2024-10-29,1,57.16,57.12,100.33,100.05,1.7515756302521008,1.7471735649521893,1.7475084146348752,99.79855403006906,1.0,1.0,1.0,100.05,-0.002516366493948706,0.0,-0.002516366493948706,False,False,True,0,0,1747.0,0.0,0.0,0.0,-0.0,0.0,1000.0,0.0,0.0,0.0,-0.0,0.0,-0.0,-0.0,0.0,-0.03999999999999915,-0.0007000350303376479,-0.0,-0.28000000000000114,-0.0027946919077789937,-0.0,0.0,0.0,0.0,0.0,0.0,0.0,0.0,0.0,0.0,0.0,0.0,0.0,0.0,0.0,0.0,0.0
208,2024-10-29,2024-10-30,1,57.12,57.15,100.05,100.05,1.7506561679790027,1.7475084146348752,1.7478209132231541,99.87010589638311,1.0,1.0,1.0,100.05,-0.0017996604329852503,0.0,-0.0017996604329852503,False,False,True,0,0,1748.0,0.0,0.0,0.0,-0.0,0.0,1000.0,0.0,0.0,0.0,-0.0,0.0,-0.0,-0.0,0.0,0.030000000000001137,0.0005250722094907142,0.0,0.0,0.0,0.0,0.0,0.0,0.0,0.0,0.0,0.0,0.0,0.0,0.0,0.0,0.0,0.0,0.0,0.0,0.0,0.0
209,2024-10-30,2024-10-31,1,57.15,57.18,100.05,100.09,1.7504372158097237,1.7478209132231541,1.7481396759069276,99.94039981809995,1.0,1.0,1.0,100.09,-0.001495774741522509,0.0,-0.001495774741522509,True,False,True,0,0,1746.0,0.0,0.0,0.0,-0.0,0.0,999.0,0.0,0.0,0.0,-0.0,0.0,-0.0,-0.0,0.0,0.030000000000001137,0.0005247966533460965,0.0,0.04000000000000625,0.00039972020118512954,0.0,0.0,0.0,0.0,0.0,0.0,0.0,0.0,0.0,0.0,0.0,0.0,0.0,0.0,0.0,0.0,0.0
210,2024-10-31,2024-11-01,1,57.18,57.06,100.09,99.91,1.7509638976515947,1.7481396759069276,1.7484149862073999,99.7488499072493,1.0,1.0,1.0,99.91,-0.001614254793309259,0.0,-0.001614254793309259,False,False,True,0,0,1750.0,0.0,0.0,0.0,-0.0,0.0,1001.0,0.0,0.0,0.0,-0.0,0.0,-0.0,-0.0,0.0,-0.11999999999999744,-0.002100841108811728,-0.0,-0.18000000000000682,-0.0018000004860003476,-0.0,0.0,0.0,0.0,0.0,0.0,0.0,0.0,0.0,0.0,0.0,0.0,0.0,0.0,0.0,0.0,0.0
211,2024-11-01,2024-11-04,3,57.06,57.33,99.91,100.19,1.7476016047444618,1.7484149862073999,1.748578714461252,100.23663115927023,1.0,1.0,1.0,100.19,0.0004653190031873578,0.0,0.0004653190031873578,False,False,True,0,0,1745.0,0.0,0.0,0.0,-0.0,0.0,998.0,0.0,0.0,0.0,-0.0,0.0,-0.0,-0.0,0.0,0.269999999999996,0.004720701134937394,0.0,0.28000000000000114,0.0027986025262443192,0.0,0.0,0.0,0.0,0.0,0.0,0.0,0.0,0.0,0.0,0.0,0.0,0.0,0.0,0.0,0.0,0.0
212,2024-11-04,2024-11-05,1,57.33,57.39,100.19,100.26,1.7469942498693152,1.748578714461252,1.7486278028215696,100.35093242293125,1.0,1.0,1.0,100.26,0.0009065550721554992,0.0,0.0009065550721554992,False,False,True,0,0,1743.0,0.0,0.0,0.0,-0.0,0.0,997.0,0.0,0.0,0.0,-0.0,0.0,-0.0,-0.0,0.0,0.060000000000002274,0.0010460251999797707,0.0,0.07000000000000739,0.0006984285641857085,0.0,0.0,0.0,0.0,0.0,0.0,0.0,0.0,0.0,0.0,0.0,0.0,0.0,0.0,0.0,0.0,0.0
213,2024-11-05,2024-11-06,1,57.39,56.66,100.26,99.05,1.7481468408048007,1.7486278028215696,1.7486935925089706,99.07725130787013,1.0,1.0,1.0,99.05,0.00027508894270817307,0.0,0.00027508894270817307,False,False,True,0,0,1766.0,0.0,0.0,0.0,-0.0,0.0,1010.0,0.0,0.0,0.0,-0.0,0.0,-0.0,-0.0,0.0,-0.730000000000004,-0.012801577717900803,-0.0,-1.210000000000008,-0.012142038690797503,-0.0,0.0,0.0,0.0,0.0,0.0,0.0,0.0,0.0,0.0,0.0,0.0,0.0,0.0,0.0,0.0,0.0
214,2024-11-06,2024-11-07,1,56.66,57.0,99.05,99.61,1.7475438596491228,1.7486935925089706,1.748811629094968,99.67553477301132,1.0,1.0,1.0,99.61,0.0006576972628575971,0.0,0.0006576972628575971,False,False,True,0,0,1756.0,0.0,0.0,0.0,-0.0,0.0,1004.0,0.0,0.0,0.0,-0.0,0.0,-0.0,-0.0,0.0,0.3400000000000034,0.005982773432179657,0.0,0.5600000000000023,0.0056377880125144985,0.0,0.0,0.0,0.0,0.0,0.0,0.0,0.0,0.0,0.0,0.0,0.0,0.0,0.0,0.0,0.0,0.0
215,2024-11-07,2024-11-08,1,57.0,57.44,99.61,100.43,1.748433147632312,1.748811629094968,1.7489761733606919,100.45173997521496,1.0,1.0,1.0,100.43,0.00021644550970656407,0.0,0.00021644550970656407,False,False,True,0,0,1742.0,0.0,0.0,0.0,-0.0,0.0,996.0,0.0,0.0,0.0,-0.0,0.0,-0.0,-0.0,0.0,0.4399999999999977,0.007689656905418571,0.0,0.8200000000000074,0.00819840624817334,0.0,0.0,0.0,0.0,0.0,0.0,0.0,0.0,0.0,0.0,0.0,0.0,0.0,0.0,0.0,0.0,0.0
216,2024-11-08,2024-11-11,3,57.44,57.41,100.43,100.29,1.7469082041456194,1.7489761733606919,1.7489650618288421,100.40872211263732,1.0,1.0,1.0,100.29,0.0011830880160623293,0.0,0.0011830880160623293,False,False,True,0,0,1744.0,0.0,0.0,0.0,-0.0,0.0,997.0,0.0,0.0,0.0,-0.0,0.0,-0.0,-0.0,0.0,-0.030000000000001137,-0.0005224205604233493,-0.0,-0.14000000000000057,-0.0013949783051307233,-0.0,0.0,0.0,0.0,0.0,0.0,0.0,0.0,0.0,0.0,0.0,0.0,0.0,0.0,0.0,0.0,0.0
217,2024-11-11,2024-11-12,1,57.41,57.35,100.29,100.1,1.7454228421970357,1.7489650618288421,1.7489420455056899,100.3031462958841,1.0,1.0,1.0,100.1,0.0020273770070069557,0.0,0.0020273770070069557,False,False,True,0,0,1747.0,0.0,0.0,0.0,-0.0,0.0,999.0,0.0,0.0,0.0,-0.0,0.0,-0.0,-0.0,0.0,-0.05999999999999517,-0.0010456606041656326,-0.0,-0.19000000000001194,-0.0018963027789421917,-0.0,0.0,0.0,0.0,0.0,0.0,0.0,0.0,0.0,0.0,0.0,0.0,0.0,0.0,0.0,0.0,0.0
218,2024-11-12,2024-11-13,1,57.35,57.44,100.1,100.09,1.7425139275766017,1.7489420455056899,1.7489073335093686,100.45923109384682,1.0,1.0,1.0,100.09,0.003682203207875993,0.0,0.003682203207875993,False,False,True,0,0,1747.0,0.0,0.0,0.0,-0.0,0.0,999.0,0.0,0.0,0.0,-0.0,0.0,-0.0,-0.0,0.0,0.0899999999999963,0.001568081164588987,0.0,-0.009999999999990905,-9.990509024735905e-05,-0.0,0.0,0.0,0.0,0.0,0.0,0.0,0.0,0.0,0.0,0.0,0.0,0.0,0.0,0.0,0.0,0.0
219,2024-11-13,2024-11-14,1,57.44,57.37,100.09,100.23,1.7470803555865437,1.7489073335093686,1.7490494296113437,100.33481372343248,1.0,1.0,1.0,100.23,0.001045185653737452,0.0,0.001045185653737452,False,False,True,0,0,1745.0,0.0,0.0,0.0,-0.0,0.0,998.0,0.0,0.0,0.0,-0.0,0.0,-0.0,-0.0,0.0,-0.07000000000000028,-0.0012194061261890864,-0.0,0.14000000000000057,0.001397763805847409,0.0,0.0,0.0,0.0,0.0,0.0,0.0,0.0,0.0,0.0,0.0,0.0,0.0,0.0,0.0,0.0,0.0
220,2024-11-14,2024-11-15,1,57.37,57.45,100.23,100.33,1.7463881636205394,1.7490494296113437,1.7490961105196434,100.4828897311717,1.0,1.0,1.0,100.33,0.0015227086360616127,0.0,0.0015227086360616127,False,False,True,0,0,1744.0,0.0,0.0,0.0,-0.0,0.0,997.0,0.0,0.0,0.0,-0.0,0.0,-0.0,-0.0,0.0,0.0800000000000054,0.0013934856809849948,0.0,0.09999999999999432,0.0009972079007465379,0.0,0.0,0.0,0.0,0.0,0.0,0.0,0.0,0.0,0.0,0.0,0.0,0.0,0.0,0.0,0.0,0.0
221,2024-11-15,2024-11-18,3,57.45,57.39,100.33,100.36,1.7487367137131904,1.7490961105196434,1.7492720766400853,100.38062578272233,1.0,1.0,1.0,100.36,0.00020549684663480602,0.0,0.00020549684663480602,False,False,True,0,0,1742.0,0.0,0.0,0.0,-0.0,0.0,996.0,0.0,0.0,0.0,-0.0,0.0,-0.0,-0.0,0.0,-0.060000000000002274,-0.001044932174493539,-0.0,0.030000000000001137,0.0002989685607001446,0.0,0.0,0.0,0.0,0.0,0.0,0.0,0.0,0.0,0.0,0.0,0.0,0.0,0.0,0.0,0.0,0.0
222,2024-11-18,2024-11-19,1,57.39,57.53,100.36,100.53,1.7474361202850686,1.7492720766400853,1.7493182201717725,100.63562256910411,1.0,1.0,1.0,100.53,0.0010501056538509287,0.0,0.0010501056538509287,False,False,True,0,0,1741.0,0.0,0.0,0.0,-0.0,0.0,995.0,0.0,0.0,0.0,-0.0,0.0,-0.0,-0.0,0.0,0.14000000000000057,0.0024364787549308055,0.0,0.1700000000000017,0.0016924689191072418,0.0,0.0,0.0,0.0,0.0,0.0,0.0,0.0,0.0,0.0,0.0,0.0,0.0,0.0,0.0,0.0,0.0
223,2024-11-19,2024-11-20,1,57.53,57.53,100.53,100.39,1.7450026073353033,1.7493182201717725,1.7490024454418769,100.63827720648207,1.0,1.0,1.0,100.39,0.0024700737246111425,0.0,0.0024700737246111425,False,False,True,0,0,1742.0,0.0,0.0,0.0,-0.0,0.0,996.0,0.0,0.0,0.0,-0.0,0.0,-0.0,-0.0,0.0,0.0,0.0,0.0,-0.14000000000000057,-0.0013935897138935298,-0.0,0.0,0.0,0.0,0.0,0.0,0.0,0.0,0.0,0.0,0.0,0.0,0.0,0.0,0.0,0.0,0.0
224,2024-11-20,2024-11-21,1,57.53,57.5,100.39,100.35,1.7452173913043478,1.7490024454418769,1.7485660158138288,100.56764061290792,1.0,1.0,1.0,100.35,0.002166466790771523,0.0,0.002166466790771523,False,False,True,0,0,1744.0,0.0,0.0,0.0,-0.0,0.0,997.0,0.0,0.0,0.0,-0.0,0.0,-0.0,-0.0,0.0,-0.030000000000001137,-0.0005216030718973465,-0.0,-0.04000000000000625,-0.0003985254610881353,-0.0,0.0,0.0,0.0,0.0,0.0,0.0,0.0,0.0,0.0,0.0,0.0,0.0,0.0,0.0,0.0,0.0
225,2024-11-21,2024-11-22,1,57.5,57.56,100.35,100.42,1.7446143154968727,1.7485660158138288,1.747846084056296,100.64745987024399,1.0,1.0,1.0,100.42,0.0022625239053762087,0.0,0.0022625239053762087,False,False,True,0,0,1742.0,0.0,0.0,0.0,-0.0,0.0,996.0,0.0,0.0,0.0,-0.0,0.0,-0.0,-0.0,0.0,0.060000000000002274,0.0010429342158624476,0.0,0.07000000000000739,0.0006973153642124606,0.0,0.0,0.0,0.0,0.0,0.0,0.0,0.0,0.0,0.0,0.0,0.0,0.0,0.0,0.0,0.0,0.0
226,2024-11-22,2024-11-25,3,57.56,57.75,100.42,100.8,1.7454545454545454,1.747846084056296,1.7473563900554052,100.93811135425109,1.0,1.0,1.0,100.8,0.0013692145217476799,0.0,0.0013692145217476799,False,False,True,0,0,1734.0,0.0,0.0,0.0,-0.0,0.0,992.0,0.0,0.0,0.0,-0.0,0.0,-0.0,-0.0,0.0,0.18999999999999773,0.0032954673827357245,0.0,0.37999999999999545,0.003776965030708794,0.0,0.0,0.0,0.0,0.0,0.0,0.0,0.0,0.0,0.0,0.0,0.0,0.0,0.0,0.0,0.0,0.0
227,2024-11-25,2024-11-26,1,57.75,57.78,100.8,100.78,1.7442021460713049,1.7473563900554052,1.7469877158463654,100.96225221740131,1.0,1.0,1.0,100.78,0.0018067833086804395,0.0,0.0018067833086804395,False,False,True,0,0,1733.0,0.0,0.0,0.0,-0.0,0.0,992.0,0.0,0.0,0.0,-0.0,0.0,-0.0,-0.0,0.0,0.030000000000001137,0.0005193456361863339,0.0,-0.01999999999999602,-0.0001984323848162081,-0.0,0.0,0.0,0.0,0.0,0.0,0.0,0.0,0.0,0.0,0.0,0.0,0.0,0.0,0.0,0.0,0.0
228,2024-11-26,2024-11-27,1,57.78,57.89,100.78,100.92,1.743306270513042,1.7469877158463654,1.7466202209730675,101.1331188703461,1.0,1.0,1.0,100.92,0.002109533874770717,0.0,0.002109533874770717,False,False,True,0,0,1731.0,0.0,0.0,0.0,-0.0,0.0,991.0,0.0,0.0,0.0,-0.0,0.0,-0.0,-0.0,0.0,0.10999999999999943,0.0019019630528240691,0.0,0.14000000000000057,0.0013882005204049449,0.0,0.0,0.0,0.0,0.0,0.0,0.0,0.0,0.0,0.0,0.0,0.0,0.0,0.0,0.0,0.0,0.0
229,2024-11-27,2024-11-29,2,57.89,58.0,100.92,101.2,1.7448275862068967,1.7466202209730675,1.7463397394929259,101.30397281643792,1.0,1.0,1.0,101.2,0.0010268719583933566,0.0,0.0010268719583933566,True,False,True,0,0,1726.0,0.0,0.0,0.0,-0.0,0.0,988.0,0.0,0.0,0.0,-0.0,0.0,-0.0,-0.0,0.0,0.10999999999999943,0.0018983524555061,0.0,0.28000000000000114,0.00277063308050812,0.0,0.0,0.0,0.0,0.0,0.0,0.0,0.0,0.0,0.0,0.0,0.0,0.0,0.0,0.0,0.0,0.0
230,2024-11-29,2024-12-02,3,58.0,57.98,101.2,101.27,1.7466367713004485,1.7463397394929259,1.7461233831753689,101.25277809579984,1.0,1.0,1.0,101.27,-0.00017007375075139318,0.0,-0.00017007375075139318,False,False,True,0,0,1724.0,0.0,0.0,0.0,-0.0,0.0,987.0,0.0,0.0,0.0,-0.0,0.0,-0.0,-0.0,0.0,-0.020000000000003126,-0.00034488705290991234,-0.0,0.06999999999999318,0.0006914604908284027,0.0,0.0,0.0,0.0,0.0,0.0,0.0,0.0,0.0,0.0,0.0,0.0,0.0,0.0,0.0,0.0,0.0
231,2024-12-02,2024-12-03,1,57.98,57.95,101.27,101.04,1.743572044866264,1.7461233831753689,1.745921905181459,101.18785005501263,1.0,1.0,1.0,101.04,0.0014622128585669496,0.0,0.0014622128585669496,False,False,True,0,0,1729.0,0.0,0.0,0.0,-0.0,0.0,990.0,0.0,0.0,0.0,-0.0,0.0,-0.0,-0.0,0.0,-0.02999999999999403,-0.0005175537077486283,-0.0,-0.22999999999998977,-0.0022737393019578514,-0.0,0.0,0.0,0.0,0.0,0.0,0.0,0.0,0.0,0.0,0.0,0.0,0.0,0.0,0.0,0.0,0.0
232,2024-12-03,2024-12-04,1,57.95,58.07,101.04,101.14,1.7416910625107629,1.745921905181459,1.745656745813531,101.38568503388733,1.0,1.0,1.0,101.14,0.0024262123035413696,0.0,0.0024262123035413696,False,False,True,0,0,1727.0,0.0,0.0,0.0,-0.0,0.0,989.0,0.0,0.0,0.0,-0.0,0.0,-0.0,-0.0,0.0,0.11999999999999744,0.0020686095981978085,0.0,0.09999999999999432,0.000989217609601323,0.0,0.0,0.0,0.0,0.0,0.0,0.0,0.0,0.0,0.0,0.0,0.0,0.0,0.0,0.0,0.0,0.0
233,2024-12-04,2024-12-05,1,58.07,58.05,101.14,101.26,1.7443583118001724,1.745656745813531,1.7454673193633,101.33537409447547,1.0,1.0,1.0,101.26,0.0007440850837785269,0.0,0.0007440850837785269,False,False,True,0,0,1725.0,0.0,0.0,0.0,-0.0,0.0,988.0,0.0,0.0,0.0,-0.0,0.0,-0.0,-0.0,0.0,-0.020000000000003126,-0.0003444712400580364,-0.0,0.12000000000000455,0.001185770889926138,0.0,0.0,0.0,0.0,0.0,0.0,0.0,0.0,0.0,0.0,0.0,0.0,0.0,0.0,0.0,0.0,0.0
234,2024-12-05,2024-12-06,1,58.05,58.08,101.26,101.22,1.7427685950413223,1.7454673193633,1.7452285561329095,101.37674190862046,1.0,1.0,1.0,101.22,0.0015473293244187309,0.0,0.0015473293244187309,False,False,True,0,0,1725.0,0.0,0.0,0.0,-0.0,0.0,988.0,0.0,0.0,0.0,-0.0,0.0,-0.0,-0.0,0.0,0.030000000000001137,0.000516662372640205,0.0,-0.04000000000000625,-0.0003951007558312289,-0.0,0.0,0.0,0.0,0.0,0.0,0.0,0.0,0.0,0.0,0.0,0.0,0.0,0.0,0.0,0.0,0.0
235,2024-12-06,2024-12-09,3,58.08,58.01,101.22,101.09,1.7426305809343219,1.7452285561329095,1.7449384277980102,101.24070854127008,1.0,1.0,1.0,101.09,0.0014897251161594374,0.0,0.0014897251161594374,False,False,True,0,0,1726.0,0.0,0.0,0.0,-0.0,0.0,989.0,0.0,0.0,0.0,-0.0,0.0,-0.0,-0.0,0.0,-0.07000000000000028,-0.0012059610385676545,-0.0,-0.12999999999999545,-0.001285156619965703,-0.0,0.0,0.0,0.0,0.0,0.0,0.0,0.0,0.0,0.0,0.0,0.0,0.0,0.0,0.0,0.0,0.0
236,2024-12-09,2024-12-10,1,58.01,57.94,101.09,100.99,1.7430100103555402,1.7449384277980102,1.7447435181085063,101.10173250661671,1.0,1.0,1.0,100.99,0.0011057604050945483,0.0,0.0011057604050945483,False,False,True,0,0,1727.0,0.0,0.0,0.0,-0.0,0.0,990.0,0.0,0.0,0.0,-0.0,0.0,-0.0,-0.0,0.0,-0.07000000000000028,-0.0012074171367686681,-0.0,-0.10000000000000853,-0.0009897071275007227,-0.0,0.0,0.0,0.0,0.0,0.0,0.0,0.0,0.0,0.0,0.0,0.0,0.0,0.0,0.0,0.0,0.0
237,2024-12-10,2024-12-11,1,57.94,57.82,100.99,100.83,1.7438602559667935,1.7447435181085063,1.7446653887969945,100.88107021703384,1.0,1.0,1.0,100.83,0.0005063700080530117,0.0,0.0005063700080530117,False,False,True,0,0,1731.0,0.0,0.0,0.0,-0.0,0.0,992.0,0.0,0.0,0.0,-0.0,0.0,-0.0,-0.0,0.0,-0.11999999999999744,-0.002073255753004299,-0.0,-0.1599999999999966,-0.0015855716333415737,-0.0,0.0,0.0,0.0,0.0,0.0,0.0,0.0,0.0,0.0,0.0,0.0,0.0,0.0,0.0,0.0,0.0
238,2024-12-11,2024-12-12,1,57.82,57.71,100.83,100.58,1.742852191994455,1.7446653887969945,1.7446823020178868,100.68463958747455,1.0,1.0,1.0,100.58,0.001039820975182598,0.0,0.001039820975182598,False,False,True,0,0,1734.0,0.0,0.0,0.0,-0.0,0.0,994.0,0.0,0.0,0.0,-0.0,0.0,-0.0,-0.0,0.0,-0.10999999999999943,-0.0019042678653249517,-0.0,-0.25,-0.002482499661305329,-0.0,0.0,0.0,0.0,0.0,0.0,0.0,0.0,0.0,0.0,0.0,0.0,0.0,0.0,0.0,0.0,0.0
239,2024-12-12,2024-12-13,1,57.71,57.55,100.58,100.43,1.7450912250217205,1.7446823020178868,1.7445828454896457,100.40646648112939,1.0,1.0,1.0,100.43,-0.0002343550391088551,0.0,-0.0002343550391088551,False,False,True,0,0,1738.0,0.0,0.0,0.0,-0.0,0.0,996.0,0.0,0.0,0.0,-0.0,0.0,-0.0,-0.0,0.0,-0.1600000000000037,-0.002776333554983516,-0.0,-0.14999999999999147,-0.0014924633385709504,-0.0,0.0,0.0,0.0,0.0,0.0,0.0,0.0,0.0,0.0,0.0,0.0,0.0,0.0,0.0,0.0,0.0
