,from date,to date,from CWB price,to CWB price,CWB cod,CWB pct cod,from ICVT price,to ICVT price,ICVT cod,ICVT pct cod,to ICVT / to CWB,to ICVT / to ICVT,ICVT / CWB moving avg,prev ICVT / CWB moving avg,to CWB unit price,ICVT / ICVT moving avg,prev ICVT / ICVT moving avg,to ICVT unit price,CWB unit price pct diff,ICVT unit price pct diff,unit price pct diff,go short,exit short,current_position,new_position,month end liquidation,CWB shares per unit,ICVT shares per unit,CWB current shares,CWB target shares,CWB shares to trade,CWB shares to buy,CWB shares to sell,ICVT current shares,ICVT target shares,ICVT shares to trade,ICVT shares to buy,ICVT shares to sell,CWB daily position pnl,CWB daily commission,CWB investment amount,ICVT daily position pnl,ICVT daily commission,ICVT investment amount,daily position pnl,daily total commissions,daily net profit,cumulative net profit,drawdown,gross investment amount,net investment amount
0,2024-01-02,2024-01-03,71.56,70.81,-0.75,-0.010536024976835858,77.82,77.08,-0.7399999999999949,-0.009554624010241838,1.0885468154215505,1.0,,,,,,,,,,False,False,0,0,False,,,,,,,,,,,,,,,,,,,0.0,0.0,0.0,0.0,0.0,0.0,0.0
1,2024-01-03,2024-01-04,70.81,70.62,-0.18999999999999773,-0.002686843163442213,77.08,76.88,-0.20000000000000284,-0.0025980788841286745,1.0886434437836305,1.0,,,,,,,,,,False,False,0,0,False,,,,,,,,,,,,,,,,,,,0.0,0.0,0.0,0.0,0.0,0.0,0.0
2,2024-01-04,2024-01-05,70.62,70.73,0.10999999999999943,0.001556420547658158,76.88,76.72,-0.1599999999999966,-0.0020833340868542517,1.084688251095716,1.0,,,,,,,,,,False,False,0,0,False,,,,,,,,,,,,,,,,,,,0.0,0.0,0.0,0.0,0.0,0.0,0.0
3,2024-01-05,2024-01-08,70.73,71.19,0.45999999999999375,0.006482548067883191,76.72,77.28,0.5600000000000023,0.007272759329079878,1.0855457227138643,1.0,,,,,,,,,,False,False,0,0,False,,,,,,,,,,,,,,,,,,,0.0,0.0,0.0,0.0,0.0,0.0,0.0
4,2024-01-08,2024-01-09,71.19,71.13,-0.060000000000002274,-0.000843170370358081,77.28,77.3,0.01999999999999602,0.0002587656891136425,1.0867425840011247,1.0,,,,,,,,,,False,False,0,0,False,,,,,,,,,,,,,,,,,,,0.0,0.0,0.0,0.0,0.0,0.0,0.0
5,2024-01-09,2024-01-10,71.13,71.37,0.2400000000000091,0.003368424237552286,77.3,77.56,0.2600000000000051,0.0033578747810747785,1.0867311195180047,1.0,,,,,,,,,,False,False,0,0,False,,,,,,,,,,,,,,,,,,,0.0,0.0,0.0,0.0,0.0,0.0,0.0
6,2024-01-10,2024-01-11,71.37,71.34,-0.030000000000001137,-0.00042043305223051056,77.56,77.55,-0.010000000000005116,-0.0001289407519032922,1.0870479394449115,1.0,,,,,,,,,,False,False,0,0,False,,,,,,,,,,,,,,,,,,,0.0,0.0,0.0,0.0,0.0,0.0,0.0
7,2024-01-11,2024-01-12,71.34,71.26,-0.0799999999999983,-0.001122019753055492,77.55,77.37,-0.1799999999999926,-0.0023237810611845796,1.0857423519506033,1.0,,,,,,,,,,False,False,0,0,False,,,,,,,,,,,,,,,,,,,0.0,0.0,0.0,0.0,0.0,0.0,0.0
8,2024-01-12,2024-01-16,71.26,71.02,-0.2400000000000091,-0.00337363266274824,77.37,77.29,-0.0799999999999983,-0.001034527442583418,1.0882849901436216,1.0,,,,,,,,,,False,False,0,0,False,,,,,,,,,,,,,,,,,,,0.0,0.0,0.0,0.0,0.0,0.0,0.0
9,2024-01-16,2024-01-17,71.02,70.67,-0.3499999999999943,-0.004940372812178827,77.29,76.88,-0.4100000000000108,-0.005318816456742686,1.0878732135276636,1.0,,,,,,,,,,False,False,0,0,False,,,,,,,,,,,,,,,,,,,0.0,0.0,0.0,0.0,0.0,0.0,0.0
10,2024-01-17,2024-01-18,70.67,70.76,0.09000000000000341,0.0012727145888216493,76.88,77.1,0.21999999999999886,0.0028575159072466295,1.0895986433013,1.0,,,,,,,,,,False,False,0,0,False,,,,,,,,,,,,,,,,,,,0.0,0.0,0.0,0.0,0.0,0.0,0.0
11,2024-01-18,2024-01-19,70.76,71.11,0.3499999999999943,0.004934104603841902,77.1,77.37,0.27000000000001023,0.003495827992079504,1.0880326255097736,1.0,,,,,,,,,,False,False,0,0,False,,,,,,,,,,,,,,,,,,,0.0,0.0,0.0,0.0,0.0,0.0,0.0
12,2024-01-19,2024-01-22,71.11,71.54,0.4300000000000068,0.006028759935445188,77.37,77.82,0.44999999999998863,0.005799358995044237,1.0877830584288508,1.0,,,,,,,,,,False,False,0,0,False,,,,,,,,,,,,,,,,,,,0.0,0.0,0.0,0.0,0.0,0.0,0.0
13,2024-01-22,2024-01-23,71.54,71.45,-0.09000000000000341,-0.0012588294549953588,77.82,77.88,0.060000000000002274,0.0007707129475915242,1.08999300209937,1.0,,,,,,,,,,False,False,0,0,False,,,,,,,,,,,,,,,,,,,0.0,0.0,0.0,0.0,0.0,0.0,0.0
14,2024-01-23,2024-01-24,71.45,71.27,-0.18000000000000682,-0.0025224228620971904,77.88,77.59,-0.28999999999999204,-0.003730627598140941,1.0886768626350498,1.0,,,,,,,,,,False,False,0,0,False,,,,,,,,,,,,,,,,,,,0.0,0.0,0.0,0.0,0.0,0.0,0.0
15,2024-01-24,2024-01-25,71.27,71.36,0.09000000000000341,0.0012620067579746047,77.59,77.64,0.04999999999999716,0.0006442053949515445,1.0880044843049328,1.0,,,,,,,,,,False,False,0,0,False,,,,,,,,,,,,,,,,,,,0.0,0.0,0.0,0.0,0.0,0.0,0.0
16,2024-01-25,2024-01-26,71.36,71.26,-0.09999999999999432,-0.0014023280940638552,77.64,77.69,0.04999999999999716,0.0006437906615198632,1.090232949761437,1.0,,,,,,,,,,False,False,0,0,False,,,,,,,,,,,,,,,,,,,0.0,0.0,0.0,0.0,0.0,0.0,0.0
17,2024-01-26,2024-01-29,71.26,71.76,0.5,0.006992057572850793,77.69,78.22,0.5300000000000011,0.006798820365038755,1.0900222965440356,1.0,,,,,,,,,,False,False,0,0,False,,,,,,,,,,,,,,,,,,,0.0,0.0,0.0,0.0,0.0,0.0,0.0
18,2024-01-29,2024-01-30,71.76,71.6,-0.1600000000000108,-0.002232143783940894,78.22,78.01,-0.20999999999999375,-0.002688345727146161,1.0895251396648047,1.0,,,,,,,,,,False,False,0,0,False,,,,,,,,,,,,,,,,,,,0.0,0.0,0.0,0.0,0.0,0.0,0.0
19,2024-01-30,2024-01-31,71.6,71.14,-0.45999999999999375,-0.006445307446290714,78.01,77.51,-0.5,-0.00643006330680167,1.089541748664605,1.0,1.0880628621257427,,,1.0,,,,,,False,False,0,0,True,,,,,,,,,,,,,,,,,,,0.0,0.0,0.0,0.0,0.0,0.0,0.0
20,2024-01-31,2024-02-01,71.14,71.52,0.37999999999999545,0.005327364344949493,77.51,77.58,0.06999999999999318,0.0009027017184010331,1.0847315436241611,1.0,1.087872098535873,1.0880628621257427,77.81825589923311,1.0,1.0,77.58,0.003066393307223669,0.0,0.003066393307223669,False,True,0,0,False,1403.0,1289.0,0.0,0.0,0.0,0.0,-0.0,0.0,0.0,0.0,0.0,-0.0,0.0,-0.0,0.0,0.0,-0.0,0.0,0.0,0.0,0.0,0.0,0.0,0.0,0.0
21,2024-02-01,2024-02-02,71.52,71.43,-0.0899999999999892,-0.0012591816983774501,77.58,77.59,0.010000000000005116,0.00012889089403687016,1.0862382752344952,1.0,1.0877518401084163,1.087872098535873,77.70670399841741,1.0,1.0,77.59,0.0015029812917042615,0.0,0.0015029812917042615,False,True,0,0,False,1402.0,1289.0,0.0,0.0,0.0,0.0,-0.0,0.0,0.0,0.0,0.0,-0.0,-0.0,-0.0,0.0,0.0,-0.0,0.0,0.0,0.0,0.0,0.0,0.0,0.0,0.0
22,2024-02-02,2024-02-05,71.43,70.96,-0.4700000000000131,-0.006601611165557246,77.59,77.27,-0.3200000000000074,-0.004132770960365509,1.0889233370913192,1.0,1.0879635944081965,1.0877518401084163,77.18687057409322,1.0,1.0,77.27,-0.0010764096621191925,0.0,-0.0010764096621191925,False,True,0,0,False,1408.0,1294.0,0.0,0.0,0.0,0.0,-0.0,0.0,0.0,0.0,0.0,-0.0,-0.0,-0.0,0.0,-0.0,-0.0,0.0,0.0,0.0,0.0,0.0,0.0,0.0,0.0
23,2024-02-05,2024-02-06,70.96,71.37,0.4100000000000108,0.0057612749816521504,77.27,77.65,0.38000000000000966,0.0049057676492037,1.087992153565924,1.0,1.0880859159507994,1.0879635944081965,77.64796173291299,1.0,1.0,77.65,-2.624975967986885e-05,0.0,-2.624975967986885e-05,False,True,0,0,False,1401.0,1288.0,0.0,0.0,0.0,0.0,-0.0,0.0,0.0,0.0,0.0,-0.0,0.0,-0.0,0.0,0.0,-0.0,0.0,0.0,0.0,0.0,0.0,0.0,0.0,0.0
24,2024-02-06,2024-02-07,71.37,71.51,0.14000000000000057,0.0019596870773285393,77.65,77.74,0.0899999999999892,0.0011583758293809596,1.0871206824220387,1.0,1.0881048208718451,1.0880859159507994,77.80902384964168,1.0,1.0,77.74,0.0008874868188033504,0.0,0.0008874868188033504,False,True,0,0,False,1399.0,1286.0,0.0,0.0,0.0,0.0,-0.0,0.0,0.0,0.0,0.0,-0.0,0.0,-0.0,0.0,0.0,-0.0,0.0,0.0,0.0,0.0,0.0,0.0,0.0,0.0
25,2024-02-07,2024-02-08,71.51,71.85,0.3399999999999892,0.0047433124647292746,77.74,78.19,0.45000000000000284,0.005771836712345614,1.088239387613083,1.0,1.088180234276599,1.0881048208718451,78.18033137964207,1.0,1.0,78.19,-0.00012366310520604126,0.0,-0.00012366310520604126,False,True,0,0,False,1392.0,1279.0,0.0,0.0,0.0,0.0,-0.0,0.0,0.0,0.0,0.0,-0.0,0.0,-0.0,0.0,0.0,-0.0,0.0,0.0,0.0,0.0,0.0,0.0,0.0,0.0
26,2024-02-08,2024-02-09,71.85,72.14,0.29000000000000625,0.004028062950359043,78.19,78.55,0.35999999999999943,0.004593602565207521,1.0888550041585805,1.0,1.0882705875122825,1.088180234276599,78.50132210071385,1.0,1.0,78.55,-0.000619898007782924,0.0,-0.000619898007782924,False,True,0,0,False,1385.0,1273.0,0.0,0.0,0.0,0.0,-0.0,0.0,0.0,0.0,0.0,-0.0,0.0,-0.0,0.0,0.0,-0.0,0.0,0.0,0.0,0.0,0.0,0.0,0.0,0.0
27,2024-02-09,2024-02-12,72.14,72.26,0.12000000000000455,0.0016620502441012039,78.55,78.75,0.20000000000000284,0.0025429130041123332,1.0898145585386105,1.0,1.0884741978416828,1.0882705875122825,78.63843265363754,1.0,1.0,78.75,-0.0014177327160401843,0.0,-0.0014177327160401843,False,True,0,0,False,1382.0,1270.0,0.0,0.0,0.0,0.0,-0.0,0.0,0.0,0.0,0.0,-0.0,0.0,-0.0,0.0,0.0,-0.0,0.0,0.0,0.0,0.0,0.0,0.0,0.0,0.0
28,2024-02-12,2024-02-13,72.26,71.44,-0.8200000000000074,-0.011412789151250704,78.75,77.84,-0.9099999999999966,-0.011622839827992807,1.0895856662933932,1.0,1.0885392316491713,1.0884741978416828,77.76059669380982,1.0,1.0,77.84,-0.0010206042235026119,0.0,-0.0010206042235026119,False,True,0,0,False,1399.0,1285.0,0.0,0.0,0.0,0.0,-0.0,0.0,0.0,0.0,0.0,-0.0,-0.0,-0.0,0.0,-0.0,-0.0,0.0,0.0,0.0,0.0,0.0,0.0,0.0,0.0
29,2024-02-13,2024-02-14,71.44,71.98,0.5400000000000063,0.007530366082641055,77.84,78.36,0.519999999999996,0.006658155198590308,1.0886357321478188,1.0,1.0885773575801792,1.0885392316491713,78.35305389410736,1.0,1.0,78.36,-8.864744479909092e-05,0.0,-8.864744479909092e-05,False,True,0,0,False,1389.0,1276.0,0.0,0.0,0.0,0.0,-0.0,0.0,0.0,0.0,0.0,-0.0,0.0,-0.0,0.0,0.0,-0.0,0.0,0.0,0.0,0.0,0.0,0.0,0.0,0.0
30,2024-02-14,2024-02-15,71.98,72.21,0.22999999999998977,0.003190237812205436,78.36,78.62,0.2600000000000051,0.0033125269173742587,1.0887688685777595,1.0,1.088535868844002,1.0885773575801792,78.60617099086473,1.0,1.0,78.62,-0.00017591230625014316,0.0,-0.00017591230625014316,False,True,0,0,False,1385.0,1272.0,0.0,0.0,0.0,0.0,-0.0,0.0,0.0,0.0,0.0,-0.0,0.0,-0.0,0.0,0.0,-0.0,0.0,0.0,0.0,0.0,0.0,0.0,0.0,0.0
31,2024-02-15,2024-02-16,72.21,71.91,-0.29999999999999716,-0.004163203348687544,78.62,78.33,-0.29000000000000625,-0.00369544861456718,1.0892782644972883,1.0,1.0885981507933777,1.088535868844002,78.2766143285722,1.0,1.0,78.33,-0.0006817805713328904,0.0,-0.0006817805713328904,False,True,0,0,False,1390.0,1277.0,0.0,0.0,0.0,0.0,-0.0,0.0,0.0,0.0,0.0,-0.0,-0.0,-0.0,0.0,-0.0,-0.0,0.0,0.0,0.0,0.0,0.0,0.0,0.0,0.0
32,2024-02-16,2024-02-20,71.91,71.59,-0.3199999999999932,-0.00445993770630897,78.33,78.0,-0.3299999999999983,-0.004221844689555452,1.0895376449224752,1.0,1.088685880118059,1.0885981507933777,77.93274161529791,1.0,1.0,78.0,-0.0008626589666338711,0.0,-0.0008626589666338711,False,True,0,0,False,1396.0,1282.0,0.0,0.0,0.0,0.0,-0.0,0.0,0.0,0.0,0.0,-0.0,-0.0,-0.0,0.0,-0.0,-0.0,0.0,0.0,0.0,0.0,0.0,0.0,0.0,0.0
33,2024-02-20,2024-02-21,71.59,70.65,-0.9399999999999977,-0.013217290277557223,78.0,76.98,-1.019999999999996,-0.013163178833991583,1.0895966029723991,1.0,1.0886660601617106,1.088685880118059,76.91565743034087,1.0,1.0,76.98,-0.0008361843924972766,0.0,-0.0008361843924972766,False,True,0,0,False,1414.0,1299.0,0.0,0.0,0.0,0.0,-0.0,0.0,0.0,0.0,0.0,-0.0,-0.0,-0.0,0.0,-0.0,-0.0,0.0,0.0,0.0,0.0,0.0,0.0,0.0,0.0
34,2024-02-21,2024-02-22,70.65,70.73,0.0799999999999983,0.0011317019173621903,76.98,77.11,0.12999999999999545,0.0016873259892690976,1.0902021772939345,1.0,1.0887423258946547,1.0886660601617106,77.0013504352378,1.0,1.0,77.11,-0.0014100140250050885,0.0,-0.0014100140250050885,False,True,0,0,False,1412.0,1297.0,0.0,0.0,0.0,0.0,-0.0,0.0,0.0,0.0,0.0,-0.0,0.0,-0.0,0.0,0.0,-0.0,0.0,0.0,0.0,0.0,0.0,0.0,0.0,0.0
35,2024-02-22,2024-02-23,70.73,70.92,0.18999999999999773,0.002682670158108637,77.11,77.27,0.1599999999999966,0.002072808100623245,1.0895375070501974,1.0,1.0888189770319179,1.0887423258946547,77.21360575244891,1.0,1.0,77.27,-0.0007301001265663068,0.0,-0.0007301001265663068,False,True,0,0,False,1409.0,1294.0,0.0,0.0,0.0,0.0,-0.0,0.0,0.0,0.0,0.0,-0.0,0.0,-0.0,0.0,0.0,-0.0,0.0,0.0,0.0,0.0,0.0,0.0,0.0,0.0
36,2024-02-23,2024-02-26,70.92,71.14,0.21999999999999886,0.0030972853143019043,77.27,77.56,0.29000000000000625,0.003746048428958677,1.0902445881360698,1.0,1.0888195589506497,1.0888189770319179,77.45858202605064,1.0,1.0,77.56,-0.0013084623416553965,0.0,-0.0013084623416553965,False,True,0,0,False,1403.0,1289.0,0.0,0.0,0.0,0.0,-0.0,0.0,0.0,0.0,0.0,-0.0,0.0,-0.0,0.0,0.0,-0.0,0.0,0.0,0.0,0.0,0.0,0.0,0.0,0.0
37,2024-02-26,2024-02-27,71.14,71.55,0.4099999999999966,0.005746739482150735,77.56,78.07,0.5099999999999909,0.006554029757748294,1.0911250873515024,1.0,1.0888746984910231,1.0888195589506497,77.90503944291899,1.0,1.0,78.07,-0.002115218167919662,0.0,-0.002115218167919662,False,True,0,0,False,1395.0,1281.0,0.0,0.0,0.0,0.0,-0.0,0.0,0.0,0.0,0.0,-0.0,0.0,-0.0,0.0,0.0,-0.0,0.0,0.0,0.0,0.0,0.0,0.0,0.0,0.0
38,2024-02-27,2024-02-28,71.55,71.49,-0.060000000000002274,-0.0008389262236995056,78.07,77.96,-0.10999999999999943,-0.0014099854928395247,1.0905021681354035,1.0,1.0889235499145529,1.0888746984910231,77.84365219512324,1.0,1.0,77.96,-0.0014935186032499273,0.0,-0.0014935186032499273,False,True,0,0,False,1397.0,1283.0,0.0,0.0,0.0,0.0,-0.0,0.0,0.0,0.0,0.0,-0.0,-0.0,-0.0,0.0,-0.0,-0.0,0.0,0.0,0.0,0.0,0.0,0.0,0.0,0.0
39,2024-02-28,2024-02-29,71.49,71.68,0.19000000000001194,0.002654188887914698,77.96,78.17,0.21000000000000796,0.002690067592879097,1.090541294642857,1.0,1.0889735272134655,1.0889235499145529,78.05404005787516,1.0,1.0,78.17,-0.0014845341776890534,0.0,-0.0014845341776890534,False,True,0,0,True,1393.0,1279.0,0.0,0.0,0.0,0.0,-0.0,0.0,0.0,0.0,0.0,-0.0,0.0,-0.0,0.0,0.0,-0.0,0.0,0.0,0.0,0.0,0.0,0.0,0.0,0.0
40,2024-02-29,2024-03-01,71.68,71.97,0.28999999999999204,0.004037596853037834,78.17,78.55,0.37999999999999545,0.004849422469391131,1.0914269834653327,1.0,1.089308299205524,1.0889735272134655,78.37342475355311,1.0,1.0,78.55,-0.0022504647887675584,0.0,-0.0022504647887675584,False,True,0,0,False,1386.0,1273.0,0.0,0.0,0.0,0.0,-0.0,0.0,0.0,0.0,0.0,-0.0,0.0,-0.0,0.0,0.0,-0.0,0.0,0.0,0.0,0.0,0.0,0.0,0.0,0.0
41,2024-03-01,2024-03-04,71.97,72.02,0.04999999999999716,0.0006944927010163412,78.55,78.65,0.10000000000000853,0.0012722648026566937,1.0920577617328522,1.0,1.089599273530442,1.089308299205524,78.45198370878184,1.0,1.0,78.65,-0.0025208643634613915,0.0,-0.0025208643634613915,False,True,0,0,False,1385.0,1271.0,0.0,0.0,0.0,0.0,-0.0,0.0,0.0,0.0,0.0,-0.0,0.0,-0.0,0.0,0.0,-0.0,0.0,0.0,0.0,0.0,0.0,0.0,0.0,0.0
42,2024-03-04,2024-03-05,72.02,71.43,-0.5899999999999892,-0.008225909053847881,78.65,78.04,-0.6099999999999994,-0.007786113749376391,1.0925381492370152,1.0,1.0897800141377267,1.089599273530442,77.83007610827948,1.0,1.0,78.04,-0.0026935769056454,0.0,-0.0026935769056454,False,True,0,0,False,1396.0,1281.0,0.0,0.0,0.0,0.0,-0.0,0.0,0.0,0.0,0.0,-0.0,-0.0,-0.0,0.0,-0.0,-0.0,0.0,0.0,0.0,0.0,0.0,0.0,0.0,0.0
43,2024-03-05,2024-03-06,71.43,71.65,0.21999999999999886,0.0030752051072996628,78.04,78.14,0.09999999999999432,0.0012805738720140056,1.0905792044661549,1.0,1.0899093666827384,1.0897800141377267,78.08273801296812,1.0,1.0,78.14,-0.0007330813724637738,0.0,-0.0007330813724637738,False,True,0,0,False,1395.0,1280.0,0.0,0.0,0.0,0.0,-0.0,0.0,0.0,0.0,0.0,-0.0,0.0,-0.0,0.0,0.0,-0.0,0.0,0.0,0.0,0.0,0.0,0.0,0.0,0.0
44,2024-03-06,2024-03-07,71.65,72.06,0.4099999999999966,0.005705951045766181,78.14,78.52,0.37999999999999545,0.0048512797813358025,1.089647515958923,1.0,1.0900357083595824,1.0899093666827384,78.53886896315814,1.0,1.0,78.52,0.00024027886325034658,0.0,0.00024027886325034658,False,True,0,0,False,1389.0,1274.0,0.0,0.0,0.0,0.0,-0.0,0.0,0.0,0.0,0.0,-0.0,0.0,-0.0,0.0,0.0,-0.0,0.0,0.0,0.0,0.0,0.0,0.0,0.0,0.0
45,2024-03-07,2024-03-08,72.06,72.2,0.14000000000000057,0.0019409405788332747,78.52,78.67,0.15000000000000568,0.0019085189328908814,1.0896121883656509,1.0,1.0901043483972108,1.0900357083595824,78.70057814356186,1.0,1.0,78.67,0.0003886132250054766,0.0,0.0003886132250054766,False,True,0,0,False,1385.0,1271.0,0.0,0.0,0.0,0.0,-0.0,0.0,0.0,0.0,0.0,-0.0,0.0,-0.0,0.0,0.0,-0.0,0.0,0.0,0.0,0.0,0.0,0.0,0.0,0.0
46,2024-03-08,2024-03-11,72.2,72.2,0.0,0.0,78.67,78.61,-0.060000000000002274,-0.000762970535486098,1.088781163434903,1.0,1.0901006563610272,1.0901043483972108,78.70553395427862,1.0,1.0,78.61,0.0012145522266121124,0.0,0.0012145522266121124,False,True,0,0,False,1387.0,1272.0,0.0,0.0,0.0,0.0,-0.0,0.0,0.0,0.0,0.0,-0.0,0.0,-0.0,0.0,-0.0,-0.0,0.0,0.0,0.0,0.0,0.0,0.0,0.0,0.0
47,2024-03-11,2024-03-12,72.2,72.43,0.23000000000000398,0.003180532308454121,78.61,78.77,0.1599999999999966,0.0020332959095676817,1.0875327902802705,1.0,1.08998656794811,1.0901006563610272,78.95599054022921,1.0,1.0,78.77,0.0023584017548368046,0.0,0.0023584017548368046,False,True,0,0,False,1384.0,1270.0,0.0,0.0,0.0,0.0,-0.0,0.0,0.0,0.0,0.0,-0.0,0.0,-0.0,0.0,0.0,-0.0,0.0,0.0,0.0,0.0,0.0,0.0,0.0,0.0
48,2024-03-12,2024-03-13,72.43,72.61,0.1799999999999926,0.0024820751849206012,78.77,79.02,0.25,0.003168771268011718,1.088279851260157,1.0,1.0899212771964482,1.08998656794811,79.14392469871227,1.0,1.0,79.02,0.0015670415906491567,0.0,0.0015670415906491567,False,True,0,0,False,1380.0,1266.0,0.0,0.0,0.0,0.0,-0.0,0.0,0.0,0.0,0.0,-0.0,0.0,-0.0,0.0,0.0,-0.0,0.0,0.0,0.0,0.0,0.0,0.0,0.0,0.0
49,2024-03-13,2024-03-14,72.61,72.18,-0.4299999999999926,-0.005939654177512822,79.02,78.84,-0.1799999999999926,-0.0022805026987251066,1.0922693266832917,1.0,1.090102956923222,1.0899212771964482,78.67051778803963,1.0,1.0,78.84,-0.0021520121925655087,0.0,-0.0021520121925655087,False,True,0,0,False,1382.0,1268.0,0.0,0.0,0.0,0.0,-0.0,0.0,0.0,0.0,0.0,-0.0,-0.0,-0.0,0.0,-0.0,-0.0,0.0,0.0,0.0,0.0,0.0,0.0,0.0,0.0
50,2024-03-14,2024-03-15,72.18,71.81,-0.37000000000000455,-0.005139257092416393,78.84,78.5,-0.3400000000000034,-0.004321857496156789,1.0931625121849324,1.0,1.0903226391035805,1.090102956923222,78.28029333665657,1.0,1.0,78.5,-0.002802734992897034,0.0,-0.002802734992897034,False,True,0,0,False,1389.0,1274.0,0.0,0.0,0.0,0.0,-0.0,0.0,0.0,0.0,0.0,-0.0,-0.0,-0.0,0.0,-0.0,-0.0,0.0,0.0,0.0,0.0,0.0,0.0,0.0,0.0
51,2024-03-15,2024-03-18,71.81,71.72,-0.09000000000000341,-0.0012540933852940772,78.5,78.42,-0.0799999999999983,-0.0010196279241771451,1.0934188510875629,1.0,1.0905296684330943,1.0903226391035805,78.1979396765088,1.0,1.0,78.42,-0.0028356965077180737,0.0,-0.0028356965077180737,False,True,0,0,False,1390.0,1275.0,0.0,0.0,0.0,0.0,-0.0,0.0,0.0,0.0,0.0,-0.0,-0.0,-0.0,0.0,-0.0,-0.0,0.0,0.0,0.0,0.0,0.0,0.0,0.0,0.0
52,2024-03-18,2024-03-19,71.72,71.64,-0.0799999999999983,-0.0011160715444210934,78.42,78.36,-0.060000000000002274,-0.0007654037878455635,1.0938023450586265,1.0,1.0907429034399019,1.0905296684330943,78.12554544654688,1.0,1.0,78.36,-0.0029965033283464466,0.0,-0.0029965033283464466,False,True,0,0,False,1392.0,1276.0,0.0,0.0,0.0,0.0,-0.0,0.0,0.0,0.0,0.0,-0.0,-0.0,-0.0,0.0,-0.0,-0.0,0.0,0.0,0.0,0.0,0.0,0.0,0.0,0.0
53,2024-03-19,2024-03-20,71.64,72.3,0.6599999999999966,0.009170551972207884,78.36,79.05,0.6899999999999977,0.008766970579141092,1.0933609958506225,1.0,1.090931123083813,1.0907429034399019,78.86071191870491,1.0,1.0,79.05,-0.0023974076192453705,0.0,-0.0023974076192453705,False,True,0,0,False,1380.0,1265.0,0.0,0.0,0.0,0.0,-0.0,0.0,0.0,0.0,0.0,-0.0,0.0,-0.0,0.0,0.0,-0.0,0.0,0.0,0.0,0.0,0.0,0.0,0.0,0.0
54,2024-03-20,2024-03-21,72.3,72.64,0.3400000000000034,0.0046916051283188345,79.05,79.4,0.3500000000000085,0.004417804597609205,1.0930616740088106,1.0,1.0910740979195568,1.090931123083813,79.24523678080818,1.0,1.0,79.4,-0.001951061014200213,0.0,-0.001951061014200213,False,True,0,0,False,1373.0,1259.0,0.0,0.0,0.0,0.0,-0.0,0.0,0.0,0.0,0.0,-0.0,0.0,-0.0,0.0,0.0,-0.0,0.0,0.0,0.0,0.0,0.0,0.0,0.0,0.0
55,2024-03-21,2024-03-22,72.64,72.45,-0.18999999999999773,-0.0026190655263464684,79.4,79.27,-0.13000000000000966,-0.001638621404025673,1.0941338854382332,1.0,1.0913039168389587,1.0910740979195568,79.04831839427189,1.0,1.0,79.27,-0.002800456104582759,0.0,-0.002800456104582759,False,True,0,0,False,1377.0,1262.0,0.0,0.0,0.0,0.0,-0.0,0.0,0.0,0.0,0.0,-0.0,-0.0,-0.0,0.0,-0.0,-0.0,0.0,0.0,0.0,0.0,0.0,0.0,0.0,0.0
56,2024-03-22,2024-03-25,72.45,72.77,0.3199999999999932,0.00440711359230371,79.27,79.5,0.23000000000000398,0.0028972748112218046,1.0924831661398928,1.0,1.0914158457391498,1.0913039168389587,79.41418602837102,1.0,1.0,79.5,-0.0010800040212248648,0.0,-0.0010800040212248648,False,True,0,0,False,1373.0,1258.0,0.0,0.0,0.0,0.0,-0.0,0.0,0.0,0.0,0.0,-0.0,0.0,-0.0,0.0,0.0,-0.0,0.0,0.0,0.0,0.0,0.0,0.0,0.0,0.0
57,2024-03-25,2024-03-26,72.77,72.77,0.0,0.0,79.5,79.59,0.09000000000000341,0.001131435157471782,1.093719939535523,1.0,1.091545588348351,1.0914158457391498,79.42233109443794,1.0,1.0,79.59,-0.0021088800667041015,0.0,-0.0021088800667041015,False,True,0,0,False,1371.0,1256.0,0.0,0.0,0.0,0.0,-0.0,0.0,0.0,0.0,0.0,-0.0,0.0,-0.0,0.0,0.0,-0.0,0.0,0.0,0.0,0.0,0.0,0.0,0.0,0.0
58,2024-03-26,2024-03-27,72.77,73.18,0.4100000000000108,0.00561837723206582,79.59,80.06,0.46999999999999886,0.00588789674666946,1.0940147581306368,1.0,1.0917212178481124,1.091545588348351,79.87930615533233,1.0,1.0,80.06,-0.0022595311420145303,0.0,-0.0022595311420145303,False,True,0,0,False,1363.0,1249.0,0.0,0.0,0.0,0.0,-0.0,0.0,0.0,0.0,0.0,-0.0,0.0,-0.0,0.0,0.0,-0.0,0.0,0.0,0.0,0.0,0.0,0.0,0.0,0.0
59,2024-03-27,2024-03-28,73.18,73.04,-0.14000000000000057,-0.0019149233043477202,80.06,79.83,-0.23000000000000398,-0.002876979906720075,1.0929627601314347,1.0,1.0918422911225414,1.0917212178481124,79.73931775162613,1.0,1.0,79.83,-0.0011365876524859046,0.0,-0.0011365876524859046,False,True,0,0,True,1368.0,1253.0,0.0,0.0,0.0,0.0,-0.0,0.0,0.0,0.0,0.0,-0.0,-0.0,-0.0,0.0,-0.0,-0.0,0.0,0.0,0.0,0.0,0.0,0.0,0.0,0.0
60,2024-03-28,2024-04-01,73.04,72.78,-0.2600000000000051,-0.0035660441026993187,79.83,79.59,-0.23999999999999488,-0.0030109168399494453,1.0935696619950537,1.0,1.0919494250490274,1.0918422911225414,79.46428194789857,1.0,1.0,79.59,-0.0015808197898539071,0.0,-0.0015808197898539071,False,True,0,0,False,1371.0,1256.0,0.0,0.0,0.0,0.0,-0.0,0.0,0.0,0.0,0.0,-0.0,-0.0,-0.0,0.0,-0.0,-0.0,0.0,0.0,0.0,0.0,0.0,0.0,0.0,0.0
61,2024-04-01,2024-04-02,72.78,72.2,-0.5799999999999983,-0.008001146285233206,79.59,78.85,-0.7400000000000091,-0.009341143408710686,1.0921052631578947,1.0,1.0919518001202795,1.0919494250490274,78.83874848853978,1.0,1.0,78.85,-0.00014270531774971968,0.0,-0.00014270531774971968,False,True,0,0,False,1385.0,1268.0,0.0,0.0,0.0,0.0,-0.0,0.0,0.0,0.0,0.0,-0.0,-0.0,-0.0,0.0,-0.0,-0.0,0.0,0.0,0.0,0.0,0.0,0.0,0.0,0.0
62,2024-04-02,2024-04-03,72.2,72.26,0.060000000000002274,0.0008306798207136344,78.85,78.98,0.13000000000000966,0.0016473424494559841,1.0929975089952948,1.0,1.0919747681081935,1.0919518001202795,78.9044370766914,1.0,1.0,78.98,-0.000957192874447124,0.0,-0.000957192874447124,False,True,0,0,False,1382.0,1266.0,0.0,0.0,0.0,0.0,-0.0,0.0,0.0,0.0,0.0,-0.0,0.0,-0.0,0.0,0.0,-0.0,0.0,0.0,0.0,0.0,0.0,0.0,0.0,0.0
63,2024-04-03,2024-04-04,72.26,71.96,-0.30000000000001137,-0.004160316637161968,78.98,78.61,-0.37000000000000455,-0.004695738052838302,1.0924124513618678,1.0,1.092066430452979,1.0919747681081935,78.5785043130656,1.0,1.0,78.61,-0.00040073779559823066,0.0,-0.00040073779559823066,False,True,0,0,False,1389.0,1272.0,0.0,0.0,0.0,0.0,-0.0,0.0,0.0,0.0,0.0,-0.0,-0.0,-0.0,0.0,-0.0,-0.0,0.0,0.0,0.0,0.0,0.0,0.0,0.0,0.0
64,2024-04-04,2024-04-05,71.96,72.04,0.0800000000000125,0.0011111112254231928,78.61,78.69,0.0799999999999983,0.0010171647412268012,1.0923098278734036,1.0,1.092199546048703,1.092066430452979,78.67246564983262,1.0,1.0,78.69,-0.00022285301857134866,0.0,-0.00022285301857134866,False,True,0,0,False,1388.0,1271.0,0.0,0.0,0.0,0.0,-0.0,0.0,0.0,0.0,0.0,-0.0,0.0,-0.0,0.0,0.0,-0.0,0.0,0.0,0.0,0.0,0.0,0.0,0.0,0.0
65,2024-04-05,2024-04-08,72.04,72.3,0.2599999999999909,0.003602608856963449,78.69,78.94,0.25,0.0031719876878090565,1.0918395573997235,1.0,1.0923109145004068,1.092199546048703,78.96602717932123,1.0,1.0,78.94,0.00032965403565477104,0.0,0.00032965403565477104,False,True,0,0,False,1384.0,1267.0,0.0,0.0,0.0,0.0,-0.0,0.0,0.0,0.0,0.0,-0.0,0.0,-0.0,0.0,0.0,-0.0,0.0,0.0,0.0,0.0,0.0,0.0,0.0,0.0
66,2024-04-08,2024-04-09,72.3,72.44,0.14000000000000057,0.001934503850493623,78.94,79.15,0.21000000000000796,0.0026567160923202876,1.0926283821093319,1.0,1.0925032754341282,1.0923109145004068,79.12700264640947,1.0,1.0,79.15,-0.00029059627574258096,0.0,-0.00029059627574258096,False,True,0,0,False,1380.0,1263.0,0.0,0.0,0.0,0.0,-0.0,0.0,0.0,0.0,0.0,-0.0,0.0,-0.0,0.0,0.0,-0.0,0.0,0.0,0.0,0.0,0.0,0.0,0.0,0.0
67,2024-04-09,2024-04-10,72.44,71.95,-0.4899999999999949,-0.006787199681835786,79.15,78.51,-0.6400000000000006,-0.008118781116856977,1.0911744266851982,1.0,1.0926853572543747,1.0925032754341282,78.60561066748552,1.0,1.0,78.51,0.001217074215368326,0.0,0.001217074215368326,False,True,0,0,False,1392.0,1274.0,0.0,0.0,0.0,0.0,-0.0,0.0,0.0,0.0,0.0,-0.0,-0.0,-0.0,0.0,-0.0,-0.0,0.0,0.0,0.0,0.0,0.0,0.0,0.0,0.0
68,2024-04-10,2024-04-11,71.95,72.09,0.14000000000000057,0.0019439050831103826,78.51,78.72,0.20999999999999375,0.0026712475338336625,1.0919683728672491,1.0,1.0928697833347294,1.0926853572543747,78.77168740446787,1.0,1.0,78.72,0.000656382659624046,0.0,0.000656382659624046,False,True,0,0,False,1388.0,1270.0,0.0,0.0,0.0,0.0,-0.0,0.0,0.0,0.0,0.0,-0.0,0.0,-0.0,0.0,0.0,-0.0,0.0,0.0,0.0,0.0,0.0,0.0,0.0,0.0
69,2024-04-11,2024-04-12,72.09,71.22,-0.8700000000000045,-0.01214166056685567,78.72,77.85,-0.8700000000000045,-0.011113354463990699,1.0930918281381634,1.0,1.0929109084074728,1.0928697833347294,77.83418596909942,1.0,1.0,77.85,-0.00020315526405618482,0.0,-0.00020315526405618482,False,True,0,0,False,1404.0,1285.0,0.0,0.0,0.0,0.0,-0.0,0.0,0.0,0.0,0.0,-0.0,-0.0,-0.0,0.0,-0.0,-0.0,0.0,0.0,0.0,0.0,0.0,0.0,0.0,0.0
70,2024-04-12,2024-04-15,71.22,70.46,-0.7600000000000051,-0.010728504936540133,77.85,77.02,-0.8299999999999983,-0.010718769893244431,1.0931024694862335,1.0,1.0929079062725378,1.0929109084074728,77.00650260639053,1.0,1.0,77.02,-0.00017526066508836868,0.0,-0.00017526066508836868,False,True,0,0,False,1419.0,1298.0,0.0,0.0,0.0,0.0,-0.0,0.0,0.0,0.0,0.0,-0.0,-0.0,-0.0,0.0,-0.0,-0.0,0.0,0.0,0.0,0.0,0.0,0.0,0.0,0.0
71,2024-04-15,2024-04-16,70.46,70.14,-0.3199999999999932,-0.004551928201059428,77.02,76.72,-0.29999999999999716,-0.0039026978115800147,1.093812375249501,1.0,1.0929275824806346,1.0929079062725378,76.6565605459558,1.0,1.0,76.72,-0.0008272379747744221,0.0,-0.0008272379747744221,False,True,0,0,False,1424.0,1303.0,0.0,0.0,0.0,0.0,-0.0,0.0,0.0,0.0,0.0,-0.0,-0.0,-0.0,0.0,-0.0,-0.0,0.0,0.0,0.0,0.0,0.0,0.0,0.0,0.0
72,2024-04-16,2024-04-17,70.14,70.01,-0.12999999999999545,-0.0018551557229257228,76.72,76.62,-0.09999999999999432,-0.0013042913026797718,1.0944150835594915,1.0,1.092958219405678,1.0929275824806346,76.51586004946924,1.0,1.0,76.62,-0.0013600990199277494,0.0,-0.0013600990199277494,False,True,0,0,False,1426.0,1305.0,0.0,0.0,0.0,0.0,-0.0,0.0,0.0,0.0,0.0,-0.0,-0.0,-0.0,0.0,-0.0,-0.0,0.0,0.0,0.0,0.0,0.0,0.0,0.0,0.0
73,2024-04-17,2024-04-18,70.01,70.0,-0.010000000000005116,-0.0001428469397472638,76.62,76.51,-0.10999999999999943,-0.0014366880287424713,1.093,1.0,1.0929401696131469,1.092958219405678,76.50707535839746,1.0,1.0,76.51,-3.822634298888471e-05,0.0,-3.822634298888471e-05,False,True,0,0,False,1428.0,1307.0,0.0,0.0,0.0,0.0,-0.0,0.0,0.0,0.0,0.0,-0.0,-0.0,-0.0,0.0,-0.0,-0.0,0.0,0.0,0.0,0.0,0.0,0.0,0.0,0.0
74,2024-04-18,2024-04-19,70.0,69.6,-0.4000000000000057,-0.005730674708985095,76.51,76.13,-0.38000000000000966,-0.004979045925639403,1.0938218390804597,1.0,1.0929781778667294,1.0929401696131469,76.06863580507502,1.0,1.0,76.13,-0.0008063698853207785,0.0,-0.0008063698853207785,False,True,0,0,False,1436.0,1314.0,0.0,0.0,0.0,0.0,-0.0,0.0,0.0,0.0,0.0,-0.0,-0.0,-0.0,0.0,-0.0,-0.0,0.0,0.0,0.0,0.0,0.0,0.0,0.0,0.0
75,2024-04-19,2024-04-22,69.6,70.01,0.4100000000000108,0.005873521648732404,76.13,76.55,0.4200000000000017,0.005501716785571492,1.093415226396229,1.0,1.092942244914629,1.0929781778667294,76.51940223244972,1.0,1.0,76.55,-0.0003997894747293143,0.0,-0.0003997894747293143,False,True,0,0,False,1427.0,1306.0,0.0,0.0,0.0,0.0,-0.0,0.0,0.0,0.0,0.0,-0.0,0.0,-0.0,0.0,0.0,-0.0,0.0,0.0,0.0,0.0,0.0,0.0,0.0,0.0
76,2024-04-22,2024-04-23,70.01,70.73,0.7199999999999989,0.010231722058792374,76.55,77.3,0.75,0.009749833489683616,1.0928884490315283,1.0,1.092962509059211,1.092942244914629,77.30380498281173,1.0,1.0,77.3,4.9222369564743734e-05,0.0,4.9222369564743734e-05,False,True,0,0,False,1414.0,1294.0,0.0,0.0,0.0,0.0,-0.0,0.0,0.0,0.0,0.0,-0.0,0.0,-0.0,0.0,0.0,-0.0,0.0,0.0,0.0,0.0,0.0,0.0,0.0,0.0
77,2024-04-23,2024-04-24,70.73,70.63,-0.10000000000000853,-0.001414827627067795,77.3,77.23,-0.06999999999999318,-0.0009059730122036983,1.093444711878805,1.0,1.092948747676375,1.092962509059211,77.19594201485206,1.0,1.0,77.23,-0.0004410915064628168,0.0,-0.0004410915064628168,False,True,0,0,False,1415.0,1295.0,0.0,0.0,0.0,0.0,-0.0,0.0,0.0,0.0,0.0,-0.0,-0.0,-0.0,0.0,-0.0,-0.0,0.0,0.0,0.0,0.0,0.0,0.0,0.0,0.0
78,2024-04-24,2024-04-25,70.63,70.43,-0.19999999999998863,-0.0028356746635117037,77.23,77.05,-0.18000000000000682,-0.00233342081504782,1.0939940366321168,1.0,1.092947711601449,1.092948747676375,76.9763802988471,1.0,1.0,77.05,-0.0009559363352729768,0.0,-0.0009559363352729768,False,True,0,0,False,1419.0,1298.0,0.0,0.0,0.0,0.0,-0.0,0.0,0.0,0.0,0.0,-0.0,-0.0,-0.0,0.0,-0.0,-0.0,0.0,0.0,0.0,0.0,0.0,0.0,0.0,0.0
79,2024-04-25,2024-04-26,70.43,70.73,0.29999999999999716,0.0042505022905795515,77.05,77.32,0.269999999999996,0.0034980925740053744,1.0931712144775907,1.0,1.0929581343187569,1.092947711601449,77.3041916415705,1.0,1.0,77.32,-0.00020447458210448436,0.0,-0.00020447458210448436,False,True,0,0,False,1413.0,1293.0,0.0,0.0,0.0,0.0,-0.0,0.0,0.0,0.0,0.0,-0.0,0.0,-0.0,0.0,0.0,-0.0,0.0,0.0,0.0,0.0,0.0,0.0,0.0,0.0
80,2024-04-26,2024-04-29,70.73,70.93,0.20000000000000284,0.0028236641660968477,77.32,77.55,0.23000000000000398,0.002970235282417723,1.0933314535457492,1.0,1.0929462238962917,1.0929581343187569,77.52352046722943,1.0,1.0,77.55,-0.00034150940725585777,0.0,-0.00034150940725585777,False,True,0,0,False,1409.0,1289.0,0.0,0.0,0.0,0.0,-0.0,0.0,0.0,0.0,0.0,-0.0,0.0,-0.0,0.0,0.0,-0.0,0.0,0.0,0.0,0.0,0.0,0.0,0.0,0.0
81,2024-04-29,2024-04-30,70.93,70.26,-0.6700000000000017,-0.00949082837631442,77.55,77.04,-0.5099999999999909,-0.00659812213267757,1.0964987190435525,1.0,1.0931658966905746,1.0929462238962917,76.79040169095346,1.0,1.0,77.04,-0.003245113129019301,0.0,-0.003245113129019301,False,True,0,0,True,1419.0,1298.0,0.0,0.0,0.0,0.0,-0.0,0.0,0.0,0.0,0.0,-0.0,-0.0,-0.0,0.0,-0.0,-0.0,0.0,0.0,0.0,0.0,0.0,0.0,0.0,0.0
82,2024-04-30,2024-05-01,70.26,69.97,-0.29000000000000625,-0.0041360680798757056,77.04,76.7,-0.3400000000000034,-0.004423059116659679,1.0961840788909534,1.0,1.0933252251853574,1.0931658966905746,76.4888177914395,1.0,1.0,76.7,-0.0027571508859064705,0.0,-0.0027571508859064705,False,True,0,0,False,1425.0,1304.0,0.0,0.0,0.0,0.0,-0.0,0.0,0.0,0.0,0.0,-0.0,-0.0,-0.0,0.0,-0.0,-0.0,0.0,0.0,0.0,0.0,0.0,0.0,0.0,0.0
83,2024-05-01,2024-05-02,69.97,70.57,0.5999999999999943,0.0085385462549334,76.7,77.2,0.5,0.00649774865751995,1.0939492702281424,1.0,1.0934020661286712,1.0933252251853574,77.15596114133066,1.0,1.0,77.2,-0.0005706143065500504,0.0,-0.0005706143065500504,False,True,0,0,False,1416.0,1295.0,0.0,0.0,0.0,0.0,-0.0,0.0,0.0,0.0,0.0,-0.0,0.0,-0.0,0.0,0.0,-0.0,0.0,0.0,0.0,0.0,0.0,0.0,0.0,0.0
84,2024-05-02,2024-05-03,70.57,71.19,0.6200000000000045,0.008747234103043178,77.2,77.87,0.6700000000000017,0.008641312558164216,1.093833403567917,1.0,1.0934782449133968,1.0934020661286712,77.8392930877001,1.0,1.0,77.87,-0.00039441335952478834,0.0,-0.00039441335952478834,False,True,0,0,False,1404.0,1284.0,0.0,0.0,0.0,0.0,-0.0,0.0,0.0,0.0,0.0,-0.0,0.0,-0.0,0.0,0.0,-0.0,0.0,0.0,0.0,0.0,0.0,0.0,0.0,0.0
85,2024-05-03,2024-05-06,71.19,71.83,0.6400000000000006,0.008949856970928453,77.87,78.42,0.5499999999999972,0.007038227275290717,1.0917443964917166,1.0,1.0934734868679965,1.0934782449133968,78.5445423321293,1.0,1.0,78.42,0.001586885247000949,0.0,0.001586885247000949,False,True,0,0,False,1394.0,1275.0,0.0,0.0,0.0,0.0,-0.0,0.0,0.0,0.0,0.0,-0.0,0.0,-0.0,0.0,0.0,-0.0,0.0,0.0,0.0,0.0,0.0,0.0,0.0,0.0
86,2024-05-06,2024-05-07,71.83,71.64,-0.18999999999999773,-0.002648638894199151,78.42,78.38,-0.04000000000000625,-0.0005102040927002074,1.0940815187046342,1.0,1.0935461436977616,1.0934734868679965,78.33644059922327,1.0,1.0,78.38,-0.0005559008580327658,0.0,-0.0005559008580327658,False,True,0,0,False,1395.0,1276.0,0.0,0.0,0.0,0.0,-0.0,0.0,0.0,0.0,0.0,-0.0,-0.0,-0.0,0.0,-0.0,-0.0,0.0,0.0,0.0,0.0,0.0,0.0,0.0,0.0
87,2024-05-07,2024-05-08,71.64,71.3,-0.3400000000000034,-0.004757249772260791,78.38,78.13,-0.25,-0.0031946867628324547,1.0957924263674614,1.0,1.0937770436818748,1.0935461436977616,77.9698400456504,1.0,1.0,78.13,-0.002052020175071357,0.0,-0.002052020175071357,False,True,0,0,False,1400.0,1280.0,0.0,0.0,0.0,0.0,-0.0,0.0,0.0,0.0,0.0,-0.0,-0.0,-0.0,0.0,-0.0,-0.0,0.0,0.0,0.0,0.0,0.0,0.0,0.0,0.0
88,2024-05-08,2024-05-09,71.3,71.69,0.39000000000000057,0.0054549404445306095,78.13,78.26,0.13000000000000966,0.0016625107736136788,1.091644580834147,1.0,1.0937608540802195,1.0937770436818748,78.4128762615536,1.0,1.0,78.26,0.0019515351185275434,0.0,0.0019515351185275434,False,True,0,0,False,1398.0,1278.0,0.0,0.0,0.0,0.0,-0.0,0.0,0.0,0.0,0.0,-0.0,0.0,-0.0,0.0,0.0,-0.0,0.0,0.0,0.0,0.0,0.0,0.0,0.0,0.0
89,2024-05-09,2024-05-10,71.69,71.46,-0.23000000000000398,-0.003213415269517138,78.26,78.13,-0.13000000000000966,-0.0016625107736136363,1.0933389308704171,1.0,1.0937732092168324,1.0937608540802195,78.16015063257248,1.0,1.0,78.13,0.0003858289575444296,0.0,0.0003858289575444296,False,True,0,0,False,1400.0,1280.0,0.0,0.0,0.0,0.0,-0.0,0.0,0.0,0.0,0.0,-0.0,-0.0,-0.0,0.0,-0.0,-0.0,0.0,0.0,0.0,0.0,0.0,0.0,0.0,0.0
90,2024-05-10,2024-05-13,71.46,71.59,0.13000000000000966,0.001817546812830101,78.13,78.23,0.10000000000000853,0.0012790996883365181,1.092750384131862,1.0,1.0937556049491137,1.0937732092168324,78.30322404783304,1.0,1.0,78.23,0.0009355720310433157,0.0,0.0009355720310433157,False,True,0,0,False,1398.0,1278.0,0.0,0.0,0.0,0.0,-0.0,0.0,0.0,0.0,0.0,-0.0,0.0,-0.0,0.0,0.0,-0.0,0.0,0.0,0.0,0.0,0.0,0.0,0.0,0.0
91,2024-05-13,2024-05-14,71.59,72.07,0.47999999999998977,0.006682469528255791,78.23,78.63,0.3999999999999915,0.005100100306435334,1.091022616900236,1.0,1.0936161170316505,1.0937556049491137,78.82696644868261,1.0,1.0,78.63,0.002501846134385719,0.0,0.002501846134385719,False,True,0,0,False,1391.0,1272.0,0.0,0.0,0.0,0.0,-0.0,0.0,0.0,0.0,0.0,-0.0,0.0,-0.0,0.0,0.0,-0.0,0.0,0.0,0.0,0.0,0.0,0.0,0.0,0.0
92,2024-05-14,2024-05-15,72.07,72.63,0.5600000000000023,0.007740190681727091,78.63,79.34,0.710000000000008,0.008989109082759423,1.0923860663637617,1.0,1.093514666171864,1.0936161170316505,79.42933858000877,1.0,1.0,79.34,0.0011253884438485139,0.0,0.0011253884438485139,False,True,0,0,False,1378.0,1260.0,0.0,0.0,0.0,0.0,-0.0,0.0,0.0,0.0,0.0,-0.0,0.0,-0.0,0.0,0.0,-0.0,0.0,0.0,0.0,0.0,0.0,0.0,0.0,0.0
93,2024-05-15,2024-05-16,72.63,72.4,-0.22999999999998977,-0.003171760226405988,79.34,79.05,-0.29000000000000625,-0.003661851430703172,1.0918508287292816,1.0,1.0934572076083282,1.093514666171864,79.17046183084295,1.0,1.0,79.05,0.001522708917983033,0.0,0.001522708917983033,False,True,0,0,False,1383.0,1265.0,0.0,0.0,0.0,0.0,-0.0,0.0,0.0,0.0,0.0,-0.0,-0.0,-0.0,0.0,-0.0,-0.0,0.0,0.0,0.0,0.0,0.0,0.0,0.0,0.0
94,2024-05-16,2024-05-17,72.4,72.45,0.04999999999999716,0.0006903693750206325,79.05,79.19,0.14000000000000057,0.0017694645668400353,1.0930296756383713,1.0,1.0934175994362236,1.0934572076083282,79.22097469122338,1.0,1.0,79.19,0.0003910674961569371,0.0,0.0003910674961569371,False,True,0,0,False,1381.0,1263.0,0.0,0.0,0.0,0.0,-0.0,0.0,0.0,0.0,0.0,-0.0,0.0,-0.0,0.0,0.0,-0.0,0.0,0.0,0.0,0.0,0.0,0.0,0.0,0.0
95,2024-05-17,2024-05-20,72.45,72.8,0.3499999999999943,0.004819286435948922,79.19,79.45,0.2600000000000051,0.0032778647604038286,1.091346153846154,1.0,1.0933141458087199,1.0934175994362236,79.60080123895708,1.0,1.0,79.45,0.0018962656329960025,0.0,0.0018962656329960025,False,True,0,0,False,1377.0,1259.0,0.0,0.0,0.0,0.0,-0.0,0.0,0.0,0.0,0.0,-0.0,0.0,-0.0,0.0,0.0,-0.0,0.0,0.0,0.0,0.0,0.0,0.0,0.0,0.0
96,2024-05-20,2024-05-21,72.8,72.57,-0.23000000000000398,-0.0031643419125948077,79.45,79.26,-0.18999999999999773,-0.002394305220436025,1.0921868540719306,1.0,1.09327906606074,1.0933141458087199,79.3418075613388,1.0,1.0,79.26,0.0010316095365084698,0.0,0.0010316095365084698,False,True,0,0,False,1380.0,1262.0,0.0,0.0,0.0,0.0,-0.0,0.0,0.0,0.0,0.0,-0.0,-0.0,-0.0,0.0,-0.0,-0.0,0.0,0.0,0.0,0.0,0.0,0.0,0.0,0.0
97,2024-05-21,2024-05-22,72.57,72.43,-0.13999999999998636,-0.0019310350828106954,79.26,79.12,-0.14000000000000057,-0.0017679004478322537,1.0923650421096232,1.0,1.093225082572281,1.09327906606074,79.18620275477942,1.0,1.0,79.12,0.0008363886883355462,0.0,0.0008363886883355462,False,True,0,0,False,1382.0,1264.0,0.0,0.0,0.0,0.0,-0.0,0.0,0.0,0.0,0.0,-0.0,-0.0,-0.0,0.0,-0.0,-0.0,0.0,0.0,0.0,0.0,0.0,0.0,0.0,0.0
98,2024-05-22,2024-05-23,72.43,71.75,-0.6800000000000068,-0.00943272356750427,79.12,78.36,-0.7600000000000051,-0.009652094238116766,1.0921254355400696,1.0,1.0931316525176786,1.093225082572281,78.43889967456116,1.0,1.0,78.36,0.0010063805471091768,0.0,0.0010063805471091768,False,True,0,0,False,1395.0,1276.0,0.0,0.0,0.0,0.0,-0.0,0.0,0.0,0.0,0.0,-0.0,-0.0,-0.0,0.0,-0.0,-0.0,0.0,0.0,0.0,0.0,0.0,0.0,0.0,0.0
99,2024-05-23,2024-05-24,71.75,72.22,0.46999999999999886,0.006529161209581111,78.36,78.78,0.4200000000000017,0.005345564466419898,1.090833564109665,1.0,1.0930147699992823,1.0931316525176786,78.94596794482675,1.0,1.0,78.78,0.002104510858228938,0.0,0.002104510858228938,False,True,0,0,False,1387.0,1269.0,0.0,0.0,0.0,0.0,-0.0,0.0,0.0,0.0,0.0,-0.0,0.0,-0.0,0.0,0.0,-0.0,0.0,0.0,0.0,0.0,0.0,0.0,0.0,0.0
100,2024-05-24,2024-05-28,72.22,72.24,0.01999999999999602,0.00027689325941818437,78.78,78.88,0.09999999999999432,0.0012685527516200278,1.0919158361018826,1.0,1.092943989127089,1.0930147699992823,78.95938698474815,1.0,1.0,78.88,0.0010059211830313476,0.0,0.0010059211830313476,False,True,0,0,False,1386.0,1268.0,0.0,0.0,0.0,0.0,-0.0,0.0,0.0,0.0,0.0,-0.0,0.0,-0.0,0.0,0.0,-0.0,0.0,0.0,0.0,0.0,0.0,0.0,0.0,0.0
101,2024-05-28,2024-05-29,72.24,71.69,-0.5499999999999972,-0.007642641243949049,78.88,78.46,-0.4200000000000017,-0.005338769512973488,1.0944343702050494,1.0,1.0928407716851638,1.092943989127089,78.35315458052101,1.0,1.0,78.46,-0.0013627101157290173,0.0,-0.0013627101157290173,False,True,0,0,False,1394.0,1275.0,0.0,0.0,0.0,0.0,-0.0,0.0,0.0,0.0,0.0,-0.0,-0.0,-0.0,0.0,-0.0,-0.0,0.0,0.0,0.0,0.0,0.0,0.0,0.0,0.0
102,2024-05-29,2024-05-30,71.69,71.54,-0.14999999999999147,-0.002094534033909075,78.46,78.18,-0.2799999999999869,-0.003575080416597566,1.0928152082750908,1.0,1.0926723281543707,1.0928407716851638,78.18182880635662,1.0,1.0,78.18,2.3391979623968506e-05,0.0,2.3391979623968506e-05,False,True,0,0,False,1398.0,1279.0,0.0,0.0,0.0,0.0,-0.0,0.0,0.0,0.0,0.0,-0.0,-0.0,-0.0,0.0,-0.0,-0.0,0.0,0.0,0.0,0.0,0.0,0.0,0.0,0.0
103,2024-05-30,2024-05-31,71.54,71.67,0.12999999999999545,0.0018155161749560614,78.18,78.29,0.10999999999999943,0.0014060205550141193,1.0923677968466583,1.0,1.0925932544852965,1.0926723281543707,78.31182575882374,1.0,1.0,78.29,0.000278742075442649,0.0,0.000278742075442649,False,True,0,0,True,1395.0,1277.0,0.0,0.0,0.0,0.0,-0.0,0.0,0.0,0.0,0.0,-0.0,0.0,-0.0,0.0,0.0,-0.0,0.0,0.0,0.0,0.0,0.0,0.0,0.0,0.0
104,2024-05-31,2024-06-03,71.67,71.57,-0.10000000000000853,-0.0013962582553218683,78.29,78.31,0.01999999999999602,0.00025542784302352704,1.0941735363979321,1.0,1.0926102611267972,1.0925932544852965,78.19689922351266,1.0,1.0,78.31,-0.0014453138709769528,0.0,-0.0014453138709769528,False,True,0,0,False,1395.0,1277.0,0.0,0.0,0.0,0.0,-0.0,0.0,0.0,0.0,0.0,-0.0,-0.0,-0.0,0.0,0.0,-0.0,0.0,0.0,0.0,0.0,0.0,0.0,0.0,0.0
105,2024-06-03,2024-06-04,71.57,71.6,0.030000000000001137,0.0004190822160938287,78.31,78.19,-0.12000000000000455,-0.0015335466264236998,1.0920391061452515,1.0,1.0926249966094739,1.0926102611267972,78.23089469667867,1.0,1.0,78.19,0.0005228802416673126,0.0,0.0005228802416673126,False,True,0,0,False,1397.0,1279.0,0.0,0.0,0.0,0.0,-0.0,0.0,0.0,0.0,0.0,-0.0,0.0,-0.0,0.0,-0.0,-0.0,0.0,0.0,0.0,0.0,0.0,0.0,0.0,0.0
106,2024-06-04,2024-06-05,71.6,72.3,0.7000000000000028,0.009729055198119159,78.19,78.77,0.5799999999999983,0.007390451578810202,1.089488243430152,1.0,1.0923953328457499,1.0926249966094739,78.99678725486496,1.0,1.0,78.77,0.0028749702648996267,0.0,0.0028749702648996267,False,True,0,0,False,1388.0,1270.0,0.0,0.0,0.0,0.0,-0.0,0.0,0.0,0.0,0.0,-0.0,0.0,-0.0,0.0,0.0,-0.0,0.0,0.0,0.0,0.0,0.0,0.0,0.0,0.0
107,2024-06-05,2024-06-06,72.3,71.83,-0.46999999999999886,-0.0065219130780087425,78.77,78.35,-0.4200000000000017,-0.005346244913203108,1.0907698733119866,1.0,1.0921442051929762,1.0923953328457499,78.46675675831021,1.0,1.0,78.35,0.0014890855071646415,0.0,0.0014890855071646415,False,True,0,0,False,1394.0,1276.0,0.0,0.0,0.0,0.0,-0.0,0.0,0.0,0.0,0.0,-0.0,-0.0,-0.0,0.0,-0.0,-0.0,0.0,0.0,0.0,0.0,0.0,0.0,0.0,0.0
108,2024-06-06,2024-06-07,71.83,71.73,-0.09999999999999432,-0.0013931459483671298,78.35,78.03,-0.3199999999999932,-0.0040926006733599035,1.0878293601003763,1.0,1.0919534441562877,1.0921442051929762,78.33950383849219,1.0,1.0,78.03,0.003958626651279715,0.0,0.003958626651279715,False,True,0,0,False,1400.0,1282.0,0.0,0.0,0.0,0.0,-0.0,0.0,0.0,0.0,0.0,-0.0,-0.0,-0.0,0.0,-0.0,-0.0,0.0,0.0,0.0,0.0,0.0,0.0,0.0,0.0
109,2024-06-07,2024-06-10,71.73,71.9,0.1700000000000017,0.0023671945886579388,78.03,78.25,0.21999999999999886,0.002815461291592717,1.088317107093185,1.0,1.091702352967426,1.0919534441562877,78.5114526348371,1.0,1.0,78.25,0.003335678164102869,0.0,0.003335678164102869,False,True,0,0,False,1396.0,1278.0,0.0,0.0,0.0,0.0,-0.0,0.0,0.0,0.0,0.0,-0.0,0.0,-0.0,0.0,0.0,-0.0,0.0,0.0,0.0,0.0,0.0,0.0,0.0,0.0
110,2024-06-10,2024-06-11,71.9,71.7,-0.20000000000000284,-0.0027855171214264235,78.25,78.25,0.0,0.0,1.091352859135286,1.0,1.0916324767175971,1.091702352967426,78.27505870776444,1.0,1.0,78.25,0.0003201878112733243,0.0,0.0003201878112733243,False,True,0,0,False,1395.0,1278.0,0.0,0.0,0.0,0.0,-0.0,0.0,0.0,0.0,0.0,-0.0,-0.0,-0.0,0.0,0.0,-0.0,0.0,0.0,0.0,0.0,0.0,0.0,0.0,0.0
111,2024-06-11,2024-06-12,71.7,72.29,0.5900000000000034,0.008195059406631244,78.25,78.8,0.5499999999999972,0.007004167443570868,1.0900539493705905,1.0,1.0915840433411148,1.0916324767175971,78.91411174191511,1.0,1.0,78.8,0.0014470710397111004,0.0,0.0014470710397111004,False,True,0,0,False,1385.0,1269.0,0.0,0.0,0.0,0.0,-0.0,0.0,0.0,0.0,0.0,-0.0,0.0,-0.0,0.0,0.0,-0.0,0.0,0.0,0.0,0.0,0.0,0.0,0.0,0.0
112,2024-06-12,2024-06-13,72.29,71.91,-0.38000000000000966,-0.005270469897803198,78.8,78.39,-0.4099999999999966,-0.005216628663202627,1.0901126408010013,1.0,1.0914703720629768,1.0915840433411148,78.49580855665957,1.0,1.0,78.39,0.0013488609795312147,0.0,0.0013488609795312147,False,True,0,0,False,1393.0,1276.0,0.0,0.0,0.0,0.0,-0.0,0.0,0.0,0.0,0.0,-0.0,-0.0,-0.0,0.0,-0.0,-0.0,0.0,0.0,0.0,0.0,0.0,0.0,0.0,0.0
113,2024-06-13,2024-06-14,71.91,71.52,-0.39000000000000057,-0.005438206249144001,78.39,77.95,-0.4399999999999977,-0.0056287726968452245,1.089904921700224,1.0,1.091373076711524,1.0914703720629768,78.0619610099441,1.0,1.0,77.95,0.0014352877617814053,0.0,0.0014352877617814053,False,True,0,0,False,1400.0,1283.0,0.0,0.0,0.0,0.0,-0.0,0.0,0.0,0.0,0.0,-0.0,-0.0,-0.0,0.0,-0.0,-0.0,0.0,0.0,0.0,0.0,0.0,0.0,0.0,0.0
114,2024-06-14,2024-06-17,71.52,71.53,0.010000000000005116,0.00013981125503381256,77.95,78.18,0.23000000000000398,0.0029462648610232714,1.092967985460646,1.0,1.0913699922026379,1.091373076711524,78.06591617717531,1.0,1.0,78.18,-0.0014603113590382494,0.0,-0.0014603113590382494,False,True,0,0,False,1396.0,1279.0,0.0,0.0,0.0,0.0,-0.0,0.0,0.0,0.0,0.0,-0.0,0.0,-0.0,0.0,0.0,-0.0,0.0,0.0,0.0,0.0,0.0,0.0,0.0,0.0
115,2024-06-17,2024-06-18,71.53,71.69,0.1599999999999966,0.0022343257444882606,78.18,78.21,0.029999999999986926,0.0003836562487110934,1.0909471334914214,1.0,1.091350041184901,1.0913699922026379,78.24031474100711,1.0,1.0,78.21,0.0003875318683339576,0.0,0.0003875318683339576,False,True,0,0,False,1396.0,1279.0,0.0,0.0,0.0,0.0,-0.0,0.0,0.0,0.0,0.0,-0.0,0.0,-0.0,0.0,0.0,-0.0,0.0,0.0,0.0,0.0,0.0,0.0,0.0,0.0
116,2024-06-18,2024-06-20,71.69,71.42,-0.269999999999996,-0.003773325698478438,78.21,77.91,-0.29999999999999716,-0.0038432022707532887,1.090870904508541,1.0,1.0912842437067316,1.091350041184901,77.94421994142564,1.0,1.0,77.91,0.00043912756405819174,0.0,0.00043912756405819174,False,True,0,0,False,1401.0,1284.0,0.0,0.0,0.0,0.0,-0.0,0.0,0.0,0.0,0.0,-0.0,-0.0,-0.0,0.0,-0.0,-0.0,0.0,0.0,0.0,0.0,0.0,0.0,0.0,0.0
117,2024-06-20,2024-06-21,71.42,71.59,0.1700000000000017,0.0023774572417912055,77.91,78.04,0.13000000000000966,0.001667201412143834,1.0900963821762817,1.0,1.0911708107100644,1.0912842437067316,78.12503900696493,1.0,1.0,78.04,0.0010890915906815234,0.0,0.0010890915906815234,False,True,0,0,False,1398.0,1281.0,0.0,0.0,0.0,0.0,-0.0,0.0,0.0,0.0,0.0,-0.0,0.0,-0.0,0.0,0.0,-0.0,0.0,0.0,0.0,0.0,0.0,0.0,0.0,0.0
118,2024-06-21,2024-06-24,71.59,71.55,-0.04000000000000625,-0.0005588934056338406,78.04,78.02,-0.020000000000010232,-0.000256311676400176,1.0904262753319356,1.0,1.0910858526996576,1.0911708107100644,78.0732715063051,1.0,1.0,78.02,0.0006825599573800036,0.0,0.0006825599573800036,False,True,0,0,False,1399.0,1282.0,0.0,0.0,0.0,0.0,-0.0,0.0,0.0,0.0,0.0,-0.0,-0.0,-0.0,0.0,-0.0,-0.0,0.0,0.0,0.0,0.0,0.0,0.0,0.0,0.0
119,2024-06-24,2024-06-25,71.55,71.73,0.18000000000000682,0.0025125641358831386,78.02,78.26,0.2400000000000091,0.0030714127037560256,1.0910358288024538,1.0,1.0910959659342971,1.0910858526996576,78.26358821414645,1.0,1.0,78.26,4.584886135073675e-05,0.0,4.584886135073675e-05,False,True,0,0,False,1394.0,1278.0,0.0,0.0,0.0,0.0,-0.0,0.0,0.0,0.0,0.0,-0.0,0.0,-0.0,0.0,0.0,-0.0,0.0,0.0,0.0,0.0,0.0,0.0,0.0,0.0
120,2024-06-25,2024-06-26,71.73,71.91,0.1799999999999926,0.002506266976059537,78.26,78.46,0.19999999999998863,0.002552323999139894,1.0910860798219997,1.0,1.0910544781203033,1.0910959659342971,78.46071091033531,1.0,1.0,78.46,9.060758534719099e-06,0.0,9.060758534719099e-06,False,True,0,0,False,1391.0,1275.0,0.0,0.0,0.0,0.0,-0.0,0.0,0.0,0.0,0.0,-0.0,0.0,-0.0,0.0,0.0,-0.0,0.0,0.0,0.0,0.0,0.0,0.0,0.0,0.0
121,2024-06-26,2024-06-27,71.91,72.19,0.28000000000000114,0.0038861950366670867,78.46,78.81,0.3500000000000085,0.004450951584151809,1.091702451863139,1.0,1.0909178822032077,1.0910544781203033,78.76322277550469,1.0,1.0,78.81,-0.0005937204944529707,0.0,-0.0005937204944529707,False,True,0,0,False,1385.0,1269.0,0.0,0.0,0.0,0.0,-0.0,0.0,0.0,0.0,0.0,-0.0,0.0,-0.0,0.0,0.0,-0.0,0.0,0.0,0.0,0.0,0.0,0.0,0.0,0.0
122,2024-06-27,2024-06-28,72.19,72.06,-0.12999999999999545,-0.001802426831122417,78.81,78.63,-0.18000000000000682,-0.0022865863621335573,1.091174021648626,1.0,1.0908358228718844,1.0909178822032077,78.61154259156315,1.0,1.0,78.63,-0.00023476504004497816,0.0,-0.00023476504004497816,False,True,0,0,True,1388.0,1272.0,0.0,0.0,0.0,0.0,-0.0,0.0,0.0,0.0,0.0,-0.0,-0.0,-0.0,0.0,-0.0,-0.0,0.0,0.0,0.0,0.0,0.0,0.0,0.0,0.0
123,2024-06-28,2024-07-01,72.06,71.9,-0.1599999999999966,-0.0022228405929461533,78.63,78.33,-0.29999999999999716,-0.003822634624277439,1.0894297635605006,1.0,1.0906889212075765,1.0908358228718844,78.4310956644885,1.0,1.0,78.33,0.0012898057145516325,0.0,0.0012898057145516325,False,True,0,0,False,1393.0,1277.0,0.0,0.0,0.0,0.0,-0.0,0.0,0.0,0.0,0.0,-0.0,-0.0,-0.0,0.0,-0.0,-0.0,0.0,0.0,0.0,0.0,0.0,0.0,0.0,0.0
124,2024-07-01,2024-07-02,71.9,72.01,0.10999999999999943,0.001528733533774359,78.33,78.51,0.18000000000000682,0.002295333831017202,1.0902652409387585,1.0,1.0904935064346177,1.0906889212075765,78.54050921615759,1.0,1.0,78.51,0.00038852744500663533,0.0,0.00038852744500663533,False,True,0,0,False,1390.0,1274.0,0.0,0.0,0.0,0.0,-0.0,0.0,0.0,0.0,0.0,-0.0,0.0,-0.0,0.0,0.0,-0.0,0.0,0.0,0.0,0.0,0.0,0.0,0.0,0.0
125,2024-07-02,2024-07-03,72.01,72.06,0.04999999999999716,0.0006941070591717497,78.51,78.63,0.11999999999999034,0.0015273007932604667,1.091174021648626,1.0,1.0904502522097865,1.0904935064346177,78.58096207367856,1.0,1.0,78.63,-0.0006238487095939357,0.0,-0.0006238487095939357,False,True,0,0,False,1387.0,1272.0,0.0,0.0,0.0,0.0,-0.0,0.0,0.0,0.0,0.0,-0.0,0.0,-0.0,0.0,0.0,-0.0,0.0,0.0,0.0,0.0,0.0,0.0,0.0,0.0
126,2024-07-03,2024-07-05,72.06,72.21,0.14999999999999147,0.002079435143142933,78.63,78.74,0.10999999999999943,0.001397979512166694,1.0904306882703227,1.0,1.090497374451795,1.0904502522097865,78.74141271206868,1.0,1.0,78.74,1.794131820882474e-05,0.0,1.794131820882474e-05,False,True,0,0,False,1385.0,1270.0,0.0,0.0,0.0,0.0,-0.0,0.0,0.0,0.0,0.0,-0.0,0.0,-0.0,0.0,0.0,-0.0,0.0,0.0,0.0,0.0,0.0,0.0,0.0,0.0
127,2024-07-05,2024-07-08,72.21,72.33,0.12000000000000455,0.0016604403980992573,78.74,78.93,0.19000000000001194,0.0024100982047197544,1.091248444628785,1.0,1.090521303017635,1.090497374451795,78.87567509409833,1.0,1.0,78.93,-0.0006885038578656289,0.0,-0.0006885038578656289,False,True,0,0,False,1382.0,1267.0,0.0,0.0,0.0,0.0,-0.0,0.0,0.0,0.0,0.0,-0.0,0.0,-0.0,0.0,0.0,-0.0,0.0,0.0,0.0,0.0,0.0,0.0,0.0,0.0
128,2024-07-08,2024-07-09,72.33,72.14,-0.18999999999999773,-0.002630305385796447,78.93,78.84,-0.09000000000000341,-0.0011409014357916668,1.0928749653451622,1.0,1.0907735832798742,1.090521303017635,78.6702067996922,1.0,1.0,78.84,-0.0021559652485623935,0.0,-0.0021559652485623935,False,True,0,0,False,1383.0,1268.0,0.0,0.0,0.0,0.0,-0.0,0.0,0.0,0.0,0.0,-0.0,-0.0,-0.0,0.0,-0.0,-0.0,0.0,0.0,0.0,0.0,0.0,0.0,0.0,0.0
129,2024-07-09,2024-07-10,72.14,72.42,0.28000000000000114,0.0038738288621022843,78.84,79.01,0.1700000000000017,0.0021539444501223856,1.0909969621651479,1.0,1.0909075760334725,1.0907735832798742,78.9938229011285,1.0,1.0,79.01,-0.0002047684496615638,0.0,-0.0002047684496615638,False,True,0,0,False,1381.0,1266.0,0.0,0.0,0.0,0.0,-0.0,0.0,0.0,0.0,0.0,-0.0,0.0,-0.0,0.0,0.0,-0.0,0.0,0.0,0.0,0.0,0.0,0.0,0.0,0.0
130,2024-07-10,2024-07-11,72.42,73.06,0.6400000000000006,0.008798517029641227,79.01,79.68,0.6700000000000017,0.00844418654170091,1.0906104571585,1.0,1.0908704559346332,1.0909075760334725,79.7017075050055,1.0,1.0,79.68,0.00027239644347559067,0.0,0.00027239644347559067,False,True,0,0,False,1369.0,1255.0,0.0,0.0,0.0,0.0,-0.0,0.0,0.0,0.0,0.0,-0.0,0.0,-0.0,0.0,0.0,-0.0,0.0,0.0,0.0,0.0,0.0,0.0,0.0,0.0
131,2024-07-11,2024-07-12,73.06,73.55,0.4899999999999949,0.006684425680310031,79.68,80.19,0.5099999999999909,0.006380205542594334,1.0902787219578518,1.0,1.0908816945639963,1.0908704559346332,80.23352203399227,1.0,1.0,80.19,0.0005425891977461802,0.0,0.0005425891977461802,False,True,0,0,False,1360.0,1247.0,0.0,0.0,0.0,0.0,-0.0,0.0,0.0,0.0,0.0,-0.0,0.0,-0.0,0.0,0.0,-0.0,0.0,0.0,0.0,0.0,0.0,0.0,0.0,0.0
132,2024-07-12,2024-07-15,73.55,73.66,0.10999999999999943,0.0014944639694726108,80.19,80.42,0.23000000000000398,0.002864082650190588,1.0917730111322292,1.0,1.0909647130805575,1.0908816945639963,80.35434562158396,1.0,1.0,80.42,-0.0008167270942603915,0.0,-0.0008167270942603915,False,True,0,0,False,1356.0,1243.0,0.0,0.0,0.0,0.0,-0.0,0.0,0.0,0.0,0.0,-0.0,0.0,-0.0,0.0,0.0,-0.0,0.0,0.0,0.0,0.0,0.0,0.0,0.0,0.0
133,2024-07-15,2024-07-16,73.66,74.27,0.6099999999999994,0.008247190664285824,80.42,81.25,0.8299999999999983,0.010267919740718914,1.093981419146358,1.0,1.0911685379528642,1.0909647130805575,81.025949240493,1.0,1.0,81.25,-0.0027613568482933574,0.0,-0.0027613568482933574,False,True,0,0,False,1343.0,1231.0,0.0,0.0,0.0,0.0,-0.0,0.0,0.0,0.0,0.0,-0.0,0.0,-0.0,0.0,0.0,-0.0,0.0,0.0,0.0,0.0,0.0,0.0,0.0,0.0
134,2024-07-16,2024-07-17,74.27,73.58,-0.6899999999999977,-0.009333852004576764,81.25,80.58,-0.6700000000000017,-0.008280341446645717,1.0951345474313672,1.0,1.0912768660514003,1.0911685379528642,80.28818102257175,1.0,1.0,80.58,-0.0036280549163795433,0.0,-0.0036280549163795433,False,True,0,0,False,1354.0,1241.0,0.0,0.0,0.0,0.0,-0.0,0.0,0.0,0.0,0.0,-0.0,-0.0,-0.0,0.0,-0.0,-0.0,0.0,0.0,0.0,0.0,0.0,0.0,0.0,0.0
135,2024-07-17,2024-07-18,73.58,73.11,-0.46999999999999886,-0.006408093371403782,80.58,79.76,-0.8199999999999932,-0.010228354109618178,1.0909588291615375,1.0,1.0912774508349063,1.0912768660514003,79.78325167701787,1.0,1.0,79.76,0.0002914780404445179,0.0,0.0002914780404445179,False,True,0,0,False,1368.0,1254.0,0.0,0.0,0.0,0.0,-0.0,0.0,0.0,0.0,0.0,-0.0,-0.0,-0.0,0.0,-0.0,-0.0,0.0,0.0,0.0,0.0,0.0,0.0,0.0,0.0
136,2024-07-18,2024-07-19,73.11,73.16,0.04999999999999716,0.0006836672174402598,79.76,79.85,0.0899999999999892,0.0011277490074383559,1.0914434117003826,1.0,1.0913060761944984,1.0912774508349063,79.83785830308175,1.0,1.0,79.85,-0.00015206787880642073,0.0,-0.00015206787880642073,False,True,0,0,False,1366.0,1252.0,0.0,0.0,0.0,0.0,-0.0,0.0,0.0,0.0,0.0,-0.0,0.0,-0.0,0.0,0.0,-0.0,0.0,0.0,0.0,0.0,0.0,0.0,0.0,0.0
137,2024-07-19,2024-07-22,73.16,73.61,0.45000000000000284,0.006132062547949602,79.85,80.44,0.5900000000000034,0.007361690243429846,1.0927863062083956,1.0,1.0914405723961038,1.0913060761944984,80.33104026867703,1.0,1.0,80.44,-0.0013554648626193865,0.0,-0.0013554648626193865,False,True,0,0,False,1356.0,1243.0,0.0,0.0,0.0,0.0,-0.0,0.0,0.0,0.0,0.0,-0.0,0.0,-0.0,0.0,0.0,-0.0,0.0,0.0,0.0,0.0,0.0,0.0,0.0,0.0
138,2024-07-22,2024-07-23,73.61,73.71,0.09999999999999432,0.0013575891305828867,80.44,80.39,-0.04999999999999716,-0.0006217745645818319,1.0906254239587574,1.0,1.091450529827445,1.0914405723961038,80.45008459131681,1.0,1.0,80.39,0.0007471345748725135,0.0,0.0007471345748725135,False,True,0,0,False,1358.0,1244.0,0.0,0.0,0.0,0.0,-0.0,0.0,0.0,0.0,0.0,-0.0,0.0,-0.0,0.0,-0.0,-0.0,0.0,0.0,0.0,0.0,0.0,0.0,0.0,0.0
139,2024-07-23,2024-07-24,73.71,72.79,-0.9199999999999875,-0.01255989207103071,80.39,79.79,-0.5999999999999943,-0.007491607019679831,1.096167055914274,1.0,1.0917070911830362,1.091450529827445,79.44668406613974,1.0,1.0,79.79,-0.004312027317442967,0.0,-0.004312027317442967,False,True,0,0,False,1368.0,1253.0,0.0,0.0,0.0,0.0,-0.0,0.0,0.0,0.0,0.0,-0.0,-0.0,-0.0,0.0,-0.0,-0.0,0.0,0.0,0.0,0.0,0.0,0.0,0.0,0.0
140,2024-07-24,2024-07-25,72.79,72.7,-0.09000000000000341,-0.0012371985906929506,79.79,79.34,-0.45000000000000284,-0.005655768234005517,1.091334250343879,1.0,1.09171949970913,1.0917070911830362,79.36710552900674,1.0,1.0,79.34,0.00034157927812911393,0.0,0.00034157927812911393,False,True,0,0,False,1376.0,1260.0,0.0,0.0,0.0,0.0,-0.0,0.0,0.0,0.0,0.0,-0.0,-0.0,-0.0,0.0,-0.0,-0.0,0.0,0.0,0.0,0.0,0.0,0.0,0.0,0.0
141,2024-07-25,2024-07-26,72.7,73.01,0.3100000000000023,0.004255033528520753,79.34,79.74,0.3999999999999915,0.005028926867024668,1.0921791535406107,1.0,1.0917433347930037,1.09171949970913,79.70644067376358,1.0,1.0,79.74,-0.000420947957071422,0.0,-0.000420947957071422,False,True,0,0,False,1369.0,1254.0,0.0,0.0,0.0,0.0,-0.0,0.0,0.0,0.0,0.0,-0.0,0.0,-0.0,0.0,0.0,-0.0,0.0,0.0,0.0,0.0,0.0,0.0,0.0,0.0
142,2024-07-26,2024-07-29,73.01,73.04,0.030000000000001137,0.00041081821871855566,79.74,79.94,0.20000000000000284,0.0025050113299685374,1.0944687842278202,1.0,1.0919080729219632,1.0917433347930037,79.740933173281,1.0,1.0,79.94,-0.002493308698657844,0.0,-0.002493308698657844,False,True,0,0,False,1366.0,1251.0,0.0,0.0,0.0,0.0,-0.0,0.0,0.0,0.0,0.0,-0.0,0.0,-0.0,0.0,0.0,-0.0,0.0,0.0,0.0,0.0,0.0,0.0,0.0,0.0
143,2024-07-29,2024-07-30,73.04,72.95,-0.09000000000000341,-0.001232961317918441,79.94,79.82,-0.12000000000000455,-0.0015022536625896778,1.0941740918437284,1.0,1.0921452893361248,1.0919080729219632,79.65469391965722,1.0,1.0,79.82,-0.0020731331785034802,0.0,-0.0020731331785034802,False,True,0,0,False,1368.0,1253.0,0.0,0.0,0.0,0.0,-0.0,0.0,0.0,0.0,0.0,-0.0,-0.0,-0.0,0.0,-0.0,-0.0,0.0,0.0,0.0,0.0,0.0,0.0,0.0,0.0
144,2024-07-30,2024-07-31,72.95,73.55,0.5999999999999943,0.008191172078651837,79.82,80.3,0.480000000000004,0.005995521332128126,1.0917743031951053,1.0,1.092220742448942,1.0921452893361248,80.32728603067197,1.0,1.0,80.3,0.0003397434098366522,0.0,0.0003397434098366522,False,True,0,0,True,1360.0,1245.0,0.0,0.0,0.0,0.0,-0.0,0.0,0.0,0.0,0.0,-0.0,0.0,-0.0,0.0,0.0,-0.0,0.0,0.0,0.0,0.0,0.0,0.0,0.0,0.0
145,2024-07-31,2024-08-01,73.55,72.65,-0.8999999999999915,-0.01231205703115451,80.3,79.38,-0.9200000000000017,-0.011523173597796695,1.0926359256710254,1.0,1.092293837650062,1.092220742448942,79.34983693891564,1.0,1.0,79.38,-0.00038005534471789146,0.0,-0.00038005534471789146,False,True,0,0,False,1376.0,1260.0,0.0,0.0,0.0,0.0,-0.0,0.0,0.0,0.0,0.0,-0.0,-0.0,-0.0,0.0,-0.0,-0.0,0.0,0.0,0.0,0.0,0.0,0.0,0.0,0.0
146,2024-08-01,2024-08-02,72.65,71.82,-0.8300000000000125,-0.011490401218355345,79.38,78.28,-1.0999999999999943,-0.013954304827043731,1.08994708994709,1.0,1.0922696577339004,1.092293837650062,78.44854342002743,1.0,1.0,78.28,0.002150769493806289,0.0,0.002150769493806289,False,True,0,0,False,1395.0,1277.0,0.0,0.0,0.0,0.0,-0.0,0.0,0.0,0.0,0.0,-0.0,-0.0,-0.0,0.0,-0.0,-0.0,0.0,0.0,0.0,0.0,0.0,0.0,0.0,0.0
147,2024-08-02,2024-08-05,71.82,71.19,-0.6299999999999955,-0.008810629682154807,78.28,77.24,-1.0400000000000063,-0.013374684967561836,1.084983846045793,1.0,1.0919564278047509,1.0922696577339004,77.75867693407636,1.0,1.0,77.24,0.006692687710445337,0.0,0.006692687710445337,True,False,0,-1,False,1414.0,1295.0,0.0,-1414.0,-1414.0,0.0,1414.0,0.0,1295.0,1295.0,1295.0,-0.0,-0.0,-7.07,0.0,-0.0,-6.4750000000000005,0.0,0.0,-13.545000000000002,-13.545000000000002,-13.545000000000002,-13.545000000000002,0.0,0.0
148,2024-08-05,2024-08-06,71.19,71.45,0.2600000000000051,0.003645545260094692,77.24,78.05,0.8100000000000023,0.010432189401127426,1.0923722883135059,1.0,1.0919312939531678,1.0919564278047509,78.02028676664945,1.0,1.0,78.05,-0.000380767336629112,0.0,-0.000380767336629112,False,True,-1,0,False,1399.0,1281.0,-1414.0,0.0,1414.0,1414.0,-0.0,1295.0,0.0,-1295.0,0.0,1295.0,-367.64000000000726,-7.07,-100662.66,1048.950000000003,-6.4750000000000005,100025.79999999999,681.3099999999957,-13.545000000000002,667.7649999999958,654.2199999999958,0.0,200688.46,-636.8600000000151
149,2024-08-06,2024-08-07,71.45,71.21,-0.2400000000000091,-0.0033646463818431203,78.05,77.33,-0.7199999999999989,-0.009267668340496962,1.0859429855357394,1.0,1.0916785951216976,1.0919312939531678,77.75642744240507,1.0,1.0,77.33,0.0054992370911014915,0.0,0.0054992370911014915,True,False,0,-1,False,1412.0,1293.0,0.0,-1412.0,-1412.0,0.0,1412.0,0.0,1293.0,1293.0,1293.0,-0.0,-0.0,-7.0600000000000005,0.0,-0.0,-6.465,0.0,0.0,-13.525,-13.525,640.6949999999958,-13.524999999999977,0.0,0.0
150,2024-08-07,2024-08-08,71.21,71.89,0.6800000000000068,0.009503915001746856,77.33,78.71,1.3799999999999955,0.01768823353341465,1.0948671581582974,1.0,1.0918914301716875,1.0916785951216976,78.48077420329885,1.0,1.0,78.71,-0.002916531970134243,0.0,-0.002916531970134243,False,True,-1,0,False,1386.0,1270.0,-1412.0,0.0,1412.0,1412.0,-0.0,1293.0,0.0,-1293.0,0.0,1293.0,-960.1600000000096,-7.0600000000000005,-100548.51999999999,1784.3399999999942,-6.465,99987.69,824.1799999999846,-13.525,810.6549999999846,1451.3499999999804,0.0,200536.21,-560.8299999999872
151,2024-08-08,2024-08-09,71.89,72.18,0.29000000000000625,0.004025826218862451,78.71,79.0,0.29000000000000625,0.00367764031266284,1.0944860072042115,1.0,1.0921017944340055,1.0918914301716875,78.81272342979241,1.0,1.0,79.0,-0.0023734037921517267,0.0,-0.0023734037921517267,False,True,0,0,False,1382.0,1266.0,0.0,0.0,0.0,0.0,-0.0,0.0,0.0,0.0,0.0,-0.0,0.0,-0.0,0.0,0.0,-0.0,0.0,0.0,0.0,0.0,1451.3499999999804,0.0,0.0,0.0
152,2024-08-09,2024-08-12,72.18,72.02,-0.1600000000000108,-0.0022191409939134664,79.0,78.81,-0.18999999999999773,-0.0024079601014632733,1.094279366842544,1.0,1.092227112219521,1.0921017944340055,78.65317123513707,1.0,1.0,78.81,-0.001991942820516988,0.0,-0.001991942820516988,False,True,0,0,False,1386.0,1269.0,0.0,0.0,0.0,0.0,-0.0,0.0,0.0,0.0,0.0,-0.0,-0.0,-0.0,0.0,-0.0,-0.0,0.0,0.0,0.0,0.0,1451.3499999999804,0.0,0.0,0.0
153,2024-08-12,2024-08-13,72.02,72.44,0.4200000000000017,0.00581477479448347,78.81,79.05,0.23999999999999488,0.003040671289922879,1.0912479293208173,1.0,1.092090437728244,1.092227112219521,79.1209320091821,1.0,1.0,79.05,0.0008969032809769883,0.0,0.0008969032809769883,False,True,0,0,False,1382.0,1265.0,0.0,0.0,0.0,0.0,-0.0,0.0,0.0,0.0,0.0,-0.0,0.0,-0.0,0.0,0.0,-0.0,0.0,0.0,0.0,0.0,1451.3499999999804,0.0,0.0,0.0
154,2024-08-13,2024-08-14,72.44,72.3,-0.14000000000000057,-0.001934503850493655,79.05,79.21,0.1599999999999966,0.00202198982070722,1.0955739972337482,1.0,1.092112410218363,1.092090437728244,78.95813864775205,1.0,1.0,79.21,-0.0031847319855550123,0.0,-0.0031847319855550123,False,True,0,0,False,1378.0,1262.0,0.0,0.0,0.0,0.0,-0.0,0.0,0.0,0.0,0.0,-0.0,-0.0,-0.0,0.0,0.0,-0.0,0.0,0.0,0.0,0.0,1451.3499999999804,0.0,0.0,0.0
155,2024-08-14,2024-08-15,72.3,72.89,0.5900000000000034,0.008127326229402551,79.21,79.82,0.6099999999999994,0.007671546144399444,1.0950747702016737,1.0,1.0923182072703699,1.092112410218363,79.60407358081648,1.0,1.0,79.82,-0.0027088324412808326,0.0,-0.0027088324412808326,False,True,0,0,False,1368.0,1253.0,0.0,0.0,0.0,0.0,-0.0,0.0,0.0,0.0,0.0,-0.0,0.0,-0.0,0.0,0.0,-0.0,0.0,0.0,0.0,0.0,1451.3499999999804,0.0,0.0,0.0
156,2024-08-15,2024-08-16,72.89,73.1,0.20999999999999375,0.0028769113616110924,79.82,80.1,0.28000000000000114,0.0035017544537257247,1.0957592339261286,1.0,1.0925339983816573,1.0923182072703699,79.84846095146403,1.0,1.0,80.1,-0.0031452538449533267,0.0,-0.0031452538449533267,False,True,0,0,False,1363.0,1248.0,0.0,0.0,0.0,0.0,-0.0,0.0,0.0,0.0,0.0,-0.0,0.0,-0.0,0.0,0.0,-0.0,0.0,0.0,0.0,0.0,1451.3499999999804,0.0,0.0,0.0
157,2024-08-16,2024-08-19,73.1,73.46,0.35999999999999943,0.004912673635788405,80.1,80.57,0.46999999999999886,0.00585051771479108,1.0967873672747073,1.0,1.0927340514349728,1.0925339983816573,80.25754752111654,1.0,1.0,80.57,-0.003885564094042131,0.0,-0.003885564094042131,False,True,0,0,False,1356.0,1241.0,0.0,0.0,0.0,0.0,-0.0,0.0,0.0,0.0,0.0,-0.0,0.0,-0.0,0.0,0.0,-0.0,0.0,0.0,0.0,0.0,1451.3499999999804,0.0,0.0,0.0
158,2024-08-19,2024-08-20,73.46,73.34,-0.11999999999999034,-0.0016348777483411849,80.57,80.22,-0.3499999999999943,-0.004353511447197664,1.0938096536678483,1.0,1.0928932629204273,1.0927340514349728,80.14111533224091,1.0,1.0,80.22,-0.0009838379330125823,0.0,-0.0009838379330125823,False,True,0,0,False,1363.0,1247.0,0.0,0.0,0.0,0.0,-0.0,0.0,0.0,0.0,0.0,-0.0,-0.0,-0.0,0.0,-0.0,-0.0,0.0,0.0,0.0,0.0,1451.3499999999804,0.0,0.0,0.0
159,2024-08-20,2024-08-21,73.34,73.58,0.23999999999999488,0.0032670870334482673,80.22,80.54,0.3200000000000074,0.003981095081401323,1.0945909214460452,1.0,1.092814456197016,1.0928932629204273,80.41508628568504,1.0,1.0,80.54,-0.0015521564714228062,0.0,-0.0015521564714228062,False,True,0,0,False,1357.0,1242.0,0.0,0.0,0.0,0.0,-0.0,0.0,0.0,0.0,0.0,-0.0,0.0,-0.0,0.0,0.0,-0.0,0.0,0.0,0.0,0.0,1451.3499999999804,0.0,0.0,0.0
160,2024-08-21,2024-08-22,73.58,73.47,-0.10999999999999943,-0.001496090044442198,80.54,80.55,0.009999999999990905,0.00012415419967521358,1.096365863617803,1.0,1.0930660368607121,1.092814456197016,80.28907809679475,1.0,1.0,80.55,-0.003244511659520734,0.0,-0.003244511659520734,False,True,0,0,False,1356.0,1241.0,0.0,0.0,0.0,0.0,-0.0,0.0,0.0,0.0,0.0,-0.0,-0.0,-0.0,0.0,0.0,-0.0,0.0,0.0,0.0,0.0,1451.3499999999804,0.0,0.0,0.0
161,2024-08-22,2024-08-23,73.47,74.14,0.6700000000000017,0.009078038090400071,80.55,81.18,0.6300000000000097,0.007790801787768443,1.0949554896142435,1.0,1.093204853664394,1.0930660368607121,81.0399159728532,1.0,1.0,81.18,-0.0017270883310144358,0.0,-0.0017270883310144358,False,True,0,0,False,1347.0,1232.0,0.0,0.0,0.0,0.0,-0.0,0.0,0.0,0.0,0.0,-0.0,0.0,-0.0,0.0,0.0,-0.0,0.0,0.0,0.0,0.0,1451.3499999999804,0.0,0.0,0.0
162,2024-08-23,2024-08-26,74.14,74.07,-0.07000000000000739,-0.0009446056973884715,81.18,81.06,-0.12000000000000455,-0.0014792902105892813,1.09437019036047,1.0,1.0931999239710262,1.093204853664394,80.97368351092165,1.0,1.0,81.06,-0.001065414244408172,0.0,-0.001065414244408172,False,True,0,0,False,1349.0,1234.0,0.0,0.0,0.0,0.0,-0.0,0.0,0.0,0.0,0.0,-0.0,-0.0,-0.0,0.0,-0.0,-0.0,0.0,0.0,0.0,0.0,1451.3499999999804,0.0,0.0,0.0
163,2024-08-26,2024-08-27,74.07,74.16,0.09000000000000341,0.0012143292324019804,81.06,81.29,0.23000000000000398,0.0028333865583186077,1.0961434735706581,1.0,1.0932983930573728,1.0931999239710262,81.0717063616913,1.0,1.0,81.29,-0.002688980976284797,0.0,-0.002688980976284797,False,True,0,0,False,1345.0,1230.0,0.0,0.0,0.0,0.0,-0.0,0.0,0.0,0.0,0.0,-0.0,0.0,-0.0,0.0,0.0,-0.0,0.0,0.0,0.0,0.0,1451.3499999999804,0.0,0.0,0.0
164,2024-08-27,2024-08-28,74.16,73.85,-0.3100000000000023,-0.004188912280210973,81.29,80.85,-0.44000000000001194,-0.00542742173536524,1.09478672985782,1.0,1.0934490143905085,1.0932983930573728,80.74008632728697,1.0,1.0,80.85,-0.0013604013979145154,0.0,-0.0013604013979145154,False,True,0,0,False,1352.0,1237.0,0.0,0.0,0.0,0.0,-0.0,0.0,0.0,0.0,0.0,-0.0,-0.0,-0.0,0.0,-0.0,-0.0,0.0,0.0,0.0,0.0,1451.3499999999804,0.0,0.0,0.0
165,2024-08-28,2024-08-29,73.85,74.04,0.19000000000001194,0.0025694787279082125,80.85,81.14,0.29000000000000625,0.003580471755185319,1.095894111291194,1.0,1.093611923671517,1.0934490143905085,80.95896502547325,1.0,1.0,81.14,-0.0022336360971280905,0.0,-0.0022336360971280905,False,True,0,0,False,1347.0,1232.0,0.0,0.0,0.0,0.0,-0.0,0.0,0.0,0.0,0.0,-0.0,0.0,-0.0,0.0,0.0,-0.0,0.0,0.0,0.0,0.0,1451.3499999999804,0.0,0.0,0.0
166,2024-08-29,2024-08-30,74.04,74.29,0.25,0.0033708654584181635,81.14,81.29,0.15000000000000568,0.0018469499801797465,1.0942253331538565,1.0,1.093825835831855,1.093611923671517,81.244429809557,1.0,1.0,81.29,-0.0005607450887848292,0.0,-0.0005607450887848292,False,True,0,0,True,1345.0,1230.0,0.0,0.0,0.0,0.0,-0.0,0.0,0.0,0.0,0.0,-0.0,0.0,-0.0,0.0,0.0,-0.0,0.0,0.0,0.0,0.0,1451.3499999999804,0.0,0.0,0.0
167,2024-08-30,2024-09-03,74.29,73.39,-0.9000000000000057,-0.012188666606743524,81.29,80.19,-1.1000000000000085,-0.013624188939543758,1.0926556751601035,1.0,1.0942094272875706,1.093825835831855,80.27587809169985,1.0,1.0,80.19,0.0010703596418145604,0.0,0.0010703596418145604,False,True,0,0,False,1364.0,1247.0,0.0,0.0,0.0,0.0,-0.0,0.0,0.0,0.0,0.0,-0.0,-0.0,-0.0,0.0,-0.0,-0.0,0.0,0.0,0.0,0.0,1451.3499999999804,0.0,0.0,0.0
168,2024-09-03,2024-09-04,73.39,73.32,-0.07000000000000739,-0.0009542635854672621,80.19,80.09,-0.09999999999999432,-0.001247816483346349,1.0923349699945446,1.0,1.0942075613716227,1.0942094272875706,80.22743520872467,1.0,1.0,80.09,0.001714538935996246,0.0,0.001714538935996246,False,True,0,0,False,1367.0,1249.0,0.0,0.0,0.0,0.0,-0.0,0.0,0.0,0.0,0.0,-0.0,-0.0,-0.0,0.0,-0.0,-0.0,0.0,0.0,0.0,0.0,1451.3499999999804,0.0,0.0,0.0
169,2024-09-04,2024-09-05,73.32,73.28,-0.03999999999999204,-0.0005457026056293529,80.09,80.22,0.12999999999999545,0.0016218580063159461,1.0947052401746724,1.0,1.0946456741035693,1.0942075613716227,80.18353009731251,1.0,1.0,80.22,-0.00045472694140570894,0.0,-0.00045472694140570894,False,True,0,0,False,1364.0,1247.0,0.0,0.0,0.0,0.0,-0.0,0.0,0.0,0.0,0.0,-0.0,-0.0,-0.0,0.0,0.0,-0.0,0.0,0.0,0.0,0.0,1451.3499999999804,0.0,0.0,0.0
170,2024-09-05,2024-09-06,73.28,72.89,-0.39000000000000057,-0.005336264971753288,80.22,79.74,-0.480000000000004,-0.006001518388697886,1.0939772259569214,1.0,1.0946011774935005,1.0946456741035693,79.78872318540917,1.0,1.0,79.74,0.0006108390508150791,0.0,0.0006108390508150791,False,True,0,0,False,1373.0,1254.0,0.0,0.0,0.0,0.0,-0.0,0.0,0.0,0.0,0.0,-0.0,-0.0,-0.0,0.0,-0.0,-0.0,0.0,0.0,0.0,0.0,1451.3499999999804,0.0,0.0,0.0
171,2024-09-06,2024-09-09,72.89,73.12,0.23000000000000398,0.003150471751772986,79.74,79.92,0.18000000000000682,0.0022547923870893044,1.0929978118161925,1.0,1.0945267677240995,1.0946011774935005,80.03723809832476,1.0,1.0,79.92,0.0014658682621894513,0.0,0.0014658682621894513,False,True,0,0,False,1369.0,1251.0,0.0,0.0,0.0,0.0,-0.0,0.0,0.0,0.0,0.0,-0.0,0.0,-0.0,0.0,0.0,-0.0,0.0,0.0,0.0,0.0,1451.3499999999804,0.0,0.0,0.0
172,2024-09-09,2024-09-10,73.12,73.19,0.06999999999999318,0.0009568724672411112,79.92,80.17,0.25,0.0031232457145621744,1.0953682197021453,1.0,1.0945812103670796,1.0945267677240995,80.10841412972684,1.0,1.0,80.17,-0.0007684861824776422,0.0,-0.0007684861824776422,False,True,0,0,False,1365.0,1247.0,0.0,0.0,0.0,0.0,-0.0,0.0,0.0,0.0,0.0,-0.0,0.0,-0.0,0.0,0.0,-0.0,0.0,0.0,0.0,0.0,1451.3499999999804,0.0,0.0,0.0
173,2024-09-10,2024-09-11,73.19,73.69,0.5,0.006808305165772082,80.17,80.48,0.3100000000000023,0.0038593262965689094,1.0921427602116978,1.0,1.0946259519116235,1.0945812103670796,80.6596893919501,1.0,1.0,80.48,0.002230232255112597,0.0,0.002230232255112597,False,True,0,0,False,1361.0,1243.0,0.0,0.0,0.0,0.0,-0.0,0.0,0.0,0.0,0.0,-0.0,0.0,-0.0,0.0,0.0,-0.0,0.0,0.0,0.0,0.0,1451.3499999999804,0.0,0.0,0.0
174,2024-09-11,2024-09-12,73.69,73.91,0.21999999999999886,0.002981032017887469,80.48,80.79,0.3100000000000023,0.0038444891401882395,1.0930861859017726,1.0,1.094501561345025,1.0946259519116235,80.90380410578808,1.0,1.0,80.79,0.0014076497885511508,0.0,0.0014076497885511508,False,True,0,0,False,1355.0,1238.0,0.0,0.0,0.0,0.0,-0.0,0.0,0.0,0.0,0.0,-0.0,0.0,-0.0,0.0,0.0,-0.0,0.0,0.0,0.0,0.0,1451.3499999999804,0.0,0.0,0.0
175,2024-09-12,2024-09-13,73.91,74.44,0.5300000000000011,0.007145294977254618,80.79,81.3,0.5099999999999909,0.006292821062147465,1.0921547555077915,1.0,1.094355560610331,1.094501561345025,81.47469622652366,1.0,1.0,81.3,0.0021464797373026328,0.0,0.0021464797373026328,False,True,0,0,False,1346.0,1230.0,0.0,0.0,0.0,0.0,-0.0,0.0,0.0,0.0,0.0,-0.0,0.0,-0.0,0.0,0.0,-0.0,0.0,0.0,0.0,0.0,1451.3499999999804,0.0,0.0,0.0
176,2024-09-13,2024-09-16,74.44,74.69,0.25,0.003352782594925206,81.3,81.55,0.25,0.0030703125132580385,1.091846298031865,1.0,1.0941599138156177,1.094355560610331,81.73741682198562,1.0,1.0,81.55,0.0022955461961879577,0.0,0.0022955461961879577,False,True,0,0,False,1342.0,1226.0,0.0,0.0,0.0,0.0,-0.0,0.0,0.0,0.0,0.0,-0.0,0.0,-0.0,0.0,0.0,-0.0,0.0,0.0,0.0,0.0,1451.3499999999804,0.0,0.0,0.0
177,2024-09-16,2024-09-17,74.69,74.82,0.12999999999999545,0.0017390145510246128,81.55,81.81,0.2600000000000051,0.0031831564585841367,1.0934242181234965,1.0,1.093991756358057,1.0941599138156177,81.86504475168451,1.0,1.0,81.81,0.0006726102179256316,0.0,0.0006726102179256316,False,True,0,0,False,1337.0,1222.0,0.0,0.0,0.0,0.0,-0.0,0.0,0.0,0.0,0.0,-0.0,0.0,-0.0,0.0,0.0,-0.0,0.0,0.0,0.0,0.0,1451.3499999999804,0.0,0.0,0.0
178,2024-09-17,2024-09-18,74.82,74.76,-0.05999999999998806,-0.0008022463326378728,81.81,81.72,-0.09000000000000341,-0.0011007155761856271,1.0930979133226324,1.0,1.0939561693407964,1.093991756358057,81.78682370532835,1.0,1.0,81.72,0.0008173812876367049,0.0,0.0008173812876367049,False,True,0,0,False,1339.0,1224.0,0.0,0.0,0.0,0.0,-0.0,0.0,0.0,0.0,0.0,-0.0,-0.0,-0.0,0.0,-0.0,-0.0,0.0,0.0,0.0,0.0,1451.3499999999804,0.0,0.0,0.0
179,2024-09-18,2024-09-19,74.76,75.42,0.6599999999999966,0.00878950924284885,81.72,82.52,0.7999999999999972,0.009741918253629694,1.0941394855476,1.0,1.0939335975458742,1.0939561693407964,82.50617429168287,1.0,1.0,82.52,-0.00016755776359495773,0.0,-0.00016755776359495773,False,True,0,0,False,1326.0,1212.0,0.0,0.0,0.0,0.0,-0.0,0.0,0.0,0.0,0.0,-0.0,0.0,-0.0,0.0,0.0,-0.0,0.0,0.0,0.0,0.0,1451.3499999999804,0.0,0.0,0.0
180,2024-09-19,2024-09-20,75.42,75.33,-0.09000000000000341,-0.0011940299926078007,82.52,82.49,-0.030000000000001137,-0.0003636143304107253,1.0950484534713925,1.0,1.0938677270385537,1.0939335975458742,82.4060179031307,1.0,1.0,82.49,-0.0010186068189954635,0.0,-0.0010186068189954635,False,True,0,0,False,1326.0,1212.0,0.0,0.0,0.0,0.0,-0.0,0.0,0.0,0.0,0.0,-0.0,-0.0,-0.0,0.0,-0.0,-0.0,0.0,0.0,0.0,0.0,1451.3499999999804,0.0,0.0,0.0
181,2024-09-20,2024-09-23,75.33,75.58,0.25,0.003313236083739634,82.49,82.67,0.18000000000000682,0.0021797053919438976,1.0938078856840434,1.0,1.0938103468420435,1.0938677270385537,82.67452280957389,1.0,1.0,82.67,5.47077036258104e-05,0.0,5.47077036258104e-05,False,True,0,0,False,1324.0,1210.0,0.0,0.0,0.0,0.0,-0.0,0.0,0.0,0.0,0.0,-0.0,0.0,-0.0,0.0,0.0,-0.0,0.0,0.0,0.0,0.0,1451.3499999999804,0.0,0.0,0.0
182,2024-09-23,2024-09-24,75.58,75.96,0.37999999999999545,0.005015188022742069,82.67,83.01,0.3400000000000034,0.00410430320236008,1.0928120063191156,1.0,1.0937324376399757,1.0938103468420435,83.08583394612161,1.0,1.0,83.01,0.000913134900367248,0.0,0.000913134900367248,False,True,0,0,False,1318.0,1205.0,0.0,0.0,0.0,0.0,-0.0,0.0,0.0,0.0,0.0,-0.0,0.0,-0.0,0.0,0.0,-0.0,0.0,0.0,0.0,0.0,1451.3499999999804,0.0,0.0,0.0
183,2024-09-24,2024-09-25,75.96,75.71,-0.25,-0.003296633828869832,83.01,82.6,-0.4100000000000108,-0.004951401940012004,1.0910051512349757,1.0,1.0934755215231917,1.0937324376399757,82.80648285372256,1.0,1.0,82.6,0.002496673134175358,0.0,0.002496673134175358,False,True,0,0,False,1325.0,1211.0,0.0,0.0,0.0,0.0,-0.0,0.0,0.0,0.0,0.0,-0.0,-0.0,-0.0,0.0,-0.0,-0.0,0.0,0.0,0.0,0.0,1451.3499999999804,0.0,0.0,0.0
184,2024-09-25,2024-09-26,75.71,76.21,0.5,0.006582435562810916,82.6,83.21,0.6099999999999994,0.0073578523854060975,1.0918514630625902,1.0,1.0933287581834301,1.0934755215231917,83.33376949528244,1.0,1.0,83.21,0.0014863302114904852,0.0,0.0014863302114904852,False,True,0,0,False,1314.0,1202.0,0.0,0.0,0.0,0.0,-0.0,0.0,0.0,0.0,0.0,-0.0,0.0,-0.0,0.0,0.0,-0.0,0.0,0.0,0.0,0.0,1451.3499999999804,0.0,0.0,0.0
185,2024-09-26,2024-09-27,76.21,76.59,0.38000000000000966,0.004973832243476248,83.21,83.51,0.30000000000001137,0.0035988522527997473,1.0903512207860033,1.0,1.0930516136581705,1.0933287581834301,83.73804958926891,1.0,1.0,83.51,0.002727083887225199,0.0,0.002727083887225199,False,True,0,0,False,1309.0,1197.0,0.0,0.0,0.0,0.0,-0.0,0.0,0.0,0.0,0.0,-0.0,0.0,-0.0,0.0,0.0,-0.0,0.0,0.0,0.0,0.0,1451.3499999999804,0.0,0.0,0.0
186,2024-09-27,2024-09-30,76.59,76.59,0.0,0.0,83.51,83.67,0.1599999999999966,0.0019141051423690939,1.0924402663533097,1.0,1.0929623603181433,1.0930516136581705,83.71682309007929,1.0,1.0,83.67,0.0005594597046072509,0.0,0.0005594597046072509,False,True,0,0,True,1306.0,1195.0,0.0,0.0,0.0,0.0,-0.0,0.0,0.0,0.0,0.0,-0.0,0.0,-0.0,0.0,0.0,-0.0,0.0,0.0,0.0,0.0,1451.3499999999804,0.0,0.0,0.0
187,2024-09-30,2024-10-01,76.59,76.34,-0.25,-0.003269472604418481,83.67,83.22,-0.45000000000000284,-0.005392786752712125,1.090123133350799,1.0,1.0928357332276781,1.0929623603181433,83.43674658668706,1.0,1.0,83.22,0.002601115326341433,0.0,0.002601115326341433,False,True,0,0,False,1314.0,1202.0,0.0,0.0,0.0,0.0,-0.0,0.0,0.0,0.0,0.0,-0.0,-0.0,-0.0,0.0,-0.0,-0.0,0.0,0.0,0.0,0.0,1451.3499999999804,0.0,0.0,0.0
188,2024-10-01,2024-10-02,76.34,76.47,0.12999999999999545,0.0017014597390499866,83.22,83.38,0.1599999999999966,0.0019207688978556113,1.0903622335556427,1.0,1.092737096405733,1.0928357332276781,83.56914851992055,1.0,1.0,83.38,0.0022659426840961625,0.0,0.0022659426840961625,False,True,0,0,False,1310.0,1199.0,0.0,0.0,0.0,0.0,-0.0,0.0,0.0,0.0,0.0,-0.0,0.0,-0.0,0.0,0.0,-0.0,0.0,0.0,0.0,0.0,1451.3499999999804,0.0,0.0,0.0
189,2024-10-02,2024-10-03,76.47,76.21,-0.2600000000000051,-0.003405819378107782,83.38,83.09,-0.28999999999999204,-0.0034841147757607312,1.0902768665529459,1.0,1.0925156777246465,1.092737096405733,83.2774941170809,1.0,1.0,83.09,0.0022539763245799605,0.0,0.0022539763245799605,False,True,0,0,False,1316.0,1204.0,0.0,0.0,0.0,0.0,-0.0,0.0,0.0,0.0,0.0,-0.0,-0.0,-0.0,0.0,-0.0,-0.0,0.0,0.0,0.0,0.0,1451.3499999999804,0.0,0.0,0.0
190,2024-10-03,2024-10-04,76.21,76.66,0.45000000000000284,0.0058873722743828715,83.09,83.59,0.5,0.005999538034174783,1.0903991651447953,1.0,1.0923367746840402,1.0925156777246465,83.7522518543714,1.0,1.0,83.59,0.001939162446030072,0.0,0.001939162446030072,False,True,0,0,False,1307.0,1196.0,0.0,0.0,0.0,0.0,-0.0,0.0,0.0,0.0,0.0,-0.0,0.0,-0.0,0.0,0.0,-0.0,0.0,0.0,0.0,0.0,1451.3499999999804,0.0,0.0,0.0
191,2024-10-04,2024-10-07,76.66,76.38,-0.28000000000000114,-0.00365917815503894,83.59,83.4,-0.18999999999999773,-0.0022755863463637064,1.0919088766692853,1.0,1.092282327926695,1.0923367746840402,83.43268285036699,1.0,1.0,83.4,0.00039180393465705854,0.0,0.00039180393465705854,False,True,0,0,False,1310.0,1199.0,0.0,0.0,0.0,0.0,-0.0,0.0,0.0,0.0,0.0,-0.0,-0.0,-0.0,0.0,-0.0,-0.0,0.0,0.0,0.0,0.0,1451.3499999999804,0.0,0.0,0.0
192,2024-10-07,2024-10-08,76.38,76.36,-0.01999999999999602,-0.0002618829398232219,83.4,83.42,0.01999999999999602,0.0002397794040980227,1.0924567836563646,1.0,1.092136756124406,1.092282327926695,83.40667856048243,1.0,1.0,83.42,-0.00015970394736417308,0.0,-0.00015970394736417308,False,True,0,0,False,1310.0,1199.0,0.0,0.0,0.0,0.0,-0.0,0.0,0.0,0.0,0.0,-0.0,-0.0,-0.0,0.0,0.0,-0.0,0.0,0.0,0.0,0.0,1451.3499999999804,0.0,0.0,0.0
193,2024-10-08,2024-10-09,76.36,76.58,0.21999999999999886,0.002876947191601613,83.42,83.52,0.09999999999999432,0.0011980353655294338,1.0906241838600157,1.0,1.092060827306822,1.092136756124406,83.63583278400701,1.0,1.0,83.52,0.0013859259425013093,0.0,0.0013859259425013093,False,True,0,0,False,1307.0,1197.0,0.0,0.0,0.0,0.0,-0.0,0.0,0.0,0.0,0.0,-0.0,0.0,-0.0,0.0,0.0,-0.0,0.0,0.0,0.0,0.0,1451.3499999999804,0.0,0.0,0.0
194,2024-10-09,2024-10-10,76.58,76.6,0.01999999999999602,0.00026113069739702965,83.52,83.6,0.0799999999999983,0.000957395956327247,1.0913838120104438,1.0,1.0919757086122552,1.092060827306822,83.65185937170256,1.0,1.0,83.6,0.0006201350891922302,0.0,0.0006201350891922302,False,True,0,0,False,1306.0,1196.0,0.0,0.0,0.0,0.0,-0.0,0.0,0.0,0.0,0.0,-0.0,0.0,-0.0,0.0,0.0,-0.0,0.0,0.0,0.0,0.0,1451.3499999999804,0.0,0.0,0.0
195,2024-10-10,2024-10-11,76.6,77.45,0.8500000000000085,0.011035490116332215,83.6,84.35,0.75,0.0089312889013214,1.089089735313105,1.0,1.091822457602521,1.0919757086122552,84.57351863201917,1.0,1.0,84.35,0.002646390085621047,0.0,0.002646390085621047,False,True,0,0,False,1295.0,1186.0,0.0,0.0,0.0,0.0,-0.0,0.0,0.0,0.0,0.0,-0.0,0.0,-0.0,0.0,0.0,-0.0,0.0,0.0,0.0,0.0,1451.3499999999804,0.0,0.0,0.0
196,2024-10-11,2024-10-14,77.45,77.5,0.04999999999999716,0.0006453694964236529,84.35,84.47,0.12000000000000455,0.0014216327474279775,1.0899354838709678,1.0,1.091726916894476,1.091822457602521,84.61624046419539,1.0,1.0,84.47,0.001729774111222565,0.0,0.001729774111222565,False,True,0,0,False,1293.0,1184.0,0.0,0.0,0.0,0.0,-0.0,0.0,0.0,0.0,0.0,-0.0,0.0,-0.0,0.0,0.0,-0.0,0.0,0.0,0.0,0.0,1451.3499999999804,0.0,0.0,0.0
197,2024-10-14,2024-10-15,77.5,77.42,-0.0799999999999983,-0.001032791209799259,84.47,84.38,-0.09000000000000341,-0.0010660350432127575,1.0898992508395762,1.0,1.0915506685302803,1.091726916894476,84.52149790597034,1.0,1.0,84.38,0.0016755083978201107,0.0,0.0016755083978201107,False,True,0,0,False,1294.0,1185.0,0.0,0.0,0.0,0.0,-0.0,0.0,0.0,0.0,0.0,-0.0,-0.0,-0.0,0.0,-0.0,-0.0,0.0,0.0,0.0,0.0,1451.3499999999804,0.0,0.0,0.0
198,2024-10-15,2024-10-16,77.42,77.59,0.1700000000000017,0.0021934077563557914,84.38,84.63,0.25,0.0029584069858219395,1.0907333419255059,1.0,1.0914324399604238,1.0915506685302803,84.69341637126445,1.0,1.0,84.63,0.0007490561623274857,0.0,0.0007490561623274857,False,True,0,0,False,1290.0,1182.0,0.0,0.0,0.0,0.0,-0.0,0.0,0.0,0.0,0.0,-0.0,0.0,-0.0,0.0,0.0,-0.0,0.0,0.0,0.0,0.0,1451.3499999999804,0.0,0.0,0.0
199,2024-10-16,2024-10-17,77.59,77.36,-0.23000000000000398,-0.0029687017608190716,84.63,84.39,-0.23999999999999488,-0.002839902512139417,1.0908738366080661,1.0,1.091269157513447,1.0914324399604238,84.43321355533838,1.0,1.0,84.39,0.0005119385583548484,0.0,0.0005119385583548484,False,True,0,0,False,1293.0,1185.0,0.0,0.0,0.0,0.0,-0.0,0.0,0.0,0.0,0.0,-0.0,-0.0,-0.0,0.0,-0.0,-0.0,0.0,0.0,0.0,0.0,1451.3499999999804,0.0,0.0,0.0
200,2024-10-17,2024-10-18,77.36,77.7,0.3400000000000034,0.004385406228562988,84.39,84.75,0.35999999999999943,0.004256835090684461,1.0907335907335907,1.0,1.0910534143765571,1.091269157513447,84.79161353879483,1.0,1.0,84.75,0.0004908946984980765,0.0,0.0004908946984980765,False,True,0,0,False,1288.0,1180.0,0.0,0.0,0.0,0.0,-0.0,0.0,0.0,0.0,0.0,-0.0,0.0,-0.0,0.0,0.0,-0.0,0.0,0.0,0.0,0.0,1451.3499999999804,0.0,0.0,0.0
201,2024-10-18,2024-10-21,77.7,77.47,-0.23000000000000398,-0.0029644927297906047,84.75,84.51,-0.23999999999999488,-0.002835875704168629,1.090873886665806,1.0,1.0909067144256452,1.0910534143765571,84.52390801175189,1.0,1.0,84.51,0.00016455883848227957,0.0,0.00016455883848227957,False,True,0,0,False,1291.0,1183.0,0.0,0.0,0.0,0.0,-0.0,0.0,0.0,0.0,0.0,-0.0,-0.0,-0.0,0.0,-0.0,-0.0,0.0,0.0,0.0,0.0,1451.3499999999804,0.0,0.0,0.0
202,2024-10-21,2024-10-22,77.47,77.49,0.01999999999999602,0.00025813113204763545,84.51,84.48,-0.030000000000001137,-0.00035505059843956,1.0902051877661636,1.0,1.0907763734979976,1.0909067144256452,84.53436130084324,1.0,1.0,84.48,0.0006432743620057054,0.0,0.0006432743620057054,False,True,0,0,False,1292.0,1184.0,0.0,0.0,0.0,0.0,-0.0,0.0,0.0,0.0,0.0,-0.0,0.0,-0.0,0.0,-0.0,-0.0,0.0,0.0,0.0,0.0,1451.3499999999804,0.0,0.0,0.0
203,2024-10-22,2024-10-23,77.49,77.02,-0.46999999999999886,-0.006083767389095995,84.48,84.03,-0.45000000000000284,-0.005340942017824536,1.0910153206959232,1.0,1.090776881971045,1.0907763734979976,84.01159628681577,1.0,1.0,84.03,-0.00021903759145914557,0.0,-0.00021903759145914557,False,True,0,0,False,1298.0,1190.0,0.0,0.0,0.0,0.0,-0.0,0.0,0.0,0.0,0.0,-0.0,-0.0,-0.0,0.0,-0.0,-0.0,0.0,0.0,0.0,0.0,1451.3499999999804,0.0,0.0,0.0
204,2024-10-23,2024-10-24,77.02,77.31,0.29000000000000625,0.0037581849456206147,84.03,84.31,0.28000000000000114,0.0033266039944574383,1.0905445608588797,1.0,1.0907115368608593,1.090776881971045,84.3279607451815,1.0,1.0,84.31,0.00021300951660046795,0.0,0.00021300951660046795,False,True,0,0,False,1294.0,1186.0,0.0,0.0,0.0,0.0,-0.0,0.0,0.0,0.0,0.0,-0.0,0.0,-0.0,0.0,0.0,-0.0,0.0,0.0,0.0,0.0,1451.3499999999804,0.0,0.0,0.0
205,2024-10-24,2024-10-25,77.31,77.18,-0.12999999999999545,-0.0016829572229105961,84.31,84.37,0.060000000000002274,0.0007114062429510182,1.0931588494428608,1.0,1.0908519182937024,1.0907115368608593,84.18111641492114,1.0,1.0,84.37,-0.00224126268830493,0.0,-0.00224126268830493,False,True,0,0,False,1292.0,1185.0,0.0,0.0,0.0,0.0,-0.0,0.0,0.0,0.0,0.0,-0.0,-0.0,-0.0,0.0,0.0,-0.0,0.0,0.0,0.0,0.0,1451.3499999999804,0.0,0.0,0.0
206,2024-10-25,2024-10-28,77.18,77.67,0.4899999999999949,0.006328726322083202,84.37,84.97,0.5999999999999943,0.007086364837914565,1.0939873825157718,1.0,1.0909292741018255,1.0908519182937024,84.72646849387186,1.0,1.0,84.97,-0.0028702031983964043,0.0,-0.0028702031983964043,False,True,0,0,False,1284.0,1177.0,0.0,0.0,0.0,0.0,-0.0,0.0,0.0,0.0,0.0,-0.0,0.0,-0.0,0.0,0.0,-0.0,0.0,0.0,0.0,0.0,1451.3499999999804,0.0,0.0,0.0
207,2024-10-28,2024-10-29,77.67,77.52,-0.15000000000000568,-0.0019331148490451938,84.97,84.75,-0.21999999999999886,-0.0025925067548903625,1.0932662538699691,1.0,1.0910864301277838,1.0909292741018255,84.5688373283735,1.0,1.0,84.75,-0.0021399005995587253,0.0,-0.0021399005995587253,False,True,0,0,False,1287.0,1180.0,0.0,0.0,0.0,0.0,-0.0,0.0,0.0,0.0,0.0,-0.0,-0.0,-0.0,0.0,-0.0,-0.0,0.0,0.0,0.0,0.0,1451.3499999999804,0.0,0.0,0.0
208,2024-10-29,2024-10-30,77.52,77.39,-0.12999999999999545,-0.0016783943001430206,84.75,84.49,-0.2600000000000051,-0.0030725620958062636,1.091743119266055,1.0,1.0911554744133045,1.0910864301277838,84.43917882758919,1.0,1.0,84.49,-0.0006016861538869034,0.0,-0.0006016861538869034,False,True,0,0,False,1292.0,1184.0,0.0,0.0,0.0,0.0,-0.0,0.0,0.0,0.0,0.0,-0.0,-0.0,-0.0,0.0,-0.0,-0.0,0.0,0.0,0.0,0.0,1451.3499999999804,0.0,0.0,0.0
209,2024-10-30,2024-10-31,77.39,76.78,-0.6099999999999994,-0.00791338370971613,84.49,83.96,-0.5300000000000011,-0.006292689212321221,1.0935139359208126,1.0,1.091317327881698,1.0911554744133045,83.77891732545352,1.0,1.0,83.96,-0.0021591023452424236,0.0,-0.0021591023452424236,False,True,0,0,True,1300.0,1191.0,0.0,0.0,0.0,0.0,-0.0,0.0,0.0,0.0,0.0,-0.0,-0.0,-0.0,0.0,-0.0,-0.0,0.0,0.0,0.0,0.0,1451.3499999999804,0.0,0.0,0.0
210,2024-10-31,2024-11-01,76.78,76.72,-0.060000000000002274,-0.0007817589974688765,83.96,83.78,-0.1799999999999926,-0.002146179433543302,1.0920229405630866,1.0,1.0913985166526126,1.091317327881698,83.72586539508387,1.0,1.0,83.78,-0.0006463607309888087,0.0,-0.0006463607309888087,False,True,0,0,False,1303.0,1194.0,0.0,0.0,0.0,0.0,-0.0,0.0,0.0,0.0,0.0,-0.0,-0.0,-0.0,0.0,-0.0,-0.0,0.0,0.0,0.0,0.0,1451.3499999999804,0.0,0.0,0.0
211,2024-11-01,2024-11-04,76.72,76.92,0.20000000000000284,0.0026034901453962536,83.78,83.9,0.12000000000000455,0.0014312979542716667,1.0907436297451898,1.0,1.0913402543064077,1.0913985166526126,83.95037390091896,1.0,1.0,83.9,0.0006002238929898712,0.0,0.0006002238929898712,False,True,0,0,False,1301.0,1192.0,0.0,0.0,0.0,0.0,-0.0,0.0,0.0,0.0,0.0,-0.0,0.0,-0.0,0.0,0.0,-0.0,0.0,0.0,0.0,0.0,1451.3499999999804,0.0,0.0,0.0
212,2024-11-04,2024-11-05,76.92,77.45,0.5300000000000011,0.006866646142298725,83.9,84.68,0.7800000000000011,0.009253832793504016,1.0933505487411233,1.0,1.0913849425606457,1.0913402543064077,84.52430269603128,1.0,1.0,84.68,-0.0018403473839835834,0.0,-0.0018403473839835834,False,True,0,0,False,1289.0,1181.0,0.0,0.0,0.0,0.0,-0.0,0.0,0.0,0.0,0.0,-0.0,0.0,-0.0,0.0,0.0,-0.0,0.0,0.0,0.0,0.0,1451.3499999999804,0.0,0.0,0.0
213,2024-11-05,2024-11-06,77.45,78.2,0.75,0.009637080688387673,84.68,85.84,1.1599999999999966,0.013605652055778678,1.09769820971867,1.0,1.0917386438535783,1.0913849425606457,85.34630250824249,1.0,1.0,85.84,-0.005767971540696575,0.0,-0.005767971540696575,False,True,0,0,False,1271.0,1165.0,0.0,0.0,0.0,0.0,-0.0,0.0,0.0,0.0,0.0,-0.0,0.0,-0.0,0.0,0.0,-0.0,0.0,0.0,0.0,0.0,1451.3499999999804,0.0,0.0,0.0
214,2024-11-06,2024-11-07,78.2,78.59,0.39000000000000057,0.004974817326818232,85.84,86.15,0.3100000000000023,0.003604864651495607,1.0961954447130677,1.0,1.0919792254887095,1.0917386438535783,85.79974002045273,1.0,1.0,86.15,-0.0040739865492662175,0.0,-0.0040739865492662175,False,True,0,0,False,1268.0,1161.0,0.0,0.0,0.0,0.0,-0.0,0.0,0.0,0.0,0.0,-0.0,0.0,-0.0,0.0,0.0,-0.0,0.0,0.0,0.0,0.0,1451.3499999999804,0.0,0.0,0.0
215,2024-11-07,2024-11-08,78.59,78.91,0.3199999999999932,0.004063497654859955,86.15,86.19,0.03999999999999204,0.0004641986853691775,1.0922570016474464,1.0,1.0921375888054266,1.0919792254887095,86.16808068331406,1.0,1.0,86.19,-0.00025434626235343495,0.0,-0.00025434626235343495,False,True,0,0,False,1267.0,1160.0,0.0,0.0,0.0,0.0,-0.0,0.0,0.0,0.0,0.0,-0.0,0.0,-0.0,0.0,0.0,-0.0,0.0,0.0,0.0,0.0,1451.3499999999804,0.0,0.0,0.0
216,2024-11-08,2024-11-11,78.91,79.94,1.0300000000000011,0.012968390750233816,86.19,87.25,1.0600000000000023,0.012223399423228743,1.0914435826870152,1.0,1.092212993746229,1.0921375888054266,87.3054788491058,1.0,1.0,87.25,0.0006356586609559759,0.0,0.0006356586609559759,False,True,0,0,False,1252.0,1146.0,0.0,0.0,0.0,0.0,-0.0,0.0,0.0,0.0,0.0,-0.0,0.0,-0.0,0.0,0.0,-0.0,0.0,0.0,0.0,0.0,1451.3499999999804,0.0,0.0,0.0
217,2024-11-11,2024-11-12,79.94,79.54,-0.3999999999999915,-0.005016313503632788,87.25,86.97,-0.28000000000000114,-0.0032143294808627066,1.0934121196882072,1.0,1.0923886371886606,1.092212993746229,86.87462152257507,1.0,1.0,86.97,-0.0010972843008829742,0.0,-0.0010972843008829742,False,True,0,0,False,1256.0,1150.0,0.0,0.0,0.0,0.0,-0.0,0.0,0.0,0.0,0.0,-0.0,-0.0,-0.0,0.0,-0.0,-0.0,0.0,0.0,0.0,0.0,1451.3499999999804,0.0,0.0,0.0
218,2024-11-12,2024-11-13,79.54,79.41,-0.13000000000000966,-0.0016357348724250537,86.97,86.77,-0.20000000000000284,-0.002302291796275462,1.0926835411157285,1.0,1.0924861471481717,1.0923886371886606,86.74658167915153,1.0,1.0,86.77,-0.00026992602970888236,0.0,-0.00026992602970888236,False,True,0,0,False,1258.0,1152.0,0.0,0.0,0.0,0.0,-0.0,0.0,0.0,0.0,0.0,-0.0,-0.0,-0.0,0.0,-0.0,-0.0,0.0,0.0,0.0,0.0,1451.3499999999804,0.0,0.0,0.0
219,2024-11-13,2024-11-14,79.41,78.85,-0.5600000000000023,-0.0070769914980721915,86.77,86.27,-0.5,-0.005779026716910967,1.0941027266962589,1.0,1.0926475916525813,1.0924861471481717,86.14253270263333,1.0,1.0,86.27,-0.0014786317281301183,0.0,-0.0014786317281301183,False,True,0,0,False,1266.0,1159.0,0.0,0.0,0.0,0.0,-0.0,0.0,0.0,0.0,0.0,-0.0,-0.0,-0.0,0.0,-0.0,-0.0,0.0,0.0,0.0,0.0,1451.3499999999804,0.0,0.0,0.0
220,2024-11-14,2024-11-15,78.85,78.74,-0.10999999999999943,-0.001396027893455926,86.27,86.04,-0.22999999999998977,-0.002669608688957963,1.092710185420371,1.0,1.0927464213869205,1.0926475916525813,86.03507136672424,1.0,1.0,86.04,-5.728468671230037e-05,0.0,-5.728468671230037e-05,False,True,0,0,False,1270.0,1162.0,0.0,0.0,0.0,0.0,-0.0,0.0,0.0,0.0,0.0,-0.0,-0.0,-0.0,0.0,-0.0,-0.0,0.0,0.0,0.0,0.0,1451.3499999999804,0.0,0.0,0.0
221,2024-11-15,2024-11-18,78.74,79.21,0.46999999999999886,0.005951267960596767,86.04,86.51,0.46999999999999886,0.005447709792753695,1.0921600807978793,1.0,1.092810731093524,1.0927464213869205,86.55644403805796,1.0,1.0,86.51,0.0005367191708482093,0.0,0.0005367191708482093,False,True,0,0,False,1263.0,1156.0,0.0,0.0,0.0,0.0,-0.0,0.0,0.0,0.0,0.0,-0.0,0.0,-0.0,0.0,0.0,-0.0,0.0,0.0,0.0,0.0,1451.3499999999804,0.0,0.0,0.0
222,2024-11-18,2024-11-19,79.21,79.89,0.6800000000000068,0.008548135017762248,86.51,87.29,0.7800000000000011,0.008975894554975553,1.0926273626236076,1.0,1.092931839836396,1.092810731093524,87.30464930706164,1.0,1.0,87.29,0.00016780934758489418,0.0,0.00016780934758489418,False,True,0,0,False,1252.0,1146.0,0.0,0.0,0.0,0.0,-0.0,0.0,0.0,0.0,0.0,-0.0,0.0,-0.0,0.0,0.0,-0.0,0.0,0.0,0.0,0.0,1451.3499999999804,0.0,0.0,0.0
223,2024-11-19,2024-11-20,79.89,80.27,0.37999999999999545,0.0047452636495348205,87.29,87.63,0.3399999999999892,0.003887496320500864,1.0916905444126075,1.0,1.0929656010222302,1.092931839836396,87.72963878366751,1.0,1.0,87.63,0.001136393700184873,0.0,0.001136393700184873,False,True,0,0,False,1247.0,1141.0,0.0,0.0,0.0,0.0,-0.0,0.0,0.0,0.0,0.0,-0.0,0.0,-0.0,0.0,0.0,-0.0,0.0,0.0,0.0,0.0,1451.3499999999804,0.0,0.0,0.0
224,2024-11-20,2024-11-21,80.27,80.56,0.29000000000000625,0.003606296266821448,87.63,87.94,0.3100000000000023,0.0035313586849048764,1.0916087388282025,1.0,1.0930188099206963,1.0929656010222302,88.04930881835087,1.0,1.0,87.94,0.0012422212819758651,0.0,0.0012422212819758651,False,True,0,0,False,1243.0,1137.0,0.0,0.0,0.0,0.0,-0.0,0.0,0.0,0.0,0.0,-0.0,0.0,-0.0,0.0,0.0,-0.0,0.0,0.0,0.0,0.0,1451.3499999999804,0.0,0.0,0.0
225,2024-11-21,2024-11-22,80.56,81.12,0.5600000000000023,0.006927291432566258,87.94,88.57,0.6299999999999955,0.007138436068827414,1.0918392504930965,1.0,1.0929528299732083,1.0930188099206963,88.66568586076689,1.0,1.0,88.57,0.0010797585102422893,0.0,0.0010797585102422893,False,True,0,0,False,1234.0,1129.0,0.0,0.0,0.0,0.0,-0.0,0.0,0.0,0.0,0.0,-0.0,0.0,-0.0,0.0,0.0,-0.0,0.0,0.0,0.0,0.0,1451.3499999999804,0.0,0.0,0.0
226,2024-11-22,2024-11-25,81.12,81.61,0.4899999999999949,0.006022263638278428,88.57,88.97,0.4000000000000057,0.004506034435184325,1.0901850263448107,1.0,1.0927627121646601,1.0929528299732083,89.19588045411354,1.0,1.0,88.97,0.002535621012960296,0.0,0.002535621012960296,False,True,0,0,False,1228.0,1124.0,0.0,0.0,0.0,0.0,-0.0,0.0,0.0,0.0,0.0,-0.0,0.0,-0.0,0.0,0.0,-0.0,0.0,0.0,0.0,0.0,1451.3499999999804,0.0,0.0,0.0
227,2024-11-25,2024-11-26,81.61,81.28,-0.3299999999999983,-0.004051819650979767,88.97,88.63,-0.3400000000000034,-0.003828833506369426,1.090428149606299,1.0,1.092620806951477,1.0927627121646601,88.81975324474358,1.0,1.0,88.63,0.0021386709600898935,0.0,0.0021386709600898935,False,True,0,0,False,1233.0,1128.0,0.0,0.0,0.0,0.0,-0.0,0.0,0.0,0.0,0.0,-0.0,-0.0,-0.0,0.0,-0.0,-0.0,0.0,0.0,0.0,0.0,1451.3499999999804,0.0,0.0,0.0
228,2024-11-26,2024-11-27,81.28,81.56,0.28000000000000114,0.0034389618760827696,88.63,89.07,0.4399999999999977,0.004952176693471464,1.0920794507111329,1.0,1.0926376235237307,1.092620806951477,89.11415301496245,1.0,1.0,89.07,0.0004955885820267186,0.0,0.0004955885820267186,False,True,0,0,False,1227.0,1123.0,0.0,0.0,0.0,0.0,-0.0,0.0,0.0,0.0,0.0,-0.0,0.0,-0.0,0.0,0.0,-0.0,0.0,0.0,0.0,0.0,1451.3499999999804,0.0,0.0,0.0
229,2024-11-27,2024-11-29,81.56,81.86,0.29999999999999716,0.0036715253580024976,89.07,89.28,0.21000000000000796,0.0023549211892227987,1.0906425604690937,1.0,1.0924940547511448,1.0926376235237307,89.4433158616526,1.0,1.0,89.28,0.0018275836739299345,0.0,0.0018275836739299345,False,True,0,0,True,1224.0,1120.0,0.0,0.0,0.0,0.0,-0.0,0.0,0.0,0.0,0.0,-0.0,0.0,-0.0,0.0,0.0,-0.0,0.0,0.0,0.0,0.0,1451.3499999999804,0.0,0.0,0.0
230,2024-11-29,2024-12-02,81.86,82.24,0.37999999999999545,0.004631330642598031,89.28,88.96,-0.3200000000000074,-0.003590668130728596,1.0817120622568093,1.0,1.091978510835831,1.0924940547511448,89.84671106273414,1.0,1.0,88.96,0.00991817730200146,0.0,0.00991817730200146,True,False,0,-1,False,1228.0,1124.0,0.0,-1228.0,-1228.0,0.0,1228.0,0.0,1124.0,1124.0,1124.0,-0.0,0.0,-6.140000000000001,0.0,-0.0,-5.62,0.0,0.0,-11.760000000000002,-11.760000000000002,1439.5899999999804,-11.759999999999991,0.0,0.0
231,2024-12-02,2024-12-03,82.24,81.3,-0.9399999999999977,-0.011495785153090028,88.96,88.74,-0.21999999999999886,-0.002476084551508771,1.0915129151291512,1.0,1.092016975105029,1.091978510835831,88.77785293095306,1.0,1.0,88.74,0.000426469010319654,0.0,0.000426469010319654,False,True,-1,0,False,1231.0,1127.0,-1228.0,0.0,1228.0,1228.0,-0.0,1124.0,0.0,-1124.0,0.0,1124.0,1154.3199999999972,-6.140000000000001,-100990.71999999999,-247.27999999999872,-5.62,99991.04,907.0399999999985,-11.760000000000002,895.2799999999985,2334.869999999979,0.0,200981.75999999998,-999.679999999993
232,2024-12-03,2024-12-04,81.3,81.64,0.3400000000000034,0.00417332138787908,88.74,89.3,0.5600000000000023,0.006290741931690023,1.093826555609995,1.0,1.0920407754484724,1.092016975105029,89.15226584757457,1.0,1.0,89.3,-0.0016557277709424356,0.0,-0.0016557277709424356,False,True,0,0,False,1223.0,1120.0,0.0,0.0,0.0,0.0,-0.0,0.0,0.0,0.0,0.0,-0.0,0.0,-0.0,0.0,0.0,-0.0,0.0,0.0,0.0,0.0,2334.869999999979,0.0,0.0,0.0
233,2024-12-04,2024-12-05,81.64,81.45,-0.18999999999999773,-0.002330002893589912,89.3,88.89,-0.4099999999999966,-0.004601837628869808,1.0913443830570901,1.0,1.0917230841153935,1.0920407754484724,88.94672116027809,1.0,1.0,88.89,0.000637901574336456,0.0,0.000637901574336456,False,True,0,0,False,1229.0,1125.0,0.0,0.0,0.0,0.0,-0.0,0.0,0.0,0.0,0.0,-0.0,-0.0,-0.0,0.0,-0.0,-0.0,0.0,0.0,0.0,0.0,2334.869999999979,0.0,0.0,0.0
234,2024-12-05,2024-12-06,81.45,81.78,0.3299999999999983,0.004043379888442034,88.89,89.23,0.3400000000000034,0.0038176556584766015,1.091098067987283,1.0,1.0914682152791042,1.0917230841153935,89.28111381895688,1.0,1.0,89.23,0.0005726682138750646,0.0,0.0005726682138750646,False,True,0,0,False,1224.0,1121.0,0.0,0.0,0.0,0.0,-0.0,0.0,0.0,0.0,0.0,-0.0,0.0,-0.0,0.0,0.0,-0.0,0.0,0.0,0.0,0.0,2334.869999999979,0.0,0.0,0.0
235,2024-12-06,2024-12-09,81.78,81.42,-0.35999999999999943,-0.004411771861663448,89.23,88.75,-0.480000000000004,-0.005393877556534949,1.090027020388111,1.0,1.0913567162161375,1.0914682152791042,88.86734208802467,1.0,1.0,88.75,0.0013212910824656377,0.0,0.0013212910824656377,False,True,0,0,False,1230.0,1127.0,0.0,0.0,0.0,0.0,-0.0,0.0,0.0,0.0,0.0,-0.0,-0.0,-0.0,0.0,-0.0,-0.0,0.0,0.0,0.0,0.0,2334.869999999979,0.0,0.0,0.0
236,2024-12-09,2024-12-10,81.42,80.6,-0.8200000000000074,-0.01012229356225023,88.75,88.24,-0.5100000000000051,-0.005763053410278246,1.094789081885856,1.0,1.0915239911760795,1.0913567162161375,87.96335132702067,1.0,1.0,88.24,-0.003140109404451125,0.0,-0.003140109404451125,False,True,0,0,False,1237.0,1133.0,0.0,0.0,0.0,0.0,-0.0,0.0,0.0,0.0,0.0,-0.0,-0.0,-0.0,0.0,-0.0,-0.0,0.0,0.0,0.0,0.0,2334.869999999979,0.0,0.0,0.0
237,2024-12-10,2024-12-11,80.6,81.23,0.6300000000000097,0.007785987550280079,88.24,88.67,0.4300000000000068,0.00486123844666877,1.091591776437277,1.0,1.091432974013533,1.0915239911760795,88.66449380323294,1.0,1.0,88.67,-6.209955717855768e-05,0.0,-6.209955717855768e-05,False,True,0,0,False,1231.0,1128.0,0.0,0.0,0.0,0.0,-0.0,0.0,0.0,0.0,0.0,-0.0,0.0,-0.0,0.0,0.0,-0.0,0.0,0.0,0.0,0.0,2334.869999999979,0.0,0.0,0.0
238,2024-12-11,2024-12-12,81.23,81.1,-0.13000000000000966,-0.0016016759414953995,88.67,88.35,-0.3200000000000074,-0.00361541462621029,1.0893958076448829,1.0,1.0912685873399908,1.091432974013533,88.51521419249751,1.0,1.0,88.35,0.0018682502526748065,0.0,0.0018682502526748065,False,True,0,0,False,1236.0,1132.0,0.0,0.0,0.0,0.0,-0.0,0.0,0.0,0.0,0.0,-0.0,-0.0,-0.0,0.0,-0.0,-0.0,0.0,0.0,0.0,0.0,2334.869999999979,0.0,0.0,0.0
239,2024-12-12,2024-12-13,81.1,81.0,-0.09999999999999432,-0.0012338064489284325,88.35,88.29,-0.05999999999998806,-0.0006793478522141791,1.09,1.0,1.0910634510051778,1.0912685873399908,88.39275557453925,1.0,1.0,88.29,0.0011631648577179014,0.0,0.0011631648577179014,False,True,0,0,False,1236.0,1133.0,0.0,0.0,0.0,0.0,-0.0,0.0,0.0,0.0,0.0,-0.0,-0.0,-0.0,0.0,-0.0,-0.0,0.0,0.0,0.0,0.0,2334.869999999979,0.0,0.0,0.0
