,from date,to date,from CWB price,to CWB price,CWB cod,CWB pct cod,from ICVT price,to ICVT price,ICVT cod,ICVT pct cod,to ICVT / to CWB,to ICVT / to ICVT,ICVT / CWB moving avg,yday ICVT / CWB moving avg,to CWB unit price,ICVT / ICVT moving avg,yday ICVT / ICVT moving avg,to ICVT unit price,CWB unit price pct diff,ICVT unit price pct diff,unit price pct diff,go long,exit long,current_position,new_position
0,2026-01-02,2026-01-05,90.55,91.53,0.98,0.0108,100.03,100.93,0.9,0.009,1.103,1,,,,,,,,,,False,False,0,0
1,2026-01-05,2026-01-06,91.53,92.69,1.16,0.0126,100.93,102.18,1.25,0.0123,1.102,1,,,,,,,,,,False,False,0,0
2,2026-01-06,2026-01-07,92.69,92.1,-0.59,-0.0064,102.18,101.62,-0.56,-0.0055,1.103,1,,,,,,,,,,False,False,0,0
3,2026-01-07,2026-01-08,92.1,91.83,-0.27,-0.0029,101.62,101.2,-0.42,-0.0041,1.102,1,,,,,,,,,,False,False,0,0
4,2026-01-08,2026-01-09,91.83,92.3,0.47,0.0051,101.2,101.65,0.45,0.0044,1.101,1,,,,,,,,,,False,False,0,0
5,2026-01-09,2026-01-12,92.3,93.13,0.83,0.009,101.65,102.63,0.98,0.0096,1.102,1,,,,,,,,,,False,False,0,0
6,2026-01-12,2026-01-13,93.13,93.34,0.21,0.0023,102.63,102.88,0.25,0.0024,1.102,1,,,,,,,,,,False,False,0,0
7,2026-01-13,2026-01-14,93.34,93.42,0.08,0.0009,102.88,102.73,-0.15,-0.0015,1.1,1,,,,,,,,,,False,False,0,0
8,2026-01-14,2026-01-15,93.42,93.62,0.2,0.0021,102.73,103.12,0.39,0.0038,1.101,1,,,,,,,,,,False,False,0,0
9,2026-01-15,2026-01-16,93.62,93.89,0.27,0.0029,103.12,103.52,0.4,0.0039,1.103,1,,,,,,,,,,False,False,0,0
10,2026-01-16,2026-01-20,93.89,93.11,-0.78,-0.0083,103.52,102.81,-0.71,-0.0069,1.104,1,,,,,,,,,,False,False,0,0
11,2026-01-20,2026-01-21,93.11,93.84,0.73,0.0078,102.81,103.55,0.74,0.0072,1.103,1,,,,,,,,,,False,False,0,0
12,2026-01-21,2026-01-22,93.84,94.22,0.38,0.004,103.55,103.93,0.38,0.0037,1.103,1,,,,,,,,,,False,False,0,0
13,2026-01-22,2026-01-23,94.22,93.89,-0.33,-0.0035,103.93,103.78,-0.15,-0.0014,1.105,1,,,,,,,,,,False,False,0,0
14,2026-01-23,2026-01-26,93.89,93.7,-0.19,-0.002,103.78,103.64,-0.14,-0.0013,1.106,1,,,,,,,,,,False,False,0,0
15,2026-01-26,2026-01-27,93.7,94.91,1.21,0.0128,103.64,105.0,1.36,0.013,1.106,1,,,,,,,,,,False,False,0,0
16,2026-01-27,2026-01-28,94.91,95.73,0.82,0.0086,105.0,105.91,0.91,0.0086,1.106,1,,,,,,,,,,False,False,0,0
17,2026-01-28,2026-01-29,95.73,94.82,-0.91,-0.0096,105.91,105.08,-0.83,-0.0079,1.108,1,,,,,,,,,,False,False,0,0
18,2026-01-29,2026-01-30,94.82,93.4,-1.42,-0.0151,105.08,103.52,-1.56,-0.015,1.108,1,,,,,,,,,,False,False,0,0
19,2026-01-30,2026-02-02,93.4,93.82,0.42,0.0045,103.52,103.98,0.46,0.0044,1.108,1,,,,,,,,,,False,False,0,0
20,2026-02-02,2026-02-03,93.82,93.85,0.03,0.0003,103.98,104.31,0.33,0.0032,1.111,1,1.104,1.104,103.61,1.0,1.0,104.31,-0.0068,0.0,-0.0068,False,False,0,0
21,2026-02-03,2026-02-04,93.85,92.81,-1.04,-0.0111,104.31,102.8,-1.51,-0.0146,1.108,1,1.105,1.104,102.5,1.0,1.0,102.8,-0.0029,0.0,-0.0029,False,False,0,0
22,2026-02-04,2026-02-05,92.81,91.26,-1.55,-0.0168,102.8,101.29,-1.51,-0.0148,1.11,1,1.105,1.105,100.81,1.0,1.0,101.29,-0.0047,0.0,-0.0047,False,False,0,0
23,2026-02-05,2026-02-06,91.26,93.95,2.69,0.0291,101.29,104.41,3.12,0.0303,1.111,1,1.105,1.105,103.81,1.0,1.0,104.41,-0.0057,0.0,-0.0057,False,False,0,0
24,2026-02-06,2026-02-09,93.95,95.02,1.07,0.0113,104.41,105.17,0.76,0.0073,1.107,1,1.106,1.105,105.04,1.0,1.0,105.17,-0.0012,0.0,-0.0012,False,False,0,0
25,2026-02-09,2026-02-10,95.02,94.59,-0.43,-0.0045,105.17,104.68,-0.49,-0.0047,1.107,1,1.106,1.106,104.59,1.0,1.0,104.68,-0.0008,0.0,-0.0008,False,True,0,0
26,2026-02-10,2026-02-11,94.59,94.5,-0.09,-0.001,104.68,104.4,-0.28,-0.0027,1.105,1,1.106,1.106,104.51,1.0,1.0,104.4,0.0011,0.0,0.0011,False,True,0,0
27,2026-02-11,2026-02-12,94.5,93.91,-0.59,-0.0063,104.4,103.84,-0.56,-0.0054,1.106,1,1.106,1.106,103.87,1.0,1.0,103.84,0.0003,0.0,0.0003,False,True,0,0
28,2026-02-12,2026-02-13,93.91,94.51,0.6,0.0064,103.84,104.73,0.89,0.0085,1.108,1,1.107,1.106,104.57,1.0,1.0,104.73,-0.0016,0.0,-0.0016,False,False,0,0
29,2026-02-13,2026-02-17,94.51,94.78,0.27,0.0029,104.73,104.81,0.08,0.0008,1.106,1,1.107,1.107,104.9,1.0,1.0,104.81,0.0008,0.0,0.0008,False,True,0,0
30,2026-02-17,2026-02-18,94.78,94.91,0.13,0.0014,104.81,105.1,0.29,0.0028,1.107,1,1.107,1.107,105.06,1.0,1.0,105.1,-0.0004,0.0,-0.0004,False,True,0,0
31,2026-02-18,2026-02-19,94.91,94.98,0.07,0.0007,105.1,105.26,0.16,0.0015,1.108,1,1.107,1.107,105.15,1.0,1.0,105.26,-0.0011,0.0,-0.0011,False,False,0,0
32,2026-02-19,2026-02-20,94.98,94.64,-0.34,-0.0036,105.26,105.05,-0.21,-0.002,1.11,1,1.108,1.107,104.79,1.0,1.0,105.05,-0.0024,0.0,-0.0024,False,False,0,0
33,2026-02-20,2026-02-23,94.64,94.13,-0.51,-0.0054,105.05,104.37,-0.68,-0.0065,1.109,1,1.108,1.108,104.26,1.0,1.0,104.37,-0.001,0.0,-0.001,False,False,0,0
34,2026-02-23,2026-02-24,94.13,94.91,0.78,0.0083,104.37,104.9,0.53,0.0051,1.105,1,1.108,1.108,105.14,1.0,1.0,104.9,0.0023,0.0,0.0023,False,True,0,0
35,2026-02-24,2026-02-25,94.91,95.62,0.71,0.0075,104.9,105.69,0.79,0.0075,1.105,1,1.108,1.108,105.93,1.0,1.0,105.69,0.0022,0.0,0.0022,False,True,0,0
36,2026-02-25,2026-02-26,95.62,95.07,-0.55,-0.0058,105.69,105.39,-0.3,-0.0028,1.109,1,1.108,1.108,105.31,1.0,1.0,105.39,-0.0007,0.0,-0.0007,False,True,0,0
37,2026-02-26,2026-02-27,95.07,94.38,-0.69,-0.0073,105.39,104.78,-0.61,-0.0058,1.11,1,1.108,1.108,104.56,1.0,1.0,104.78,-0.0021,0.0,-0.0021,False,False,0,0
38,2026-02-27,2026-03-02,94.38,94.74,0.36,0.0038,104.78,105.61,0.83,0.0079,1.115,1,1.108,1.108,104.97,1.0,1.0,105.61,-0.0061,0.0,-0.0061,False,False,0,0
39,2026-03-02,2026-03-03,94.74,93.08,-1.66,-0.0177,105.61,103.31,-2.3,-0.022,1.11,1,1.108,1.108,103.16,1.0,1.0,103.31,-0.0015,0.0,-0.0015,False,False,0,0
40,2026-03-03,2026-03-04,93.08,93.99,0.91,0.0097,103.31,104.42,1.11,0.0107,1.111,1,1.108,1.108,104.17,1.0,1.0,104.42,-0.0024,0.0,-0.0024,False,False,0,0
41,2026-03-04,2026-03-05,93.99,93.04,-0.95,-0.0102,104.42,103.31,-1.11,-0.0107,1.11,1,1.108,1.108,103.12,1.0,1.0,103.31,-0.0019,0.0,-0.0019,False,False,0,0
42,2026-03-05,2026-03-06,93.04,91.34,-1.7,-0.0184,103.31,101.28,-2.03,-0.0198,1.109,1,1.108,1.108,101.25,1.0,1.0,101.28,-0.0003,0.0,-0.0003,False,True,0,0
43,2026-03-06,2026-03-09,91.34,92.87,1.53,0.0166,101.28,103.18,1.9,0.0186,1.111,1,1.108,1.108,102.94,1.0,1.0,103.18,-0.0024,0.0,-0.0024,False,False,0,0
44,2026-03-09,2026-03-10,92.87,93.01,0.14,0.0015,103.18,103.5,0.32,0.0031,1.113,1,1.109,1.108,103.09,1.0,1.0,103.5,-0.004,0.0,-0.004,False,False,0,0
45,2026-03-10,2026-03-11,93.01,93.45,0.44,0.0047,103.5,104.1,0.6,0.0058,1.114,1,1.109,1.109,103.61,1.0,1.0,104.1,-0.0048,0.0,-0.0048,False,False,0,0
46,2026-03-11,2026-03-12,93.45,92.03,-1.42,-0.0153,104.1,102.03,-2.07,-0.0201,1.109,1,1.109,1.109,102.06,1.0,1.0,102.03,0.0003,0.0,0.0003,False,True,0,0
47,2026-03-12,2026-03-13,92.03,92.05,0.02,0.0002,102.03,102.4,0.37,0.0036,1.112,1,1.11,1.109,102.1,1.0,1.0,102.4,-0.0029,0.0,-0.0029,False,False,0,0
48,2026-03-13,2026-03-16,92.05,93.22,1.17,0.0126,102.4,103.76,1.36,0.0132,1.113,1,1.11,1.11,103.43,1.0,1.0,103.76,-0.0031,0.0,-0.0031,False,False,0,0
49,2026-03-16,2026-03-17,93.22,93.91,0.69,0.0074,103.76,104.42,0.66,0.0063,1.112,1,1.11,1.11,104.22,1.0,1.0,104.42,-0.0019,0.0,-0.0019,False,False,0,0
50,2026-03-17,2026-03-18,93.91,93.63,-0.28,-0.003,104.42,104.23,-0.19,-0.0018,1.113,1,1.11,1.11,103.94,1.0,1.0,104.23,-0.0028,0.0,-0.0028,False,False,0,0
51,2026-03-18,2026-03-19,93.63,94.11,0.48,0.0051,104.23,104.79,0.56,0.0054,1.113,1,1.111,1.11,104.5,1.0,1.0,104.79,-0.0028,0.0,-0.0028,False,False,0,0
52,2026-03-19,2026-03-20,94.11,91.98,-2.13,-0.0229,104.79,102.46,-2.33,-0.0225,1.114,1,1.111,1.111,102.16,1.0,1.0,102.46,-0.0029,0.0,-0.0029,False,False,0,0
53,2026-03-20,2026-03-23,91.98,92.72,0.74,0.008,102.46,103.16,0.7,0.0068,1.113,1,1.111,1.111,103.0,1.0,1.0,103.16,-0.0016,0.0,-0.0016,False,False,0,0
54,2026-03-23,2026-03-24,92.72,92.97,0.25,0.0027,103.16,103.66,0.5,0.0048,1.115,1,1.112,1.111,103.3,1.0,1.0,103.66,-0.0035,0.0,-0.0035,False,False,0,0
55,2026-03-24,2026-03-25,92.97,93.49,0.52,0.0056,103.66,104.32,0.66,0.0063,1.116,1,1.112,1.112,103.92,1.0,1.0,104.32,-0.0039,0.0,-0.0039,False,False,0,0
56,2026-03-25,2026-03-26,93.49,91.43,-2.06,-0.0223,104.32,102.0,-2.32,-0.0225,1.116,1,1.112,1.112,101.68,1.0,1.0,102.0,-0.0032,0.0,-0.0032,False,False,0,0
57,2026-03-26,2026-03-27,91.43,89.81,-1.62,-0.0179,102.0,100.84,-1.16,-0.0114,1.123,1,1.113,1.112,99.91,1.0,1.0,100.84,-0.0093,0.0,-0.0093,True,False,0,1
58,2026-03-27,2026-03-30,89.81,89.04,-0.77,-0.0086,100.84,99.15,-1.69,-0.0169,1.114,1,1.113,1.113,99.11,1.0,1.0,99.15,-0.0004,0.0,-0.0004,False,True,1,0
59,2026-03-30,2026-03-31,89.04,91.52,2.48,0.0275,99.15,101.79,2.64,0.0263,1.112,1,1.113,1.113,101.86,1.0,1.0,101.79,0.0007,0.0,0.0007,False,True,0,0
60,2026-03-31,2026-04-01,91.52,92.47,0.95,0.0103,101.79,102.82,1.03,0.0101,1.112,1,1.113,1.113,102.93,1.0,1.0,102.82,0.0011,0.0,0.0011,False,True,0,0
61,2026-04-01,2026-04-02,92.47,93.3,0.83,0.0089,102.82,103.89,1.07,0.0104,1.114,1,1.113,1.113,103.86,1.0,1.0,103.89,-0.0003,0.0,-0.0003,False,True,0,0
62,2026-04-02,2026-04-06,93.3,93.22,-0.08,-0.0009,103.89,103.94,0.05,0.0005,1.115,1,1.114,1.113,103.78,1.0,1.0,103.94,-0.0015,0.0,-0.0015,False,False,0,0
63,2026-04-06,2026-04-07,93.22,93.84,0.62,0.0066,103.94,104.53,0.59,0.0057,1.114,1,1.114,1.114,104.5,1.0,1.0,104.53,-0.0003,0.0,-0.0003,False,True,0,0
64,2026-04-07,2026-04-08,93.84,96.39,2.55,0.0268,104.53,107.39,2.86,0.027,1.114,1,1.114,1.114,107.36,1.0,1.0,107.39,-0.0003,0.0,-0.0003,False,True,0,0
65,2026-04-08,2026-04-09,96.39,96.51,0.12,0.0012,107.39,107.56,0.17,0.0016,1.114,1,1.114,1.114,107.5,1.0,1.0,107.56,-0.0006,0.0,-0.0006,False,True,0,0
66,2026-04-09,2026-04-10,96.51,96.5,-0.01,-0.0001,107.56,107.64,0.08,0.0007,1.115,1,1.114,1.114,107.49,1.0,1.0,107.64,-0.0014,0.0,-0.0014,False,False,0,0
67,2026-04-10,2026-04-13,96.5,97.88,1.38,0.0142,107.64,108.59,0.95,0.0088,1.109,1,1.114,1.114,109.06,1.0,1.0,108.59,0.0043,0.0,0.0043,False,True,0,0
68,2026-04-13,2026-04-14,97.88,98.84,0.96,0.0098,108.59,109.8,1.21,0.0111,1.111,1,1.114,1.114,110.11,1.0,1.0,109.8,0.0028,0.0,0.0028,False,True,0,0
69,2026-04-14,2026-04-15,98.84,99.03,0.19,0.0019,109.8,110.31,0.51,0.0046,1.114,1,1.114,1.114,110.31,1.0,1.0,110.31,0.0,0.0,0.0,False,True,0,0
70,2026-04-15,2026-04-16,99.03,100.14,1.11,0.0111,110.31,111.2,0.89,0.008,1.11,1,1.114,1.114,111.56,1.0,1.0,111.2,0.0032,0.0,0.0032,False,True,0,0
71,2026-04-16,2026-04-17,100.14,100.51,0.37,0.0037,111.2,112.06,0.86,0.0077,1.115,1,1.114,1.114,111.96,1.0,1.0,112.06,-0.0009,0.0,-0.0009,False,True,0,0
72,2026-04-17,2026-04-20,100.51,100.89,0.38,0.0038,112.06,112.35,0.29,0.0026,1.114,1,1.114,1.114,112.39,1.0,1.0,112.35,0.0003,0.0,0.0003,False,True,0,0
73,2026-04-20,2026-04-21,100.89,99.9,-0.99,-0.0099,112.35,111.32,-1.03,-0.0092,1.114,1,1.114,1.114,111.28,1.0,1.0,111.32,-0.0003,0.0,-0.0003,False,True,0,0
74,2026-04-21,2026-04-22,99.9,101.0,1.1,0.011,111.32,112.33,1.01,0.009,1.112,1,1.114,1.114,112.52,1.0,1.0,112.33,0.0017,0.0,0.0017,False,True,0,0
75,2026-04-22,2026-04-23,101.0,100.92,-0.08,-0.0008,112.33,112.01,-0.32,-0.0029,1.11,1,1.114,1.114,112.42,1.0,1.0,112.01,0.0036,0.0,0.0036,False,True,0,0
76,2026-04-23,2026-04-24,100.92,100.78,-0.14,-0.0014,112.01,112.19,0.18,0.0016,1.113,1,1.113,1.114,112.23,1.0,1.0,112.19,0.0003,0.0,0.0003,False,True,0,0
77,2026-04-24,2026-04-27,100.78,100.71,-0.07,-0.0007,112.19,111.95,-0.24,-0.0021,1.112,1,1.113,1.113,112.14,1.0,1.0,111.95,0.0017,0.0,0.0017,False,True,0,0
78,2026-04-27,2026-04-28,100.71,99.17,-1.54,-0.0154,111.95,110.1,-1.85,-0.0167,1.11,1,1.113,1.113,110.37,1.0,1.0,110.1,0.0024,0.0,0.0024,False,True,0,0
79,2026-04-28,2026-04-29,99.17,99.75,0.58,0.0058,110.1,111.18,1.08,0.0098,1.115,1,1.113,1.113,111.0,1.0,1.0,111.18,-0.0016,0.0,-0.0016,False,False,0,0
80,2026-04-29,2026-04-30,99.75,101.04,1.29,0.0128,111.18,112.71,1.53,0.0137,1.115,1,1.113,1.113,112.45,1.0,1.0,112.71,-0.0024,0.0,-0.0024,False,False,0,0
81,2026-04-30,2026-05-01,101.04,101.87,0.83,0.0082,112.71,113.59,0.88,0.0078,1.115,1,1.113,1.113,113.39,1.0,1.0,113.59,-0.0018,0.0,-0.0018,False,False,0,0
82,2026-05-01,2026-05-04,101.87,102.42,0.55,0.0054,113.59,114.62,1.03,0.009,1.119,1,1.113,1.113,114.01,1.0,1.0,114.62,-0.0054,0.0,-0.0054,False,False,0,0
83,2026-05-04,2026-05-05,102.42,103.9,1.48,0.0143,114.62,115.91,1.29,0.0112,1.116,1,1.113,1.113,115.68,1.0,1.0,115.91,-0.002,0.0,-0.002,False,False,0,0
84,2026-05-05,2026-05-06,103.9,105.65,1.75,0.0167,115.91,118.29,2.38,0.0203,1.12,1,1.114,1.113,117.63,1.0,1.0,118.29,-0.0056,0.0,-0.0056,False,False,0,0
85,2026-05-06,2026-05-07,105.65,104.28,-1.37,-0.0131,118.29,116.45,-1.84,-0.0157,1.117,1,1.114,1.114,116.14,1.0,1.0,116.45,-0.0027,0.0,-0.0027,False,False,0,0
86,2026-05-07,2026-05-08,104.28,104.68,0.4,0.0038,116.45,116.76,0.31,0.0027,1.115,1,1.114,1.114,116.59,1.0,1.0,116.76,-0.0014,0.0,-0.0014,False,False,0,0
87,2026-05-08,2026-05-11,104.68,106.0,1.32,0.0125,116.76,118.47,1.71,0.0145,1.118,1,1.114,1.114,118.06,1.0,1.0,118.47,-0.0034,0.0,-0.0034,False,False,0,0
88,2026-05-11,2026-05-12,106.0,104.81,-1.19,-0.0113,118.47,116.96,-1.51,-0.0128,1.116,1,1.114,1.114,116.78,1.0,1.0,116.96,-0.0015,0.0,-0.0015,False,False,0,0
89,2026-05-12,2026-05-13,104.81,106.04,1.23,0.0117,116.96,118.62,1.66,0.0141,1.119,1,1.115,1.114,118.18,1.0,1.0,118.62,-0.0037,0.0,-0.0037,False,False,0,0
90,2026-05-13,2026-05-14,106.04,106.57,0.53,0.005,118.62,119.18,0.56,0.0047,1.118,1,1.115,1.115,118.79,1.0,1.0,119.18,-0.0032,0.0,-0.0032,False,False,0,0
91,2026-05-14,2026-05-15,106.57,104.5,-2.07,-0.0196,119.18,117.19,-1.99,-0.0168,1.121,1,1.115,1.115,116.53,1.0,1.0,117.19,-0.0057,0.0,-0.0057,False,False,0,0
92,2026-05-15,2026-05-18,104.5,102.86,-1.64,-0.0158,117.19,115.36,-1.83,-0.0157,1.122,1,1.116,1.115,114.73,1.0,1.0,115.36,-0.0055,0.0,-0.0055,False,False,0,0
93,2026-05-18,2026-05-19,102.86,102.44,-0.42,-0.0041,115.36,114.64,-0.72,-0.0063,1.119,1,1.116,1.116,114.31,1.0,1.0,114.64,-0.0029,0.0,-0.0029,False,False,0,0
94,2026-05-19,2026-05-20,102.44,103.11,0.67,0.0065,114.64,115.57,0.93,0.0081,1.121,1,1.116,1.116,115.08,1.0,1.0,115.57,-0.0043,0.0,-0.0043,False,False,0,0
95,2026-05-20,2026-05-21,103.11,105.37,2.26,0.0217,115.57,117.99,2.42,0.0207,1.12,1,1.117,1.116,117.65,1.0,1.0,117.99,-0.0029,0.0,-0.0029,False,False,0,0
96,2026-05-21,2026-05-22,105.37,105.65,0.28,0.0027,117.99,118.38,0.39,0.0033,1.12,1,1.117,1.117,118.01,1.0,1.0,118.38,-0.0031,0.0,-0.0031,False,False,0,0
97,2026-05-22,2026-05-26,105.65,106.75,1.1,0.0104,118.38,119.9,1.52,0.0128,1.123,1,1.118,1.117,119.28,1.0,1.0,119.9,-0.0052,0.0,-0.0052,False,False,0,0
98,2026-05-26,2026-05-27,106.75,106.91,0.16,0.0015,119.9,119.94,0.04,0.0003,1.122,1,1.119,1.118,119.52,1.0,1.0,119.94,-0.0035,0.0,-0.0035,False,False,0,0
99,2026-05-27,2026-05-28,106.91,107.72,0.81,0.0075,119.94,120.41,0.47,0.0039,1.118,1,1.119,1.119,120.49,1.0,1.0,120.41,0.0006,0.0,0.0006,False,True,0,0
100,2026-05-28,2026-05-29,107.72,108.1,0.38,0.0035,120.41,120.68,0.27,0.0022,1.116,1,1.119,1.119,120.93,1.0,1.0,120.68,0.0021,0.0,0.0021,False,True,0,0
101,2026-05-29,2026-06-01,108.1,109.43,1.33,0.0122,120.68,122.63,1.95,0.016,1.121,1,1.119,1.119,122.42,1.0,1.0,122.63,-0.0017,0.0,-0.0017,False,False,0,0
102,2026-06-01,2026-06-02,109.43,110.74,1.31,0.0119,122.63,123.9,1.27,0.0103,1.119,1,1.119,1.119,123.92,1.0,1.0,123.9,0.0001,0.0,0.0001,False,True,0,0
103,2026-06-02,2026-06-03,110.74,109.46,-1.28,-0.0116,123.9,122.7,-1.2,-0.0097,1.121,1,1.119,1.119,122.48,1.0,1.0,122.7,-0.0018,0.0,-0.0018,False,False,0,0
104,2026-06-03,2026-06-04,109.46,109.66,0.2,0.0018,122.7,122.8,0.1,0.0008,1.12,1,1.119,1.119,122.74,1.0,1.0,122.8,-0.0005,0.0,-0.0005,False,True,0,0
105,2026-06-04,2026-06-05,109.66,105.23,-4.43,-0.0412,122.8,117.65,-5.15,-0.0428,1.118,1,1.119,1.119,117.78,1.0,1.0,117.65,0.0011,0.0,0.0011,False,True,0,0
106,2026-06-05,2026-06-08,105.23,105.56,0.33,0.0031,117.65,118.25,0.6,0.0051,1.12,1,1.12,1.119,118.16,1.0,1.0,118.25,-0.0008,0.0,-0.0008,False,True,0,0
107,2026-06-08,2026-06-09,105.56,104.68,-0.88,-0.0084,118.25,117.37,-0.88,-0.0075,1.121,1,1.12,1.12,117.2,1.0,1.0,117.37,-0.0015,0.0,-0.0015,False,False,0,0
108,2026-06-09,2026-06-10,104.68,103.36,-1.32,-0.0127,117.37,115.55,-1.82,-0.0156,1.118,1,1.12,1.12,115.74,1.0,1.0,115.55,0.0016,0.0,0.0016,False,True,0,0
109,2026-06-10,2026-06-11,103.36,105.62,2.26,0.0216,115.55,118.15,2.6,0.0223,1.119,1,1.12,1.12,118.28,1.0,1.0,118.15,0.0011,0.0,0.0011,False,True,0,0
110,2026-06-11,2026-06-12,105.62,106.88,1.26,0.0119,118.15,119.75,1.6,0.0135,1.12,1,1.12,1.12,119.69,1.0,1.0,119.75,-0.0005,0.0,-0.0005,False,True,0,0
111,2026-06-12,2026-06-15,106.88,109.77,2.89,0.0267,119.75,123.18,3.43,0.0282,1.122,1,1.12,1.12,122.94,1.0,1.0,123.18,-0.002,0.0,-0.002,False,False,0,0
112,2026-06-15,2026-06-16,109.77,109.48,-0.29,-0.0026,123.18,122.76,-0.42,-0.0034,1.121,1,1.12,1.12,122.62,1.0,1.0,122.76,-0.0012,0.0,-0.0012,False,False,0,0
113,2026-06-16,2026-06-17,109.48,109.54,0.06,0.0005,122.76,122.97,0.21,0.0017,1.123,1,1.12,1.12,122.68,1.0,1.0,122.97,-0.0023,0.0,-0.0023,False,False,0,0
114,2026-06-17,2026-06-18,109.54,110.58,1.04,0.0094,122.97,124.25,1.28,0.0104,1.124,1,1.12,1.12,123.87,1.0,1.0,124.25,-0.0031,0.0,-0.0031,False,False,0,0
115,2026-06-18,2026-06-22,110.58,110.42,-0.16,-0.0014,124.25,124.27,0.02,0.0002,1.125,1,1.121,1.12,123.7,1.0,1.0,124.27,-0.0046,0.0,-0.0046,False,False,0,0
116,2026-06-22,2026-06-23,110.42,108.24,-2.18,-0.0199,124.27,121.85,-2.42,-0.0197,1.126,1,1.121,1.121,121.29,1.0,1.0,121.85,-0.0046,0.0,-0.0046,False,False,0,0
117,2026-06-23,2026-06-24,108.24,107.13,-1.11,-0.0103,121.85,120.56,-1.29,-0.0106,1.125,1,1.121,1.121,120.08,1.0,1.0,120.56,-0.004,0.0,-0.004,False,False,0,0
118,2026-06-24,2026-06-25,107.13,107.52,0.39,0.0036,120.56,121.04,0.48,0.004,1.126,1,1.121,1.121,120.52,1.0,1.0,121.04,-0.0043,0.0,-0.0043,False,False,0,0
119,2026-06-25,2026-06-26,107.52,105.5,-2.02,-0.019,121.04,118.81,-2.23,-0.0186,1.126,1,1.122,1.121,118.28,1.0,1.0,118.81,-0.0045,0.0,-0.0045,False,False,0,0
120,2026-06-26,2026-06-29,105.5,107.14,1.64,0.0154,118.81,120.81,2,0.0167,1.128,1,1.122,1.122,120.16,1.0,1.0,120.81,-0.0054,0.0,-0.0054,False,False,0,0
121,2026-06-29,2026-06-30,107.14,107.82,0.68,0.0063,120.81,121.74,0.93,0.0077,1.129,1,1.123,1.122,120.99,1.0,1.0,121.74,-0.0062,0.0,-0.0062,False,False,0,0
122,2026-06-30,2026-07-01,107.82,105.85,-1.97,-0.0184,121.74,119.43,-2.31,-0.0192,1.128,1,1.123,1.123,118.82,1.0,1.0,119.43,-0.0051,0.0,-0.0051,False,False,0,0
123,2026-07-01,2026-07-02,105.85,104.38,-1.47,-0.014,119.43,117.43,-2,-0.0169,1.125,1,1.123,1.123,117.22,1.0,1.0,117.43,-0.0018,0.0,-0.0018,False,False,0,0
124,2026-07-02,2026-07-06,104.38,105.33,0.95,0.0091,117.43,118.19,0.76,0.0065,1.122,1,1.123,1.123,118.31,1.0,1.0,118.19,0.001,0.0,0.001,False,True,0,0
125,2026-07-06,2026-07-07,105.33,103.85,-1.48,-0.0142,118.19,116.3,-1.89,-0.0161,1.12,1,1.123,1.123,116.66,1.0,1.0,116.3,0.0031,0.0,0.0031,False,True,0,0
126,2026-07-07,2026-07-08,103.85,104.65,0.8,0.0077,116.3,117.08,0.78,0.0067,1.119,1,1.123,1.123,117.57,1.0,1.0,117.08,0.0041,0.0,0.0041,False,True,0,0
127,2026-07-08,2026-07-09,104.65,105.62,0.97,0.0092,117.08,118.56,1.48,0.0126,1.123,1,1.123,1.123,118.65,1.0,1.0,118.56,0.0007,0.0,0.0007,False,True,0,0
128,2026-07-09,2026-07-10,105.62,105.24,-0.38,-0.0036,118.56,117.92,-0.64,-0.0054,1.12,1,1.124,1.123,118.23,1.0,1.0,117.92,0.0026,0.0,0.0026,False,True,0,0
129,2026-07-10,2026-07-13,105.24,103.86,-1.38,-0.0132,117.92,116.38,-1.54,-0.0131,1.121,1,1.124,1.124,116.69,1.0,1.0,116.38,0.0027,0.0,0.0027,False,True,0,0
130,2026-07-13,2026-07-14,103.86,104.14,0.28,0.0027,116.38,116.57,0.19,0.0016,1.119,1,1.124,1.124,117.02,1.0,1.0,116.57,0.0038,0.0,0.0038,False,True,0,0
131,2026-07-14,2026-07-15,104.14,103.59,-0.55,-0.0053,116.57,116.0,-0.57,-0.0049,1.12,1,1.123,1.124,116.39,1.0,1.0,116.0,0.0034,0.0,0.0034,False,True,0,0
132,2026-07-15,2026-07-16,103.59,101.54,-2.05,-0.02,116.0,113.65,-2.35,-0.0205,1.119,1,1.123,1.123,114.08,1.0,1.0,113.65,0.0038,0.0,0.0038,False,True,0,0
133,2026-07-16,2026-07-17,101.54,101.49,-0.05,-0.0005,113.65,113.74,0.09,0.0008,1.121,1,1.123,1.123,114.01,1.0,1.0,113.74,0.0024,0.0,0.0024,False,True,0,0
134,2026-07-17,2026-07-20,101.49,101.82,0.33,0.0032,113.74,114.16,0.42,0.0037,1.121,1,1.123,1.123,114.37,1.0,1.0,114.16,0.0019,0.0,0.0019,False,True,0,0
135,2026-07-20,2026-07-21,101.82,103.69,1.87,0.0182,114.16,116.72,2.56,0.0222,1.126,1,1.123,1.123,116.46,1.0,1.0,116.72,-0.0022,0.0,-0.0022,False,False,0,0
136,2026-07-21,2026-07-22,103.69,104.0,0.31,0.003,116.72,116.51,-0.21,-0.0018,1.12,1,1.123,1.123,116.81,1.0,1.0,116.51,0.0026,0.0,0.0026,False,True,0,0
137,2026-07-22,2026-07-23,104.0,103.17,-0.83,-0.008,116.51,115.9,-0.61,-0.0052,1.123,1,1.123,1.123,115.85,1.0,1.0,115.9,-0.0004,0.0,-0.0004,False,True,0,0
138,2026-07-23,2026-07-24,103.17,101.48,-1.69,-0.0165,115.9,113.75,-2.15,-0.0187,1.121,1,1.123,1.123,113.94,1.0,1.0,113.75,0.0017,0.0,0.0017,False,True,0,0
139,2026-07-24,2026-07-27,101.48,101.34,-0.14,-0.0014,113.75,113.44,-0.31,-0.0027,1.119,1,1.122,1.123,113.76,1.0,1.0,113.44,0.0028,0.0,0.0028,False,True,0,0
140,2026-07-27,2026-07-28,101.34,100.31,-1.03,-0.0102,113.44,111.86,-1.58,-0.014,1.115,1,1.122,1.122,112.57,1.0,1.0,111.86,0.0063,0.0,0.0063,False,True,0,0
141,2026-07-28,2026-07-29,100.31,98.39,-1.92,-0.0193,111.86,109.68,-2.18,-0.0197,1.115,1,1.121,1.122,110.35,1.0,1.0,109.68,0.0061,0.0,0.0061,False,True,0,0
142,2026-07-29,2026-07-30,98.39,101.49,3.1,0.031,109.68,113.38,3.7,0.0332,1.117,1,1.12,1.121,113.76,1.0,1.0,113.38,0.0033,0.0,0.0033,False,True,0,0
143,2026-07-30,2026-07-31,101.49,101.85,0.36,0.0035,113.38,113.23,-0.15,-0.0013,1.112,1,1.12,1.12,114.1,1.0,1.0,113.23,0.0077,0.0,0.0077,False,True,0,0
