SCHH_price,USRT_price,SCHH_price_chg,USRT_price_chg,USRT/SCHH,USRT/USRT,USRT/SCHH_moving_avg,USRT/USRT_moving_avg,USRT/SCHH_prev_moving_avg,USRT/USRT_prev_moving_avg,SCHH_scaled_price,USRT_scaled_price,SCHH_scaled_comm,USRT_scaled_comm,SCHH_scaled_price_minus_comm,USRT_scaled_price_minus_comm,SCHH_scaled_price_plus_comm,USRT_scaled_price_plus_comm,min_price_plus_comm,max_price_minus_comm,tgt_max-min,tgt_pct_diff,tgt_min_price_etf,tgt_max_price_etf,date,ex_div_date,SCHH_shs_per_unit,USRT_shs_per_unit,SCHH_current_shs,USRT_current_shs,current_long_etf,current_short_etf,current_max-min,current_pct_diff,current_position,open_trade,exit_trade,flatten_for_div,tgt_position,tgt_long_etf,tgt_short_etf,SCHH_tgt_shs,USRT_tgt_shs,SCHH_tgt_inv_amt,USRT_tgt_inv_amt,gross_inv_amt,net_inv_amt,SCHH_shs_to_trade,USRT_shs_to_trade,SCHH_shs_to_buy,USRT_shs_to_buy,SCHH_shs_to_sell,USRT_shs_to_sell,SCHH_daily_comm,USRT_daily_comm,daily_comm,SCHH_daily_profit,USRT_daily_profit,daily_gross_profit,daily_net_profit,cumulative_net_profit
20.91,57.07,,,2.729316116690579,1.0,,,,,,,,,,,,,,,,,,,2026-01-02,False,,,,,,,,,,False,False,False,,,,,,,,,,,,,,,,,,,,,,,
20.9,57.04,-0.010000000000001563,-0.030000000000001137,2.7291866028708136,1.0,,,,,,,,,,,,,,,,,,,2026-01-05,False,,,,,,,,,,False,False,False,,,,,,,,,,,,,,,,,,,,,,,
21.04,57.57,0.14000000000000057,0.5300000000000011,2.736216730038023,1.0,,,,,,,,,,,,,,,,,,,2026-01-06,False,,,,,,,,,,False,False,False,,,,,,,,,,,,,,,,,,,,,,,
20.88,57.21,-0.16000000000000014,-0.35999999999999943,2.7399425287356323,1.0,,,,,,,,,,,,,,,,,,,2026-01-07,False,,,,,,,,,,False,False,False,,,,,,,,,,,,,,,,,,,,,,,
21.06,57.8,0.17999999999999972,0.5899999999999963,2.7445394112060777,1.0,,,,,,,,,,,,,,,,,,,2026-01-08,False,,,,,,,,,,False,False,False,,,,,,,,,,,,,,,,,,,,,,,
21.13,57.9,0.07000000000000028,0.10000000000000142,2.7401798390913394,1.0,,,,,,,,,,,,,,,,,,,2026-01-09,False,,,,,,,,,,False,False,False,,,,,,,,,,,,,,,,,,,,,,,
21.15,57.92,0.019999999999999574,0.020000000000003126,2.7385342789598113,1.0,,,,,,,,,,,,,,,,,,,2026-01-12,False,,,,,,,,,,False,False,False,,,,,,,,,,,,,,,,,,,,,,,
21.26,58.19,0.11000000000000298,0.269999999999996,2.7370649106302913,1.0,,,,,,,,,,,,,,,,,,,2026-01-13,False,,,,,,,,,,False,False,False,,,,,,,,,,,,,,,,,,,,,,,
21.47,58.61,0.2099999999999973,0.4200000000000017,2.7298556124825337,1.0,,,,,,,,,,,,,,,,,,,2026-01-14,False,,,,,,,,,,False,False,False,,,,,,,,,,,,,,,,,,,,,,,
21.59,58.88,0.120000000000001,0.2700000000000031,2.7271885132005558,1.0,,,,,,,,,,,,,,,,,,,2026-01-15,False,,,,,,,,,,False,False,False,,,,,,,,,,,,,,,,,,,,,,,
21.86,59.63,0.2699999999999996,0.75,2.7278133577310157,1.0,,,,,,,,,,,,,,,,,,,2026-01-16,False,,,,,,,,,,False,False,False,,,,,,,,,,,,,,,,,,,,,,,
21.5,58.76,-0.35999999999999943,-0.8700000000000045,2.7330232558139533,1.0,,,,,,,,,,,,,,,,,,,2026-01-20,False,,,,,,,,,,False,False,False,,,,,,,,,,,,,,,,,,,,,,,
21.54,58.87,0.03999999999999915,0.10999999999999943,2.7330547818013,1.0,,,,,,,,,,,,,,,,,,,2026-01-21,False,,,,,,,,,,False,False,False,,,,,,,,,,,,,,,,,,,,,,,
21.28,58.18,-0.259999999999998,-0.6899999999999977,2.7340225563909772,1.0,,,,,,,,,,,,,,,,,,,2026-01-22,False,,,,,,,,,,False,False,False,,,,,,,,,,,,,,,,,,,,,,,
21.33,58.33,0.04999999999999716,0.14999999999999858,2.7346460384435067,1.0,,,,,,,,,,,,,,,,,,,2026-01-23,False,,,,,,,,,,False,False,False,,,,,,,,,,,,,,,,,,,,,,,
21.28,58.14,-0.04999999999999716,-0.18999999999999773,2.732142857142857,1.0,,,,,,,,,,,,,,,,,,,2026-01-26,False,,,,,,,,,,False,False,False,,,,,,,,,,,,,,,,,,,,,,,
21.29,58.15,0.00999999999999801,0.00999999999999801,2.7313292625645844,1.0,,,,,,,,,,,,,,,,,,,2026-01-27,False,,,,,,,,,,False,False,False,,,,,,,,,,,,,,,,,,,,,,,
21.06,57.55,-0.23000000000000043,-0.6000000000000014,2.7326685660018994,1.0,,,,,,,,,,,,,,,,,,,2026-01-28,False,,,,,,,,,,False,False,False,,,,,,,,,,,,,,,,,,,,,,,
21.38,58.42,0.3200000000000003,0.8700000000000045,2.732460243217961,1.0,,,,,,,,,,,,,,,,,,,2026-01-29,False,,,,,,,,,,False,False,False,,,,,,,,,,,,,,,,,,,,,,,
21.41,58.67,0.030000000000001137,0.25,2.740308267164876,1.0,2.7341746865089296,1.0,,,,,,,,,,,,,,,,,2026-01-30,False,,,,,,,,,,False,False,False,0.0,,,0.0,0.0,,,,,,,,,,,,,,,,,,
21.23,58.16,-0.17999999999999972,-0.5100000000000051,2.739519547809703,1.0,2.7346848580648855,1.0,2.7341746865089296,1.0,58.04652859458458,58.16,0.013670873432544648,0.005,58.032857721152034,58.154999999999994,58.060199468017125,58.165,58.060199468017125,58.154999999999994,0.09480053198286953,0.001629995391727468,SCHH,USRT,2026-02-02,True,4700.0,1719.0,0.0,0.0,,,0.0,0.0,0.0,True,False,False,1.0,SCHH,USRT,4700.0,-1719.0,0.0,0.0,,,4700.0,-1719.0,4700.0,0.0,-0.0,1719.0,-23.5,-8.595,-32.095,-0.0,-0.0,0.0,-32.095,-32.095
21.3,58.33,0.07000000000000028,0.1700000000000017,2.7384976525821596,1.0,2.7351504105504527,1.0,2.7346848580648855,1.0,58.24878747678206,58.33,0.013673424290324428,0.005,58.23511405249174,58.324999999999996,58.26246090107239,58.335,58.26246090107239,58.324999999999996,0.06253909892760845,0.0010721601050507192,SCHH,USRT,2026-02-03,False,4687.0,1714.0,4700.0,-1719.0,SCHH,USRT,0.06253909892760845,0.0010721601050507192,1.0,True,False,True,0.0,,,0.0,0.0,99781.0,-99977.04,199758.03999999998,-196.0399999999936,-4700.0,1719.0,0.0,1719.0,4700.0,-0.0,-23.5,-8.595,-32.095,329.00000000000136,-292.2300000000029,36.76999999999845,4.674999999998448,-27.42000000000155
21.64,59.29,0.33999999999999986,0.9600000000000009,2.7398336414048057,1.0,2.735331256118792,1.0,2.7351504105504527,1.0,59.188654884311795,59.29,0.013675752052752264,0.005,59.17497913225904,59.285,59.20233063636455,59.295,59.20233063636455,59.285,0.0826693636354463,0.001394322206703429,SCHH,USRT,2026-02-04,False,4614.0,1687.0,0.0,0.0,,,0.0,0.0,0.0,True,False,False,1.0,SCHH,USRT,4614.0,-1687.0,0.0,0.0,0.0,0.0,4614.0,-1687.0,4614.0,0.0,-0.0,1687.0,-23.07,-8.435,-31.505000000000003,0.0,0.0,0.0,-31.505000000000003,-58.92500000000155
21.64,59.5,0.0,0.21000000000000085,2.7495378927911274,1.0,2.7358110243215665,1.0,2.735331256118792,1.0,59.192568382410656,59.5,0.01367665628059396,0.005,59.17889172613006,59.495,59.20624503869125,59.505,59.20624503869125,59.495,0.2887549613087472,0.004853024559810877,SCHH,USRT,2026-02-05,False,4598.0,1681.0,4614.0,-1687.0,SCHH,USRT,0.2887549613087472,0.004853024559810877,1.0,True,False,False,1.0,SCHH,USRT,4598.0,-1681.0,99846.96,-100022.23,199869.19,-175.26999999998952,-16.0,6.0,0.0,6.0,16.0,-0.0,-0.08,-0.03,-0.11,0.0,-354.27000000000146,-354.27000000000146,-354.3800000000015,-413.305000000003
21.97,60.43,0.3299999999999983,0.9299999999999997,2.7505689576695493,1.0,2.7361125016447403,1.0,2.7358110243215665,1.0,60.10576820434481,60.43,0.013679055121607832,0.005,60.092089149223206,60.425,60.11944725946642,60.435,60.11944725946642,60.425,0.30555274053357806,0.005056308795856,SCHH,USRT,2026-02-06,False,4528.0,1655.0,4598.0,-1681.0,SCHH,USRT,0.30555274053357806,0.005056308795856,1.0,True,False,False,1.0,SCHH,USRT,4528.0,-1655.0,99500.72,-100019.5,199520.22,-518.7799999999988,-70.0,26.0,0.0,26.0,70.0,-0.0,-0.35000000000000003,-0.13,-0.48000000000000004,1517.3399999999922,-1563.3299999999995,-45.990000000007285,-46.47000000000728,-459.7750000000103
22.03,60.56,0.060000000000002274,0.13000000000000256,2.748978665456196,1.0,2.736552442962983,1.0,2.7361125016447403,1.0,60.27655841123363,60.56,0.013680562508223701,0.005,60.26287784872541,60.555,60.29023897374185,60.565000000000005,60.29023897374185,60.555,0.26476102625814946,0.004371879561726378,SCHH,USRT,2026-02-09,False,4517.0,1651.0,4528.0,-1655.0,SCHH,USRT,0.26476102625814946,0.004371879561726378,1.0,True,False,False,1.0,SCHH,USRT,4517.0,-1651.0,99480.15999999999,-100011.65,199491.81,-531.4900000000052,-11.0,4.0,0.0,4.0,11.0,-0.0,-0.055,-0.02,-0.075,271.6800000000103,-215.15000000000424,56.530000000006055,56.45500000000605,-403.32000000000426
22.35,61.42,0.3200000000000003,0.8599999999999994,2.7480984340044743,1.0,2.7370306507152162,1.0,2.736552442962983,1.0,61.16194710022267,61.42,0.013682762214814915,0.005,61.148264338007856,61.415,61.17562986243748,61.425000000000004,61.17562986243748,61.415,0.23937013756251702,0.0038972669743164608,SCHH,USRT,2026-02-10,False,4455.0,1628.0,4517.0,-1651.0,SCHH,USRT,0.23937013756251702,0.0038972669743164608,1.0,True,False,False,1.0,SCHH,USRT,4455.0,-1628.0,99509.51000000001,-99984.56,199494.07,-475.04999999998836,-62.0,23.0,0.0,23.0,62.0,-0.0,-0.31,-0.115,-0.425,1445.4400000000012,-1419.859999999999,25.5800000000022,25.1550000000022,-378.16500000000207
22.46,61.49,0.10999999999999943,0.07000000000000028,2.7377560106856635,1.0,2.737065205717985,1.0,2.7370306507152162,1.0,61.47370841506376,61.49,0.013685153253576082,0.005,61.460023261810186,61.485,61.48739356831734,61.495000000000005,61.48739356831734,61.485,-0.0023935683173377242,-3.8926139491587646e-05,SCHH,USRT,2026-02-11,False,4450.0,1626.0,4455.0,-1628.0,SCHH,USRT,-0.0023935683173377242,-3.8926139491587646e-05,1.0,False,True,False,0.0,,,0.0,0.0,99569.25,-99991.76000000001,199561.01,-422.5100000000093,-4455.0,1628.0,0.0,1628.0,4455.0,-0.0,-22.275000000000002,-8.14,-30.415000000000003,490.04999999999745,-113.96000000000046,376.08999999999696,345.67499999999694,-32.490000000005125
22.5,61.53,0.03999999999999915,0.03999999999999915,2.7346666666666666,1.0,2.7373057584271914,1.0,2.737065205717985,1.0,61.58396712865466,61.53,0.013685326028589927,0.005,61.57028180262607,61.525,61.59765245468326,61.535000000000004,61.535000000000004,61.57028180262607,0.035281802626066394,0.0005734081362923191,USRT,SCHH,2026-02-12,False,4448.0,1625.0,0.0,0.0,,,0.0,0.0,0.0,False,False,False,-0.0,,,0.0,0.0,0.0,0.0,0.0,0.0,0.0,0.0,0.0,0.0,-0.0,-0.0,-0.0,-0.0,0.0,0.0,0.0,0.0,0.0,-32.490000000005125
22.81,62.29,0.3099999999999987,0.759999999999998,2.7308198158702326,1.0,2.737487323560676,1.0,2.7373057584271914,1.0,62.43794434972423,62.29,0.013686528792135957,0.005,62.4242578209321,62.285,62.45163087851637,62.295,62.295,62.4242578209321,0.12925782093209648,0.0020750974623871647,USRT,SCHH,2026-02-13,False,4393.0,1605.0,0.0,0.0,,,0.0,0.0,-0.0,True,False,False,1.0,USRT,SCHH,-4393.0,1605.0,0.0,0.0,0.0,0.0,-4393.0,1605.0,0.0,1605.0,4393.0,-0.0,-21.965,-8.025,-29.990000000000002,0.0,0.0,0.0,-29.990000000000002,-62.48000000000513
23.06,62.91,0.25,0.6199999999999974,2.728100607111882,1.0,2.7375016860297188,1.0,2.737487323560676,1.0,63.126457681309184,62.91,0.013687436617803379,0.005,63.11277024469138,62.904999999999994,63.140145117926984,62.915,62.915,63.11277024469138,0.19777024469138382,0.0031437012349607987,USRT,SCHH,2026-02-17,False,4353.0,1590.0,-4393.0,1605.0,USRT,SCHH,0.19777024469138382,0.0031437012349607987,1.0,True,False,False,1.0,USRT,SCHH,-4353.0,1590.0,-100204.32999999999,99975.45,200179.77999999997,-228.8799999999901,40.0,-15.0,40.0,0.0,-0.0,15.0,-0.2,-0.075,-0.275,-1098.25,995.0999999999959,-103.15000000000407,-103.42500000000408,-165.9050000000092
22.67,62.04,-0.389999999999997,-0.8699999999999974,2.7366563740626377,1.0,2.737683341942153,1.0,2.7375016860297188,1.0,62.059163222293726,62.04,0.013687508430148595,0.005,62.04547571386358,62.035,62.07285073072387,62.045,62.045,62.04547571386358,0.00047571386357958545,7.667857246608405e-06,USRT,SCHH,2026-02-18,False,4413.0,1612.0,-4353.0,1590.0,USRT,SCHH,0.00047571386357958545,7.667857246608405e-06,1.0,False,True,False,0.0,,,0.0,0.0,-100380.18,100026.9,200407.08,-353.27999999999884,4353.0,-1590.0,4353.0,0.0,-0.0,1590.0,-21.765,-7.95,-29.715,1697.669999999987,-1383.2999999999959,314.36999999999125,284.6549999999913,118.74999999998207
22.64,62.05,-0.030000000000001137,0.00999999999999801,2.7407243816254416,1.0,2.73806682193336,1.0,2.737683341942153,1.0,61.98115086157034,62.05,0.013688416709710764,0.005,61.96746244486063,62.044999999999995,61.994839278280054,62.055,61.994839278280054,62.044999999999995,0.05016072171994068,0.0008083919697008974,SCHH,USRT,2026-02-19,False,4413.0,1612.0,0.0,0.0,,,0.0,0.0,0.0,True,False,False,1.0,SCHH,USRT,4413.0,-1612.0,0.0,0.0,0.0,0.0,4413.0,-1612.0,4413.0,0.0,-0.0,1612.0,-22.065,-8.06,-30.125,-0.0,0.0,0.0,-30.125,88.62499999998207
22.82,62.48,0.17999999999999972,0.4299999999999997,2.7379491673970198,1.0,2.738263152483662,1.0,2.73806682193336,1.0,62.48268487651927,62.48,0.0136903341096668,0.005,62.468994542409604,62.474999999999994,62.49637521062894,62.485,62.485,62.474999999999994,-0.010000000000005116,-0.00016005121638932644,USRT,USRT,2026-02-20,False,4384.0,1601.0,4413.0,-1612.0,SCHH,USRT,-0.021375210628946206,-0.00034211284617391495,1.0,False,True,False,0.0,,,0.0,0.0,99910.32,-100024.59999999999,199934.91999999998,-114.27999999998428,-4413.0,1612.0,0.0,1612.0,4413.0,-0.0,-22.065,-8.06,-30.125,794.3399999999988,-693.1599999999995,101.17999999999927,71.05499999999927,159.67999999998133
22.88,62.66,0.05999999999999872,0.17999999999999972,2.7386363636363638,1.0,2.7384626687433054,1.0,2.738263152483662,1.0,62.65146092882618,62.66,0.01369131576241831,0.005,62.63776961306377,62.654999999999994,62.6651522445886,62.665,62.665,62.654999999999994,-0.010000000000005116,-0.00015959144589858148,USRT,USRT,2026-02-23,False,4370.0,1596.0,0.0,0.0,,,0.0,0.0,0.0,False,True,False,0.0,,,0.0,0.0,0.0,0.0,0.0,0.0,0.0,0.0,0.0,0.0,-0.0,-0.0,-0.0,-0.0,0.0,0.0,0.0,0.0,0.0,159.67999999998133
22.91,62.76,0.030000000000001137,0.10000000000000142,2.7394151025752946,1.0,2.7388262810149273,1.0,2.7384626687433054,1.0,62.738179740909125,62.76,0.013692313343716527,0.005,62.72448742756541,62.754999999999995,62.75187205425284,62.765,62.75187205425284,62.754999999999995,0.003127945747152694,4.9839798393127694e-05,SCHH,USRT,2026-02-24,False,4362.0,1593.0,0.0,0.0,,,0.0,0.0,0.0,False,True,False,0.0,,,0.0,0.0,0.0,0.0,0.0,0.0,0.0,0.0,0.0,0.0,-0.0,-0.0,-0.0,-0.0,0.0,0.0,0.0,0.0,0.0,159.67999999998133
22.85,62.81,-0.05999999999999872,0.05000000000000426,2.748796498905908,1.0,2.739699642831993,1.0,2.7388262810149273,1.0,62.58218052119109,62.81,0.013694131405074637,0.005,62.56848638978602,62.805,62.595874652596166,62.815000000000005,62.595874652596166,62.805,0.20912534740383393,0.0033294912817040906,SCHH,USRT,2026-02-25,False,4360.0,1592.0,0.0,0.0,,,0.0,0.0,0.0,True,False,False,1.0,SCHH,USRT,4360.0,-1592.0,0.0,0.0,0.0,0.0,4360.0,-1592.0,4360.0,0.0,-0.0,1592.0,-21.8,-7.96,-29.76,-0.0,0.0,0.0,-29.76,129.91999999998134
22.98,63.24,0.129999999999999,0.4299999999999997,2.751958224543081,1.0,2.7406641257590523,1.0,2.739699642831993,1.0,62.9582977922792,63.24,0.013698498214159964,0.005,62.944599294065036,63.235,62.97199629049336,63.245000000000005,62.97199629049336,63.235,0.2630037095066413,0.004158818935905144,SCHH,USRT,2026-02-26,False,4331.0,1581.0,4360.0,-1592.0,SCHH,USRT,0.2630037095066413,0.004158818935905144,1.0,True,False,False,1.0,SCHH,USRT,4331.0,-1581.0,99626.0,-99993.52,199619.52000000002,-367.5200000000041,-29.0,11.0,0.0,11.0,29.0,-0.0,-0.145,-0.055,-0.19999999999999998,566.7999999999956,-684.5599999999995,-117.76000000000386,-117.96000000000386,11.959999999977484
23.03,63.2,0.05000000000000071,-0.03999999999999915,2.7442466348241426,1.0,2.7412534453393613,1.0,2.7406641257590523,1.0,63.11749481623098,63.2,0.013703320628795262,0.005,63.10379149560219,63.195,63.13119813685977,63.205000000000005,63.13119813685977,63.195,0.06380186314022751,0.001009523150952967,SCHH,USRT,2026-02-27,False,4336.0,1582.0,4331.0,-1581.0,SCHH,USRT,0.06380186314022751,0.001009523150952967,1.0,True,False,False,1.0,SCHH,USRT,4336.0,-1582.0,99526.38,-99982.44,199508.82,-456.0599999999977,5.0,-1.0,5.0,0.0,-0.0,1.0,-0.025,-0.005,-0.030000000000000002,216.55000000000308,63.23999999999865,279.7900000000017,279.76000000000175,291.7199999999792
23.13,63.44,0.09999999999999787,0.23999999999999488,2.7427583225248595,1.0,2.7413759481073603,1.0,2.7412534453393613,1.0,63.405192190699424,63.44,0.013706267226696807,0.005,63.39148592347273,63.434999999999995,63.41889845792612,63.445,63.41889845792612,63.434999999999995,0.016101542073876374,0.0002538074097395393,SCHH,USRT,2026-03-02,True,4320.0,1576.0,4336.0,-1582.0,SCHH,USRT,0.016101542073876374,0.0002538074097395393,1.0,False,True,False,0.0,,,0.0,0.0,99858.08,-99982.40000000001,199840.48,-124.32000000000698,-4336.0,1582.0,0.0,1582.0,4336.0,-0.0,-21.68,-7.91,-29.59,433.59999999999076,-379.6799999999919,53.91999999999888,24.32999999999888,316.0499999999781
22.99,63.01,-0.14000000000000057,-0.4299999999999997,2.740756850804698,1.0,2.74143781325711,1.0,2.7413759481073603,1.0,63.02423304698821,63.01,0.013706879740536802,0.005,63.01052616724767,63.004999999999995,63.03793992672875,63.015,63.015,63.01052616724767,-0.00447383275233193,-7.100194814048452e-05,USRT,SCHH,2026-03-03,False,4351.0,1587.0,0.0,0.0,,,0.0,0.0,0.0,False,True,True,0.0,,,0.0,0.0,0.0,0.0,0.0,0.0,0.0,0.0,0.0,0.0,-0.0,-0.0,-0.0,-0.0,0.0,-0.0,-0.0,0.0,0.0,316.0499999999781
23.03,63.14,0.0400000000000027,0.13000000000000256,2.7416413373860182,1.0,2.741594997497303,1.0,2.74143781325711,1.0,63.13531283931125,63.14,0.01370718906628555,0.005,63.12160565024496,63.135,63.149020028377535,63.145,63.145,63.135,-0.010000000000005116,-0.00015837820715877598,USRT,USRT,2026-03-04,False,4342.0,1584.0,0.0,0.0,,,0.0,0.0,0.0,False,True,False,0.0,,,0.0,0.0,0.0,0.0,0.0,0.0,0.0,0.0,0.0,0.0,-0.0,-0.0,-0.0,-0.0,0.0,0.0,0.0,0.0,0.0,316.0499999999781
22.79,62.53,-0.240000000000002,-0.6099999999999994,2.7437472575691095,1.0,2.7417906783055184,1.0,2.741594997497303,1.0,62.48094999296354,62.53,0.013707974987486516,0.005,62.46724201797605,62.525,62.49465796795103,62.535000000000004,62.49465796795103,62.525,0.03034203204897068,0.00048523959777659807,SCHH,USRT,2026-03-05,False,4384.0,1599.0,0.0,0.0,,,0.0,0.0,0.0,False,False,False,-0.0,,,0.0,0.0,0.0,0.0,0.0,0.0,0.0,0.0,0.0,0.0,-0.0,-0.0,-0.0,-0.0,0.0,-0.0,-0.0,0.0,0.0,316.0499999999781
22.56,61.81,-0.23000000000000043,-0.7199999999999989,2.7398049645390072,1.0,2.7413040318929123,1.0,2.7417906783055184,1.0,61.85479770257249,61.81,0.013708953391527593,0.005,61.84108874918096,61.805,61.86850665596402,61.815000000000005,61.815000000000005,61.84108874918096,0.02608874918095694,0.00042207974730556444,USRT,SCHH,2026-03-06,False,4436.0,1618.0,0.0,0.0,,,0.0,0.0,-0.0,False,False,False,0.0,,,0.0,0.0,0.0,0.0,0.0,0.0,0.0,0.0,0.0,0.0,-0.0,-0.0,-0.0,-0.0,0.0,-0.0,-0.0,0.0,0.0,316.0499999999781
22.59,61.93,0.030000000000001137,0.11999999999999744,2.741478530323152,1.0,2.7408495105255923,1.0,2.7413040318929123,1.0,61.92605808046089,61.93,0.013706520159464561,0.005,61.912351560301424,61.925,61.93976460062036,61.935,61.935,61.925,-0.010000000000005116,-0.00016147263038923163,USRT,USRT,2026-03-09,False,4427.0,1615.0,0.0,0.0,,,0.0,0.0,0.0,False,True,False,0.0,,,0.0,0.0,0.0,0.0,0.0,0.0,0.0,0.0,0.0,0.0,-0.0,-0.0,-0.0,-0.0,0.0,0.0,0.0,0.0,0.0,316.0499999999781
22.6,62.0,0.010000000000001563,0.07000000000000028,2.743362831858407,1.0,2.740568718845703,1.0,2.7408495105255923,1.0,61.94319893787839,62.0,0.013704247552627962,0.005,61.92949469032576,61.995,61.956903185431024,62.005,61.956903185431024,61.995,0.038096814568973514,0.000614464751112476,SCHH,USRT,2026-03-10,False,4421.0,1613.0,0.0,0.0,,,0.0,0.0,0.0,False,False,False,-0.0,,,0.0,0.0,0.0,0.0,0.0,0.0,0.0,0.0,0.0,0.0,-0.0,-0.0,-0.0,-0.0,0.0,0.0,0.0,0.0,0.0,316.0499999999781
22.37,61.4,-0.23000000000000043,-0.6000000000000014,2.744747429593205,1.0,2.74040116862514,1.0,2.740568718845703,1.0,61.30652224057838,61.4,0.013702843594228516,0.005,61.29281939698415,61.394999999999996,61.32022508417261,61.405,61.32022508417261,61.394999999999996,0.07477491582738338,0.0012178325053319769,SCHH,USRT,2026-03-11,False,4464.0,1629.0,0.0,0.0,,,0.0,0.0,-0.0,True,False,False,1.0,SCHH,USRT,4464.0,-1629.0,0.0,0.0,0.0,0.0,4464.0,-1629.0,4464.0,0.0,-0.0,1629.0,-22.32,-8.145,-30.465,-0.0,-0.0,0.0,-30.465,285.58499999997815
22.22,61.14,-0.15000000000000213,-0.259999999999998,2.751575157515752,1.0,2.7410921259666443,1.0,2.74040116862514,1.0,60.89171396685061,61.14,0.0137020058431257,0.005,60.87801196100748,61.135,60.90541597269374,61.145,60.90541597269374,61.135,0.22958402730625949,0.003755054421103361,SCHH,USRT,2026-03-12,False,4483.0,1636.0,4464.0,-1629.0,SCHH,USRT,0.22958402730625949,0.003755054421103361,1.0,True,False,False,1.0,SCHH,USRT,4483.0,-1636.0,99859.68000000001,-100020.59999999999,199880.28,-160.9199999999837,19.0,-7.0,19.0,0.0,-0.0,7.0,-0.095,-0.035,-0.13,-669.6000000000095,423.5399999999968,-246.06000000001268,-246.19000000001267,39.39499999996548
22.24,60.97,0.019999999999999574,-0.1700000000000017,2.741456834532374,1.0,2.7414316343599294,1.0,2.7410921259666443,1.0,60.96188888149816,60.97,0.013705460629833221,0.005,60.948183420868325,60.964999999999996,60.975594342128,60.975,60.975,60.964999999999996,-0.010000000000005116,-0.00016401508938830762,USRT,USRT,2026-03-13,False,4495.0,1640.0,4483.0,-1636.0,SCHH,USRT,-0.0105943421280017,-0.0001737631971133623,1.0,False,True,False,0.0,,,0.0,0.0,99612.26,-100025.04000000001,199637.3,-412.7800000000134,-4483.0,1636.0,0.0,1636.0,4483.0,-0.0,-22.415,-8.18,-30.595,89.65999999999809,278.1200000000028,367.7800000000009,337.18500000000085,376.57999999996633
22.43,61.51,0.19000000000000128,0.5399999999999991,2.742309407044137,1.0,2.7420061139186247,1.0,2.7414316343599294,1.0,61.490311558693215,61.51,0.013707158171799648,0.005,61.47660440052142,61.504999999999995,61.50401871686501,61.515,61.50401871686501,61.504999999999995,0.0009812831349833573,1.5953229312036375e-05,SCHH,USRT,2026-03-16,False,4458.0,1626.0,0.0,0.0,,,0.0,0.0,0.0,False,True,False,0.0,,,0.0,0.0,0.0,0.0,0.0,0.0,0.0,0.0,0.0,0.0,-0.0,-0.0,-0.0,-0.0,0.0,0.0,0.0,0.0,0.0,376.57999999996633
22.49,61.47,0.05999999999999872,-0.03999999999999915,2.7332147621164964,1.0,2.7422618216688557,1.0,2.7420061139186247,1.0,61.667717502029866,61.47,0.013710030569593124,0.005,61.654007471460275,61.464999999999996,61.68142753259946,61.475,61.475,61.654007471460275,0.17900747146027385,0.0029121111348669898,USRT,SCHH,2026-03-17,False,4461.0,1627.0,0.0,0.0,,,0.0,0.0,0.0,True,False,False,1.0,USRT,SCHH,-4461.0,1627.0,0.0,0.0,0.0,0.0,-4461.0,1627.0,0.0,1627.0,4461.0,-0.0,-22.305,-8.135,-30.439999999999998,0.0,-0.0,0.0,-30.439999999999998,346.13999999996634
22.15,60.64,-0.33999999999999986,-0.8299999999999983,2.7376975169300226,1.0,2.7423138788122245,1.0,2.7422618216688557,1.0,60.74109934996515,60.64,0.01371130910834428,0.005,60.7273880408568,60.635,60.75481065907349,60.645,60.645,60.7273880408568,0.08238804085679874,0.0013586418347097417,USRT,SCHH,2026-03-18,False,4522.0,1649.0,-4461.0,1627.0,USRT,SCHH,0.08238804085679874,0.0013586418347097417,1.0,True,False,False,1.0,USRT,SCHH,-4522.0,1649.0,-100327.89,100011.69,200339.58000000002,-316.1999999999971,-61.0,22.0,0.0,22.0,61.0,-0.0,-0.305,-0.11,-0.415,1516.7399999999993,-1350.4099999999971,166.3300000000022,165.9150000000022,512.0549999999686
22.08,60.41,-0.07000000000000028,-0.23000000000000398,2.735960144927536,1.0,2.742075666977329,1.0,2.7423138788122245,1.0,60.55029044417391,60.41,0.013711569394061124,0.005,60.53657887477985,60.404999999999994,60.56400201356797,60.415,60.415,60.53657887477985,0.12157887477984985,0.002012562072170996,USRT,SCHH,2026-03-19,False,4539.0,1655.0,-4522.0,1649.0,USRT,SCHH,0.12157887477984985,0.002012562072170996,1.0,True,False,False,1.0,USRT,SCHH,-4539.0,1655.0,-100162.29999999999,99995.36,200157.65999999997,-166.93999999998778,-17.0,6.0,0.0,6.0,17.0,-0.0,-0.085,-0.03,-0.115,316.54000000000127,-379.2700000000066,-62.730000000005305,-62.84500000000531,449.20999999996326
21.35,58.51,-0.7299999999999969,-1.8999999999999986,2.7405152224824354,1.0,2.7422039697316003,1.0,2.742075666977329,1.0,58.543315489965984,58.51,0.013710378334886647,0.005,58.5296051116311,58.504999999999995,58.55702586830087,58.515,58.515,58.5296051116311,0.014605111631098566,0.00024961735824813823,USRT,SCHH,2026-03-20,False,4686.0,1709.0,-4539.0,1655.0,USRT,SCHH,0.014605111631098566,0.00024961735824813823,1.0,False,True,False,0.0,,,0.0,0.0,-100221.12,99978.54999999999,200199.66999999998,-242.57000000000698,4539.0,-1655.0,4539.0,0.0,-0.0,1655.0,-22.695,-8.275,-30.97,3313.4699999999857,-3144.4999999999977,168.96999999998798,137.99999999998798,587.2099999999513
21.51,58.95,0.16000000000000014,0.44000000000000483,2.7405857740585775,1.0,2.7423014402527106,1.0,2.7422039697316003,1.0,58.984807388926725,58.95,0.013711019848658001,0.005,58.97109636907807,58.945,58.99851840877538,58.955000000000005,58.955000000000005,58.97109636907807,0.016096369078063333,0.00027305121421651113,USRT,SCHH,2026-03-23,False,4651.0,1696.0,0.0,0.0,,,0.0,0.0,0.0,False,True,False,0.0,,,0.0,0.0,0.0,0.0,0.0,0.0,0.0,0.0,0.0,0.0,-0.0,-0.0,-0.0,-0.0,0.0,0.0,0.0,0.0,0.0,587.2099999999513
21.38,58.76,-0.13000000000000256,-0.19000000000000483,2.7483629560336764,1.0,2.74274883292563,1.0,2.7423014402527106,1.0,58.63040479260295,58.76,0.013711507201263554,0.005,58.61669328540169,58.754999999999995,58.64411629980422,58.765,58.64411629980422,58.754999999999995,0.11088370019577809,0.0018870609291316899,SCHH,USRT,2026-03-24,False,4667.0,1702.0,0.0,0.0,,,0.0,0.0,0.0,True,False,False,1.0,SCHH,USRT,4667.0,-1702.0,0.0,0.0,0.0,0.0,4667.0,-1702.0,4667.0,0.0,-0.0,1702.0,-23.335,-8.51,-31.845,-0.0,-0.0,0.0,-31.845,555.3649999999512
21.26,58.74,-0.11999999999999744,-0.01999999999999602,2.762935089369708,1.0,2.74345576244882,1.0,2.74274883292563,1.0,58.3108401879989,58.74,0.01371374416462815,0.005,58.29712644383427,58.735,58.324553932163525,58.745000000000005,58.324553932163525,58.735,0.4104460678364745,0.00698750541090355,SCHH,USRT,2026-03-25,False,4668.0,1702.0,4667.0,-1702.0,SCHH,USRT,0.4104460678364745,0.00698750541090355,1.0,True,False,False,1.0,SCHH,USRT,4668.0,-1702.0,99780.45999999999,-100009.51999999999,199789.97999999998,-229.05999999999767,1.0,0.0,1.0,0.0,-0.0,-0.0,-0.005,-0.0,-0.005,-560.039999999988,34.03999999999323,-525.9999999999948,-526.0049999999948,29.35999999995647
21.24,58.69,-0.020000000000003126,-0.05000000000000426,2.7631826741996233,1.0,2.7440169849316467,1.0,2.74345576244882,1.0,58.27100039441294,58.69,0.013717278812244101,0.005,58.25728311560069,58.684999999999995,58.28471767322518,58.695,58.28471767322518,58.684999999999995,0.4002823267748141,0.0068202815943911085,SCHH,USRT,2026-03-26,False,4675.0,1704.0,4668.0,-1702.0,SCHH,USRT,0.4002823267748141,0.0068202815943911085,1.0,True,False,False,1.0,SCHH,USRT,4675.0,-1704.0,99241.68000000001,-99975.48000000001,199217.16000000003,-733.8000000000029,7.0,-2.0,7.0,0.0,-0.0,2.0,-0.035,-0.01,-0.045000000000000005,-93.3600000000146,85.10000000000726,-8.260000000007338,-8.305000000007338,21.054999999949132
21.1,58.14,-0.13999999999999702,-0.5499999999999972,2.7554502369668246,1.0,2.7445771650387814,1.0,2.7440169849316467,1.0,57.89875838205775,58.14,0.013720084924658234,0.005,57.88503829713309,58.135,57.91247846698241,58.145,57.91247846698241,58.135,0.22252153301759137,0.003827339749184578,SCHH,USRT,2026-03-27,False,4720.0,1720.0,4675.0,-1704.0,SCHH,USRT,0.22252153301759137,0.003827339749184578,1.0,True,False,False,1.0,SCHH,USRT,4720.0,-1720.0,99296.99999999999,-100007.76,199304.75999999998,-710.7600000000093,45.0,-16.0,45.0,0.0,-0.0,16.0,-0.225,-0.08,-0.305,-654.499999999986,937.1999999999952,282.70000000000914,282.39500000000913,303.44999999995827
21.17,58.36,0.07000000000000028,0.21999999999999886,2.756731223429381,1.0,2.745275810084007,1.0,2.7445771650387814,1.0,58.102698583871,58.36,0.013722885825193907,0.005,58.08897569804581,58.355,58.1164214696962,58.365,58.1164214696962,58.355,0.23857853030379772,0.00408804884002395,SCHH,USRT,2026-03-30,False,4704.0,1714.0,4720.0,-1720.0,SCHH,USRT,0.23857853030379772,0.00408804884002395,1.0,True,False,False,1.0,SCHH,USRT,4704.0,-1714.0,99592.0,-100000.8,199592.8,-408.8000000000029,-16.0,6.0,0.0,6.0,16.0,-0.0,-0.08,-0.03,-0.11,330.40000000000134,-378.39999999999804,-47.9999999999967,-48.1099999999967,255.33999999996155
21.49,59.19,0.31999999999999673,0.8299999999999983,2.75430432759423,1.0,2.7459531839234836,1.0,2.745275810084007,1.0,58.9959771587053,59.19,0.013726379050420035,0.005,58.98225077965488,59.184999999999995,59.00970353775572,59.195,59.00970353775572,59.184999999999995,0.17529646224427609,0.002961589157700221,SCHH,USRT,2026-03-31,False,4637.0,1689.0,4704.0,-1714.0,SCHH,USRT,0.17529646224427609,0.002961589157700221,1.0,True,False,False,1.0,SCHH,USRT,4637.0,-1689.0,99583.68000000001,-100029.04,199612.72,-445.35999999998603,-67.0,25.0,0.0,25.0,67.0,-0.0,-0.335,-0.125,-0.46,1505.2799999999847,-1422.6199999999972,82.65999999998758,82.19999999998758,337.53999999994915
21.58,59.54,0.08999999999999986,0.3500000000000014,2.7590361445783134,1.0,2.7468229242830984,1.0,2.7459531839234836,1.0,59.25766970906877,59.54,0.013729765919617418,0.005,59.24393994314915,59.535,59.27139947498839,59.545,59.27139947498839,59.535,0.26360052501160425,0.004427284598784082,SCHH,USRT,2026-04-01,True,4613.0,1680.0,4637.0,-1689.0,SCHH,USRT,0.26360052501160425,0.004427284598784082,1.0,True,False,False,1.0,SCHH,USRT,4613.0,-1680.0,99649.12999999999,-99971.90999999999,199621.03999999998,-322.77999999999884,-24.0,9.0,0.0,9.0,24.0,-0.0,-0.12,-0.045,-0.16499999999999998,417.32999999999936,-591.1500000000024,-173.820000000003,-173.985000000003,163.55499999994615
21.91,60.2,0.33000000000000185,0.6600000000000037,2.747603833865815,1.0,2.7470157530979336,1.0,2.7468229242830984,1.0,60.18289027104269,60.2,0.013734114621415492,0.005,60.16915615642127,60.195,60.1966243856641,60.205000000000005,60.1966243856641,60.195,-0.001624385664101169,-2.69831505664646e-05,SCHH,USRT,2026-04-02,False,4562.0,1661.0,4613.0,-1680.0,SCHH,USRT,-0.001624385664101169,-2.69831505664646e-05,1.0,False,True,True,0.0,,,0.0,0.0,99548.54,-100027.2,199575.74,-478.6600000000035,-4613.0,1680.0,0.0,1680.0,4613.0,-0.0,-23.065,-8.4,-31.465000000000003,1522.2900000000086,-1108.800000000006,413.4900000000025,382.0250000000025,545.5799999999487
21.92,60.16,0.010000000000001563,-0.04000000000000625,2.7445255474452552,1.0,2.747251782243246,1.0,2.7470157530979336,1.0,60.21458530790671,60.16,0.013735078765489668,0.005,60.20085022914122,60.154999999999994,60.2283203866722,60.165,60.165,60.20085022914122,0.03585022914121794,0.0005959147131186492,USRT,SCHH,2026-04-06,False,4566.0,1662.0,0.0,0.0,,,0.0,0.0,0.0,False,False,False,-0.0,,,0.0,0.0,0.0,0.0,0.0,0.0,0.0,0.0,0.0,0.0,-0.0,-0.0,-0.0,-0.0,0.0,0.0,-0.0,0.0,0.0,545.5799999999487
21.96,60.4,0.03999999999999915,0.240000000000002,2.7504553734061927,1.0,2.7477006243973983,1.0,2.747251782243246,1.0,60.32964913806168,60.4,0.01373625891121623,0.005,60.31591287915047,60.394999999999996,60.3433853969729,60.405,60.3433853969729,60.394999999999996,0.05161460302709742,0.0008545464077334009,SCHH,USRT,2026-04-07,False,4549.0,1656.0,0.0,0.0,,,0.0,0.0,-0.0,True,False,False,1.0,SCHH,USRT,4549.0,-1656.0,0.0,0.0,0.0,0.0,4549.0,-1656.0,4549.0,0.0,-0.0,1656.0,-22.745,-8.28,-31.025,0.0,0.0,0.0,-31.025,514.5549999999487
22.34,61.41,0.379999999999999,1.009999999999998,2.7488809310653535,1.0,2.7479765293577456,1.0,2.7477006243973983,1.0,61.38363194903788,61.41,0.01373850312198699,0.005,61.36989344591589,61.404999999999994,61.39737045215986,61.415,61.39737045215986,61.404999999999994,0.007629547840132034,0.000124239502363329,SCHH,USRT,2026-04-08,False,4473.0,1628.0,4549.0,-1656.0,SCHH,USRT,0.007629547840132034,0.000124239502363329,1.0,False,True,False,0.0,,,0.0,0.0,99896.04000000001,-100022.4,199918.44,-126.35999999998603,-4549.0,1656.0,0.0,1656.0,4549.0,-0.0,-22.745,-8.28,-31.025,1728.6199999999956,-1672.5599999999968,56.05999999999881,25.03499999999881,539.5899999999475
22.55,61.92,0.21000000000000085,0.5100000000000051,2.74589800443459,1.0,2.7480340580998144,1.0,2.7479765293577456,1.0,61.96687073701717,61.92,0.013739882646788729,0.005,61.95313085437038,61.915,61.980610619663956,61.925000000000004,61.925000000000004,61.95313085437038,0.028130854370374436,0.0004543096636042383,USRT,SCHH,2026-04-09,False,4438.0,1615.0,0.0,0.0,,,0.0,0.0,0.0,False,False,False,-0.0,,,0.0,0.0,0.0,0.0,0.0,0.0,0.0,0.0,0.0,0.0,-0.0,-0.0,-0.0,-0.0,0.0,0.0,0.0,0.0,0.0,539.5899999999475
22.62,62.15,0.07000000000000028,0.22999999999999687,2.747568523430592,1.0,2.7478337263955566,1.0,2.7480340580998144,1.0,62.1605303942178,62.15,0.013740170290499072,0.005,62.146790223927304,62.144999999999996,62.1742705645083,62.155,62.155,62.146790223927304,-0.008209776072696684,-0.00013209615563470128,USRT,SCHH,2026-04-10,False,4422.0,1609.0,0.0,0.0,,,0.0,0.0,-0.0,False,True,False,0.0,,,0.0,0.0,0.0,0.0,0.0,0.0,0.0,0.0,0.0,0.0,-0.0,-0.0,-0.0,-0.0,0.0,0.0,0.0,0.0,0.0,539.5899999999475
22.67,62.29,0.05000000000000071,0.14000000000000057,2.7476841640935152,1.0,2.7481450928736137,1.0,2.7478337263955566,1.0,62.29339057738727,62.29,0.013739168631977784,0.005,62.27965140875529,62.285,62.30712974601925,62.295,62.295,62.285,-0.010000000000005116,-0.00016053941242583265,USRT,USRT,2026-04-13,False,4410.0,1605.0,0.0,0.0,,,0.0,0.0,0.0,False,True,False,0.0,,,0.0,0.0,0.0,0.0,0.0,0.0,0.0,0.0,0.0,0.0,-0.0,-0.0,-0.0,-0.0,0.0,0.0,0.0,0.0,0.0,539.5899999999475
22.89,63.03,0.21999999999999886,0.740000000000002,2.7536041939711664,1.0,2.748709832219965,1.0,2.7481450928736137,1.0,62.90504117587702,63.03,0.013740725464368069,0.005,62.89130045041265,63.025,62.91878190134138,63.035000000000004,62.91878190134138,63.025,0.10621809865861565,0.001685199090252509,SCHH,USRT,2026-04-14,False,4361.0,1587.0,0.0,0.0,,,0.0,0.0,0.0,True,False,False,1.0,SCHH,USRT,4361.0,-1587.0,0.0,0.0,0.0,0.0,4361.0,-1587.0,4361.0,0.0,-0.0,1587.0,-21.805,-7.9350000000000005,-29.740000000000002,0.0,0.0,0.0,-29.740000000000002,509.8499999999475
22.88,63.01,-0.010000000000001563,-0.020000000000003126,2.7539335664335667,1.0,2.7497457724358183,1.0,2.748709832219965,1.0,62.89048096119279,63.01,0.013743549161099823,0.005,62.876737412031694,63.004999999999995,62.90422451035389,63.015,62.90422451035389,63.004999999999995,0.10077548964610372,0.0015993570805602876,SCHH,USRT,2026-04-15,False,4362.0,1587.0,4361.0,-1587.0,SCHH,USRT,0.10077548964610372,0.0015993570805602876,1.0,True,False,False,1.0,SCHH,USRT,4362.0,-1587.0,99823.29000000001,-100028.61,199851.90000000002,-205.31999999999243,1.0,0.0,1.0,0.0,-0.0,-0.0,-0.005,-0.0,-0.005,-43.61000000000682,31.74000000000496,-11.870000000001859,-11.87500000000186,497.9749999999456
23.08,63.5,0.1999999999999993,0.490000000000002,2.751299826689775,1.0,2.7504258879238064,1.0,2.7497457724358183,1.0,63.46413242781868,63.5,0.013748728862179092,0.005,63.45038369895651,63.495,63.47788115668086,63.505,63.47788115668086,63.495,0.017118843319138932,0.00026958808376596744,SCHH,USRT,2026-04-16,False,4331.0,1575.0,4362.0,-1587.0,SCHH,USRT,0.017118843319138932,0.00026958808376596744,1.0,False,True,False,0.0,,,0.0,0.0,99802.56,-99996.87,199799.43,-194.30999999999767,-4362.0,1587.0,0.0,1587.0,4362.0,-0.0,-21.81,-7.9350000000000005,-29.744999999999997,872.3999999999969,-777.6300000000032,94.76999999999373,65.02499999999372,562.9999999999393
23.43,64.48,0.3500000000000014,0.980000000000004,2.7520273154075974,1.0,2.751229246447809,1.0,2.7504258879238064,1.0,64.44247855405479,64.48,0.013752129439619032,0.005,64.42872642461516,64.47500000000001,64.45623068349441,64.485,64.45623068349441,64.47500000000001,0.018769316505597544,0.00029108741478904376,SCHH,USRT,2026-04-17,False,4266.0,1551.0,0.0,0.0,,,0.0,0.0,0.0,False,True,False,0.0,,,0.0,0.0,0.0,0.0,0.0,0.0,0.0,0.0,0.0,0.0,-0.0,-0.0,-0.0,-0.0,0.0,0.0,0.0,0.0,0.0,562.9999999999393
23.48,64.78,0.05000000000000071,0.29999999999999716,2.7589437819420786,1.0,2.7521506744207915,1.0,2.751229246447809,1.0,64.59886270659456,64.78,0.013756146232239046,0.005,64.58510656036232,64.775,64.6126188528268,64.785,64.6126188528268,64.775,0.16238114717320684,0.002506655559944533,SCHH,USRT,2026-04-20,False,4248.0,1544.0,0.0,0.0,,,0.0,0.0,0.0,True,False,False,1.0,SCHH,USRT,4248.0,-1544.0,0.0,0.0,0.0,0.0,4248.0,-1544.0,4248.0,0.0,-0.0,1544.0,-21.240000000000002,-7.72,-28.96,0.0,0.0,0.0,-28.96,534.0399999999393
23.09,63.74,-0.39000000000000057,-1.0399999999999991,2.760502381983543,1.0,2.75314650481704,1.0,2.7521506744207915,1.0,63.547159072376076,63.74,0.013760753372103958,0.005,63.53339831900397,63.735,63.56091982574818,63.745000000000005,63.56091982574818,63.735,0.1740801742518201,0.0027310978075277704,SCHH,USRT,2026-04-21,False,4318.0,1569.0,4248.0,-1544.0,SCHH,USRT,0.1740801742518201,0.0027310978075277704,1.0,True,False,False,1.0,SCHH,USRT,4318.0,-1569.0,99743.04000000001,-100020.32,199763.36000000002,-277.27999999999884,70.0,-25.0,70.0,0.0,-0.0,25.0,-0.35000000000000003,-0.125,-0.47500000000000003,-1656.7200000000025,1605.7599999999986,-50.9600000000039,-51.4350000000039,482.60499999993533
22.83,63.03,-0.26000000000000156,-0.7100000000000009,2.7608409986859397,1.0,2.753770406949653,1.0,2.75314650481704,1.0,62.85433470497301,63.03,0.0137657325240852,0.005,62.84056897244893,63.025,62.8681004374971,63.035000000000004,62.8681004374971,63.025,0.15689956250290038,0.0024892838728050194,SCHH,USRT,2026-04-22,False,4369.0,1587.0,4318.0,-1569.0,SCHH,USRT,0.15689956250290038,0.0024892838728050194,1.0,True,False,False,1.0,SCHH,USRT,4369.0,-1587.0,99702.62,-100008.06,199710.68,-305.4400000000023,51.0,-18.0,51.0,0.0,-0.0,18.0,-0.255,-0.09,-0.345,-1122.6800000000067,1113.9900000000014,-8.690000000005284,-9.035000000005285,473.56999999993
23.15,63.81,0.3200000000000003,0.7800000000000011,2.756371490280778,1.0,2.7534422269952064,1.0,2.753770406949653,1.0,63.74978492088446,63.81,0.013768852034748265,0.005,63.73601606884971,63.805,63.76355377291921,63.815000000000005,63.76355377291921,63.805,0.041446227080790266,0.0006495255771946445,SCHH,USRT,2026-04-23,False,4315.0,1567.0,4369.0,-1587.0,SCHH,USRT,0.041446227080790266,0.0006495255771946445,1.0,False,False,False,-1.0,SCHH,USRT,4315.0,-1567.0,99744.26999999999,-100028.61,199772.88,-284.34000000001106,-54.0,20.0,0.0,20.0,54.0,-0.0,-0.27,-0.1,-0.37,1398.0800000000013,-1237.8600000000017,160.21999999999957,159.84999999999957,633.4199999999296
23.1,63.68,-0.04999999999999716,-0.13000000000000256,2.7567099567099564,1.0,2.753118591120723,1.0,2.7534422269952064,1.0,63.60451544358927,63.68,0.013767211134976032,0.005,63.590748232454295,63.675,63.61828265472425,63.685,63.61828265472425,63.675,0.05671734527575012,0.0008906618290789905,SCHH,USRT,2026-04-24,False,4323.0,1570.0,4315.0,-1567.0,SCHH,USRT,0.0,0.0,-1.0,True,False,False,1.0,SCHH,USRT,4323.0,-1570.0,99892.25,-99990.27,199882.52000000002,-98.02000000000407,8.0,-3.0,8.0,0.0,-0.0,3.0,-0.04,-0.015,-0.055,-215.74999999998772,203.71000000000402,-12.039999999983706,-12.094999999983706,621.3249999999459
22.98,63.43,-0.120000000000001,-0.25,2.760226283724978,1.0,2.753357393458631,1.0,2.753118591120723,1.0,63.26666522395422,63.43,0.013765592955603617,0.005,63.25289963099862,63.425,63.28043081690982,63.435,63.28043081690982,63.425,0.14456918309017652,0.002279192544382414,SCHH,USRT,2026-04-27,False,4342.0,1577.0,4323.0,-1570.0,SCHH,USRT,0.14456918309017652,0.002279192544382414,1.0,True,False,False,1.0,SCHH,USRT,4342.0,-1577.0,99861.3,-99977.6,199838.90000000002,-116.30000000000291,19.0,-7.0,19.0,0.0,-0.0,7.0,-0.095,-0.035,-0.13,-518.7600000000043,392.5,-126.26000000000431,-126.3900000000043,494.9349999999416
23.21,64.02,0.23000000000000043,0.5899999999999963,2.758293838862559,1.0,2.75343552423029,1.0,2.753357393458631,1.0,63.905425102174824,64.02,0.013766786967293155,0.005,63.89165831520753,64.015,63.91919188914212,64.02499999999999,63.91919188914212,64.015,0.09580811085788099,0.001496534065258997,SCHH,USRT,2026-04-28,False,4301.0,1562.0,4342.0,-1577.0,SCHH,USRT,0.09580811085788099,0.001496534065258997,1.0,True,False,False,1.0,SCHH,USRT,4301.0,-1562.0,99779.16,-100029.11,199808.27000000002,-249.9499999999971,-41.0,15.0,0.0,15.0,41.0,-0.0,-0.20500000000000002,-0.075,-0.28,998.6600000000019,-930.4299999999942,68.23000000000775,67.95000000000775,562.8849999999494
23.06,63.63,-0.15000000000000213,-0.38999999999999346,2.7593235039028623,1.0,2.7536864830457213,1.0,2.75343552423029,1.0,63.49422318875048,63.63,0.01376717762115145,0.005,63.48045601112933,63.625,63.50799036637164,63.635000000000005,63.50799036637164,63.625,0.11700963362836347,0.0018389067048304804,SCHH,USRT,2026-04-29,False,4328.0,1572.0,4301.0,-1562.0,SCHH,USRT,0.11700963362836347,0.0018389067048304804,1.0,True,False,False,1.0,SCHH,USRT,4328.0,-1572.0,99826.21,-99999.23999999999,199825.45,-173.02999999998428,27.0,-10.0,27.0,0.0,-0.0,10.0,-0.135,-0.05,-0.185,-645.1500000000092,609.1799999999898,-35.970000000019354,-36.155000000019356,526.72999999993
23.42,64.59,0.360000000000003,0.9600000000000009,2.7578992314261312,1.0,2.753629637388112,1.0,2.7536864830457213,1.0,64.49133743293079,64.59,0.013768432415228607,0.005,64.47756900051556,64.58500000000001,64.50510586534602,64.595,64.50510586534602,64.58500000000001,0.07989413465398343,0.0012369427876448896,SCHH,USRT,2026-04-30,False,4263.0,1548.0,4328.0,-1572.0,SCHH,USRT,0.07989413465398343,0.0012369427876448896,1.0,True,False,False,1.0,SCHH,USRT,4263.0,-1548.0,99803.68,-100026.36,199830.03999999998,-222.68000000000757,-65.0,24.0,0.0,24.0,65.0,-0.0,-0.325,-0.12,-0.445,1558.080000000013,-1509.1200000000013,48.96000000001163,48.51500000001163,575.2449999999416
23.39,64.46,-0.030000000000001137,-0.13000000000000966,2.7558785805899952,1.0,2.754043374724321,1.0,2.753629637388112,1.0,64.40739721850794,64.46,0.013768148186940561,0.005,64.393629070321,64.455,64.42116536669488,64.46499999999999,64.42116536669488,64.455,0.033834633305119155,0.0005248934735513366,SCHH,USRT,2026-05-01,True,4271.0,1551.0,4263.0,-1548.0,SCHH,USRT,0.033834633305119155,0.0005248934735513366,1.0,False,False,False,-1.0,SCHH,USRT,4271.0,-1551.0,99839.46,-99985.32,199824.78000000003,-145.86000000000058,8.0,-3.0,8.0,0.0,-0.0,3.0,-0.04,-0.015,-0.055,-127.89000000000485,201.24000000001496,73.35000000001011,73.2950000000101,648.5399999999516
23.24,64.03,-0.15000000000000213,-0.4299999999999926,2.755163511187608,1.0,2.7545752729114388,1.0,2.754043374724321,1.0,64.00396802859322,64.03,0.013770216873621606,0.005,63.9901978117196,64.025,64.01773824546684,64.035,64.01773824546684,64.025,0.0072617545331610245,0.00011341175282150593,SCHH,USRT,2026-05-04,False,4302.0,1562.0,4271.0,-1551.0,SCHH,USRT,0.0,0.0,-1.0,False,True,True,0.0,,,0.0,0.0,99898.69,-99977.45999999999,199876.15,-78.76999999998952,-4271.0,1551.0,0.0,1551.0,4271.0,-0.0,-21.355,-7.755,-29.11,-640.6500000000091,666.9299999999886,26.27999999997951,-2.8300000000204903,645.7099999999311
23.31,64.37,0.07000000000000028,0.3400000000000034,2.761475761475762,1.0,2.7551262923149173,1.0,2.7545752729114388,1.0,64.20914961156564,64.37,0.013772876364557193,0.005,64.19537673520108,64.36500000000001,64.22292248793019,64.375,64.22292248793019,64.36500000000001,0.1420775120698181,0.002207200746773623,SCHH,USRT,2026-05-05,False,4281.0,1554.0,0.0,0.0,,,0.0,0.0,0.0,True,False,False,1.0,SCHH,USRT,4281.0,-1554.0,0.0,0.0,0.0,0.0,4281.0,-1554.0,4281.0,0.0,-0.0,1554.0,-21.405,-7.7700000000000005,-29.175,0.0,0.0,0.0,-29.175,616.5349999999312
23.62,65.24,0.3100000000000023,0.8699999999999903,2.7620660457239623,1.0,2.7557855480478475,1.0,2.7551262923149173,1.0,65.07608302447835,65.24,0.013775631461574588,0.005,65.06230739301678,65.235,65.08985865593992,65.24499999999999,65.08985865593992,65.235,0.14514134406007884,0.0022247293694064815,SCHH,USRT,2026-05-06,False,4224.0,1533.0,4281.0,-1554.0,SCHH,USRT,0.14514134406007884,0.0022247293694064815,1.0,True,False,False,1.0,SCHH,USRT,4224.0,-1533.0,99790.11,-100030.98000000001,199821.09000000003,-240.8700000000099,-57.0,21.0,0.0,21.0,57.0,-0.0,-0.28500000000000003,-0.105,-0.39,1327.1100000000097,-1351.979999999985,-24.869999999975335,-25.259999999975335,591.2749999999559
23.44,64.76,-0.17999999999999972,-0.47999999999998977,2.762798634812287,1.0,2.7566305795667327,1.0,2.7557855480478475,1.0,64.59561324624156,64.76,0.013778927740239238,0.005,64.58183431850132,64.75500000000001,64.60939217398179,64.765,64.60939217398179,64.75500000000001,0.14560782601822098,0.002248422267112739,SCHH,USRT,2026-05-07,False,4255.0,1544.0,4224.0,-1533.0,SCHH,USRT,0.14560782601822098,0.002248422267112739,1.0,True,False,False,1.0,SCHH,USRT,4255.0,-1544.0,99770.88,-100012.92,199783.8,-242.0399999999936,31.0,-11.0,31.0,0.0,-0.0,11.0,-0.155,-0.055,-0.21,-760.3199999999988,735.8399999999843,-24.480000000014456,-24.690000000014457,566.5849999999414
23.53,65.11,0.08999999999999986,0.3499999999999943,2.767105822354441,1.0,2.7576074445129253,1.0,2.7566305795667327,1.0,64.86351753720523,65.11,0.013783152897833663,0.005,64.8497343843074,65.105,64.87730069010306,65.115,64.87730069010306,65.105,0.22769930989694842,0.0034971480555513502,SCHH,USRT,2026-05-08,False,4234.0,1536.0,4255.0,-1544.0,SCHH,USRT,0.22769930989694842,0.0034971480555513502,1.0,True,False,False,1.0,SCHH,USRT,4234.0,-1536.0,99737.20000000001,-99989.44,199726.64,-252.2399999999907,-21.0,8.0,0.0,8.0,21.0,-0.0,-0.105,-0.04,-0.145,382.9499999999994,-540.3999999999912,-157.4499999999918,-157.5949999999918,408.98999999994953
23.55,65.13,0.019999999999999574,0.01999999999999602,2.765605095541401,1.0,2.7585034910853192,1.0,2.7576074445129253,1.0,64.94165531827939,65.13,0.013788037222564626,0.005,64.92786728105682,65.125,64.95544335550196,65.13499999999999,64.95544335550196,65.125,0.1695566444980443,0.002603357047413547,SCHH,USRT,2026-05-11,False,4233.0,1535.0,4234.0,-1536.0,SCHH,USRT,0.1695566444980443,0.002603357047413547,1.0,True,False,False,1.0,SCHH,USRT,4233.0,-1535.0,99626.02,-100008.95999999999,199634.97999999998,-382.9399999999878,-1.0,1.0,0.0,1.0,1.0,-0.0,-0.005,-0.005,-0.01,84.67999999999819,-30.719999999993888,53.9600000000043,53.9500000000043,462.93999999995384
23.58,65.19,0.029999999999997584,0.060000000000002274,2.7646310432569976,1.0,2.759054833549611,1.0,2.7585034910853192,1.0,65.04551231979183,65.19,0.013792517455426596,0.005,65.0317198023364,65.185,65.05930483724725,65.195,65.05930483724725,65.185,0.1256951627527485,0.0019281356458467327,SCHH,USRT,2026-05-12,False,4232.0,1534.0,4233.0,-1535.0,SCHH,USRT,0.1256951627527485,0.0019281356458467327,1.0,True,False,False,1.0,SCHH,USRT,4232.0,-1534.0,99687.15000000001,-99974.54999999999,199661.7,-287.3999999999796,-1.0,1.0,0.0,1.0,1.0,-0.0,-0.005,-0.005,-0.01,126.98999999998978,-92.10000000000349,34.88999999998629,34.87999999998629,497.81999999994014
23.42,64.83,-0.1599999999999966,-0.35999999999999943,2.7681468830059774,1.0,2.759765499378232,1.0,2.759054833549611,1.0,64.61706420173189,64.83,0.013795274167748055,0.005,64.60326892756414,64.825,64.63085947589964,64.835,64.63085947589964,64.825,0.1941405241003622,0.002994609349072377,SCHH,USRT,2026-05-13,False,4254.0,1542.0,4232.0,-1534.0,SCHH,USRT,0.1941405241003622,0.002994609349072377,1.0,True,False,False,1.0,SCHH,USRT,4254.0,-1542.0,99790.56,-100001.45999999999,199792.02,-210.89999999999418,22.0,-8.0,22.0,0.0,-0.0,8.0,-0.11,-0.04,-0.15,-677.1199999999856,552.2399999999991,-124.87999999998647,-125.02999999998647,372.7899999999537
23.33,64.69,-0.09000000000000341,-0.14000000000000057,2.7728246892413204,1.0,2.7608417425058085,1.0,2.759765499378232,1.0,64.38532910049415,64.69,0.01379882749689116,0.005,64.37153027299726,64.685,64.39912792799103,64.695,64.39912792799103,64.685,0.2858720720089707,0.004419107621100181,SCHH,USRT,2026-05-14,False,4267.0,1546.0,4254.0,-1542.0,SCHH,USRT,0.2858720720089707,0.004419107621100181,1.0,True,False,False,1.0,SCHH,USRT,4267.0,-1546.0,99628.68000000001,-99967.86,199596.54,-339.179999999993,13.0,-4.0,13.0,0.0,-0.0,4.0,-0.065,-0.02,-0.085,-382.8600000000145,215.88000000000088,-166.98000000001363,-167.06500000001364,205.72499999994005
22.97,63.65,-0.35999999999999943,-1.0399999999999991,2.7710056595559425,1.0,2.761790659713226,1.0,2.7608417425058085,1.0,63.41653482535842,63.65,0.013804208712529043,0.005,63.40273061664589,63.644999999999996,63.43033903407095,63.655,63.43033903407095,63.644999999999996,0.21466096592904904,0.0033725210672277935,SCHH,USRT,2026-05-15,False,4337.0,1571.0,4267.0,-1546.0,SCHH,USRT,0.21466096592904904,0.0033725210672277935,1.0,True,False,False,1.0,SCHH,USRT,4337.0,-1571.0,99549.10999999999,-100010.73999999999,199559.84999999998,-461.63000000000466,70.0,-25.0,70.0,0.0,-0.0,25.0,-0.35000000000000003,-0.125,-0.47500000000000003,-1536.1199999999976,1607.8399999999988,71.72000000000116,71.24500000000117,276.96999999994125
23.25,64.36,0.28000000000000114,0.7100000000000009,2.7681720430107526,1.0,2.7622520727666595,1.0,2.761790659713226,1.0,64.2116328383325,64.36,0.013808953298566129,0.005,64.19782388503394,64.355,64.22544179163107,64.365,64.22544179163107,64.355,0.12955820836893395,0.002013023747186668,SCHH,USRT,2026-05-18,False,4292.0,1554.0,4337.0,-1571.0,SCHH,USRT,0.12955820836893395,0.002013023747186668,1.0,True,False,False,1.0,SCHH,USRT,4292.0,-1554.0,99620.89,-99994.15,199615.03999999998,-373.25999999999476,-45.0,17.0,0.0,17.0,45.0,-0.0,-0.225,-0.085,-0.31,1214.360000000005,-1115.4100000000014,98.95000000000346,98.64000000000345,375.6099999999447
23.34,64.36,0.08999999999999986,0.0,2.757497857754927,1.0,2.762101846555229,1.0,2.7622520727666595,1.0,64.47096337837384,64.36,0.013811260363833297,0.005,64.45715211801,64.355,64.48477463873768,64.365,64.365,64.45715211801,0.09215211801000578,0.0014318228404289275,USRT,SCHH,2026-05-19,False,4293.0,1554.0,4292.0,-1554.0,SCHH,USRT,-0.12977463873767192,-0.002016386555899191,1.0,True,False,False,1.0,USRT,SCHH,-4293.0,1554.0,99789.0,-100015.44,199804.44,-226.44000000000233,-8585.0,3108.0,0.0,3108.0,8585.0,-0.0,-42.925000000000004,-15.540000000000001,-58.465,386.2799999999994,-0.0,386.2799999999994,327.8149999999994,703.424999999944
23.62,65.22,0.28000000000000114,0.8599999999999994,2.761219305673158,1.0,2.76212076190459,1.0,2.762101846555229,1.0,65.24084561563451,65.22,0.013810509232776144,0.005,65.22703510640174,65.215,65.25465612486728,65.225,65.225,65.22703510640174,0.002035106401748976,3.1203716678150506e-05,USRT,SCHH,2026-05-20,False,4234.0,1533.0,-4293.0,1554.0,USRT,SCHH,0.002035106401748976,3.1203716678150506e-05,1.0,False,True,False,0.0,,,0.0,0.0,-100198.62,100015.44,200214.06,-183.17999999999302,4293.0,-1554.0,4293.0,0.0,-0.0,1554.0,-21.465,-7.7700000000000005,-29.235,-1202.040000000005,1336.4399999999991,134.39999999999418,105.16499999999418,808.5899999999382
23.65,65.38,0.029999999999997584,0.1599999999999966,2.764482029598309,1.0,2.7625262888704665,1.0,2.76212076190459,1.0,65.32415601904356,65.38,0.01381060380952295,0.005,65.31034541523404,65.375,65.33796662285307,65.38499999999999,65.33796662285307,65.375,0.03703337714692623,0.0005664328104454914,SCHH,USRT,2026-05-21,False,4226.0,1530.0,0.0,0.0,,,0.0,0.0,0.0,False,False,False,-0.0,,,0.0,0.0,0.0,0.0,0.0,0.0,0.0,0.0,0.0,0.0,-0.0,-0.0,-0.0,-0.0,0.0,0.0,0.0,0.0,0.0,808.5899999999382
23.69,65.49,0.0400000000000027,0.10999999999999943,2.764457577036724,1.0,2.7629136698868044,1.0,2.7625262888704665,1.0,65.44424778334135,65.49,0.013812631444352333,0.005,65.430435151897,65.485,65.4580604147857,65.49499999999999,65.4580604147857,65.485,0.026939585214293515,0.0004113541794822647,SCHH,USRT,2026-05-22,False,4218.0,1527.0,0.0,0.0,,,0.0,0.0,-0.0,False,False,False,0.0,,,0.0,0.0,0.0,0.0,0.0,0.0,0.0,0.0,0.0,0.0,-0.0,-0.0,-0.0,-0.0,0.0,0.0,0.0,0.0,0.0,808.5899999999382
23.84,65.89,0.14999999999999858,0.4000000000000057,2.7638422818791946,1.0,2.763094469794516,1.0,2.7629136698868044,1.0,65.86786189010142,65.89,0.013814568349434023,0.005,65.85404732175199,65.885,65.88167645845085,65.895,65.88167645845085,65.885,0.0033235415491503773,5.044075806875667e-05,SCHH,USRT,2026-05-26,False,4194.0,1518.0,0.0,0.0,,,0.0,0.0,0.0,False,True,False,0.0,,,0.0,0.0,0.0,0.0,0.0,0.0,0.0,0.0,0.0,0.0,-0.0,-0.0,-0.0,-0.0,0.0,0.0,0.0,0.0,0.0,808.5899999999382
23.75,65.69,-0.08999999999999986,-0.20000000000000284,2.765894736842105,1.0,2.7634745146934927,1.0,2.763094469794516,1.0,65.62349365761975,65.69,0.01381547234897258,0.005,65.60967818527078,65.685,65.63730912996871,65.695,65.63730912996871,65.685,0.04769087003128902,0.0007259989348651092,SCHH,USRT,2026-05-27,False,4205.0,1522.0,0.0,0.0,,,0.0,0.0,0.0,False,False,False,-0.0,,,0.0,0.0,0.0,0.0,0.0,0.0,0.0,0.0,0.0,0.0,-0.0,-0.0,-0.0,-0.0,0.0,-0.0,-0.0,0.0,0.0,808.5899999999382
23.67,65.41,-0.0799999999999983,-0.28000000000000114,2.763413603717786,1.0,2.763679019684239,1.0,2.7634745146934927,1.0,65.41144176279498,65.41,0.013817372573467464,0.005,65.39762439022151,65.405,65.42525913536845,65.41499999999999,65.41499999999999,65.405,-0.009999999999990905,-0.00015288182235118338,USRT,USRT,2026-05-28,False,4225.0,1529.0,0.0,0.0,,,0.0,0.0,-0.0,False,True,False,0.0,,,0.0,0.0,0.0,0.0,0.0,0.0,0.0,0.0,0.0,0.0,-0.0,-0.0,-0.0,-0.0,0.0,-0.0,-0.0,0.0,0.0,808.5899999999382
23.45,64.78,-0.22000000000000242,-0.6299999999999955,2.7624733475479744,1.0,2.763907725490331,1.0,2.763679019684239,1.0,64.8082730115954,64.78,0.013818395098421195,0.005,64.79445461649698,64.775,64.82209140669383,64.785,64.785,64.79445461649698,0.009454616496981316,0.00014594962175025188,USRT,SCHH,2026-05-29,False,4267.0,1544.0,0.0,0.0,,,0.0,0.0,0.0,False,True,False,0.0,,,0.0,0.0,0.0,0.0,0.0,0.0,0.0,0.0,0.0,0.0,-0.0,-0.0,-0.0,-0.0,0.0,-0.0,-0.0,0.0,0.0,808.5899999999382
23.01,63.53,-0.4399999999999977,-1.25,2.760973489787049,1.0,2.7641624709501835,1.0,2.763907725490331,1.0,63.597516763532525,63.53,0.013819538627451656,0.005,63.58369722490507,63.525,63.61133630215998,63.535000000000004,63.535000000000004,63.58369722490507,0.04869722490506945,0.0007665232945863285,USRT,SCHH,2026-06-01,True,4350.0,1574.0,0.0,0.0,,,0.0,0.0,0.0,False,False,False,-0.0,,,0.0,0.0,0.0,0.0,0.0,0.0,0.0,0.0,0.0,0.0,-0.0,-0.0,-0.0,-0.0,0.0,-0.0,-0.0,0.0,0.0,808.5899999999382
23.07,63.86,0.05999999999999872,0.3299999999999983,2.7680970957954054,1.0,2.764809150180574,1.0,2.7641624709501835,1.0,63.769228204820735,63.86,0.013820812354750918,0.005,63.75540739246598,63.855,63.783049017175486,63.865,63.783049017175486,63.855,0.07195098282451085,0.0011266987601708557,SCHH,USRT,2026-06-02,False,4329.0,1566.0,0.0,0.0,,,0.0,0.0,-0.0,True,False,True,0.0,,,0.0,0.0,0.0,0.0,0.0,0.0,0.0,0.0,0.0,0.0,-0.0,-0.0,-0.0,-0.0,0.0,0.0,0.0,0.0,0.0,808.5899999999382
23.08,63.91,0.00999999999999801,0.04999999999999716,2.769064124783362,1.0,2.7651885683459536,1.0,2.764809150180574,1.0,63.811795186167636,63.91,0.01382404575090287,0.005,63.797971140416735,63.904999999999994,63.82561923191854,63.915,63.82561923191854,63.904999999999994,0.07938076808145667,0.0012420711638469202,SCHH,USRT,2026-06-03,False,4327.0,1565.0,0.0,0.0,,,0.0,0.0,0.0,True,False,False,1.0,SCHH,USRT,4327.0,-1565.0,0.0,0.0,0.0,0.0,4327.0,-1565.0,4327.0,0.0,-0.0,1565.0,-21.635,-7.825,-29.46,0.0,0.0,0.0,-29.46,779.1299999999381
23.47,64.77,0.39000000000000057,0.8599999999999994,2.75969322539412,1.0,2.7650699273294617,1.0,2.7651885683459536,1.0,64.89897569907953,64.77,0.013825942841729768,0.005,64.8851497562378,64.765,64.91280164192126,64.77499999999999,64.77499999999999,64.8851497562378,0.11014975623780288,0.0017006292456044911,USRT,SCHH,2026-06-04,False,4269.0,1544.0,4327.0,-1565.0,SCHH,USRT,-0.14780164192126222,-0.0022819459922998647,1.0,True,False,False,1.0,USRT,SCHH,-4269.0,1544.0,99867.15999999999,-100019.15,199886.31,-151.99000000000524,-8596.0,3109.0,0.0,3109.0,8596.0,-0.0,-42.980000000000004,-15.545,-58.525000000000006,1687.5300000000025,-1345.8999999999992,341.6300000000033,283.1050000000033,1062.2349999999415
23.68,65.34,0.21000000000000085,0.5700000000000074,2.759290540540541,1.0,2.7648945226158745,1.0,2.7650699273294617,1.0,65.47685587916165,65.34,0.013825349636647308,0.005,65.463030529525,65.33500000000001,65.4906812287983,65.345,65.345,65.463030529525,0.11803052952500082,0.0018064054105448547,USRT,SCHH,2026-06-05,False,4231.0,1530.0,-4269.0,1544.0,USRT,SCHH,0.11803052952500082,0.0018064054105448547,1.0,True,False,False,1.0,USRT,SCHH,-4231.0,1530.0,-100193.43,100004.87999999999,200198.31,-188.5500000000029,38.0,-14.0,38.0,0.0,-0.0,14.0,-0.19,-0.07,-0.26,-896.4900000000036,880.0800000000114,-16.409999999992237,-16.66999999999224,1045.5649999999491
23.36,64.61,-0.3200000000000003,-0.730000000000004,2.7658390410958904,1.0,2.7648311835529467,1.0,2.7648945226158745,1.0,64.58793604830683,64.61,0.013824472613079373,0.005,64.57411157569375,64.605,64.60176052091991,64.615,64.60176052091991,64.605,0.003239479080093588,5.013897353495725e-05,SCHH,USRT,2026-06-08,False,4280.0,1548.0,-4231.0,1530.0,USRT,SCHH,-0.04088842430624595,-0.0006328497803164519,1.0,False,True,False,0.0,,,0.0,0.0,-100190.08,99970.20000000001,200160.28000000003,-219.8799999999901,4231.0,-1530.0,4231.0,0.0,-0.0,1530.0,-21.155,-7.65,-28.805,1353.9200000000012,-1116.900000000006,237.0199999999952,208.2149999999952,1253.7799999999443
23.91,66.14,0.5500000000000007,1.5300000000000011,2.7662066081137597,1.0,2.764861259181565,1.0,2.7648311835529467,1.0,66.10711359875096,66.14,0.013824155917764733,0.005,66.0932894428332,66.135,66.12093775466872,66.145,66.12093775466872,66.135,0.014062245331288636,0.0002126133252387154,SCHH,USRT,2026-06-09,False,4180.0,1512.0,0.0,0.0,,,0.0,0.0,0.0,False,True,False,0.0,,,0.0,0.0,0.0,0.0,0.0,0.0,0.0,0.0,0.0,0.0,-0.0,-0.0,-0.0,-0.0,0.0,0.0,0.0,0.0,0.0,1253.7799999999443
23.93,66.14,0.019999999999999574,0.0,2.763894692854158,1.0,2.764824441661423,1.0,2.764861259181565,1.0,66.16312993221484,66.14,0.013824306295907824,0.005,66.14930562591894,66.135,66.17695423851075,66.145,66.145,66.14930562591894,0.004305625918945566,6.509866826346486e-05,USRT,SCHH,2026-06-10,False,4180.0,1512.0,0.0,0.0,,,0.0,0.0,0.0,False,True,False,0.0,,,0.0,0.0,0.0,0.0,0.0,0.0,0.0,0.0,0.0,0.0,-0.0,-0.0,-0.0,-0.0,0.0,0.0,0.0,0.0,0.0,1253.7799999999443
23.93,66.24,0.0,0.09999999999999432,2.7680735478478895,1.0,2.7648207749035185,1.0,2.764824441661423,1.0,66.16224888895785,66.24,0.013824122208307116,0.005,66.14842476674954,66.235,66.17607301116615,66.24499999999999,66.17607301116615,66.235,0.058926988833846394,0.0008895982613805314,SCHH,USRT,2026-06-11,False,4175.0,1510.0,0.0,0.0,,,0.0,0.0,0.0,True,False,False,1.0,SCHH,USRT,4175.0,-1510.0,0.0,0.0,0.0,0.0,4175.0,-1510.0,4175.0,0.0,-0.0,1510.0,-20.875,-7.55,-28.425,0.0,0.0,0.0,-28.425,1225.3549999999443
24.17,66.86,0.240000000000002,0.6200000000000045,2.766239139429044,1.0,2.7644914974129042,1.0,2.7648207749035185,1.0,66.82571812941805,66.86,0.013824103874517593,0.005,66.81189402554354,66.855,66.83954223329256,66.865,66.83954223329256,66.855,0.015457766707442033,0.00023119603211848688,SCHH,USRT,2026-06-12,False,4136.0,1496.0,4175.0,-1510.0,SCHH,USRT,0.015457766707442033,0.00023119603211848688,1.0,False,True,False,0.0,,,0.0,0.0,99907.75,-100022.4,199930.15,-114.64999999999418,-4175.0,1510.0,0.0,1510.0,4175.0,-0.0,-20.875,-7.55,-28.425,1002.0000000000083,-936.2000000000069,65.80000000000143,37.375000000001435,1262.7299999999457
23.98,66.02,-0.19000000000000128,-0.8400000000000034,2.7531276063386154,1.0,2.763597594752038,1.0,2.7644914974129042,1.0,66.29250610796144,66.02,0.013822457487064522,0.005,66.27868365047438,66.015,66.30632856544851,66.02499999999999,66.02499999999999,66.27868365047438,0.253683650474386,0.003842527271650803,USRT,SCHH,2026-06-15,False,4188.0,1515.0,0.0,0.0,,,0.0,0.0,0.0,True,False,False,1.0,USRT,SCHH,-4188.0,1515.0,0.0,0.0,0.0,0.0,-4188.0,1515.0,0.0,1515.0,4188.0,-0.0,-20.94,-7.575,-28.515,-0.0,-0.0,0.0,-28.515,1234.2149999999456
24.01,66.13,0.030000000000001137,0.10999999999999943,2.7542690545605995,1.0,2.7629024453295306,1.0,2.763597594752038,1.0,66.35397824999644,66.13,0.01381798797376019,0.005,66.34016026202268,66.125,66.36779623797021,66.13499999999999,66.13499999999999,66.34016026202268,0.20516026202268733,0.0031023780738346795,USRT,SCHH,2026-06-16,False,4179.0,1512.0,-4188.0,1515.0,USRT,SCHH,0.20516026202268733,0.0031023780738346795,1.0,True,False,False,1.0,USRT,SCHH,-4179.0,1512.0,-100428.24,100020.29999999999,200448.53999999998,-407.9400000000169,9.0,-3.0,9.0,0.0,-0.0,3.0,-0.045,-0.015,-0.06,-125.64000000000476,166.64999999999912,41.00999999999436,40.94999999999436,1275.16499999994
23.4,64.51,-0.610000000000003,-1.6199999999999903,2.7568376068376073,1.0,2.7628694327836643,1.0,2.7629024453295306,1.0,64.65191722071101,64.51,0.013814512226647653,0.005,64.63810270848437,64.50500000000001,64.66573173293766,64.515,64.515,64.63810270848437,0.12310270848436744,0.0019082732674681046,USRT,SCHH,2026-06-17,False,4282.0,1550.0,-4179.0,1512.0,USRT,SCHH,0.12310270848436744,0.0019082732674681046,1.0,True,False,False,1.0,USRT,SCHH,-4282.0,1550.0,-100337.79000000001,99988.56,200326.35,-349.2300000000105,-103.0,38.0,0.0,38.0,103.0,-0.0,-0.515,-0.19,-0.7050000000000001,2549.1900000000123,-2449.4399999999855,99.75000000002683,99.04500000002683,1374.2099999999668
23.38,64.66,-0.019999999999999574,0.14999999999999147,2.765611633875107,1.0,2.763089049193762,1.0,2.7628694327836643,1.0,64.59588733848207,64.66,0.013814347163918321,0.005,64.58207299131816,64.655,64.60970168564599,64.66499999999999,64.60970168564599,64.655,0.04529831435401377,0.0007005616200744475,SCHH,USRT,2026-06-18,False,4274.0,1547.0,-4282.0,1550.0,USRT,SCHH,-0.08292700868183545,-0.0012825086403005792,1.0,False,False,False,-1.0,,,0.0,0.0,-100198.79999999999,99990.50000000001,200189.3,-208.2999999999738,4282.0,-1550.0,4282.0,0.0,-0.0,1550.0,-21.41,-7.75,-29.16,85.63999999999817,232.49999999998678,318.139999999985,288.97999999998495,1663.1899999999519
23.67,65.47,0.2900000000000027,0.8100000000000023,2.765948457963667,1.0,2.7631623706120303,1.0,2.763089049193762,1.0,65.40231779441635,65.47,0.01381544524596881,0.005,65.38850234917038,65.465,65.41613323966232,65.475,65.41613323966232,65.465,0.04886676033768822,0.0007463992719976817,SCHH,USRT,2026-06-22,False,4219.0,1527.0,0.0,0.0,,,0.0,0.0,-1.0,False,False,False,1.0,SCHH,USRT,4219.0,-1527.0,0.0,0.0,0.0,0.0,4219.0,-1527.0,4219.0,0.0,-0.0,1527.0,-21.095,-7.635,-28.729999999999997,0.0,0.0,0.0,-28.729999999999997,1634.4599999999518
23.98,66.32,0.3099999999999987,0.8499999999999943,2.765638031693077,1.0,2.7632213933448475,1.0,2.7631623706120303,1.0,66.26063364727649,66.32,0.013815811853060151,0.005,66.24681783542343,66.315,66.27444945912956,66.32499999999999,66.27444945912956,66.315,0.04055054087044141,0.0006114375885169091,SCHH,USRT,2026-06-23,False,4167.0,1508.0,4219.0,-1527.0,SCHH,USRT,0.04055054087044141,0.0006114375885169091,1.0,False,False,False,-1.0,SCHH,USRT,4167.0,-1508.0,99863.73000000001,-99972.69,199836.42,-108.95999999999185,-52.0,19.0,0.0,19.0,52.0,-0.0,-0.26,-0.095,-0.355,1307.8899999999946,-1297.9499999999914,9.940000000003238,9.585000000003237,1644.044999999955
23.83,66.41,-0.15000000000000213,0.09000000000000341,2.7868233319345364,1.0,2.7643704458476144,1.0,2.7632213933448475,1.0,65.84756580340772,66.41,0.013816106966724237,0.005,65.83374969644099,66.405,65.86138191037445,66.41499999999999,65.86138191037445,66.405,0.5436180896255536,0.008185786622881398,SCHH,USRT,2026-06-24,False,4161.0,1506.0,4167.0,-1508.0,SCHH,USRT,0.0,0.0,-1.0,True,False,False,1.0,SCHH,USRT,4161.0,-1506.0,99924.66,-100010.55999999998,199935.21999999997,-85.89999999997963,-6.0,2.0,0.0,2.0,6.0,-0.0,-0.03,-0.01,-0.04,-625.0500000000089,-135.72000000000514,-760.7700000000141,-760.810000000014,883.234999999941
23.89,66.79,0.060000000000002274,0.38000000000000966,2.795730431142738,1.0,2.7658622305626466,1.0,2.7643704458476144,1.0,66.04080995129951,66.79,0.013821852229238072,0.005,66.02698809907027,66.78500000000001,66.05463180352875,66.795,66.05463180352875,66.78500000000001,0.7303681964712609,0.010935292655655949,SCHH,USRT,2026-06-25,False,4138.0,1497.0,4161.0,-1506.0,SCHH,USRT,0.7303681964712609,0.010935292655655949,1.0,True,False,False,1.0,SCHH,USRT,4138.0,-1497.0,99156.62999999999,-100013.45999999999,199170.08999999997,-856.8300000000017,-23.0,9.0,0.0,9.0,23.0,-0.0,-0.115,-0.045,-0.16,249.66000000000946,-572.2800000000145,-322.62000000000506,-322.7800000000051,560.4549999999359
24.22,67.65,0.3299999999999983,0.8599999999999994,2.7931461601981837,1.0,2.7673488583866663,1.0,2.7658622305626466,1.0,66.98918322422729,67.65,0.013829311152813233,0.005,66.97535391307447,67.64500000000001,67.00301253538011,67.655,67.00301253538011,67.64500000000001,0.641987464619902,0.009489836875386577,SCHH,USRT,2026-06-26,False,4088.0,1478.0,4138.0,-1497.0,SCHH,USRT,0.641987464619902,0.009489836875386577,1.0,True,False,False,1.0,SCHH,USRT,4088.0,-1478.0,98856.82,-99984.63,198841.45,-1127.8099999999977,-50.0,19.0,0.0,19.0,50.0,-0.0,-0.25,-0.095,-0.345,1365.539999999993,-1287.4199999999992,78.11999999999375,77.77499999999375,638.2299999999296
24.11,67.56,-0.10999999999999943,-0.09000000000000341,2.802156781418499,1.0,2.7693330300801926,1.0,2.7673488583866663,1.0,66.72078097570252,67.56,0.013836744291933331,0.005,66.70694423141059,67.555,66.73461771999446,67.565,66.73461771999446,67.555,0.8203822800055462,0.012143017762071436,SCHH,USRT,2026-06-29,False,4096.0,1480.0,4088.0,-1478.0,SCHH,USRT,0.8203822800055462,0.012143017762071436,1.0,True,False,False,1.0,SCHH,USRT,4096.0,-1480.0,99011.36,-99986.70000000001,198998.06,-975.3400000000111,8.0,-2.0,8.0,0.0,-0.0,2.0,-0.04,-0.01,-0.05,-449.6799999999977,133.02000000000504,-316.65999999999264,-316.70999999999265,321.519999999937
23.68,66.45,-0.4299999999999997,-1.1099999999999994,2.806165540540541,1.0,2.771592632617867,1.0,2.7693330300801926,1.0,65.57780615229896,66.45,0.013846665150400964,0.005,65.56395948714857,66.44500000000001,65.59165281744936,66.455,65.59165281744936,66.44500000000001,0.8533471825506496,0.012841944056443183,SCHH,USRT,2026-06-30,False,4168.0,1505.0,4096.0,-1480.0,SCHH,USRT,0.8533471825506496,0.012841944056443183,1.0,True,False,False,1.0,SCHH,USRT,4168.0,-1505.0,98754.56,-99988.8,198743.36,-1234.2400000000052,72.0,-25.0,72.0,0.0,-0.0,25.0,-0.36,-0.125,-0.485,-1761.2799999999988,1642.7999999999993,-118.47999999999956,-118.96499999999956,202.55499999993742
23.78,66.61,0.10000000000000142,0.1599999999999966,2.8010933557611435,1.0,2.7732424456161544,1.0,2.771592632617867,1.0,65.90847280365288,66.61,0.013857963163089335,0.005,65.8946148404898,66.605,65.92233076681597,66.615,65.92233076681597,66.605,0.6826692331840292,0.010248749935205363,SCHH,USRT,2026-07-01,True,4160.0,1501.0,4168.0,-1505.0,SCHH,USRT,0.6826692331840292,0.010248749935205363,1.0,True,False,False,1.0,SCHH,USRT,4160.0,-1501.0,98698.24,-100007.25,198705.49,-1309.0099999999948,-8.0,4.0,0.0,4.0,8.0,-0.0,-0.04,-0.02,-0.06,416.8000000000059,-240.79999999999487,176.00000000001106,175.94000000001105,378.4949999999485
24.07,67.46,0.28999999999999915,0.8499999999999943,2.802658911508101,1.0,2.774922184952391,1.0,2.7732424456161544,1.0,66.75194566598084,67.46,0.013866212228080772,0.005,66.73807945375276,67.455,66.76581187820892,67.46499999999999,66.76581187820892,67.455,0.6891881217910765,0.010216248470072287,SCHH,USRT,2026-07-02,False,4110.0,1482.0,4160.0,-1501.0,SCHH,USRT,0.6891881217910765,0.010216248470072287,1.0,True,False,True,0.0,,,0.0,0.0,98924.8,-99981.61,198906.41,-1056.8099999999977,-4160.0,1501.0,0.0,1501.0,4160.0,-0.0,-20.8,-7.505,-28.305,1206.3999999999965,-1275.8499999999915,-69.44999999999504,-97.75499999999505,280.73999999995345
23.87,66.99,-0.1999999999999993,-0.46999999999999886,2.8064516129032255,1.0,2.777260104327846,1.0,2.774922184952391,1.0,66.23739255481357,66.99,0.013874610924761955,0.005,66.22351794388881,66.985,66.25126716573833,66.99499999999999,66.25126716573833,66.985,0.7337328342616729,0.010952871089142752,SCHH,USRT,2026-07-06,False,4143.0,1493.0,0.0,0.0,,,0.0,0.0,0.0,True,False,False,1.0,SCHH,USRT,4143.0,-1493.0,0.0,0.0,0.0,0.0,4143.0,-1493.0,4143.0,0.0,-0.0,1493.0,-20.715,-7.465,-28.18,-0.0,-0.0,0.0,-28.18,252.55999999995345
24.15,67.67,0.2799999999999976,0.6800000000000068,2.8020703933747413,1.0,2.779399096969556,1.0,2.777260104327846,1.0,67.07083151951748,67.67,0.01388630052163923,0.005,67.05694521899585,67.665,67.08471782003912,67.675,67.08471782003912,67.665,0.5802821799608893,0.008575176296156188,SCHH,USRT,2026-07-07,False,4105.0,1478.0,4143.0,-1493.0,SCHH,USRT,0.5802821799608893,0.008575176296156188,1.0,True,False,False,1.0,SCHH,USRT,4105.0,-1478.0,98893.41,-100016.06999999999,198909.47999999998,-1122.659999999989,-38.0,15.0,0.0,15.0,38.0,-0.0,-0.19,-0.075,-0.265,1160.03999999999,-1015.2400000000102,144.79999999997972,144.53499999997973,397.0949999999332
23.78,66.6,-0.36999999999999744,-1.0700000000000074,2.8006728343145495,1.0,2.7811407866304894,1.0,2.779399096969556,1.0,66.09411052593605,66.6,0.01389699548484778,0.005,66.0802135304512,66.595,66.10800752142089,66.60499999999999,66.10800752142089,66.595,0.4869924785791113,0.007312199378064735,SCHH,USRT,2026-07-08,False,4175.0,1502.0,4105.0,-1478.0,SCHH,USRT,0.4869924785791113,0.007312199378064735,1.0,True,False,False,1.0,SCHH,USRT,4175.0,-1502.0,99135.75,-100016.26000000001,199152.01,-880.5100000000093,70.0,-24.0,70.0,0.0,-0.0,24.0,-0.35000000000000003,-0.12,-0.47000000000000003,-1518.8499999999894,1581.460000000011,62.6100000000215,62.1400000000215,459.23499999995465
23.8,66.69,0.019999999999999574,0.09000000000000341,2.8021008403361343,1.0,2.7829354982416077,1.0,2.7811407866304894,1.0,66.19115072180566,66.69,0.013905703933152448,0.005,66.17724501787251,66.685,66.2050564257388,66.695,66.2050564257388,66.685,0.47994357426119905,0.007196634791740876,SCHH,USRT,2026-07-09,False,4169.0,1499.0,4175.0,-1502.0,SCHH,USRT,0.47994357426119905,0.007196634791740876,1.0,True,False,False,1.0,SCHH,USRT,4169.0,-1499.0,99281.5,-100033.2,199314.7,-751.6999999999971,-6.0,3.0,0.0,3.0,6.0,-0.0,-0.03,-0.015,-0.045,83.49999999999822,-135.18000000000512,-51.6800000000069,-51.7250000000069,407.50999999994775
23.89,66.75,0.08999999999999986,0.060000000000002274,2.7940560904143994,1.0,2.78444356811962,1.0,2.7829354982416077,1.0,66.48432905299201,66.75,0.013914677491208038,0.005,66.4704143755008,66.745,66.49824373048322,66.755,66.49824373048322,66.745,0.24675626951677998,0.0036967231388281645,SCHH,USRT,2026-07-10,False,4169.0,1498.0,4169.0,-1499.0,SCHH,USRT,0.24675626951677998,0.0036967231388281645,1.0,True,False,False,1.0,SCHH,USRT,4169.0,-1498.0,99222.2,-99968.31,199190.51,-746.1100000000006,0.0,1.0,0.0,1.0,-0.0,-0.0,-0.0,-0.005,-0.005,375.2099999999994,-89.94000000000341,285.269999999996,285.264999999996,692.7749999999437
24.04,67.22,0.14999999999999858,0.46999999999999886,2.796173044925125,1.0,2.785848542973482,1.0,2.78444356811962,1.0,66.93802337759566,67.22,0.013922217840598099,0.005,66.92410115975505,67.215,66.95194559543626,67.225,66.95194559543626,67.215,0.2630544045637464,0.003913335384762666,SCHH,USRT,2026-07-13,False,4143.0,1488.0,4169.0,-1498.0,SCHH,USRT,0.2630544045637464,0.003913335384762666,1.0,True,False,False,1.0,SCHH,USRT,4143.0,-1488.0,99597.41,-99991.5,199588.91,-394.0899999999965,-26.0,10.0,0.0,10.0,26.0,-0.0,-0.13,-0.05,-0.18,625.3499999999941,-704.0599999999984,-78.71000000000424,-78.89000000000425,613.8849999999395
24.03,67.16,-0.00999999999999801,-0.060000000000002274,2.794839783603828,1.0,2.787278575182221,1.0,2.785848542973482,1.0,66.94394048765277,67.16,0.01392924271486741,0.005,66.9300112449379,67.155,66.95786973036763,67.16499999999999,66.95786973036763,67.155,0.19713026963236757,0.002935233317932811,SCHH,USRT,2026-07-14,False,4148.0,1489.0,4143.0,-1488.0,SCHH,USRT,0.19713026963236757,0.002935233317932811,1.0,True,False,False,1.0,SCHH,USRT,4148.0,-1489.0,99597.72,-100023.36,199621.08000000002,-425.6399999999994,5.0,-1.0,5.0,0.0,-0.0,1.0,-0.025,-0.005,-0.030000000000000002,-41.42999999999176,89.28000000000338,47.850000000011626,47.820000000011625,661.7049999999512
24.01,67.06,-0.019999999999999574,-0.09999999999999432,2.793002915451895,1.0,2.789272340637885,1.0,2.787278575182221,1.0,66.92255859012513,67.06,0.013936392875911106,0.005,66.90862219724923,67.055,66.93649498300104,67.065,66.93649498300104,67.055,0.11850501699896654,0.0017671490754394056,SCHH,USRT,2026-07-15,False,4156.0,1491.0,4148.0,-1489.0,SCHH,USRT,0.11850501699896654,0.0017671490754394056,1.0,True,False,False,1.0,SCHH,USRT,4156.0,-1491.0,99676.44,-100001.23999999999,199677.68,-324.79999999998836,8.0,-2.0,8.0,0.0,-0.0,2.0,-0.04,-0.01,-0.05,-82.95999999999823,148.89999999999154,65.9399999999933,65.88999999999331,727.5949999999444
24.6,68.8,0.5899999999999999,1.7399999999999949,2.7967479674796745,1.0,2.7913962862838386,1.0,2.789272340637885,1.0,68.61609957969198,68.8,0.013946361703189426,0.005,68.60215321798879,68.795,68.63004594139517,68.80499999999999,68.63004594139517,68.795,0.16495405860483459,0.0023975880611167818,SCHH,USRT,2026-07-16,False,4053.0,1453.0,4156.0,-1491.0,SCHH,USRT,0.16495405860483459,0.0023975880611167818,1.0,True,False,False,1.0,SCHH,USRT,4053.0,-1453.0,99785.56000000001,-99986.46,199772.02000000002,-200.89999999999418,-103.0,38.0,0.0,38.0,103.0,-0.0,-0.515,-0.19,-0.7050000000000001,2452.0399999999995,-2594.3399999999924,-142.2999999999929,-143.00499999999292,584.5899999999515
24.61,68.83,0.00999999999999801,0.030000000000001137,2.7968305566842746,1.0,2.7933959337761722,1.0,2.7913962862838386,1.0,68.69626260544527,68.83,0.013956981431419194,0.005,68.68230562401385,68.825,68.71021958687669,68.835,68.71021958687669,68.825,0.114780413123313,0.001667592810160003,SCHH,USRT,2026-07-17,False,4056.0,1453.0,4053.0,-1453.0,SCHH,USRT,0.114780413123313,0.001667592810160003,1.0,True,False,False,1.0,SCHH,USRT,4056.0,-1453.0,99703.8,-99966.4,199670.2,-262.59999999999127,3.0,0.0,3.0,0.0,-0.0,-0.0,-0.015,-0.0,-0.015,40.52999999999194,-43.59000000000165,-3.0600000000097154,-3.0750000000097155,581.5149999999418
24.5,68.56,-0.10999999999999943,-0.269999999999996,2.7983673469387758,1.0,2.7950337194293553,1.0,2.7933959337761722,1.0,68.43820037751622,68.56,0.013966979668880861,0.005,68.42423339784735,68.555,68.4521673571851,68.565,68.4521673571851,68.555,0.1028326428149029,0.001499892689832306,SCHH,USRT,2026-07-20,False,4076.0,1459.0,4056.0,-1453.0,SCHH,USRT,0.1028326428149029,0.001499892689832306,1.0,True,False,False,1.0,SCHH,USRT,4076.0,-1459.0,99818.16,-100009.98999999999,199828.15,-191.8299999999872,20.0,-6.0,20.0,0.0,-0.0,6.0,-0.1,-0.03,-0.13,-446.1599999999977,392.3099999999942,-53.85000000000349,-53.98000000000349,527.5349999999382
24.53,68.79,0.030000000000001137,0.23000000000000398,2.804321239298818,1.0,2.796952358496113,1.0,2.7950337194293553,1.0,68.56217713760209,68.79,0.013975168597146776,0.005,68.54820196900495,68.78500000000001,68.57615230619923,68.795,68.57615230619923,68.78500000000001,0.20884769380077728,0.003036018226497707,SCHH,USRT,2026-07-21,False,4064.0,1454.0,4076.0,-1459.0,SCHH,USRT,0.20884769380077728,0.003036018226497707,1.0,True,False,False,1.0,SCHH,USRT,4064.0,-1454.0,99862.0,-100029.04000000001,199891.04,-167.04000000000815,-12.0,5.0,0.0,5.0,12.0,-0.0,-0.06,-0.025,-0.08499999999999999,122.28000000000463,-335.5700000000058,-213.29000000000116,-213.37500000000117,314.1599999999371
24.4,68.38,-0.13000000000000256,-0.4100000000000108,2.8024590163934424,1.0,2.7987934077311314,1.0,2.796952358496113,1.0,68.24563754730515,68.38,0.013984761792480566,0.005,68.23165278551267,68.375,68.25962230909764,68.38499999999999,68.25962230909764,68.375,0.11537769090236338,0.0016873017095987628,SCHH,USRT,2026-07-22,False,4089.0,1462.0,4064.0,-1454.0,SCHH,USRT,0.11537769090236338,0.0016873017095987628,1.0,True,False,False,1.0,SCHH,USRT,4089.0,-1462.0,99689.92,-100020.66,199710.58000000002,-330.74000000000524,25.0,-8.0,25.0,0.0,-0.0,8.0,-0.125,-0.04,-0.165,-528.3200000000104,596.1400000000157,67.82000000000528,67.65500000000527,381.81499999994236
24.34,68.33,-0.05999999999999872,-0.04999999999999716,2.807313064913722,1.0,2.799817894380091,1.0,2.7987934077311314,1.0,68.12263154417573,68.33,0.013993967038655658,0.005,68.10863757713707,68.325,68.13662551121439,68.335,68.13662551121439,68.325,0.18837448878561247,0.0027568343156097247,SCHH,USRT,2026-07-23,False,4095.0,1463.0,4089.0,-1462.0,SCHH,USRT,0.18837448878561247,0.0027568343156097247,1.0,True,False,False,1.0,SCHH,USRT,4095.0,-1463.0,99771.59999999999,-99971.56,199743.15999999997,-199.9600000000064,6.0,-1.0,6.0,0.0,-0.0,1.0,-0.03,-0.005,-0.034999999999999996,-245.33999999999477,73.09999999999584,-172.23999999999893,-172.27499999999893,209.53999999994343
24.86,69.82,0.5199999999999996,1.4899999999999949,2.80852775543041,1.0,2.800457760594474,1.0,2.799817894380091,1.0,69.60347285428905,69.82,0.013999089471900455,0.005,69.58947376481716,69.815,69.61747194376095,69.82499999999999,69.61747194376095,69.815,0.1975280562390509,0.00282910421425166,SCHH,USRT,2026-07-24,False,4009.0,1432.0,4095.0,-1463.0,SCHH,USRT,0.1975280562390509,0.00282910421425166,1.0,True,False,False,1.0,SCHH,USRT,4009.0,-1432.0,99672.3,-99966.79,199639.09,-294.4899999999907,-86.0,31.0,0.0,31.0,86.0,-0.0,-0.43,-0.155,-0.585,2129.3999999999983,-2179.8699999999926,-50.46999999999434,-51.054999999994344,158.48499999994908
24.76,69.48,-0.09999999999999787,-0.3399999999999892,2.8061389337641356,1.0,2.8011073992727717,1.0,2.800457760594474,1.0,69.33933415231918,69.48,0.014002288802972369,0.005,69.32533186351621,69.47500000000001,69.35333644112215,69.485,69.35333644112215,69.47500000000001,0.12166355887785585,0.0017510587057837628,SCHH,USRT,2026-07-27,False,4030.0,1439.0,4009.0,-1432.0,SCHH,USRT,0.12166355887785585,0.0017510587057837628,1.0,True,False,False,1.0,SCHH,USRT,4030.0,-1439.0,99663.73999999999,-99982.23999999999,199645.97999999998,-318.5,21.0,-7.0,21.0,0.0,-0.0,7.0,-0.105,-0.035,-0.14,-400.89999999999145,486.87999999998453,85.97999999999308,85.83999999999308,244.32499999994218
24.82,69.56,0.05999999999999872,0.0799999999999983,2.8025785656728446,1.0,2.8011284884854892,1.0,2.8011073992727717,1.0,69.52348564995019,69.56,0.014005536996363858,0.005,69.50948011295382,69.555,69.53749118694655,69.565,69.53749118694655,69.555,0.01750881305345331,0.00025170806574832243,SCHH,USRT,2026-07-28,False,4028.0,1438.0,4030.0,-1439.0,SCHH,USRT,0.01750881305345331,0.00025170806574832243,1.0,False,True,False,0.0,,,0.0,0.0,99782.8,-99981.72,199764.52000000002,-198.91999999999825,-4030.0,1439.0,0.0,1439.0,4030.0,-0.0,-20.150000000000002,-7.195,-27.345000000000002,241.79999999999484,-115.11999999999755,126.67999999999729,99.3349999999973,343.6599999999395
24.76,69.17,-0.05999999999999872,-0.39000000000000057,2.7936187399030694,1.0,2.8005011484536153,1.0,2.8011284884854892,1.0,69.35594137490072,69.17,0.014005642442427446,0.005,69.3419357324583,69.165,69.36994701734315,69.175,69.175,69.3419357324583,0.16693573245829896,0.0024134123530186345,USRT,SCHH,2026-07-29,False,4050.0,1446.0,0.0,0.0,,,0.0,0.0,0.0,True,False,False,1.0,USRT,SCHH,-4050.0,1446.0,0.0,0.0,0.0,0.0,-4050.0,1446.0,0.0,1446.0,4050.0,-0.0,-20.25,-7.23,-27.48,-0.0,-0.0,0.0,-27.48,316.17999999993947
24.4,68.26,-0.360000000000003,-0.9099999999999966,2.7975409836065577,1.0,2.800323529845886,1.0,2.8005011484536153,1.0,68.33222802226821,68.26,0.014002505742268077,0.005,68.31822551652594,68.25500000000001,68.34623052801048,68.265,68.265,68.31822551652594,0.05322551652594143,0.0007797467993838474,USRT,SCHH,2026-07-30,False,4103.0,1465.0,-4050.0,1446.0,USRT,SCHH,0.05322551652594143,0.0007797467993838474,1.0,False,False,False,-1.0,USRT,SCHH,-4103.0,1465.0,-100278.0,100019.82,200297.82,-258.179999999993,-53.0,19.0,0.0,19.0,53.0,-0.0,-0.265,-0.095,-0.36,1458.000000000012,-1315.8599999999951,142.14000000001693,141.7800000000169,457.9599999999564
24.28,67.89,-0.11999999999999744,-0.37000000000000455,2.7961285008237233,1.0,2.7999970093116673,1.0,2.800323529845886,1.0,67.99185530465812,67.89,0.01400161764922943,0.005,67.97785368700889,67.885,68.00585692230734,67.895,67.895,67.97785368700889,0.08285368700889251,0.001220410767548866,USRT,SCHH,2026-07-31,False,4125.0,1473.0,-4103.0,1465.0,USRT,SCHH,0.0,0.0,-1.0,True,False,False,1.0,USRT,SCHH,-4125.0,1473.0,-100113.2,100000.90000000001,200114.1,-112.29999999998836,-22.0,8.0,0.0,8.0,22.0,-0.0,-0.11,-0.04,-0.15,492.3599999999895,-542.0500000000067,-49.690000000017164,-49.84000000001716,408.11999999993924
